0,0,300,13,-150
0.0005,0.00136424462315752,300,13,-150
0.001,0.0143025517638934,300,13,-150
0.0015,0.0565454708160353,300,13,-150
0.002,0.144083128988024,300,13,-150
0.0025,0.281413923462673,300,13,-150
0.003,0.455891300413183,300,13,-150
0.0035,0.639455937878091,300,13,-150
0.004,0.798093030194957,300,13,-150
0.0045,0.906522052536478,300,13,-150
0.005,0.964007196471909,300,13,-150
0.0055,0.995612992248927,300,13,-150
0.006,1.00945765580648,300,13,-150
0.0065,1.00632635673202,300,13,-150
0.007,0.987210569555627,300,13,-150
0.0075,0.953104666330469,300,13,-150
0.008,0.904908440132534,300,13,-150
0.0085,0.843428284591325,300,13,-150
0.009,0.769448092131417,300,13,-150
0.0095,0.68383077399765,300,13,-150
0.01,0.587613003748068,300,13,-150
0.0105,0.482066512209331,300,13,-150
0.011,0.368714308240716,300,13,-150
0.0115,0.24930461740371,300,13,-150
0.012,0.125755365802125,300,13,-150
0.0125,8.59706950164687e-05,300,13,-150
0.013,-0.125648558785217,300,13,-150
0.0135,-0.249411684758204,300,13,-150
0.014,-0.369224626206733,300,13,-150
0.0145,-0.483193307663691,300,13,-150
0.015,-0.589541742013102,300,13,-150
0.0155,-0.686592750915799,300,13,-150
0.016,-0.772815781985926,300,13,-150
0.0165,-0.846851046516364,300,13,-150
0.017,-0.907530964158945,300,13,-150
0.0175,-0.95389857636402,300,13,-150
0.018,-0.985222638188445,300,13,-150
0.0185,-1.00100915046516,300,13,-150
0.019,-1.00100915046516,300,13,-150
0.0195,-0.985222638188445,300,13,-150
0.02,-0.95389857636402,300,13,-150
0.0205,-0.907530964158945,300,13,-150
0.021,-0.846851046516364,300,13,-150
0.0215,-0.772815781985926,300,13,-150
0.022,-0.6865927509158,300,13,-150
0.0225,-0.589541742013102,300,13,-150
0.023,-0.483193307663691,300,13,-150
0.0235,-0.369224626206734,300,13,-150
0.024,-0.249433051830395,300,13,-150
0.0245,-0.125707769222609,300,13,-150
0.025,-4.08350672045939e-16,300,13,-150
0.0255,0.125707769222608,300,13,-150
0.026,0.249433051830394,300,13,-150
0.0265,0.369224626206733,300,13,-150
0.027,0.483193307663691,300,13,-150
0.0275,0.589541742013101,300,13,-150
0.028,0.686592750915799,300,13,-150
0.0285,0.772815781985926,300,13,-150
0.029,0.846851046516364,300,13,-150
0.0295,0.907530964158945,300,13,-150
0.03,0.95389857636402,300,13,-150
0.0305,0.985222638188445,300,13,-150
0.031,1.00100915046516,300,13,-150
0.0315,1.00100915046516,300,13,-150
0.032,0.985222638188445,300,13,-150
0.0325,0.95389857636402,300,13,-150
0.033,0.907530964158945,300,13,-150
0.0335,0.846851046516364,300,13,-150
0.034,0.772815781985927,300,13,-150
0.0345,0.6865927509158,300,13,-150
0.035,0.589541742013102,300,13,-150
0.0355,0.483193307663692,300,13,-150
0.036,0.369224626206734,300,13,-150
0.0365,0.249433051830396,300,13,-150
0.037,0.125707769222609,300,13,-150
0.0375,8.2141691734115e-16,300,13,-150
0.038,-0.125707769222608,300,13,-150
0.0385,-0.249433051830394,300,13,-150
0.039,-0.369224626206733,300,13,-150
0.0395,-0.483193307663691,300,13,-150
0.04,-0.589541742013101,300,13,-150
0.0405,-0.686592750915799,300,13,-150
0.041,-0.772815781985926,300,13,-150
0.0415,-0.846851046516364,300,13,-150
0.042,-0.907530964158946,300,13,-150
0.0425,-0.95389857636402,300,13,-150
0.043,-0.985222638188445,300,13,-150
0.0435,-1.00100915046516,300,13,-150
0.044,-1.00100915046516,300,13,-150
0.0445,-0.985222638188446,300,13,-150
0.045,-0.95389857636402,300,13,-150
0.0455,-0.907530964158946,300,13,-150
0.046,-0.846851046516365,300,13,-150
0.0465,-0.772815781985926,300,13,-150
0.047,-0.6865927509158,300,13,-150
0.0475,-0.589541742013102,300,13,-150
0.048,-0.483193307663691,300,13,-150
0.0485,-0.369224626206734,300,13,-150
0.049,-0.249433051830395,300,13,-150
0.0495,-0.125707769222609,300,13,-150
0.05,-4.46841473237687e-16,300,13,-150
0.0505,0.125707769222608,300,13,-150
0.051,0.249433051830394,300,13,-150
0.0515,0.369224626206733,300,13,-150
0.052,0.48319330766369,300,13,-150
0.0525,0.589541742013101,300,13,-150
0.053,0.686592750915799,300,13,-150
0.0535,0.772815781985926,300,13,-150
0.054,0.846851046516364,300,13,-150
0.0545,0.907530964158945,300,13,-150
0.055,0.95389857636402,300,13,-150
0.0555,0.985222638188445,300,13,-150
0.056,1.00100915046516,300,13,-150
0.0565,1.00100915046516,300,13,-150
0.057,0.985222638188446,300,13,-150
0.0575,0.95389857636402,300,13,-150
0.058,0.907530964158946,300,13,-150
0.0585,0.846851046516365,300,13,-150
0.059,0.772815781985927,300,13,-150
0.0595,0.6865927509158,300,13,-150
0.06,0.589541742013102,300,13,-150
0.0605,0.483193307663692,300,13,-150
0.061,0.369224626206734,300,13,-150
0.0615,0.249433051830395,300,13,-150
0.062,0.125707769222609,300,13,-150
0.0625,5.18793117176766e-16,300,13,-150
0.063,-0.125707769222608,300,13,-150
0.0635,-0.249433051830395,300,13,-150
0.064,-0.369224626206733,300,13,-150
0.0645,-0.483193307663691,300,13,-150
0.065,-0.589541742013101,300,13,-150
0.0655,-0.686592750915799,300,13,-150
0.066,-0.772815781985926,300,13,-150
0.0665,-0.846851046516364,300,13,-150
0.067,-0.907530964158945,300,13,-150
0.0675,-0.95389857636402,300,13,-150
0.068,-0.985222638188446,300,13,-150
0.0685,-1.00100915046516,300,13,-150
0.069,-1.00100915046516,300,13,-150
0.0695,-0.985222638188446,300,13,-150
0.07,-0.953898576364021,300,13,-150
0.0705,-0.907530964158946,300,13,-150
0.071,-0.846851046516365,300,13,-150
0.0715,-0.772815781985927,300,13,-150
0.072,-0.686592750915801,300,13,-150
0.0725,-0.589541742013103,300,13,-150
0.073,-0.483193307663693,300,13,-150
0.0735,-0.369224626206735,300,13,-150
0.074,-0.249433051830396,300,13,-150
0.0745,-0.12570776922261,300,13,-150
0.075,-1.56399933159547e-15,300,13,-150
0.0755,0.125707769222607,300,13,-150
0.076,0.249433051830393,300,13,-150
0.0765,0.369224626206732,300,13,-150
0.077,0.48319330766369,300,13,-150
0.0775,0.589541742013101,300,13,-150
0.078,0.686592750915798,300,13,-150
0.0785,0.772815781985926,300,13,-150
0.079,0.846851046516364,300,13,-150
0.0795,0.907530964158945,300,13,-150
0.08,0.95389857636402,300,13,-150
0.0805,0.985222638188445,300,13,-150
0.081,1.00100915046516,300,13,-150
0.0815,1.00100915046516,300,13,-150
0.082,0.985222638188445,300,13,-150
0.0825,0.95389857636402,300,13,-150
0.083,0.907530964158945,300,13,-150
0.0835,0.846851046516364,300,13,-150
0.084,0.772815781985926,300,13,-150
0.0845,0.6865927509158,300,13,-150
0.085,0.589541742013102,300,13,-150
0.0855,0.483193307663692,300,13,-150
0.086,0.369224626206735,300,13,-150
0.0865,0.249433051830396,300,13,-150
0.087,0.12570776922261,300,13,-150
0.0875,1.98248941802978e-15,300,13,-150
0.088,-0.125707769222606,300,13,-150
0.0885,-0.249433051830393,300,13,-150
0.089,-0.369224626206731,300,13,-150
0.0895,-0.48319330766369,300,13,-150
0.09,-0.5895417420131,300,13,-150
0.0905,-0.686592750915798,300,13,-150
0.091,-0.772815781985925,300,13,-150
0.0915,-0.846851046516364,300,13,-150
0.092,-0.907530964158945,300,13,-150
0.0925,-0.95389857636402,300,13,-150
0.093,-0.985222638188445,300,13,-150
0.0935,-1.00100915046516,300,13,-150
0.094,-1.00100915046516,300,13,-150
0.0945,-0.985222638188446,300,13,-150
0.095,-0.95389857636402,300,13,-150
0.0955,-0.907530964158946,300,13,-150
0.096,-0.846851046516365,300,13,-150
0.0965,-0.772815781985926,300,13,-150
0.097,-0.6865927509158,300,13,-150
0.0975,-0.589541742013101,300,13,-150
0.098,-0.483193307663691,300,13,-150
0.0985,-0.369224626206733,300,13,-150
0.099,-0.249433051830395,300,13,-150
0.0995,-0.125707769222608,300,13,-150
0.1,1.39187043201713e-16,300,13,-150
0.1005,0.125707769222608,300,13,-150
0.101,0.249433051830395,300,13,-150
0.1015,0.369224626206733,300,13,-150
0.102,0.48319330766369,300,13,-150
0.1025,0.589541742013101,300,13,-150
0.103,0.686592750915798,300,13,-150
0.1035,0.772815781985925,300,13,-150
0.104,0.846851046516363,300,13,-150
0.1045,0.907530964158944,300,13,-150
0.105,0.953898576364019,300,13,-150
0.1055,0.985222638188445,300,13,-150
0.106,1.00100915046516,300,13,-150
0.1065,1.00100915046516,300,13,-150
0.107,0.985222638188446,300,13,-150
0.1075,0.953898576364021,300,13,-150
0.108,0.907530964158946,300,13,-150
0.1085,0.846851046516365,300,13,-150
0.109,0.772815781985927,300,13,-150
0.1095,0.6865927509158,300,13,-150
0.11,0.589541742013102,300,13,-150
0.1105,0.483193307663692,300,13,-150
0.111,0.369224626206734,300,13,-150
0.1115,0.249433051830395,300,13,-150
0.112,0.125707769222609,300,13,-150
0.1125,2.59139389986487e-16,300,13,-150
0.113,-0.125707769222608,300,13,-150
0.1135,-0.249433051830395,300,13,-150
0.114,-0.369224626206733,300,13,-150
0.1145,-0.483193307663691,300,13,-150
0.115,-0.589541742013102,300,13,-150
0.1155,-0.686592750915799,300,13,-150
0.116,-0.772815781985926,300,13,-150
0.1165,-0.846851046516364,300,13,-150
0.117,-0.907530964158945,300,13,-150
0.1175,-0.95389857636402,300,13,-150
0.118,-0.985222638188445,300,13,-150
0.1185,-1.00100915046516,300,13,-150
0.119,-1.00100915046516,300,13,-150
0.1195,-0.985222638188446,300,13,-150
0.12,-0.953898576364021,300,13,-150
0.1205,-0.907530964158946,300,13,-150
0.121,-0.846851046516365,300,13,-150
0.1215,-0.772815781985927,300,13,-150
0.122,-0.686592750915801,300,13,-150
0.1225,-0.589541742013103,300,13,-150
0.123,-0.483193307663693,300,13,-150
0.1235,-0.369224626206735,300,13,-150
0.124,-0.249433051830396,300,13,-150
0.1245,-0.12570776922261,300,13,-150
0.125,-1.08744151481649e-15,300,13,-150
0.1255,0.125707769222608,300,13,-150
0.126,0.249433051830394,300,13,-150
0.1265,0.369224626206733,300,13,-150
0.127,0.483193307663691,300,13,-150
0.1275,0.589541742013102,300,13,-150
0.128,0.6865927509158,300,13,-150
0.1285,0.772815781985926,300,13,-150
0.129,0.846851046516365,300,13,-150
0.1295,0.907530964158946,300,13,-150
0.13,0.95389857636402,300,13,-150
0.1305,0.985222638188445,300,13,-150
0.131,1.00100915046516,300,13,-150
0.1315,1.00100915046516,300,13,-150
0.132,0.985222638188445,300,13,-150
0.1325,0.95389857636402,300,13,-150
0.133,0.907530964158945,300,13,-150
0.1335,0.846851046516364,300,13,-150
0.134,0.772815781985926,300,13,-150
0.1345,0.686592750915799,300,13,-150
0.135,0.589541742013101,300,13,-150
0.1355,0.48319330766369,300,13,-150
0.136,0.369224626206732,300,13,-150
0.1365,0.249433051830393,300,13,-150
0.137,0.125707769222607,300,13,-150
0.1375,-1.84355281097603e-15,300,13,-150
0.138,-0.12570776922261,300,13,-150
0.1385,-0.249433051830396,300,13,-150
0.139,-0.369224626206734,300,13,-150
0.1395,-0.483193307663692,300,13,-150
0.14,-0.589541742013102,300,13,-150
0.1405,-0.686592750915799,300,13,-150
0.141,-0.772815781985925,300,13,-150
0.1415,-0.846851046516363,300,13,-150
0.142,-0.907530964158944,300,13,-150
0.1425,-0.953898576364019,300,13,-150
0.143,-0.985222638188444,300,13,-150
0.1435,-1.00100915046516,300,13,-150
0.144,-1.00100915046516,300,13,-150
0.1445,-0.985222638188446,300,13,-150
0.145,-0.953898576364021,300,13,-150
0.1455,-0.907530964158947,300,13,-150
0.146,-0.846851046516367,300,13,-150
0.1465,-0.772815781985929,300,13,-150
0.147,-0.686592750915802,300,13,-150
0.1475,-0.589541742013105,300,13,-150
0.148,-0.483193307663694,300,13,-150
0.1485,-0.369224626206736,300,13,-150
0.149,-0.249433051830398,300,13,-150
0.1495,-0.125707769222611,300,13,-150
0.15,-2.88695839323185e-15,300,13,-150
0.1505,0.125707769222606,300,13,-150
0.151,0.249433051830392,300,13,-150
0.1515,0.369224626206731,300,13,-150
0.152,0.483193307663689,300,13,-150
0.1525,0.589541742013099,300,13,-150
0.153,0.686592750915798,300,13,-150
0.1535,0.772815781985924,300,13,-150
0.154,0.846851046516363,300,13,-150
0.1545,0.907530964158945,300,13,-150
0.155,0.95389857636402,300,13,-150
0.1555,0.985222638188445,300,13,-150
0.156,1.00100915046516,300,13,-150
0.1565,1.00100915046516,300,13,-150
0.157,0.985222638188445,300,13,-150
0.1575,0.953898576364021,300,13,-150
0.158,0.907530964158946,300,13,-150
0.1585,0.846851046516365,300,13,-150
0.159,0.772815781985927,300,13,-150
0.1595,0.6865927509158,300,13,-150
0.16,0.589541742013102,300,13,-150
0.1605,0.483193307663692,300,13,-150
0.161,0.369224626206734,300,13,-150
0.1615,0.249433051830395,300,13,-150
0.162,0.125707769222609,300,13,-150
0.1625,3.37160106302265e-16,300,13,-150
0.163,-0.125707769222608,300,13,-150
0.1635,-0.249433051830395,300,13,-150
0.164,-0.369224626206734,300,13,-150
0.1645,-0.483193307663692,300,13,-150
0.165,-0.589541742013102,300,13,-150
0.1655,-0.6865927509158,300,13,-150
0.166,-0.772815781985927,300,13,-150
0.1665,-0.846851046516365,300,13,-150
0.167,-0.907530964158946,300,13,-150
0.1675,-0.953898576364021,300,13,-150
0.168,-0.985222638188445,300,13,-150
0.1685,-1.00100915046516,300,13,-150
0.169,-1.00100915046516,300,13,-150
0.1695,-0.985222638188445,300,13,-150
0.17,-0.95389857636402,300,13,-150
0.1705,-0.907530964158945,300,13,-150
0.171,-0.846851046516365,300,13,-150
0.1715,-0.772815781985927,300,13,-150
0.172,-0.686592750915802,300,13,-150
0.1725,-0.589541742013105,300,13,-150
0.173,-0.483193307663695,300,13,-150
0.1735,-0.369224626206738,300,13,-150
0.174,-0.2494330518304,300,13,-150
0.1745,-0.125707769222614,300,13,-150
0.175,-5.25918207175255e-15,300,13,-150
0.1755,0.125707769222603,300,13,-150
0.176,0.24943305183039,300,13,-150
0.1765,0.369224626206729,300,13,-150
0.177,0.483193307663687,300,13,-150
0.1775,0.589541742013098,300,13,-150
0.178,0.686592750915797,300,13,-150
0.1785,0.772815781985924,300,13,-150
0.179,0.846851046516363,300,13,-150
0.1795,0.907530964158944,300,13,-150
0.18,0.953898576364019,300,13,-150
0.1805,0.985222638188445,300,13,-150
0.181,1.00100915046516,300,13,-150
0.1815,1.00100915046516,300,13,-150
0.182,0.985222638188446,300,13,-150
0.1825,0.953898576364021,300,13,-150
0.183,0.907530964158947,300,13,-150
0.1835,0.846851046516366,300,13,-150
0.184,0.772815781985928,300,13,-150
0.1845,0.686592750915801,300,13,-150
0.185,0.589541742013103,300,13,-150
0.1855,0.483193307663693,300,13,-150
0.186,0.369224626206736,300,13,-150
0.1865,0.249433051830397,300,13,-150
0.187,0.125707769222611,300,13,-150
0.1875,2.38505735067103e-15,300,13,-150
0.188,-0.125707769222606,300,13,-150
0.1885,-0.249433051830393,300,13,-150
0.189,-0.369224626206732,300,13,-150
0.1895,-0.48319330766369,300,13,-150
0.19,-0.589541742013101,300,13,-150
0.1905,-0.686592750915798,300,13,-150
0.191,-0.772815781985926,300,13,-150
0.1915,-0.846851046516364,300,13,-150
0.192,-0.907530964158945,300,13,-150
0.1925,-0.95389857636402,300,13,-150
0.193,-0.985222638188445,300,13,-150
0.1935,-1.00100915046516,300,13,-150
0.194,-1.00100915046516,300,13,-150
0.1945,-0.985222638188446,300,13,-150
0.195,-0.95389857636402,300,13,-150
0.1955,-0.907530964158946,300,13,-150
0.196,-0.846851046516365,300,13,-150
0.1965,-0.772815781985926,300,13,-150
0.197,-0.686592750915799,300,13,-150
0.1975,-0.589541742013101,300,13,-150
0.198,-0.483193307663691,300,13,-150
0.1985,-0.369224626206733,300,13,-150
0.199,-0.249433051830394,300,13,-150
0.1995,-0.125707769222607,300,13,-150
0.2,1.53440820332071e-15,300,13,-150
0.2005,0.12570776922261,300,13,-150
0.201,0.249433051830396,300,13,-150
0.2015,0.369224626206734,300,13,-150
0.202,0.483193307663692,300,13,-150
0.2025,0.589541742013102,300,13,-150
0.203,0.686592750915799,300,13,-150
0.2035,0.772815781985925,300,13,-150
0.204,0.846851046516363,300,13,-150
0.2045,0.907530964158944,300,13,-150
0.205,0.953898576364019,300,13,-150
0.2055,0.985222638188444,300,13,-150
0.206,1.00100915046516,300,13,-150
0.2065,1.00100915046516,300,13,-150
0.207,0.985222638188446,300,13,-150
0.2075,0.953898576364022,300,13,-150
0.208,0.907530964158948,300,13,-150
0.2085,0.846851046516367,300,13,-150
0.209,0.77281578198593,300,13,-150
0.2095,0.686592750915803,300,13,-150
0.21,0.589541742013105,300,13,-150
0.2105,0.483193307663695,300,13,-150
0.211,0.369224626206737,300,13,-150
0.2115,0.249433051830398,300,13,-150
0.212,0.125707769222612,300,13,-150
0.2125,3.3303489974564e-15,300,13,-150
0.213,-0.125707769222605,300,13,-150
0.2135,-0.249433051830392,300,13,-150
0.214,-0.369224626206731,300,13,-150
0.2145,-0.483193307663689,300,13,-150
0.215,-0.589541742013099,300,13,-150
0.2155,-0.686592750915797,300,13,-150
0.216,-0.772815781985924,300,13,-150
0.2165,-0.846851046516363,300,13,-150
0.217,-0.907530964158944,300,13,-150
0.2175,-0.953898576364019,300,13,-150
0.218,-0.985222638188445,300,13,-150
0.2185,-1.00100915046516,300,13,-150
0.219,-1.00100915046516,300,13,-150
0.2195,-0.985222638188446,300,13,-150
0.22,-0.953898576364021,300,13,-150
0.2205,-0.907530964158946,300,13,-150
0.221,-0.846851046516365,300,13,-150
0.2215,-0.772815781985927,300,13,-150
0.222,-0.6865927509158,300,13,-150
0.2225,-0.589541742013102,300,13,-150
0.223,-0.483193307663692,300,13,-150
0.2235,-0.369224626206734,300,13,-150
0.224,-0.249433051830396,300,13,-150
0.2245,-0.125707769222609,300,13,-150
0.225,-8.09007816790429e-16,300,13,-150
0.2255,0.125707769222608,300,13,-150
0.226,0.249433051830394,300,13,-150
0.2265,0.369224626206733,300,13,-150
0.227,0.483193307663691,300,13,-150
0.2275,0.589541742013102,300,13,-150
0.228,0.6865927509158,300,13,-150
0.2285,0.772815781985926,300,13,-150
0.229,0.846851046516364,300,13,-150
0.2295,0.907530964158945,300,13,-150
0.23,0.95389857636402,300,13,-150
0.2305,0.985222638188445,300,13,-150
0.231,1.00100915046516,300,13,-150
0.2315,1.00100915046516,300,13,-150
0.232,0.985222638188445,300,13,-150
0.2325,0.95389857636402,300,13,-150
0.233,0.907530964158946,300,13,-150
0.2335,0.846851046516365,300,13,-150
0.234,0.772815781985928,300,13,-150
0.2345,0.686592750915802,300,13,-150
0.235,0.589541742013104,300,13,-150
0.2355,0.483193307663695,300,13,-150
0.236,0.369224626206738,300,13,-150
0.2365,0.2494330518304,300,13,-150
0.237,0.125707769222614,300,13,-150
0.2375,5.50915649905059e-15,300,13,-150
0.238,-0.125707769222603,300,13,-150
0.2385,-0.24943305183039,300,13,-150
0.239,-0.369224626206728,300,13,-150
0.2395,-0.483193307663687,300,13,-150
0.24,-0.589541742013098,300,13,-150
0.2405,-0.686592750915796,300,13,-150
0.241,-0.772815781985924,300,13,-150
0.2415,-0.846851046516362,300,13,-150
0.242,-0.907530964158944,300,13,-150
0.2425,-0.953898576364019,300,13,-150
0.243,-0.985222638188444,300,13,-150
0.2435,-1.00100915046516,300,13,-150
0.244,-1.00100915046516,300,13,-150
0.2445,-0.985222638188446,300,13,-150
0.245,-0.953898576364021,300,13,-150
0.2455,-0.907530964158947,300,13,-150
0.246,-0.846851046516366,300,13,-150
0.2465,-0.772815781985928,300,13,-150
0.247,-0.686592750915802,300,13,-150
0.2475,-0.589541742013104,300,13,-150
0.248,-0.483193307663693,300,13,-150
0.2485,-0.369224626206736,300,13,-150
0.249,-0.249433051830397,300,13,-150
0.2495,-0.125707769222611,300,13,-150
0.25,-2.47649826963544e-15,300,13,-150
0.2505,0.125707769222606,300,13,-150
0.251,0.249433051830392,300,13,-150
0.2515,0.369224626206731,300,13,-150
0.252,0.483193307663689,300,13,-150
0.2525,0.5895417420131,300,13,-150
0.253,0.686592750915798,300,13,-150
0.2535,0.772815781985925,300,13,-150
0.254,0.846851046516364,300,13,-150
0.2545,0.907530964158945,300,13,-150
0.255,0.95389857636402,300,13,-150
0.2555,0.985222638188446,300,13,-150
0.256,1.00100915046516,300,13,-150
0.2565,1.00100915046516,300,13,-150
0.257,0.985222638188446,300,13,-150
0.2575,0.953898576364021,300,13,-150
0.258,0.907530964158946,300,13,-150
0.2585,0.846851046516365,300,13,-150
0.259,0.772815781985927,300,13,-150
0.2595,0.6865927509158,300,13,-150
0.26,0.589541742013102,300,13,-150
0.2605,0.483193307663691,300,13,-150
0.261,0.369224626206733,300,13,-150
0.2615,0.249433051830394,300,13,-150
0.262,0.125707769222608,300,13,-150
0.2625,-1.13621084650291e-15,300,13,-150
0.263,-0.12570776922261,300,13,-150
0.2635,-0.249433051830396,300,13,-150
0.264,-0.369224626206735,300,13,-150
0.2645,-0.483193307663693,300,13,-150
0.265,-0.589541742013103,300,13,-150
0.2655,-0.6865927509158,300,13,-150
0.266,-0.772815781985927,300,13,-150
0.2665,-0.846851046516365,300,13,-150
0.267,-0.907530964158946,300,13,-150
0.2675,-0.953898576364021,300,13,-150
0.268,-0.985222638188446,300,13,-150
0.2685,-1.00100915046516,300,13,-150
0.269,-1.00100915046516,300,13,-150
0.2695,-0.985222638188445,300,13,-150
0.27,-0.95389857636402,300,13,-150
0.2705,-0.907530964158945,300,13,-150
0.271,-0.846851046516363,300,13,-150
0.2715,-0.772815781985925,300,13,-150
0.272,-0.686592750915798,300,13,-150
0.2725,-0.589541742013099,300,13,-150
0.273,-0.483193307663689,300,13,-150
0.2735,-0.369224626206731,300,13,-150
0.274,-0.249433051830392,300,13,-150
0.2745,-0.125707769222606,300,13,-150
0.275,2.77903245178685e-15,300,13,-150
0.2755,0.125707769222611,300,13,-150
0.276,0.249433051830398,300,13,-150
0.2765,0.369224626206736,300,13,-150
0.277,0.483193307663694,300,13,-150
0.2775,0.589541742013104,300,13,-150
0.278,0.686592750915802,300,13,-150
0.2785,0.772815781985928,300,13,-150
0.279,0.846851046516366,300,13,-150
0.2795,0.907530964158947,300,13,-150
0.28,0.953898576364021,300,13,-150
0.2805,0.985222638188447,300,13,-150
0.281,1.00100915046516,300,13,-150
0.2815,1.00100915046516,300,13,-150
0.282,0.985222638188447,300,13,-150
0.2825,0.953898576364022,300,13,-150
0.283,0.907530964158949,300,13,-150
0.2835,0.846851046516369,300,13,-150
0.284,0.772815781985931,300,13,-150
0.2845,0.686592750915806,300,13,-150
0.285,0.589541742013108,300,13,-150
0.2855,0.483193307663698,300,13,-150
0.286,0.369224626206741,300,13,-150
0.2865,0.249433051830403,300,13,-150
0.287,0.125707769222617,300,13,-150
0.2875,8.23381695437382e-15,300,13,-150
0.288,-0.1257077692226,300,13,-150
0.2885,-0.249433051830387,300,13,-150
0.289,-0.369224626206726,300,13,-150
0.2895,-0.483193307663684,300,13,-150
0.29,-0.589541742013096,300,13,-150
0.2905,-0.686592750915794,300,13,-150
0.291,-0.772815781985922,300,13,-150
0.2915,-0.84685104651636,300,13,-150
0.292,-0.907530964158942,300,13,-150
0.2925,-0.953898576364018,300,13,-150
0.293,-0.985222638188444,300,13,-150
0.2935,-1.00100915046516,300,13,-150
0.294,-1.00100915046516,300,13,-150
0.2945,-0.985222638188447,300,13,-150
0.295,-0.953898576364022,300,13,-150
0.2955,-0.907530964158949,300,13,-150
0.296,-0.846851046516368,300,13,-150
0.2965,-0.772815781985931,300,13,-150
0.297,-0.686592750915804,300,13,-150
0.2975,-0.589541742013106,300,13,-150
0.298,-0.483193307663696,300,13,-150
0.2985,-0.369224626206739,300,13,-150
0.299,-0.249433051830401,300,13,-150
0.2995,-0.125707769222615,300,13,-150
0.3,-6.15048342274352e-15,300,13,-150
0.3005,0.125707769222602,300,13,-150
0.301,0.249433051830389,300,13,-150
0.3015,0.369224626206728,300,13,-150
0.302,0.483193307663686,300,13,-150
0.3025,0.589541742013097,300,13,-150
0.303,0.686592750915795,300,13,-150
0.3035,0.772815781985923,300,13,-150
0.304,0.846851046516362,300,13,-150
0.3045,0.907530964158943,300,13,-150
0.305,0.953898576364019,300,13,-150
0.3055,0.985222638188445,300,13,-150
0.306,1.00100915046516,300,13,-150
0.3065,1.00100915046516,300,13,-150
0.307,0.985222638188446,300,13,-150
0.3075,0.953898576364021,300,13,-150
0.308,0.907530964158947,300,13,-150
0.3085,0.846851046516366,300,13,-150
0.309,0.772815781985928,300,13,-150
0.3095,0.686592750915801,300,13,-150
0.31,0.589541742013104,300,13,-150
0.3105,0.483193307663693,300,13,-150
0.311,0.369224626206736,300,13,-150
0.3115,0.249433051830397,300,13,-150
0.312,0.125707769222611,300,13,-150
0.3125,2.77433243821974e-15,300,13,-150
0.313,-0.125707769222606,300,13,-150
0.3135,-0.249433051830392,300,13,-150
0.314,-0.369224626206731,300,13,-150
0.3145,-0.483193307663689,300,13,-150
0.315,-0.5895417420131,300,13,-150
0.3155,-0.686592750915798,300,13,-150
0.316,-0.772815781985925,300,13,-150
0.3165,-0.846851046516364,300,13,-150
0.317,-0.907530964158945,300,13,-150
0.3175,-0.95389857636402,300,13,-150
0.318,-0.985222638188445,300,13,-150
0.3185,-1.00100915046516,300,13,-150
0.319,-1.00100915046516,300,13,-150
0.3195,-0.985222638188446,300,13,-150
0.32,-0.953898576364021,300,13,-150
0.3205,-0.907530964158946,300,13,-150
0.321,-0.846851046516366,300,13,-150
0.3215,-0.772815781985927,300,13,-150
0.322,-0.686592750915801,300,13,-150
0.3225,-0.589541742013103,300,13,-150
0.323,-0.483193307663692,300,13,-150
0.3235,-0.369224626206734,300,13,-150
0.324,-0.249433051830396,300,13,-150
0.3245,-0.125707769222609,300,13,-150
0.325,-6.73570356666729e-16,300,13,-150
0.3255,0.125707769222608,300,13,-150
0.326,0.249433051830394,300,13,-150
0.3265,0.369224626206733,300,13,-150
0.327,0.483193307663691,300,13,-150
0.3275,0.589541742013101,300,13,-150
0.328,0.686592750915799,300,13,-150
0.3285,0.772815781985926,300,13,-150
0.329,0.846851046516364,300,13,-150
0.3295,0.907530964158945,300,13,-150
0.33,0.95389857636402,300,13,-150
0.3305,0.985222638188446,300,13,-150
0.331,1.00100915046516,300,13,-150
0.3315,1.00100915046516,300,13,-150
0.332,0.985222638188445,300,13,-150
0.3325,0.95389857636402,300,13,-150
0.333,0.907530964158945,300,13,-150
0.3335,0.846851046516363,300,13,-150
0.334,0.772815781985925,300,13,-150
0.3345,0.686592750915798,300,13,-150
0.335,0.5895417420131,300,13,-150
0.3355,0.483193307663689,300,13,-150
0.336,0.369224626206731,300,13,-150
0.3365,0.249433051830392,300,13,-150
0.337,0.125707769222606,300,13,-150
0.3375,-2.87439775358158e-15,300,13,-150
0.338,-0.125707769222611,300,13,-150
0.3385,-0.249433051830398,300,13,-150
0.339,-0.369224626206736,300,13,-150
0.3395,-0.483193307663693,300,13,-150
0.34,-0.589541742013104,300,13,-150
0.3405,-0.686592750915802,300,13,-150
0.341,-0.772815781985928,300,13,-150
0.3415,-0.846851046516366,300,13,-150
0.342,-0.907530964158947,300,13,-150
0.3425,-0.953898576364021,300,13,-150
0.343,-0.985222638188446,300,13,-150
0.3435,-1.00100915046516,300,13,-150
0.344,-1.00100915046516,300,13,-150
0.3445,-0.985222638188447,300,13,-150
0.345,-0.953898576364023,300,13,-150
0.3455,-0.907530964158949,300,13,-150
0.346,-0.846851046516369,300,13,-150
0.3465,-0.772815781985932,300,13,-150
0.347,-0.686592750915807,300,13,-150
0.3475,-0.58954174201311,300,13,-150
0.348,-0.4831933076637,300,13,-150
0.3485,-0.369224626206743,300,13,-150
0.349,-0.249433051830405,300,13,-150
0.3495,-0.125707769222619,300,13,-150
0.35,-9.89421628212498e-15,300,13,-150
0.3505,0.125707769222599,300,13,-150
0.351,0.249433051830386,300,13,-150
0.3515,0.369224626206725,300,13,-150
0.352,0.483193307663684,300,13,-150
0.3525,0.589541742013095,300,13,-150
0.353,0.686592750915794,300,13,-150
0.3535,0.772815781985922,300,13,-150
0.354,0.846851046516361,300,13,-150
0.3545,0.907530964158943,300,13,-150
0.355,0.953898576364018,300,13,-150
0.3555,0.985222638188444,300,13,-150
0.356,1.00100915046516,300,13,-150
0.3565,1.00100915046516,300,13,-150
0.357,0.985222638188446,300,13,-150
0.3575,0.953898576364022,300,13,-150
0.358,0.907530964158948,300,13,-150
0.3585,0.846851046516368,300,13,-150
0.359,0.77281578198593,300,13,-150
0.3595,0.686592750915804,300,13,-150
0.36,0.589541742013107,300,13,-150
0.3605,0.483193307663697,300,13,-150
0.361,0.36922462620674,300,13,-150
0.3615,0.249433051830401,300,13,-150
0.362,0.125707769222615,300,13,-150
0.3625,6.24476092742773e-15,300,13,-150
0.363,-0.125707769222602,300,13,-150
0.3635,-0.249433051830389,300,13,-150
0.364,-0.369224626206728,300,13,-150
0.3645,-0.483193307663686,300,13,-150
0.365,-0.589541742013097,300,13,-150
0.3655,-0.686592750915795,300,13,-150
0.366,-0.772815781985922,300,13,-150
0.3665,-0.846851046516361,300,13,-150
0.367,-0.907530964158943,300,13,-150
0.3675,-0.953898576364018,300,13,-150
0.368,-0.985222638188444,300,13,-150
0.3685,-1.00100915046516,300,13,-150
0.369,-1.00100915046516,300,13,-150
0.3695,-0.985222638188446,300,13,-150
0.37,-0.953898576364022,300,13,-150
0.3705,-0.907530964158948,300,13,-150
0.371,-0.846851046516367,300,13,-150
0.3715,-0.772815781985929,300,13,-150
0.372,-0.686592750915803,300,13,-150
0.3725,-0.589541742013105,300,13,-150
0.373,-0.483193307663695,300,13,-150
0.3735,-0.369224626206738,300,13,-150
0.374,-0.249433051830399,300,13,-150
0.3745,-0.125707769222613,300,13,-150
0.375,-4.76424791124355e-15,300,13,-150
0.3755,0.125707769222604,300,13,-150
0.376,0.249433051830391,300,13,-150
0.3765,0.369224626206729,300,13,-150
0.377,0.483193307663688,300,13,-150
0.3775,0.589541742013099,300,13,-150
0.378,0.686592750915797,300,13,-150
0.3785,0.772815781985925,300,13,-150
0.379,0.846851046516363,300,13,-150
0.3795,0.907530964158945,300,13,-150
0.38,0.95389857636402,300,13,-150
0.3805,0.985222638188445,300,13,-150
0.381,1.00100915046516,300,13,-150
0.3815,1.00100915046516,300,13,-150
0.382,0.985222638188446,300,13,-150
0.3825,0.953898576364021,300,13,-150
0.383,0.907530964158946,300,13,-150
0.3835,0.846851046516365,300,13,-150
0.384,0.772815781985927,300,13,-150
0.3845,0.6865927509158,300,13,-150
0.385,0.589541742013103,300,13,-150
0.3855,0.483193307663692,300,13,-150
0.386,0.369224626206735,300,13,-150
0.3865,0.249433051830396,300,13,-150
0.387,0.12570776922261,300,13,-150
0.3875,1.15891547742228e-15,300,13,-150
0.388,-0.125707769222607,300,13,-150
0.3885,-0.249433051830394,300,13,-150
0.389,-0.369224626206733,300,13,-150
0.3895,-0.483193307663691,300,13,-150
0.39,-0.589541742013101,300,13,-150
0.3905,-0.686592750915799,300,13,-150
0.391,-0.772815781985926,300,13,-150
0.3915,-0.846851046516364,300,13,-150
0.392,-0.907530964158945,300,13,-150
0.3925,-0.95389857636402,300,13,-150
0.393,-0.985222638188445,300,13,-150
0.3935,-1.00100915046516,300,13,-150
0.394,-1.00100915046516,300,13,-150
0.3945,-0.985222638188445,300,13,-150
0.395,-0.95389857636402,300,13,-150
0.3955,-0.907530964158946,300,13,-150
0.396,-0.846851046516365,300,13,-150
0.3965,-0.772815781985926,300,13,-150
0.397,-0.686592750915799,300,13,-150
0.3975,-0.589541742013101,300,13,-150
0.398,-0.48319330766369,300,13,-150
0.3985,-0.369224626206732,300,13,-150
0.399,-0.249433051830393,300,13,-150
0.3995,-0.125707769222606,300,13,-150
0.4,2.507397407497e-15,300,13,-150
0.4005,0.125707769222611,300,13,-150
0.401,0.249433051830398,300,13,-150
0.4015,0.369224626206736,300,13,-150
0.402,0.483193307663694,300,13,-150
0.4025,0.589541742013104,300,13,-150
0.403,0.686592750915801,300,13,-150
0.4035,0.772815781985928,300,13,-150
0.404,0.846851046516365,300,13,-150
0.4045,0.907530964158946,300,13,-150
0.405,0.953898576364021,300,13,-150
0.4055,0.985222638188446,300,13,-150
0.406,1.00100915046516,300,13,-150
0.4065,1.00100915046516,300,13,-150
0.407,0.985222638188448,300,13,-150
0.4075,0.953898576364024,300,13,-150
0.408,0.90753096415895,300,13,-150
0.4085,0.84685104651637,300,13,-150
0.409,0.772815781985932,300,13,-150
0.4095,0.686592750915807,300,13,-150
0.41,0.58954174201311,300,13,-150
0.4105,0.4831933076637,300,13,-150
0.411,0.369224626206743,300,13,-150
0.4115,0.249433051830405,300,13,-150
0.412,0.125707769222619,300,13,-150
0.4125,1.02508937100608e-14,300,13,-150
0.413,-0.125707769222598,300,13,-150
0.4135,-0.249433051830385,300,13,-150
0.414,-0.369224626206724,300,13,-150
0.4145,-0.483193307663683,300,13,-150
0.415,-0.589541742013094,300,13,-150
0.4155,-0.686592750915793,300,13,-150
0.416,-0.77281578198592,300,13,-150
0.4165,-0.84685104651636,300,13,-150
0.417,-0.907530964158942,300,13,-150
0.4175,-0.953898576364017,300,13,-150
0.418,-0.985222638188444,300,13,-150
0.4185,-1.00100915046516,300,13,-150
0.419,-1.00100915046516,300,13,-150
0.4195,-0.985222638188447,300,13,-150
0.42,-0.953898576364022,300,13,-150
0.4205,-0.907530964158949,300,13,-150
0.421,-0.846851046516368,300,13,-150
0.4215,-0.772815781985931,300,13,-150
0.422,-0.686592750915805,300,13,-150
0.4225,-0.589541742013107,300,13,-150
0.423,-0.483193307663697,300,13,-150
0.4235,-0.36922462620674,300,13,-150
0.424,-0.249433051830401,300,13,-150
0.4245,-0.125707769222615,300,13,-150
0.425,-6.70058864403737e-15,300,13,-150
0.4255,0.125707769222602,300,13,-150
0.426,0.249433051830389,300,13,-150
0.4265,0.369224626206727,300,13,-150
0.427,0.483193307663686,300,13,-150
0.4275,0.589541742013097,300,13,-150
0.428,0.686592750915795,300,13,-150
0.4285,0.772815781985922,300,13,-150
0.429,0.846851046516361,300,13,-150
0.4295,0.907530964158943,300,13,-150
0.43,0.953898576364018,300,13,-150
0.4305,0.985222638188444,300,13,-150
0.431,1.00100915046516,300,13,-150
0.4315,1.00100915046516,300,13,-150
0.432,0.985222638188446,300,13,-150
0.4325,0.953898576364022,300,13,-150
0.433,0.907530964158948,300,13,-150
0.4335,0.846851046516368,300,13,-150
0.434,0.77281578198593,300,13,-150
0.4345,0.686592750915803,300,13,-150
0.435,0.589541742013106,300,13,-150
0.4355,0.483193307663695,300,13,-150
0.436,0.369224626206738,300,13,-150
0.4365,0.249433051830399,300,13,-150
0.437,0.125707769222613,300,13,-150
0.4375,4.62154181853256e-15,300,13,-150
0.438,-0.125707769222604,300,13,-150
0.4385,-0.24943305183039,300,13,-150
0.439,-0.369224626206729,300,13,-150
0.4395,-0.483193307663687,300,13,-150
0.44,-0.589541742013098,300,13,-150
0.4405,-0.686592750915796,300,13,-150
0.441,-0.772815781985924,300,13,-150
0.4415,-0.846851046516362,300,13,-150
0.442,-0.907530964158944,300,13,-150
0.4425,-0.953898576364019,300,13,-150
0.443,-0.985222638188445,300,13,-150
0.4435,-1.00100915046516,300,13,-150
0.444,-1.00100915046516,300,13,-150
0.4445,-0.985222638188446,300,13,-150
0.445,-0.953898576364021,300,13,-150
0.4455,-0.907530964158947,300,13,-150
0.446,-0.846851046516366,300,13,-150
0.4465,-0.772815781985928,300,13,-150
0.447,-0.686592750915801,300,13,-150
0.4475,-0.589541742013103,300,13,-150
0.448,-0.483193307663692,300,13,-150
0.4485,-0.369224626206735,300,13,-150
0.449,-0.249433051830396,300,13,-150
0.4495,-0.125707769222609,300,13,-150
0.45,-1.21638431835061e-15,300,13,-150
0.4505,0.125707769222607,300,13,-150
0.451,0.249433051830394,300,13,-150
0.4515,0.369224626206732,300,13,-150
0.452,0.48319330766369,300,13,-150
0.4525,0.589541742013101,300,13,-150
0.453,0.686592750915799,300,13,-150
0.4535,0.772815781985926,300,13,-150
0.454,0.846851046516364,300,13,-150
0.4545,0.907530964158945,300,13,-150
0.455,0.95389857636402,300,13,-150
0.4555,0.985222638188445,300,13,-150
0.456,1.00100915046516,300,13,-150
0.4565,1.00100915046516,300,13,-150
0.457,0.985222638188445,300,13,-150
0.4575,0.95389857636402,300,13,-150
0.458,0.907530964158946,300,13,-150
0.4585,0.846851046516365,300,13,-150
0.459,0.772815781985926,300,13,-150
0.4595,0.686592750915799,300,13,-150
0.46,0.589541742013101,300,13,-150
0.4605,0.483193307663691,300,13,-150
0.461,0.369224626206733,300,13,-150
0.4615,0.249433051830394,300,13,-150
0.462,0.125707769222608,300,13,-150
0.4625,-8.30419231489791e-16,300,13,-150
0.463,-0.125707769222609,300,13,-150
0.4635,-0.249433051830396,300,13,-150
0.464,-0.369224626206734,300,13,-150
0.4645,-0.483193307663692,300,13,-150
0.465,-0.589541742013102,300,13,-150
0.4655,-0.6865927509158,300,13,-150
0.466,-0.772815781985927,300,13,-150
0.4665,-0.846851046516365,300,13,-150
0.467,-0.907530964158946,300,13,-150
0.4675,-0.95389857636402,300,13,-150
0.468,-0.985222638188446,300,13,-150
0.4685,-1.00100915046516,300,13,-150
0.469,-1.00100915046516,300,13,-150
0.4695,-0.985222638188447,300,13,-150
0.47,-0.953898576364023,300,13,-150
0.4705,-0.90753096415895,300,13,-150
0.471,-0.84685104651637,300,13,-150
0.4715,-0.772815781985933,300,13,-150
0.472,-0.686592750915807,300,13,-150
0.4725,-0.58954174201311,300,13,-150
0.473,-0.4831933076637,300,13,-150
0.4735,-0.369224626206743,300,13,-150
0.474,-0.249433051830405,300,13,-150
0.4745,-0.125707769222619,300,13,-150
0.475,-1.01255036395111e-14,300,13,-150
0.4755,0.125707769222598,300,13,-150
0.476,0.249433051830385,300,13,-150
0.4765,0.369224626206724,300,13,-150
0.477,0.483193307663682,300,13,-150
0.4775,0.589541742013094,300,13,-150
0.478,0.686592750915792,300,13,-150
0.4785,0.77281578198592,300,13,-150
0.479,0.846851046516359,300,13,-150
0.4795,0.907530964158942,300,13,-150
0.48,0.953898576364017,300,13,-150
0.4805,0.985222638188444,300,13,-150
0.481,1.00100915046516,300,13,-150
0.4815,1.00100915046516,300,13,-150
0.482,0.985222638188447,300,13,-150
0.4825,0.953898576364023,300,13,-150
0.483,0.907530964158949,300,13,-150
0.4835,0.846851046516369,300,13,-150
0.484,0.772815781985932,300,13,-150
0.4845,0.686592750915806,300,13,-150
0.485,0.589541742013108,300,13,-150
0.4855,0.483193307663699,300,13,-150
0.486,0.369224626206742,300,13,-150
0.4865,0.249433051830403,300,13,-150
0.487,0.125707769222617,300,13,-150
0.4875,8.55695932802539e-15,300,13,-150
0.488,-0.1257077692226,300,13,-150
0.4885,-0.249433051830387,300,13,-150
0.489,-0.369224626206726,300,13,-150
0.4895,-0.483193307663685,300,13,-150
0.49,-0.589541742013096,300,13,-150
0.4905,-0.686592750915795,300,13,-150
0.491,-0.772815781985922,300,13,-150
0.4915,-0.846851046516361,300,13,-150
0.492,-0.907530964158943,300,13,-150
0.4925,-0.953898576364019,300,13,-150
0.493,-0.985222638188445,300,13,-150
0.4935,-1.00100915046516,300,13,-150
0.494,-1.00100915046516,300,13,-150
0.4945,-0.985222638188446,300,13,-150
0.495,-0.953898576364022,300,13,-150
0.4955,-0.907530964158947,300,13,-150
0.496,-0.846851046516367,300,13,-150
0.4965,-0.772815781985929,300,13,-150
0.497,-0.686592750915803,300,13,-150
0.4975,-0.589541742013105,300,13,-150
0.498,-0.483193307663696,300,13,-150
0.4985,-0.369224626206739,300,13,-150
0.499,-0.249433051830401,300,13,-150
0.4995,-0.125707769222616,300,13,-150
0.5,-8.52386795107641e-15,300,13,-150
0.5005,0.125707769222599,300,13,-150
0.501,0.249433051830385,300,13,-150
0.5015,0.369224626206723,300,13,-150
0.502,0.483193307663681,300,13,-150
0.5025,0.589541742013092,300,13,-150
0.503,0.686592750915791,300,13,-150
0.5035,0.772815781985918,300,13,-150
0.504,0.846851046516358,300,13,-150
0.5045,0.90753096415894,300,13,-150
0.505,0.953898576364017,300,13,-150
0.5055,0.985222638188443,300,13,-150
0.506,1.00100915046516,300,13,-150
0.5065,1.00100915046516,300,13,-150
0.507,0.985222638188447,300,13,-150
0.5075,0.953898576364023,300,13,-150
0.508,0.90753096415895,300,13,-150
0.5085,0.84685104651637,300,13,-150
0.509,0.772815781985932,300,13,-150
0.5095,0.686592750915806,300,13,-150
0.51,0.589541742013109,300,13,-150
0.5105,0.483193307663699,300,13,-150
0.511,0.369224626206742,300,13,-150
0.5115,0.249433051830403,300,13,-150
0.512,0.125707769222617,300,13,-150
0.5125,8.38809270298611e-15,300,13,-150
0.513,-0.1257077692226,300,13,-150
0.5135,-0.249433051830387,300,13,-150
0.514,-0.369224626206726,300,13,-150
0.5145,-0.483193307663684,300,13,-150
0.515,-0.589541742013095,300,13,-150
0.5155,-0.686592750915793,300,13,-150
0.516,-0.77281578198592,300,13,-150
0.5165,-0.846851046516359,300,13,-150
0.517,-0.907530964158941,300,13,-150
0.5175,-0.953898576364017,300,13,-150
0.518,-0.985222638188443,300,13,-150
0.5185,-1.00100915046516,300,13,-150
0.519,-1.00100915046516,300,13,-150
0.5195,-0.985222638188447,300,13,-150
0.52,-0.953898576364023,300,13,-150
0.5205,-0.907530964158949,300,13,-150
0.521,-0.846851046516369,300,13,-150
0.5215,-0.772815781985931,300,13,-150
0.522,-0.686592750915805,300,13,-150
0.5225,-0.589541742013107,300,13,-150
0.523,-0.483193307663697,300,13,-150
0.5235,-0.369224626206739,300,13,-150
0.524,-0.2494330518304,300,13,-150
0.5245,-0.125707769222613,300,13,-150
0.525,-4.74199656146345e-15,300,13,-150
0.5255,0.125707769222604,300,13,-150
0.526,0.249433051830391,300,13,-150
0.5265,0.369224626206729,300,13,-150
0.527,0.483193307663687,300,13,-150
0.5275,0.589541742013098,300,13,-150
0.528,0.686592750915796,300,13,-150
0.5285,0.772815781985922,300,13,-150
0.529,0.846851046516361,300,13,-150
0.5295,0.907530964158943,300,13,-150
0.53,0.953898576364018,300,13,-150
0.5305,0.985222638188444,300,13,-150
0.531,1.00100915046516,300,13,-150
0.5315,1.00100915046516,300,13,-150
0.532,0.985222638188446,300,13,-150
0.5325,0.953898576364021,300,13,-150
0.533,0.907530964158947,300,13,-150
0.5335,0.846851046516366,300,13,-150
0.534,0.772815781985928,300,13,-150
0.5345,0.686592750915802,300,13,-150
0.535,0.589541742013104,300,13,-150
0.5355,0.483193307663694,300,13,-150
0.536,0.369224626206737,300,13,-150
0.5365,0.249433051830399,300,13,-150
0.537,0.125707769222613,300,13,-150
0.5375,4.86651114993262e-15,300,13,-150
0.538,-0.125707769222603,300,13,-150
0.5385,-0.24943305183039,300,13,-150
0.539,-0.369224626206728,300,13,-150
0.5395,-0.483193307663687,300,13,-150
0.54,-0.589541742013098,300,13,-150
0.5405,-0.686592750915796,300,13,-150
0.541,-0.772815781985924,300,13,-150
0.5415,-0.846851046516362,300,13,-150
0.542,-0.907530964158944,300,13,-150
0.5425,-0.95389857636402,300,13,-150
0.543,-0.985222638188446,300,13,-150
0.5435,-1.00100915046516,300,13,-150
0.544,-1.00100915046516,300,13,-150
0.5445,-0.985222638188446,300,13,-150
0.545,-0.95389857636402,300,13,-150
0.5455,-0.907530964158946,300,13,-150
0.546,-0.846851046516364,300,13,-150
0.5465,-0.772815781985926,300,13,-150
0.547,-0.686592750915799,300,13,-150
0.5475,-0.589541742013101,300,13,-150
0.548,-0.483193307663691,300,13,-150
0.5485,-0.369224626206734,300,13,-150
0.549,-0.249433051830396,300,13,-150
0.5495,-0.125707769222609,300,13,-150
0.55,-1.47812404694701e-15,300,13,-150
0.5505,0.125707769222607,300,13,-150
0.551,0.249433051830393,300,13,-150
0.5515,0.369224626206732,300,13,-150
0.552,0.483193307663689,300,13,-150
0.5525,0.589541742013101,300,13,-150
0.553,0.686592750915799,300,13,-150
0.5535,0.772815781985926,300,13,-150
0.554,0.846851046516364,300,13,-150
0.5545,0.907530964158946,300,13,-150
0.555,0.953898576364021,300,13,-150
0.5555,0.985222638188446,300,13,-150
0.556,1.00100915046516,300,13,-150
0.5565,1.00100915046516,300,13,-150
0.557,0.985222638188445,300,13,-150
0.5575,0.95389857636402,300,13,-150
0.558,0.907530964158945,300,13,-150
0.5585,0.846851046516364,300,13,-150
0.559,0.772815781985925,300,13,-150
0.5595,0.686592750915799,300,13,-150
0.56,0.589541742013101,300,13,-150
0.5605,0.483193307663691,300,13,-150
0.561,0.369224626206735,300,13,-150
0.5615,0.249433051830398,300,13,-150
0.562,0.125707769222613,300,13,-150
0.5625,6.09875365495756e-15,300,13,-150
0.563,-0.125707769222601,300,13,-150
0.5635,-0.249433051830386,300,13,-150
0.564,-0.369224626206723,300,13,-150
0.5645,-0.483193307663681,300,13,-150
0.565,-0.589541742013092,300,13,-150
0.5655,-0.68659275091579,300,13,-150
0.566,-0.772815781985918,300,13,-150
0.5665,-0.846851046516358,300,13,-150
0.567,-0.90753096415894,300,13,-150
0.5675,-0.953898576364016,300,13,-150
0.568,-0.985222638188443,300,13,-150
0.5685,-1.00100915046516,300,13,-150
0.569,-1.00100915046516,300,13,-150
0.5695,-0.985222638188448,300,13,-150
0.57,-0.953898576364024,300,13,-150
0.5705,-0.90753096415895,300,13,-150
0.571,-0.846851046516371,300,13,-150
0.5715,-0.772815781985933,300,13,-150
0.572,-0.686592750915807,300,13,-150
0.5725,-0.589541742013111,300,13,-150
0.573,-0.483193307663701,300,13,-150
0.5735,-0.369224626206743,300,13,-150
0.574,-0.249433051830405,300,13,-150
0.5745,-0.125707769222618,300,13,-150
0.575,-9.77891337563711e-15,300,13,-150
0.5755,0.125707769222599,300,13,-150
0.576,0.249433051830386,300,13,-150
0.5765,0.369224626206725,300,13,-150
0.577,0.483193307663684,300,13,-150
0.5775,0.589541742013095,300,13,-150
0.578,0.686592750915794,300,13,-150
0.5785,0.772815781985921,300,13,-150
0.579,0.84685104651636,300,13,-150
0.5795,0.907530964158943,300,13,-150
0.58,0.953898576364018,300,13,-150
0.5805,0.985222638188444,300,13,-150
0.581,1.00100915046516,300,13,-150
0.5815,1.00100915046516,300,13,-150
0.582,0.985222638188447,300,13,-150
0.5825,0.953898576364023,300,13,-150
0.583,0.907530964158949,300,13,-150
0.5835,0.846851046516369,300,13,-150
0.584,0.772815781985932,300,13,-150
0.5845,0.686592750915805,300,13,-150
0.585,0.589541742013107,300,13,-150
0.5855,0.483193307663697,300,13,-150
0.586,0.36922462620674,300,13,-150
0.5865,0.249433051830401,300,13,-150
0.587,0.125707769222615,300,13,-150
0.5875,6.60823577920517e-15,300,13,-150
0.588,-0.125707769222602,300,13,-150
0.5885,-0.249433051830388,300,13,-150
0.589,-0.369224626206726,300,13,-150
0.5895,-0.483193307663684,300,13,-150
0.59,-0.589541742013095,300,13,-150
0.5905,-0.686592750915793,300,13,-150
0.591,-0.77281578198592,300,13,-150
0.5915,-0.846851046516359,300,13,-150
0.592,-0.907530964158942,300,13,-150
0.5925,-0.953898576364018,300,13,-150
0.593,-0.985222638188444,300,13,-150
0.5935,-1.00100915046516,300,13,-150
0.594,-1.00100915046516,300,13,-150
0.5945,-0.985222638188447,300,13,-150
0.595,-0.953898576364022,300,13,-150
0.5955,-0.907530964158948,300,13,-150
0.596,-0.846851046516367,300,13,-150
0.5965,-0.772815781985929,300,13,-150
0.597,-0.686592750915802,300,13,-150
0.5975,-0.589541742013105,300,13,-150
0.598,-0.483193307663694,300,13,-150
0.5985,-0.369224626206736,300,13,-150
0.599,-0.249433051830398,300,13,-150
0.5995,-0.125707769222611,300,13,-150
0.6,-3.14772746413376e-15,300,13,-150
0.6005,0.125707769222605,300,13,-150
0.601,0.249433051830391,300,13,-150
0.6015,0.369224626206729,300,13,-150
0.602,0.483193307663687,300,13,-150
0.6025,0.589541742013098,300,13,-150
0.603,0.686592750915796,300,13,-150
0.6035,0.772815781985923,300,13,-150
0.604,0.846851046516362,300,13,-150
0.6045,0.907530964158943,300,13,-150
0.605,0.953898576364018,300,13,-150
0.6055,0.985222638188445,300,13,-150
0.606,1.00100915046516,300,13,-150
0.6065,1.00100915046516,300,13,-150
0.607,0.985222638188446,300,13,-150
0.6075,0.95389857636402,300,13,-150
0.608,0.907530964158946,300,13,-150
0.6085,0.846851046516365,300,13,-150
0.609,0.772815781985928,300,13,-150
0.6095,0.686592750915801,300,13,-150
0.61,0.589541742013104,300,13,-150
0.6105,0.483193307663694,300,13,-150
0.611,0.369224626206737,300,13,-150
0.6115,0.249433051830399,300,13,-150
0.612,0.125707769222612,300,13,-150
0.6125,3.80022962063742e-15,300,13,-150
0.613,-0.125707769222605,300,13,-150
0.6135,-0.249433051830392,300,13,-150
0.614,-0.369224626206731,300,13,-150
0.6145,-0.483193307663689,300,13,-150
0.615,-0.5895417420131,300,13,-150
0.6155,-0.686592750915798,300,13,-150
0.616,-0.772815781985926,300,13,-150
0.6165,-0.846851046516364,300,13,-150
0.617,-0.907530964158946,300,13,-150
0.6175,-0.953898576364021,300,13,-150
0.618,-0.985222638188446,300,13,-150
0.6185,-1.00100915046516,300,13,-150
0.619,-1.00100915046516,300,13,-150
0.6195,-0.985222638188445,300,13,-150
0.62,-0.953898576364019,300,13,-150
0.6205,-0.907530964158944,300,13,-150
0.621,-0.846851046516363,300,13,-150
0.6215,-0.772815781985924,300,13,-150
0.622,-0.686592750915797,300,13,-150
0.6225,-0.5895417420131,300,13,-150
0.623,-0.483193307663691,300,13,-150
0.6235,-0.369224626206735,300,13,-150
0.624,-0.249433051830398,300,13,-150
0.6245,-0.125707769222614,300,13,-150
0.625,-7.51599354047453e-15,300,13,-150
0.6255,0.125707769222599,300,13,-150
0.626,0.249433051830384,300,13,-150
0.6265,0.369224626206722,300,13,-150
0.627,0.48319330766368,300,13,-150
0.6275,0.58954174201309,300,13,-150
0.628,0.68659275091579,300,13,-150
0.6285,0.772815781985917,300,13,-150
0.629,0.846851046516357,300,13,-150
0.6295,0.90753096415894,300,13,-150
0.63,0.953898576364016,300,13,-150
0.6305,0.985222638188443,300,13,-150
0.631,1.00100915046516,300,13,-150
0.6315,1.00100915046516,300,13,-150
0.632,0.985222638188447,300,13,-150
0.6325,0.953898576364023,300,13,-150
0.633,0.907530964158949,300,13,-150
0.6335,0.846851046516369,300,13,-150
0.634,0.772815781985932,300,13,-150
0.6345,0.686592750915807,300,13,-150
0.635,0.58954174201311,300,13,-150
0.6355,0.4831933076637,300,13,-150
0.636,0.369224626206744,300,13,-150
0.6365,0.249433051830406,300,13,-150
0.637,0.125707769222619,300,13,-150
0.6375,1.11036749233853e-14,300,13,-150
0.638,-0.125707769222598,300,13,-150
0.6385,-0.249433051830385,300,13,-150
0.639,-0.369224626206724,300,13,-150
0.6395,-0.483193307663682,300,13,-150
0.64,-0.589541742013094,300,13,-150
0.6405,-0.686592750915793,300,13,-150
0.641,-0.772815781985921,300,13,-150
0.6415,-0.84685104651636,300,13,-150
0.642,-0.907530964158942,300,13,-150
0.6425,-0.953898576364018,300,13,-150
0.643,-0.985222638188444,300,13,-150
0.6435,-1.00100915046516,300,13,-150
0.644,-1.00100915046516,300,13,-150
0.6445,-0.985222638188448,300,13,-150
0.645,-0.953898576364023,300,13,-150
0.6455,-0.90753096415895,300,13,-150
0.646,-0.84685104651637,300,13,-150
0.6465,-0.772815781985932,300,13,-150
0.647,-0.686592750915806,300,13,-150
0.6475,-0.589541742013108,300,13,-150
0.648,-0.483193307663698,300,13,-150
0.6485,-0.369224626206741,300,13,-150
0.649,-0.249433051830403,300,13,-150
0.6495,-0.125707769222616,300,13,-150
0.65,-7.16181376664735e-15,300,13,-150
0.6505,0.125707769222602,300,13,-150
0.651,0.249433051830389,300,13,-150
0.6515,0.369224626206727,300,13,-150
0.652,0.483193307663685,300,13,-150
0.6525,0.589541742013096,300,13,-150
0.653,0.686592750915795,300,13,-150
0.6535,0.772815781985922,300,13,-150
0.654,0.84685104651636,300,13,-150
0.6545,0.907530964158942,300,13,-150
0.655,0.953898576364018,300,13,-150
0.6555,0.985222638188443,300,13,-150
0.656,1.00100915046516,300,13,-150
0.6565,1.00100915046516,300,13,-150
0.657,0.985222638188446,300,13,-150
0.6575,0.953898576364022,300,13,-150
0.658,0.907530964158948,300,13,-150
0.6585,0.846851046516368,300,13,-150
0.659,0.77281578198593,300,13,-150
0.6595,0.686592750915804,300,13,-150
0.66,0.589541742013106,300,13,-150
0.6605,0.483193307663695,300,13,-150
0.661,0.369224626206738,300,13,-150
0.6615,0.249433051830399,300,13,-150
0.662,0.125707769222612,300,13,-150
0.6625,3.63258298359313e-15,300,13,-150
0.663,-0.125707769222605,300,13,-150
0.6635,-0.249433051830392,300,13,-150
0.664,-0.369224626206731,300,13,-150
0.6645,-0.483193307663689,300,13,-150
0.665,-0.589541742013099,300,13,-150
0.6655,-0.686592750915797,300,13,-150
0.666,-0.772815781985924,300,13,-150
0.6665,-0.846851046516362,300,13,-150
0.667,-0.907530964158944,300,13,-150
0.6675,-0.953898576364019,300,13,-150
0.668,-0.985222638188444,300,13,-150
0.6685,-1.00100915046516,300,13,-150
0.669,-1.00100915046516,300,13,-150
0.6695,-0.985222638188446,300,13,-150
0.67,-0.953898576364021,300,13,-150
0.6705,-0.907530964158947,300,13,-150
0.671,-0.846851046516366,300,13,-150
0.6715,-0.772815781985927,300,13,-150
0.672,-0.6865927509158,300,13,-150
0.6725,-0.589541742013103,300,13,-150
0.673,-0.483193307663692,300,13,-150
0.6735,-0.369224626206735,300,13,-150
0.674,-0.249433051830397,300,13,-150
0.6745,-0.125707769222611,300,13,-150
0.675,-2.90974347170042e-15,300,13,-150
0.6755,0.125707769222605,300,13,-150
0.676,0.249433051830391,300,13,-150
0.6765,0.36922462620673,300,13,-150
0.677,0.483193307663688,300,13,-150
0.6775,0.589541742013098,300,13,-150
0.678,0.686592750915797,300,13,-150
0.6785,0.772815781985924,300,13,-150
0.679,0.846851046516363,300,13,-150
0.6795,0.907530964158945,300,13,-150
0.68,0.95389857636402,300,13,-150
0.6805,0.985222638188446,300,13,-150
0.681,1.00100915046516,300,13,-150
0.6815,1.00100915046516,300,13,-150
0.682,0.985222638188446,300,13,-150
0.6825,0.95389857636402,300,13,-150
0.683,0.907530964158945,300,13,-150
0.6835,0.846851046516363,300,13,-150
0.684,0.772815781985924,300,13,-150
0.6845,0.686592750915797,300,13,-150
0.685,0.589541742013099,300,13,-150
0.6855,0.48319330766369,300,13,-150
0.686,0.369224626206733,300,13,-150
0.6865,0.249433051830397,300,13,-150
0.687,0.125707769222613,300,13,-150
0.6875,6.677562648344e-15,300,13,-150
0.688,-0.125707769222599,300,13,-150
0.6885,-0.249433051830384,300,13,-150
0.689,-0.369224626206721,300,13,-150
0.6895,-0.483193307663678,300,13,-150
0.69,-0.589541742013089,300,13,-150
0.6905,-0.686592750915788,300,13,-150
0.691,-0.772815781985916,300,13,-150
0.6915,-0.846851046516356,300,13,-150
0.692,-0.907530964158939,300,13,-150
0.6925,-0.953898576364016,300,13,-150
0.693,-0.985222638188443,300,13,-150
0.6935,-1.00100915046516,300,13,-150
0.694,-1.00100915046516,300,13,-150
0.6945,-0.985222638188448,300,13,-150
0.695,-0.953898576364024,300,13,-150
0.6955,-0.907530964158951,300,13,-150
0.696,-0.846851046516371,300,13,-150
0.6965,-0.772815781985934,300,13,-150
0.697,-0.686592750915809,300,13,-150
0.6975,-0.589541742013112,300,13,-150
0.698,-0.483193307663702,300,13,-150
0.6985,-0.369224626206746,300,13,-150
0.699,-0.249433051830407,300,13,-150
0.6995,-0.125707769222621,300,13,-150
0.7,-1.21456707266864e-14,300,13,-150
0.7005,0.125707769222597,300,13,-150
0.701,0.249433051830384,300,13,-150
0.7015,0.369224626206723,300,13,-150
0.702,0.483193307663682,300,13,-150
0.7025,0.589541742013094,300,13,-150
0.703,0.686592750915792,300,13,-150
0.7035,0.77281578198592,300,13,-150
0.704,0.846851046516359,300,13,-150
0.7045,0.907530964158941,300,13,-150
0.705,0.953898576364017,300,13,-150
0.7055,0.985222638188444,300,13,-150
0.706,1.00100915046516,300,13,-150
0.7065,1.00100915046516,300,13,-150
0.707,0.985222638188447,300,13,-150
0.7075,0.953898576364022,300,13,-150
0.708,0.907530964158949,300,13,-150
0.7085,0.846851046516369,300,13,-150
0.709,0.772815781985932,300,13,-150
0.7095,0.686592750915807,300,13,-150
0.71,0.589541742013109,300,13,-150
0.7105,0.4831933076637,300,13,-150
0.711,0.369224626206742,300,13,-150
0.7115,0.249433051830404,300,13,-150
0.712,0.125707769222617,300,13,-150
0.7125,8.66540864488422e-15,300,13,-150
0.713,-0.1257077692226,300,13,-150
0.7135,-0.249433051830387,300,13,-150
0.714,-0.369224626206726,300,13,-150
0.7145,-0.483193307663685,300,13,-150
0.715,-0.589541742013096,300,13,-150
0.7155,-0.686592750915795,300,13,-150
0.716,-0.772815781985922,300,13,-150
0.7165,-0.846851046516361,300,13,-150
0.717,-0.907530964158943,300,13,-150
0.7175,-0.953898576364019,300,13,-150
0.718,-0.985222638188445,300,13,-150
0.7185,-1.00100915046516,300,13,-150
0.719,-1.00100915046516,300,13,-150
0.7195,-0.985222638188447,300,13,-150
0.72,-0.953898576364023,300,13,-150
0.7205,-0.907530964158949,300,13,-150
0.721,-0.846851046516369,300,13,-150
0.7215,-0.772815781985931,300,13,-150
0.722,-0.686592750915804,300,13,-150
0.7225,-0.589541742013107,300,13,-150
0.723,-0.483193307663696,300,13,-150
0.7235,-0.369224626206739,300,13,-150
0.724,-0.2494330518304,300,13,-150
0.7245,-0.125707769222613,300,13,-150
0.725,-5.01239489664922e-15,300,13,-150
0.7255,0.125707769222603,300,13,-150
0.726,0.24943305183039,300,13,-150
0.7265,0.369224626206728,300,13,-150
0.727,0.483193307663686,300,13,-150
0.7275,0.589541742013096,300,13,-150
0.728,0.686592750915794,300,13,-150
0.7285,0.772815781985922,300,13,-150
0.729,0.846851046516361,300,13,-150
0.7295,0.907530964158942,300,13,-150
0.73,0.953898576364018,300,13,-150
0.7305,0.985222638188444,300,13,-150
0.731,1.00100915046516,300,13,-150
0.7315,1.00100915046516,300,13,-150
0.732,0.985222638188446,300,13,-150
0.7325,0.953898576364022,300,13,-150
0.733,0.907530964158948,300,13,-150
0.7335,0.846851046516367,300,13,-150
0.734,0.772815781985929,300,13,-150
0.7345,0.686592750915802,300,13,-150
0.735,0.589541742013104,300,13,-150
0.7355,0.483193307663693,300,13,-150
0.736,0.369224626206735,300,13,-150
0.7365,0.249433051830396,300,13,-150
0.737,0.12570776922261,300,13,-150
0.7375,1.52568954658513e-15,300,13,-150
0.738,-0.125707769222607,300,13,-150
0.7385,-0.249433051830393,300,13,-150
0.739,-0.369224626206731,300,13,-150
0.7395,-0.483193307663689,300,13,-150
0.74,-0.589541742013099,300,13,-150
0.7405,-0.686592750915797,300,13,-150
0.741,-0.772815781985924,300,13,-150
0.7415,-0.846851046516362,300,13,-150
0.742,-0.907530964158944,300,13,-150
0.7425,-0.953898576364019,300,13,-150
0.743,-0.985222638188445,300,13,-150
0.7435,-1.00100915046516,300,13,-150
0.744,-1.00100915046516,300,13,-150
0.7445,-0.985222638188445,300,13,-150
0.745,-0.95389857636402,300,13,-150
0.7455,-0.907530964158945,300,13,-150
0.746,-0.846851046516364,300,13,-150
0.7465,-0.772815781985925,300,13,-150
0.747,-0.686592750915799,300,13,-150
0.7475,-0.589541742013101,300,13,-150
0.748,-0.483193307663692,300,13,-150
0.7485,-0.369224626206736,300,13,-150
0.749,-0.2494330518304,300,13,-150
0.7495,-0.125707769222616,300,13,-150
0.75,-9.53447390483753e-15,300,13,-150
0.7505,0.125707769222597,300,13,-150
0.751,0.249433051830382,300,13,-150
0.7515,0.36922462620672,300,13,-150
0.752,0.483193307663677,300,13,-150
0.7525,0.589541742013088,300,13,-150
0.753,0.686592750915788,300,13,-150
0.7535,0.772815781985916,300,13,-150
0.754,0.846851046516356,300,13,-150
0.7545,0.907530964158939,300,13,-150
0.755,0.953898576364016,300,13,-150
0.7555,0.985222638188443,300,13,-150
0.756,1.00100915046516,300,13,-150
0.7565,1.00100915046516,300,13,-150
0.757,0.985222638188448,300,13,-150
0.7575,0.953898576364023,300,13,-150
0.758,0.90753096415895,300,13,-150
0.7585,0.84685104651637,300,13,-150
0.759,0.772815781985933,300,13,-150
0.7595,0.686592750915807,300,13,-150
0.76,0.589541742013111,300,13,-150
0.7605,0.483193307663702,300,13,-150
0.761,0.369224626206745,300,13,-150
0.7615,0.249433051830407,300,13,-150
0.762,0.125707769222621,300,13,-150
0.7625,1.32542653587511e-14,300,13,-150
0.763,-0.125707769222595,300,13,-150
0.7635,-0.249433051830382,300,13,-150
0.764,-0.369224626206721,300,13,-150
0.7645,-0.48319330766368,300,13,-150
0.765,-0.589541742013092,300,13,-150
0.7655,-0.686592750915791,300,13,-150
0.766,-0.77281578198592,300,13,-150
0.7665,-0.846851046516359,300,13,-150
0.767,-0.907530964158941,300,13,-150
0.7675,-0.953898576364017,300,13,-150
0.768,-0.985222638188443,300,13,-150
0.7685,-1.00100915046516,300,13,-150
0.769,-1.00100915046516,300,13,-150
0.7695,-0.985222638188447,300,13,-150
0.77,-0.953898576364022,300,13,-150
0.7705,-0.907530964158949,300,13,-150
0.771,-0.846851046516368,300,13,-150
0.7715,-0.772815781985931,300,13,-150
0.772,-0.686592750915805,300,13,-150
0.7725,-0.589541742013108,300,13,-150
0.773,-0.483193307663699,300,13,-150
0.7735,-0.369224626206742,300,13,-150
0.774,-0.249433051830404,300,13,-150
0.7745,-0.125707769222618,300,13,-150
0.775,-9.75001941142682e-15,300,13,-150
0.7755,0.125707769222599,300,13,-150
0.776,0.249433051830386,300,13,-150
0.7765,0.369224626206725,300,13,-150
0.777,0.483193307663683,300,13,-150
0.7775,0.589541742013095,300,13,-150
0.778,0.686592750915793,300,13,-150
0.7785,0.772815781985921,300,13,-150
0.779,0.84685104651636,300,13,-150
0.7795,0.907530964158942,300,13,-150
0.78,0.953898576364018,300,13,-150
0.7805,0.985222638188444,300,13,-150
0.781,1.00100915046516,300,13,-150
0.7815,1.00100915046516,300,13,-150
0.782,0.985222638188447,300,13,-150
0.7825,0.953898576364023,300,13,-150
0.783,0.90753096415895,300,13,-150
0.7835,0.846851046516369,300,13,-150
0.784,0.772815781985932,300,13,-150
0.7845,0.686592750915806,300,13,-150
0.785,0.589541742013108,300,13,-150
0.7855,0.483193307663698,300,13,-150
0.786,0.36922462620674,300,13,-150
0.7865,0.249433051830401,300,13,-150
0.787,0.125707769222615,300,13,-150
0.7875,6.04434998764631e-15,300,13,-150
0.788,-0.125707769222603,300,13,-150
0.7885,-0.24943305183039,300,13,-150
0.789,-0.369224626206728,300,13,-150
0.7895,-0.483193307663687,300,13,-150
0.79,-0.589541742013098,300,13,-150
0.7905,-0.686592750915796,300,13,-150
0.791,-0.772815781985923,300,13,-150
0.7915,-0.846851046516361,300,13,-150
0.792,-0.907530964158943,300,13,-150
0.7925,-0.953898576364018,300,13,-150
0.793,-0.985222638188444,300,13,-150
0.7935,-1.00100915046516,300,13,-150
0.794,-1.00100915046516,300,13,-150
0.7945,-0.985222638188446,300,13,-150
0.795,-0.953898576364021,300,13,-150
0.7955,-0.907530964158947,300,13,-150
0.796,-0.846851046516367,300,13,-150
0.7965,-0.772815781985929,300,13,-150
0.797,-0.686592750915803,300,13,-150
0.7975,-0.589541742013105,300,13,-150
0.798,-0.483193307663695,300,13,-150
0.7985,-0.369224626206737,300,13,-150
0.799,-0.249433051830398,300,13,-150
0.7995,-0.125707769222611,300,13,-150
0.8,-2.60608136963802e-15,300,13,-150
0.8005,0.125707769222606,300,13,-150
0.801,0.249433051830393,300,13,-150
0.8015,0.369224626206732,300,13,-150
0.802,0.48319330766369,300,13,-150
0.8025,0.5895417420131,300,13,-150
0.803,0.686592750915798,300,13,-150
0.8035,0.772815781985925,300,13,-150
0.804,0.846851046516364,300,13,-150
0.8045,0.907530964158945,300,13,-150
0.805,0.95389857636402,300,13,-150
0.8055,0.985222638188446,300,13,-150
0.806,1.00100915046516,300,13,-150
0.8065,1.00100915046516,300,13,-150
0.807,0.985222638188446,300,13,-150
0.8075,0.95389857636402,300,13,-150
0.808,0.907530964158946,300,13,-150
0.8085,0.846851046516364,300,13,-150
0.809,0.772815781985926,300,13,-150
0.8095,0.686592750915799,300,13,-150
0.81,0.589541742013101,300,13,-150
0.8105,0.483193307663691,300,13,-150
0.811,0.369224626206735,300,13,-150
0.8115,0.249433051830398,300,13,-150
0.812,0.125707769222614,300,13,-150
0.8125,8.06867938729067e-15,300,13,-150
0.813,-0.125707769222598,300,13,-150
0.8135,-0.249433051830382,300,13,-150
0.814,-0.369224626206719,300,13,-150
0.8145,-0.483193307663677,300,13,-150
0.815,-0.589541742013087,300,13,-150
0.8155,-0.686592750915786,300,13,-150
0.816,-0.772815781985915,300,13,-150
0.8165,-0.846851046516355,300,13,-150
0.817,-0.907530964158938,300,13,-150
0.8175,-0.953898576364015,300,13,-150
0.818,-0.985222638188443,300,13,-150
0.8185,-1.00100915046516,300,13,-150
0.819,-1.00100915046516,300,13,-150
0.8195,-0.985222638188449,300,13,-150
0.82,-0.953898576364025,300,13,-150
0.8205,-0.907530964158951,300,13,-150
0.821,-0.846851046516371,300,13,-150
0.8215,-0.772815781985934,300,13,-150
0.822,-0.686592750915807,300,13,-150
0.8225,-0.58954174201311,300,13,-150
0.823,-0.4831933076637,300,13,-150
0.8235,-0.369224626206743,300,13,-150
0.824,-0.249433051830406,300,13,-150
0.8245,-0.12570776922262,300,13,-150
0.825,-1.18248782302987e-14,300,13,-150
0.8255,0.125707769222596,300,13,-150
0.826,0.249433051830383,300,13,-150
0.8265,0.369224626206721,300,13,-150
0.827,0.48319330766368,300,13,-150
0.8275,0.589541742013091,300,13,-150
0.828,0.68659275091579,300,13,-150
0.8285,0.772815781985918,300,13,-150
0.829,0.846851046516358,300,13,-150
0.8295,0.90753096415894,300,13,-150
0.83,0.953898576364017,300,13,-150
0.8305,0.985222638188443,300,13,-150
0.831,1.00100915046516,300,13,-150
0.8315,1.00100915046516,300,13,-150
0.832,0.985222638188447,300,13,-150
0.8325,0.953898576364023,300,13,-150
0.833,0.90753096415895,300,13,-150
0.8335,0.84685104651637,300,13,-150
0.834,0.772815781985933,300,13,-150
0.8345,0.686592750915808,300,13,-150
0.835,0.589541742013111,300,13,-150
0.8355,0.483193307663701,300,13,-150
0.836,0.369224626206744,300,13,-150
0.8365,0.249433051830406,300,13,-150
0.837,0.12570776922262,300,13,-150
0.8375,1.11034675516202e-14,300,13,-150
0.838,-0.125707769222598,300,13,-150
0.8385,-0.249433051830385,300,13,-150
0.839,-0.369224626206724,300,13,-150
0.8395,-0.483193307663683,300,13,-150
0.84,-0.589541742013094,300,13,-150
0.8405,-0.686592750915793,300,13,-150
0.841,-0.772815781985921,300,13,-150
0.8415,-0.84685104651636,300,13,-150
0.842,-0.907530964158942,300,13,-150
0.8425,-0.953898576364018,300,13,-150
0.843,-0.985222638188444,300,13,-150
0.8435,-1.00100915046516,300,13,-150
0.844,-1.00100915046516,300,13,-150
0.8445,-0.985222638188446,300,13,-150
0.845,-0.953898576364022,300,13,-150
0.8455,-0.907530964158949,300,13,-150
0.846,-0.846851046516368,300,13,-150
0.8465,-0.772815781985931,300,13,-150
0.847,-0.686592750915805,300,13,-150
0.8475,-0.589541742013108,300,13,-150
0.848,-0.483193307663698,300,13,-150
0.8485,-0.369224626206741,300,13,-150
0.849,-0.249433051830403,300,13,-150
0.8495,-0.125707769222616,300,13,-150
0.85,-7.56476526240244e-15,300,13,-150
0.8505,0.125707769222601,300,13,-150
0.851,0.249433051830388,300,13,-150
0.8515,0.369224626206727,300,13,-150
0.852,0.483193307663686,300,13,-150
0.8525,0.589541742013097,300,13,-150
0.853,0.686592750915796,300,13,-150
0.8535,0.772815781985923,300,13,-150
0.854,0.846851046516362,300,13,-150
0.8545,0.907530964158944,300,13,-150
0.855,0.953898576364019,300,13,-150
0.8555,0.985222638188445,300,13,-150
0.856,1.00100915046516,300,13,-150
0.8565,1.00100915046516,300,13,-150
0.857,0.985222638188447,300,13,-150
0.8575,0.953898576364022,300,13,-150
0.858,0.907530964158948,300,13,-150
0.8585,0.846851046516368,300,13,-150
0.859,0.77281578198593,300,13,-150
0.8595,0.686592750915804,300,13,-150
0.86,0.589541742013105,300,13,-150
0.8605,0.483193307663695,300,13,-150
0.861,0.369224626206738,300,13,-150
0.8615,0.249433051830399,300,13,-150
0.862,0.125707769222612,300,13,-150
0.8625,3.62839116884417e-15,300,13,-150
0.863,-0.125707769222605,300,13,-150
0.8635,-0.249433051830391,300,13,-150
0.864,-0.36922462620673,300,13,-150
0.8645,-0.483193307663688,300,13,-150
0.865,-0.589541742013098,300,13,-150
0.8655,-0.686592750915796,300,13,-150
0.866,-0.772815781985923,300,13,-150
0.8665,-0.846851046516361,300,13,-150
0.867,-0.907530964158943,300,13,-150
0.8675,-0.953898576364019,300,13,-150
0.868,-0.985222638188444,300,13,-150
0.8685,-1.00100915046516,300,13,-150
0.869,-1.00100915046516,300,13,-150
0.8695,-0.985222638188446,300,13,-150
0.87,-0.953898576364021,300,13,-150
0.8705,-0.907530964158947,300,13,-150
0.871,-0.846851046516366,300,13,-150
0.8715,-0.772815781985927,300,13,-150
0.872,-0.6865927509158,300,13,-150
0.8725,-0.589541742013102,300,13,-150
0.873,-0.483193307663693,300,13,-150
0.8735,-0.369224626206736,300,13,-150
0.874,-0.249433051830398,300,13,-150
0.8745,-0.125707769222614,300,13,-150
0.875,-7.21869934479756e-15,300,13,-150
0.8755,0.125707769222599,300,13,-150
0.876,0.249433051830384,300,13,-150
0.8765,0.369224626206721,300,13,-150
0.877,0.483193307663678,300,13,-150
0.8775,0.589541742013088,300,13,-150
0.878,0.686592750915787,300,13,-150
0.8785,0.772815781985915,300,13,-150
0.879,0.846851046516355,300,13,-150
0.8795,0.907530964158938,300,13,-150
0.88,0.953898576364014,300,13,-150
0.8805,0.985222638188442,300,13,-150
0.881,1.00100915046516,300,13,-150
0.8815,1.00100915046516,300,13,-150
0.882,0.985222638188449,300,13,-150
0.8825,0.953898576364025,300,13,-150
0.883,0.907530964158952,300,13,-150
0.8835,0.846851046516372,300,13,-150
0.884,0.772815781985935,300,13,-150
0.8845,0.686592750915809,300,13,-150
0.885,0.589541742013112,300,13,-150
0.8855,0.483193307663702,300,13,-150
0.886,0.369224626206744,300,13,-150
0.8865,0.249433051830406,300,13,-150
0.887,0.125707769222619,300,13,-150
0.8875,1.09111553151518e-14,300,13,-150
0.888,-0.125707769222598,300,13,-150
0.8885,-0.249433051830384,300,13,-150
0.889,-0.369224626206723,300,13,-150
0.8895,-0.483193307663681,300,13,-150
0.89,-0.589541742013092,300,13,-150
0.8905,-0.686592750915791,300,13,-150
0.891,-0.772815781985918,300,13,-150
0.8915,-0.846851046516357,300,13,-150
0.892,-0.90753096415894,300,13,-150
0.8925,-0.953898576364016,300,13,-150
0.893,-0.985222638188443,300,13,-150
0.8935,-1.00100915046516,300,13,-150
0.894,-1.00100915046516,300,13,-150
0.8945,-0.985222638188447,300,13,-150
0.895,-0.953898576364023,300,13,-150
0.8955,-0.90753096415895,300,13,-150
0.896,-0.84685104651637,300,13,-150
0.8965,-0.772815781985932,300,13,-150
0.897,-0.686592750915806,300,13,-150
0.8975,-0.589541742013109,300,13,-150
0.898,-0.4831933076637,300,13,-150
0.8985,-0.369224626206743,300,13,-150
0.899,-0.249433051830405,300,13,-150
0.8995,-0.12570776922262,300,13,-150
0.9,-1.16062777723357e-14,300,13,-150
0.9005,0.125707769222597,300,13,-150
0.901,0.249433051830384,300,13,-150
0.9015,0.369224626206723,300,13,-150
0.902,0.483193307663681,300,13,-150
0.9025,0.589541742013093,300,13,-150
0.903,0.686592750915792,300,13,-150
0.9035,0.77281578198592,300,13,-150
0.904,0.846851046516359,300,13,-150
0.9045,0.907530964158942,300,13,-150
0.905,0.953898576364018,300,13,-150
0.9055,0.985222638188445,300,13,-150
0.906,1.00100915046516,300,13,-150
0.9065,1.00100915046516,300,13,-150
0.907,0.985222638188446,300,13,-150
0.9075,0.953898576364022,300,13,-150
0.908,0.907530964158948,300,13,-150
0.9085,0.846851046516367,300,13,-150
0.909,0.77281578198593,300,13,-150
0.9095,0.686592750915804,300,13,-150
0.91,0.589541742013107,300,13,-150
0.9105,0.483193307663697,300,13,-150
0.911,0.36922462620674,300,13,-150
0.9115,0.249433051830402,300,13,-150
0.912,0.125707769222616,300,13,-150
0.9125,8.19066364229358e-15,300,13,-150
0.913,-0.1257077692226,300,13,-150
0.9135,-0.249433051830387,300,13,-150
0.914,-0.369224626206726,300,13,-150
0.9145,-0.483193307663684,300,13,-150
0.915,-0.589541742013096,300,13,-150
0.9155,-0.686592750915794,300,13,-150
0.916,-0.772815781985922,300,13,-150
0.9165,-0.846851046516361,300,13,-150
0.917,-0.907530964158943,300,13,-150
0.9175,-0.953898576364018,300,13,-150
0.918,-0.985222638188445,300,13,-150
0.9185,-1.00100915046516,300,13,-150
0.919,-1.00100915046516,300,13,-150
0.9195,-0.985222638188447,300,13,-150
0.92,-0.953898576364023,300,13,-150
0.9205,-0.907530964158949,300,13,-150
0.921,-0.846851046516368,300,13,-150
0.9215,-0.772815781985931,300,13,-150
0.922,-0.686592750915804,300,13,-150
0.9225,-0.589541742013107,300,13,-150
0.923,-0.483193307663697,300,13,-150
0.9235,-0.369224626206739,300,13,-150
0.924,-0.2494330518304,300,13,-150
0.9245,-0.125707769222614,300,13,-150
0.925,-4.97907870104187e-15,300,13,-150
0.9255,0.125707769222604,300,13,-150
0.926,0.249433051830391,300,13,-150
0.9265,0.36922462620673,300,13,-150
0.927,0.483193307663688,300,13,-150
0.9275,0.589541742013099,300,13,-150
0.928,0.686592750915797,300,13,-150
0.9285,0.772815781985924,300,13,-150
0.929,0.846851046516363,300,13,-150
0.9295,0.907530964158944,300,13,-150
0.93,0.953898576364019,300,13,-150
0.9305,0.985222638188444,300,13,-150
0.931,1.00100915046516,300,13,-150
0.9315,1.00100915046516,300,13,-150
0.932,0.985222638188446,300,13,-150
0.9325,0.953898576364021,300,13,-150
0.933,0.907530964158946,300,13,-150
0.9335,0.846851046516365,300,13,-150
0.934,0.772815781985927,300,13,-150
0.9345,0.686592750915801,300,13,-150
0.935,0.589541742013103,300,13,-150
0.9355,0.483193307663694,300,13,-150
0.936,0.369224626206737,300,13,-150
0.9365,0.2494330518304,300,13,-150
0.937,0.125707769222615,300,13,-150
0.9375,8.65496164100286e-15,300,13,-150
0.938,-0.125707769222598,300,13,-150
0.9385,-0.249433051830383,300,13,-150
0.939,-0.369224626206721,300,13,-150
0.9395,-0.483193307663678,300,13,-150
0.94,-0.589541742013089,300,13,-150
0.9405,-0.686592750915788,300,13,-150
0.941,-0.772815781985916,300,13,-150
0.9415,-0.846851046516356,300,13,-150
0.942,-0.907530964158939,300,13,-150
0.9425,-0.953898576364015,300,13,-150
0.943,-0.985222638188443,300,13,-150
0.9435,-1.00100915046516,300,13,-150
0.944,-1.00100915046516,300,13,-150
0.9445,-0.985222638188448,300,13,-150
0.945,-0.953898576364025,300,13,-150
0.9455,-0.907530964158952,300,13,-150
0.946,-0.846851046516372,300,13,-150
0.9465,-0.772815781985935,300,13,-150
0.947,-0.686592750915809,300,13,-150
0.9475,-0.589541742013112,300,13,-150
0.948,-0.483193307663703,300,13,-150
0.9485,-0.369224626206745,300,13,-150
0.949,-0.249433051830407,300,13,-150
0.9495,-0.125707769222621,300,13,-150
0.95,-1.32634017092373e-14,300,13,-150
0.9505,0.125707769222595,300,13,-150
0.951,0.249433051830381,300,13,-150
0.9515,0.36922462620672,300,13,-150
0.952,0.483193307663678,300,13,-150
0.9525,0.589541742013089,300,13,-150
0.953,0.686592750915788,300,13,-150
0.9535,0.772815781985916,300,13,-150
0.954,0.846851046516356,300,13,-150
0.9545,0.907530964158939,300,13,-150
0.955,0.953898576364016,300,13,-150
0.9555,0.985222638188443,300,13,-150
0.956,1.00100915046516,300,13,-150
0.9565,1.00100915046516,300,13,-150
0.957,0.985222638188448,300,13,-150
0.9575,0.953898576364024,300,13,-150
0.958,0.907530964158951,300,13,-150
0.9585,0.846851046516371,300,13,-150
0.959,0.772815781985933,300,13,-150
0.9595,0.686592750915807,300,13,-150
0.96,0.589541742013109,300,13,-150
0.9605,0.483193307663699,300,13,-150
0.961,0.369224626206742,300,13,-150
0.9615,0.249433051830404,300,13,-150
0.962,0.125707769222618,300,13,-150
0.9625,9.88376714156895e-15,300,13,-150
0.963,-0.125707769222598,300,13,-150
0.9635,-0.249433051830385,300,13,-150
0.964,-0.369224626206723,300,13,-150
0.9645,-0.483193307663681,300,13,-150
0.965,-0.589541742013092,300,13,-150
0.9655,-0.686592750915791,300,13,-150
0.966,-0.772815781985919,300,13,-150
0.9665,-0.846851046516358,300,13,-150
0.967,-0.907530964158941,300,13,-150
0.9675,-0.953898576364017,300,13,-150
0.968,-0.985222638188443,300,13,-150
0.9685,-1.00100915046516,300,13,-150
0.969,-1.00100915046516,300,13,-150
0.9695,-0.985222638188447,300,13,-150
0.97,-0.953898576364022,300,13,-150
0.9705,-0.907530964158949,300,13,-150
0.971,-0.846851046516369,300,13,-150
0.9715,-0.772815781985932,300,13,-150
0.972,-0.686592750915806,300,13,-150
0.9725,-0.589541742013109,300,13,-150
0.973,-0.4831933076637,300,13,-150
0.9735,-0.369224626206743,300,13,-150
0.974,-0.249433051830405,300,13,-150
0.9745,-0.125707769222619,300,13,-150
0.975,-9.9759536153321e-15,300,13,-150
0.9755,0.125707769222599,300,13,-150
0.976,0.249433051830386,300,13,-150
0.9765,0.369224626206725,300,13,-150
0.977,0.483193307663684,300,13,-150
0.9775,0.589541742013095,300,13,-150
0.978,0.686592750915794,300,13,-150
0.9785,0.772815781985922,300,13,-150
0.979,0.846851046516361,300,13,-150
0.9795,0.907530964158943,300,13,-150
0.98,0.953898576364018,300,13,-150
0.9805,0.985222638188444,300,13,-150
0.981,1.00100915046516,300,13,-150
0.9815,1.00100915046516,300,13,-150
0.982,0.985222638188446,300,13,-150
0.9825,0.953898576364021,300,13,-150
0.983,0.907530964158948,300,13,-150
0.9835,0.846851046516367,300,13,-150
0.984,0.77281578198593,300,13,-150
0.9845,0.686592750915804,300,13,-150
0.985,0.589541742013107,300,13,-150
0.9855,0.483193307663697,300,13,-150
0.986,0.36922462620674,300,13,-150
0.9865,0.249433051830401,300,13,-150
0.987,0.125707769222615,300,13,-150
0.9875,6.43189978820628e-15,300,13,-150
0.988,-0.125707769222602,300,13,-150
0.9885,-0.249433051830389,300,13,-150
0.989,-0.369224626206728,300,13,-150
0.9895,-0.483193307663687,300,13,-150
0.99,-0.589541742013098,300,13,-150
0.9905,-0.686592750915796,300,13,-150
0.991,-0.772815781985923,300,13,-150
0.9915,-0.846851046516363,300,13,-150
0.992,-0.907530964158944,300,13,-150
0.9925,-0.953898576364019,300,13,-150
0.993,-0.985222638188445,300,13,-150
0.9935,-1.00100915046516,300,13,-150
0.994,-1.00100915046516,300,13,-150
0.9945,-0.985222638188447,300,13,-150
0.995,-0.953898576364022,300,13,-150
0.9955,-0.907530964158947,300,13,-150
0.996,-0.846851046516366,300,13,-150
0.9965,-0.772815781985928,300,13,-150
0.997,-0.686592750915802,300,13,-150
0.9975,-0.589541742013104,300,13,-150
0.998,-0.483193307663695,300,13,-150
0.9985,-0.369224626206739,300,13,-150
0.999,-0.249433051830402,300,13,-150
0.9995,-0.125707769222617,300,13,-150
1,-1.09593134041188e-14,300,13,-150
1.0005,0.125707769222596,300,13,-150
1.001,0.249433051830381,300,13,-150
1.0015,0.369224626206719,300,13,-150
1.002,0.483193307663677,300,13,-150
1.0025,0.589541742013088,300,13,-150
1.003,0.686592750915787,300,13,-150
1.0035,0.772815781985916,300,13,-150
1.004,0.846851046516356,300,13,-150
1.0045,0.907530964158939,300,13,-150
1.005,0.953898576364016,300,13,-150
1.0055,0.985222638188444,300,13,-150
1.006,1.00100915046516,300,13,-150
1.0065,1.00100915046516,300,13,-150
1.007,0.985222638188449,300,13,-150
1.0075,0.953898576364025,300,13,-150
1.008,0.907530964158953,300,13,-150
1.0085,0.846851046516373,300,13,-150
1.009,0.772815781985936,300,13,-150
1.0095,0.68659275091581,300,13,-150
1.01,0.589541742013113,300,13,-150
1.0105,0.483193307663704,300,13,-150
1.011,0.369224626206747,300,13,-150
1.0115,0.249433051830409,300,13,-150
1.012,0.125707769222622,300,13,-150
1.0125,1.35351413419419e-14,300,13,-150
1.013,-0.125707769222595,300,13,-150
1.0135,-0.249433051830383,300,13,-150
1.014,-0.369224626206722,300,13,-150
1.0145,-0.48319330766368,300,13,-150
1.015,-0.589541742013092,300,13,-150
1.0155,-0.686592750915791,300,13,-150
1.016,-0.772815781985919,300,13,-150
1.0165,-0.846851046516358,300,13,-150
1.017,-0.90753096415894,300,13,-150
1.0175,-0.953898576364016,300,13,-150
1.018,-0.985222638188443,300,13,-150
1.0185,-1.00100915046516,300,13,-150
1.019,-1.00100915046516,300,13,-150
1.0195,-0.985222638188448,300,13,-150
1.02,-0.953898576364025,300,13,-150
1.0205,-0.907530964158953,300,13,-150
1.021,-0.846851046516374,300,13,-150
1.0215,-0.772815781985938,300,13,-150
1.022,-0.686592750915813,300,13,-150
1.0225,-0.589541742013115,300,13,-150
1.023,-0.483193307663705,300,13,-150
1.0235,-0.369224626206747,300,13,-150
1.024,-0.249433051830407,300,13,-150
1.0245,-0.12570776922262,300,13,-150
1.025,-9.79704482822112e-15,300,13,-150
1.0255,0.1257077692226,300,13,-150
1.026,0.249433051830387,300,13,-150
1.0265,0.369224626206727,300,13,-150
1.027,0.483193307663685,300,13,-150
1.0275,0.589541742013095,300,13,-150
1.028,0.686592750915793,300,13,-150
1.0285,0.77281578198592,300,13,-150
1.029,0.846851046516358,300,13,-150
1.0295,0.907530964158939,300,13,-150
1.03,0.953898576364015,300,13,-150
1.0305,0.985222638188441,300,13,-150
1.031,1.00100915046516,300,13,-150
1.0315,1.00100915046516,300,13,-150
1.032,0.985222638188447,300,13,-150
1.0325,0.953898576364025,300,13,-150
1.033,0.907530964158952,300,13,-150
1.0335,0.846851046516373,300,13,-150
1.034,0.772815781985936,300,13,-150
1.0345,0.68659275091581,300,13,-150
1.035,0.589541742013113,300,13,-150
1.0355,0.483193307663702,300,13,-150
1.036,0.369224626206744,300,13,-150
1.0365,0.249433051830404,300,13,-150
1.037,0.125707769222616,300,13,-150
1.0375,6.20148366323783e-15,300,13,-150
1.038,-0.125707769222603,300,13,-150
1.0385,-0.249433051830391,300,13,-150
1.039,-0.36922462620673,300,13,-150
1.0395,-0.483193307663688,300,13,-150
1.04,-0.589541742013098,300,13,-150
1.0405,-0.686592750915795,300,13,-150
1.041,-0.772815781985922,300,13,-150
1.0415,-0.84685104651636,300,13,-150
1.042,-0.90753096415894,300,13,-150
1.0425,-0.953898576364015,300,13,-150
1.043,-0.985222638188441,300,13,-150
1.0435,-1.00100915046516,300,13,-150
1.044,-1.00100915046516,300,13,-150
1.0445,-0.985222638188446,300,13,-150
1.045,-0.953898576364023,300,13,-150
1.0455,-0.907530964158951,300,13,-150
1.046,-0.846851046516371,300,13,-150
1.0465,-0.772815781985934,300,13,-150
1.047,-0.686592750915808,300,13,-150
1.0475,-0.58954174201311,300,13,-150
1.048,-0.483193307663699,300,13,-150
1.0485,-0.369224626206741,300,13,-150
1.049,-0.249433051830401,300,13,-150
1.0495,-0.125707769222613,300,13,-150
1.05,-2.75071017020866e-15,300,13,-150
1.0505,0.125707769222607,300,13,-150
1.051,0.249433051830394,300,13,-150
1.0515,0.369224626206733,300,13,-150
1.052,0.483193307663691,300,13,-150
1.0525,0.589541742013101,300,13,-150
1.053,0.686592750915798,300,13,-150
1.0535,0.772815781985924,300,13,-150
1.054,0.846851046516362,300,13,-150
1.0545,0.907530964158942,300,13,-150
1.055,0.953898576364017,300,13,-150
1.0555,0.985222638188443,300,13,-150
1.056,1.00100915046516,300,13,-150
1.0565,1.00100915046516,300,13,-150
1.057,0.985222638188447,300,13,-150
1.0575,0.953898576364022,300,13,-150
1.058,0.907530964158949,300,13,-150
1.0585,0.846851046516368,300,13,-150
1.059,0.77281578198593,300,13,-150
1.0595,0.686592750915803,300,13,-150
1.06,0.589541742013105,300,13,-150
1.0605,0.483193307663695,300,13,-150
1.061,0.369224626206738,300,13,-150
1.0615,0.249433051830401,300,13,-150
1.062,0.125707769222616,300,13,-150
1.0625,9.99498535257115e-15,300,13,-150
1.063,-0.125707769222596,300,13,-150
1.0635,-0.24943305183038,300,13,-150
1.064,-0.369224626206717,300,13,-150
1.0645,-0.483193307663673,300,13,-150
1.065,-0.589541742013084,300,13,-150
1.0655,-0.686592750915782,300,13,-150
1.066,-0.772815781985911,300,13,-150
1.0665,-0.846851046516351,300,13,-150
1.067,-0.907530964158935,300,13,-150
1.0675,-0.953898576364012,300,13,-150
1.068,-0.985222638188441,300,13,-150
1.0685,-1.00100915046516,300,13,-150
1.069,-1.00100915046516,300,13,-150
1.0695,-0.985222638188449,300,13,-150
1.07,-0.953898576364027,300,13,-150
1.0705,-0.907530964158955,300,13,-150
1.071,-0.846851046516375,300,13,-150
1.0715,-0.772815781985938,300,13,-150
1.072,-0.686592750915812,300,13,-150
1.0725,-0.589541742013114,300,13,-150
1.073,-0.483193307663704,300,13,-150
1.0735,-0.369224626206747,300,13,-150
1.074,-0.249433051830408,300,13,-150
1.0745,-0.125707769222622,300,13,-150
1.075,-1.3798401200191e-14,300,13,-150
1.0755,0.125707769222594,300,13,-150
1.076,0.249433051830381,300,13,-150
1.0765,0.369224626206719,300,13,-150
1.077,0.483193307663677,300,13,-150
1.0775,0.589541742013087,300,13,-150
1.078,0.686592750915786,300,13,-150
1.0785,0.772815781985914,300,13,-150
1.079,0.846851046516354,300,13,-150
1.0795,0.907530964158937,300,13,-150
1.08,0.953898576364014,300,13,-150
1.0805,0.985222638188441,300,13,-150
1.081,1.00100915046516,300,13,-150
1.0815,1.00100915046516,300,13,-150
1.082,0.985222638188449,300,13,-150
1.0825,0.953898576364026,300,13,-150
1.083,0.907530964158953,300,13,-150
1.0835,0.846851046516373,300,13,-150
1.084,0.772815781985936,300,13,-150
1.0845,0.686592750915809,300,13,-150
1.085,0.589541742013112,300,13,-150
1.0855,0.483193307663701,300,13,-150
1.086,0.369224626206744,300,13,-150
1.0865,0.249433051830405,300,13,-150
1.087,0.125707769222619,300,13,-150
1.0875,1.03268015804671e-14,300,13,-150
1.088,-0.125707769222598,300,13,-150
1.0885,-0.249433051830384,300,13,-150
1.089,-0.369224626206722,300,13,-150
1.0895,-0.48319330766368,300,13,-150
1.09,-0.58954174201309,300,13,-150
1.0905,-0.686592750915789,300,13,-150
1.091,-0.772815781985916,300,13,-150
1.0915,-0.846851046516356,300,13,-150
1.092,-0.907530964158938,300,13,-150
1.0925,-0.953898576364015,300,13,-150
1.093,-0.985222638188442,300,13,-150
1.0935,-1.00100915046516,300,13,-150
1.094,-1.00100915046516,300,13,-150
1.0945,-0.985222638188448,300,13,-150
1.095,-0.953898576364025,300,13,-150
1.0955,-0.907530964158951,300,13,-150
1.096,-0.846851046516371,300,13,-150
1.0965,-0.772815781985934,300,13,-150
1.097,-0.686592750915807,300,13,-150
1.0975,-0.589541742013109,300,13,-150
1.098,-0.483193307663698,300,13,-150
1.0985,-0.36922462620674,300,13,-150
1.099,-0.249433051830401,300,13,-150
1.0995,-0.125707769222615,300,13,-150
1.1,-6.74446768198814e-15,300,13,-150
1.1005,0.125707769222601,300,13,-150
1.101,0.249433051830387,300,13,-150
1.1015,0.369224626206725,300,13,-150
1.102,0.483193307663682,300,13,-150
1.1025,0.589541742013093,300,13,-150
1.103,0.686592750915791,300,13,-150
1.1035,0.772815781985918,300,13,-150
1.104,0.846851046516357,300,13,-150
1.1045,0.90753096415894,300,13,-150
1.105,0.953898576364017,300,13,-150
1.1055,0.985222638188444,300,13,-150
1.106,1.00100915046516,300,13,-150
1.1065,1.00100915046517,300,13,-150
1.107,0.98522263818845,300,13,-150
1.1075,0.953898576364026,300,13,-150
1.108,0.907530964158953,300,13,-150
1.1085,0.846851046516371,300,13,-150
1.109,0.772815781985933,300,13,-150
1.1095,0.686592750915806,300,13,-150
1.11,0.589541742013107,300,13,-150
1.1105,0.483193307663696,300,13,-150
1.111,0.369224626206737,300,13,-150
1.1115,0.249433051830398,300,13,-150
1.112,0.125707769222611,300,13,-150
1.1125,2.90343561697281e-15,300,13,-150
1.113,-0.125707769222605,300,13,-150
1.1135,-0.249433051830391,300,13,-150
1.114,-0.369224626206728,300,13,-150
1.1145,-0.483193307663685,300,13,-150
1.115,-0.589541742013095,300,13,-150
1.1155,-0.686592750915793,300,13,-150
1.116,-0.77281578198592,300,13,-150
1.1165,-0.846851046516359,300,13,-150
1.117,-0.907530964158942,300,13,-150
1.1175,-0.953898576364018,300,13,-150
1.118,-0.985222638188445,300,13,-150
1.1185,-1.00100915046516,300,13,-150
1.119,-1.00100915046517,300,13,-150
1.1195,-0.98522263818845,300,13,-150
1.12,-0.953898576364025,300,13,-150
1.1205,-0.90753096415895,300,13,-150
1.121,-0.846851046516369,300,13,-150
1.1215,-0.77281578198593,300,13,-150
1.122,-0.686592750915802,300,13,-150
1.1225,-0.589541742013103,300,13,-150
1.123,-0.483193307663692,300,13,-150
1.1235,-0.369224626206735,300,13,-150
1.124,-0.249433051830398,300,13,-150
1.1245,-0.125707769222613,300,13,-150
1.125,-6.63952661722547e-15,300,13,-150
1.1255,0.125707769222599,300,13,-150
1.126,0.249433051830383,300,13,-150
1.1265,0.369224626206719,300,13,-150
1.127,0.483193307663676,300,13,-150
1.1275,0.589541742013086,300,13,-150
1.128,0.686592750915784,300,13,-150
1.1285,0.772815781985912,300,13,-150
1.129,0.846851046516352,300,13,-150
1.1295,0.907530964158936,300,13,-150
1.13,0.953898576364014,300,13,-150
1.1305,0.985222638188443,300,13,-150
1.131,1.00100915046516,300,13,-150
1.1315,1.00100915046517,300,13,-150
1.132,0.985222638188452,300,13,-150
1.1325,0.953898576364029,300,13,-150
1.133,0.907530964158956,300,13,-150
1.1335,0.846851046516376,300,13,-150
1.134,0.772815781985937,300,13,-150
1.1345,0.686592750915811,300,13,-150
1.135,0.589541742013113,300,13,-150
1.1355,0.483193307663702,300,13,-150
1.136,0.369224626206744,300,13,-150
1.1365,0.249433051830405,300,13,-150
1.137,0.125707769222619,300,13,-150
1.1375,1.03172062254355e-14,300,13,-150
1.138,-0.125707769222598,300,13,-150
1.1385,-0.249433051830384,300,13,-150
1.139,-0.369224626206722,300,13,-150
1.1395,-0.483193307663679,300,13,-150
1.14,-0.589541742013089,300,13,-150
1.1405,-0.686592750915787,300,13,-150
1.141,-0.772815781985915,300,13,-150
1.1415,-0.846851046516355,300,13,-150
1.142,-0.907530964158939,300,13,-150
1.1425,-0.953898576364016,300,13,-150
1.143,-0.985222638188444,300,13,-150
1.1435,-1.00100915046516,300,13,-150
1.144,-1.00100915046517,300,13,-150
1.1445,-0.98522263818845,300,13,-150
1.145,-0.953898576364026,300,13,-150
1.1455,-0.907530964158953,300,13,-150
1.146,-0.846851046516372,300,13,-150
1.1465,-0.772815781985934,300,13,-150
1.147,-0.686592750915808,300,13,-150
1.1475,-0.589541742013111,300,13,-150
1.148,-0.483193307663701,300,13,-150
1.1485,-0.369224626206745,300,13,-150
1.149,-0.249433051830408,300,13,-150
1.1495,-0.125707769222622,300,13,-150
1.15,-1.50880733316354e-14,300,13,-150
1.1505,0.125707769222592,300,13,-150
1.151,0.249433051830379,300,13,-150
1.1515,0.369224626206717,300,13,-150
1.152,0.483193307663676,300,13,-150
1.1525,0.589541742013088,300,13,-150
1.153,0.686592750915788,300,13,-150
1.1535,0.772815781985917,300,13,-150
1.154,0.846851046516357,300,13,-150
1.1545,0.907530964158941,300,13,-150
1.155,0.953898576364018,300,13,-150
1.1555,0.985222638188446,300,13,-150
1.156,1.00100915046516,300,13,-150
1.1565,1.00100915046517,300,13,-150
1.157,0.98522263818845,300,13,-150
1.1575,0.953898576364025,300,13,-150
1.158,0.907530964158951,300,13,-150
1.1585,0.84685104651637,300,13,-150
1.159,0.772815781985932,300,13,-150
1.1595,0.686592750915805,300,13,-150
1.16,0.589541742013108,300,13,-150
1.1605,0.483193307663698,300,13,-150
1.161,0.369224626206742,300,13,-150
1.1615,0.249433051830404,300,13,-150
1.162,0.125707769222619,300,13,-150
1.1625,1.17359738720279e-14,300,13,-150
1.163,-0.125707769222596,300,13,-150
1.1635,-0.249433051830382,300,13,-150
1.164,-0.36922462620672,300,13,-150
1.1645,-0.483193307663679,300,13,-150
1.165,-0.589541742013091,300,13,-150
1.1655,-0.68659275091579,300,13,-150
1.166,-0.772815781985919,300,13,-150
1.1665,-0.846851046516359,300,13,-150
1.167,-0.907530964158943,300,13,-150
1.1675,-0.953898576364019,300,13,-150
1.168,-0.985222638188446,300,13,-150
1.1685,-1.00100915046516,300,13,-150
1.169,-1.00100915046517,300,13,-150
1.1695,-0.985222638188449,300,13,-150
1.17,-0.953898576364024,300,13,-150
1.1705,-0.907530964158949,300,13,-150
1.171,-0.846851046516368,300,13,-150
1.1715,-0.77281578198593,300,13,-150
1.172,-0.686592750915803,300,13,-150
1.1725,-0.589541742013105,300,13,-150
1.173,-0.483193307663695,300,13,-150
1.1735,-0.369224626206738,300,13,-150
1.174,-0.249433051830401,300,13,-150
1.1745,-0.125707769222616,300,13,-150
1.175,-8.24846358542286e-15,300,13,-150
1.1755,0.125707769222599,300,13,-150
1.176,0.249433051830385,300,13,-150
1.1765,0.369224626206724,300,13,-150
1.177,0.483193307663682,300,13,-150
1.1775,0.589541742013093,300,13,-150
1.178,0.686592750915793,300,13,-150
1.1785,0.772815781985921,300,13,-150
1.179,0.846851046516361,300,13,-150
1.1795,0.907530964158944,300,13,-150
1.18,0.95389857636402,300,13,-150
1.1805,0.985222638188447,300,13,-150
1.181,1.00100915046516,300,13,-150
1.1815,1.00100915046516,300,13,-150
1.182,0.985222638188448,300,13,-150
1.1825,0.953898576364022,300,13,-150
1.183,0.907530964158947,300,13,-150
1.1835,0.846851046516365,300,13,-150
1.184,0.772815781985926,300,13,-150
1.1845,0.686592750915799,300,13,-150
1.185,0.589541742013102,300,13,-150
1.1855,0.483193307663692,300,13,-150
1.186,0.369224626206737,300,13,-150
1.1865,0.249433051830401,300,13,-150
1.187,0.125707769222617,300,13,-150
1.1875,1.19533390080909e-14,300,13,-150
1.188,-0.125707769222594,300,13,-150
1.1885,-0.249433051830378,300,13,-150
1.189,-0.369224626206715,300,13,-150
1.1895,-0.483193307663672,300,13,-150
1.19,-0.589541742013084,300,13,-150
1.1905,-0.686592750915783,300,13,-150
1.191,-0.772815781985913,300,13,-150
1.1915,-0.846851046516355,300,13,-150
1.192,-0.907530964158939,300,13,-150
1.1925,-0.953898576364017,300,13,-150
1.193,-0.985222638188444,300,13,-150
1.1935,-1.00100915046516,300,13,-150
1.194,-1.00100915046517,300,13,-150
1.1945,-0.98522263818845,300,13,-150
1.195,-0.953898576364026,300,13,-150
1.1955,-0.907530964158952,300,13,-150
1.196,-0.846851046516372,300,13,-150
1.1965,-0.772815781985934,300,13,-150
1.197,-0.686592750915808,300,13,-150
1.1975,-0.589541742013111,300,13,-150
1.198,-0.483193307663702,300,13,-150
1.1985,-0.369224626206745,300,13,-150
1.199,-0.249433051830408,300,13,-150
1.1995,-0.125707769222623,300,13,-150
1.2,-1.56666983127586e-14,300,13,-150
1.2005,0.125707769222592,300,13,-150
1.201,0.249433051830378,300,13,-150
1.2015,0.369224626206717,300,13,-150
1.202,0.483193307663675,300,13,-150
1.2025,0.589541742013088,300,13,-150
1.203,0.686592750915787,300,13,-150
1.2035,0.772815781985916,300,13,-150
1.204,0.846851046516357,300,13,-150
1.2045,0.907530964158941,300,13,-150
1.205,0.953898576364018,300,13,-150
1.2055,0.985222638188445,300,13,-150
1.206,1.00100915046516,300,13,-150
1.2065,1.00100915046517,300,13,-150
1.207,0.985222638188449,300,13,-150
1.2075,0.953898576364025,300,13,-150
1.208,0.907530964158951,300,13,-150
1.2085,0.84685104651637,300,13,-150
1.209,0.772815781985932,300,13,-150
1.2095,0.686592750915806,300,13,-150
1.21,0.589541742013108,300,13,-150
1.2105,0.483193307663699,300,13,-150
1.211,0.369224626206742,300,13,-150
1.2115,0.249433051830405,300,13,-150
1.212,0.12570776922262,300,13,-150
1.2125,1.22943668469088e-14,300,13,-150
1.213,-0.125707769222595,300,13,-150
1.2135,-0.249433051830381,300,13,-150
1.214,-0.36922462620672,300,13,-150
1.2145,-0.483193307663679,300,13,-150
1.215,-0.589541742013091,300,13,-150
1.2155,-0.68659275091579,300,13,-150
1.216,-0.772815781985919,300,13,-150
1.2165,-0.846851046516359,300,13,-150
1.217,-0.907530964158942,300,13,-150
1.2175,-0.953898576364019,300,13,-150
1.218,-0.985222638188445,300,13,-150
1.2185,-1.00100915046516,300,13,-150
1.219,-1.00100915046516,300,13,-150
1.2195,-0.985222638188447,300,13,-150
1.22,-0.953898576364023,300,13,-150
1.2205,-0.907530964158949,300,13,-150
1.221,-0.846851046516369,300,13,-150
1.2215,-0.772815781985932,300,13,-150
1.222,-0.686592750915807,300,13,-150
1.2225,-0.589541742013111,300,13,-150
1.223,-0.483193307663703,300,13,-150
1.2235,-0.369224626206747,300,13,-150
1.224,-0.24943305183041,300,13,-150
1.2245,-0.125707769222624,300,13,-150
1.225,-1.59252517695914e-14,300,13,-150
1.2255,0.125707769222593,300,13,-150
1.226,0.249433051830381,300,13,-150
1.2265,0.369224626206721,300,13,-150
1.227,0.483193307663681,300,13,-150
1.2275,0.589541742013094,300,13,-150
1.228,0.686592750915794,300,13,-150
1.2285,0.772815781985923,300,13,-150
1.229,0.846851046516362,300,13,-150
1.2295,0.907530964158945,300,13,-150
1.23,0.95389857636402,300,13,-150
1.2305,0.985222638188446,300,13,-150
1.231,1.00100915046516,300,13,-150
1.2315,1.00100915046516,300,13,-150
1.232,0.985222638188446,300,13,-150
1.2325,0.953898576364021,300,13,-150
1.233,0.907530964158947,300,13,-150
1.2335,0.846851046516367,300,13,-150
1.234,0.77281578198593,300,13,-150
1.2345,0.686592750915805,300,13,-150
1.235,0.589541742013109,300,13,-150
1.2355,0.4831933076637,300,13,-150
1.236,0.369224626206744,300,13,-150
1.2365,0.249433051830407,300,13,-150
1.237,0.125707769222621,300,13,-150
1.2375,1.24688634227755e-14,300,13,-150
1.238,-0.125707769222596,300,13,-150
1.2385,-0.249433051830384,300,13,-150
1.239,-0.369224626206724,300,13,-150
1.2395,-0.483193307663684,300,13,-150
1.24,-0.589541742013097,300,13,-150
1.2405,-0.686592750915796,300,13,-150
1.241,-0.772815781985925,300,13,-150
1.2415,-0.846851046516364,300,13,-150
1.242,-0.907530964158947,300,13,-150
1.2425,-0.953898576364021,300,13,-150
1.243,-0.985222638188447,300,13,-150
1.2435,-1.00100915046516,300,13,-150
1.244,-1.00100915046516,300,13,-150
1.2445,-0.985222638188446,300,13,-150
1.245,-0.95389857636402,300,13,-150
1.2455,-0.907530964158945,300,13,-150
1.246,-0.846851046516364,300,13,-150
1.2465,-0.772815781985927,300,13,-150
1.247,-0.686592750915801,300,13,-150
1.2475,-0.589541742013105,300,13,-150
1.248,-0.483193307663697,300,13,-150
1.2485,-0.369224626206742,300,13,-150
1.249,-0.249433051830406,300,13,-150
1.2495,-0.125707769222622,300,13,-150
1.25,-1.61595534570553e-14,300,13,-150
1.2505,0.125707769222591,300,13,-150
1.251,0.249433051830377,300,13,-150
1.2515,0.369224626206715,300,13,-150
1.252,0.483193307663674,300,13,-150
1.2525,0.589541742013087,300,13,-150
1.253,0.686592750915787,300,13,-150
1.2535,0.772815781985917,300,13,-150
1.254,0.846851046516357,300,13,-150
1.2545,0.907530964158941,300,13,-150
1.255,0.953898576364018,300,13,-150
1.2555,0.985222638188444,300,13,-150
1.256,1.00100915046516,300,13,-150
1.2565,1.00100915046516,300,13,-150
1.257,0.985222638188448,300,13,-150
1.2575,0.953898576364023,300,13,-150
1.258,0.907530964158951,300,13,-150
1.2585,0.846851046516371,300,13,-150
1.259,0.772815781985935,300,13,-150
1.2595,0.68659275091581,300,13,-150
1.26,0.589541742013114,300,13,-150
1.2605,0.483193307663706,300,13,-150
1.261,0.369224626206751,300,13,-150
1.2615,0.249433051830414,300,13,-150
1.262,0.125707769222628,300,13,-150
1.2625,1.98442472306923e-14,300,13,-150
1.263,-0.125707769222589,300,13,-150
1.2635,-0.249433051830377,300,13,-150
1.264,-0.369224626206717,300,13,-150
1.2645,-0.483193307663678,300,13,-150
1.265,-0.589541742013091,300,13,-150
1.2655,-0.686592750915791,300,13,-150
1.266,-0.77281578198592,300,13,-150
1.2665,-0.84685104651636,300,13,-150
1.267,-0.907530964158943,300,13,-150
1.2675,-0.953898576364019,300,13,-150
1.268,-0.985222638188445,300,13,-150
1.2685,-1.00100915046516,300,13,-150
1.269,-1.00100915046516,300,13,-150
1.2695,-0.985222638188447,300,13,-150
1.27,-0.953898576364022,300,13,-150
1.2705,-0.907530964158949,300,13,-150
1.271,-0.846851046516369,300,13,-150
1.2715,-0.772815781985933,300,13,-150
1.272,-0.686592750915808,300,13,-150
1.2725,-0.589541742013112,300,13,-150
1.273,-0.483193307663703,300,13,-150
1.2735,-0.369224626206747,300,13,-150
1.274,-0.24943305183041,300,13,-150
1.2745,-0.125707769222624,300,13,-150
1.275,-1.58136891170392e-14,300,13,-150
1.2755,0.125707769222593,300,13,-150
1.276,0.249433051830381,300,13,-150
1.2765,0.36922462620672,300,13,-150
1.277,0.483193307663679,300,13,-150
1.2775,0.589541742013092,300,13,-150
1.278,0.686592750915791,300,13,-150
1.2785,0.772815781985919,300,13,-150
1.279,0.846851046516358,300,13,-150
1.2795,0.907530964158941,300,13,-150
1.28,0.953898576364016,300,13,-150
1.2805,0.985222638188443,300,13,-150
1.281,1.00100915046516,300,13,-150
1.2815,1.00100915046516,300,13,-150
1.282,0.985222638188445,300,13,-150
1.2825,0.953898576364021,300,13,-150
1.283,0.907530964158948,300,13,-150
1.2835,0.846851046516368,300,13,-150
1.284,0.772815781985931,300,13,-150
1.2845,0.686592750915806,300,13,-150
1.285,0.589541742013109,300,13,-150
1.2855,0.4831933076637,300,13,-150
1.286,0.369224626206744,300,13,-150
1.2865,0.249433051830407,300,13,-150
1.287,0.125707769222621,300,13,-150
1.2875,1.22052707113289e-14,300,13,-150
1.288,-0.125707769222597,300,13,-150
1.2885,-0.249433051830384,300,13,-150
1.289,-0.369224626206724,300,13,-150
1.2895,-0.483193307663683,300,13,-150
1.29,-0.589541742013095,300,13,-150
1.2905,-0.686592750915794,300,13,-150
1.291,-0.772815781985921,300,13,-150
1.2915,-0.84685104651636,300,13,-150
1.292,-0.907530964158942,300,13,-150
1.2925,-0.953898576364017,300,13,-150
1.293,-0.985222638188442,300,13,-150
1.2935,-1.00100915046516,300,13,-150
1.294,-1.00100915046516,300,13,-150
1.2945,-0.985222638188445,300,13,-150
1.295,-0.953898576364022,300,13,-150
1.2955,-0.907530964158949,300,13,-150
1.296,-0.846851046516371,300,13,-150
1.2965,-0.772815781985935,300,13,-150
1.297,-0.68659275091581,300,13,-150
1.2975,-0.589541742013114,300,13,-150
1.298,-0.483193307663704,300,13,-150
1.2985,-0.369224626206747,300,13,-150
1.299,-0.249433051830408,300,13,-150
1.2995,-0.12570776922262,300,13,-150
1.3,-1.06116365645332e-14,300,13,-150
1.3005,0.1257077692226,300,13,-150
1.301,0.249433051830388,300,13,-150
1.3015,0.369224626206728,300,13,-150
1.302,0.483193307663687,300,13,-150
1.3025,0.589541742013099,300,13,-150
1.303,0.686592750915797,300,13,-150
1.3035,0.772815781985924,300,13,-150
1.304,0.846851046516362,300,13,-150
1.3045,0.907530964158943,300,13,-150
1.305,0.953898576364017,300,13,-150
1.3055,0.985222638188443,300,13,-150
1.306,1.00100915046516,300,13,-150
1.3065,1.00100915046516,300,13,-150
1.307,0.985222638188445,300,13,-150
1.3075,0.95389857636402,300,13,-150
1.308,0.907530964158948,300,13,-150
1.3085,0.846851046516368,300,13,-150
1.309,0.772815781985931,300,13,-150
1.3095,0.686592750915806,300,13,-150
1.31,0.58954174201311,300,13,-150
1.3105,0.483193307663701,300,13,-150
1.311,0.369224626206745,300,13,-150
1.3115,0.249433051830408,300,13,-150
1.312,0.125707769222622,300,13,-150
1.3125,1.42873551638497e-14,300,13,-150
1.313,-0.125707769222594,300,13,-150
1.3135,-0.24943305183038,300,13,-150
1.314,-0.369224626206719,300,13,-150
1.3145,-0.483193307663677,300,13,-150
1.315,-0.589541742013089,300,13,-150
1.3155,-0.686592750915788,300,13,-150
1.316,-0.772815781985916,300,13,-150
1.3165,-0.846851046516355,300,13,-150
1.317,-0.907530964158938,300,13,-150
1.3175,-0.953898576364014,300,13,-150
1.318,-0.985222638188441,300,13,-150
1.3185,-1.00100915046516,300,13,-150
1.319,-1.00100915046516,300,13,-150
1.3195,-0.985222638188447,300,13,-150
1.32,-0.953898576364024,300,13,-150
1.3205,-0.907530964158953,300,13,-150
1.321,-0.846851046516375,300,13,-150
1.3215,-0.772815781985939,300,13,-150
1.322,-0.686592750915815,300,13,-150
1.3225,-0.58954174201312,300,13,-150
1.323,-0.483193307663711,300,13,-150
1.3235,-0.369224626206754,300,13,-150
1.324,-0.249433051830415,300,13,-150
1.3245,-0.125707769222628,300,13,-150
1.325,-1.79950224071119e-14,300,13,-150
1.3255,0.125707769222592,300,13,-150
1.326,0.249433051830381,300,13,-150
1.3265,0.369224626206721,300,13,-150
1.327,0.483193307663681,300,13,-150
1.3275,0.589541742013093,300,13,-150
1.328,0.686592750915792,300,13,-150
1.3285,0.772815781985919,300,13,-150
1.329,0.846851046516358,300,13,-150
1.3295,0.907530964158939,300,13,-150
1.33,0.953898576364015,300,13,-150
1.3305,0.985222638188441,300,13,-150
1.331,1.00100915046516,300,13,-150
1.3315,1.00100915046516,300,13,-150
1.332,0.985222638188446,300,13,-150
1.3325,0.953898576364023,300,13,-150
1.333,0.907530964158952,300,13,-150
1.3335,0.846851046516373,300,13,-150
1.334,0.772815781985937,300,13,-150
1.3345,0.686592750915813,300,13,-150
1.335,0.589541742013116,300,13,-150
1.3355,0.483193307663707,300,13,-150
1.336,0.36922462620675,300,13,-150
1.3365,0.249433051830411,300,13,-150
1.337,0.125707769222624,300,13,-150
1.3375,1.50361148897021e-14,300,13,-150
1.338,-0.125707769222594,300,13,-150
1.3385,-0.249433051830381,300,13,-150
1.339,-0.36922462620672,300,13,-150
1.3395,-0.483193307663678,300,13,-150
1.34,-0.58954174201309,300,13,-150
1.3405,-0.686592750915788,300,13,-150
1.341,-0.772815781985915,300,13,-150
1.3415,-0.846851046516354,300,13,-150
1.342,-0.907530964158937,300,13,-150
1.3425,-0.953898576364013,300,13,-150
1.343,-0.98522263818844,300,13,-150
1.3435,-1.00100915046516,300,13,-150
1.344,-1.00100915046516,300,13,-150
1.3445,-0.985222638188446,300,13,-150
1.345,-0.953898576364023,300,13,-150
1.3455,-0.907530964158951,300,13,-150
1.346,-0.846851046516372,300,13,-150
1.3465,-0.772815781985936,300,13,-150
1.347,-0.68659275091581,300,13,-150
1.3475,-0.589541742013113,300,13,-150
1.348,-0.483193307663704,300,13,-150
1.3485,-0.369224626206746,300,13,-150
1.349,-0.249433051830407,300,13,-150
1.3495,-0.125707769222621,300,13,-150
1.35,-1.15745340081837e-14,300,13,-150
1.3505,0.125707769222597,300,13,-150
1.351,0.249433051830384,300,13,-150
1.3515,0.369224626206723,300,13,-150
1.352,0.483193307663681,300,13,-150
1.3525,0.589541742013092,300,13,-150
1.353,0.68659275091579,300,13,-150
1.3535,0.772815781985917,300,13,-150
1.354,0.846851046516356,300,13,-150
1.3545,0.907530964158938,300,13,-150
1.355,0.953898576364014,300,13,-150
1.3555,0.98522263818844,300,13,-150
1.356,1.00100915046516,300,13,-150
1.3565,1.00100915046516,300,13,-150
1.357,0.985222638188446,300,13,-150
1.3575,0.953898576364022,300,13,-150
1.358,0.90753096415895,300,13,-150
1.3585,0.84685104651637,300,13,-150
1.359,0.772815781985933,300,13,-150
1.3595,0.686592750915808,300,13,-150
1.36,0.58954174201311,300,13,-150
1.3605,0.4831933076637,300,13,-150
1.361,0.369224626206743,300,13,-150
1.3615,0.249433051830404,300,13,-150
1.362,0.125707769222617,300,13,-150
1.3625,8.10611923234155e-15,300,13,-150
1.363,-0.125707769222601,300,13,-150
1.3635,-0.249433051830388,300,13,-150
1.364,-0.369224626206726,300,13,-150
1.3645,-0.483193307663684,300,13,-150
1.365,-0.589541742013095,300,13,-150
1.3655,-0.686592750915793,300,13,-150
1.366,-0.77281578198592,300,13,-150
1.3665,-0.846851046516358,300,13,-150
1.367,-0.90753096415894,300,13,-150
1.3675,-0.953898576364015,300,13,-150
1.368,-0.985222638188442,300,13,-150
1.3685,-1.00100915046516,300,13,-150
1.369,-1.00100915046516,300,13,-150
1.3695,-0.985222638188445,300,13,-150
1.37,-0.953898576364021,300,13,-150
1.3705,-0.907530964158948,300,13,-150
1.371,-0.846851046516367,300,13,-150
1.3715,-0.77281578198593,300,13,-150
1.372,-0.686592750915804,300,13,-150
1.3725,-0.589541742013107,300,13,-150
1.373,-0.483193307663697,300,13,-150
1.3735,-0.369224626206741,300,13,-150
1.374,-0.249433051830404,300,13,-150
1.3745,-0.125707769222619,300,13,-150
1.375,-1.18062377179778e-14,300,13,-150
1.3755,0.125707769222595,300,13,-150
1.376,0.24943305183038,300,13,-150
1.3765,0.369224626206717,300,13,-150
1.377,0.483193307663675,300,13,-150
1.3775,0.589541742013085,300,13,-150
1.378,0.686592750915784,300,13,-150
1.3785,0.772815781985912,300,13,-150
1.379,0.846851046516351,300,13,-150
1.3795,0.907530964158935,300,13,-150
1.38,0.953898576364012,300,13,-150
1.3805,0.985222638188439,300,13,-150
1.381,1.00100915046516,300,13,-150
1.3815,1.00100915046516,300,13,-150
1.382,0.985222638188447,300,13,-150
1.3825,0.953898576364025,300,13,-150
1.383,0.907530964158953,300,13,-150
1.3835,0.846851046516374,300,13,-150
1.384,0.772815781985938,300,13,-150
1.3845,0.686592750915813,300,13,-150
1.385,0.589541742013116,300,13,-150
1.3855,0.483193307663707,300,13,-150
1.386,0.36922462620675,300,13,-150
1.3865,0.249433051830411,300,13,-150
1.387,0.125707769222624,300,13,-150
1.3875,1.53057015940855e-14,300,13,-150
1.388,-0.125707769222594,300,13,-150
1.3885,-0.249433051830381,300,13,-150
1.389,-0.36922462620672,300,13,-150
1.3895,-0.483193307663678,300,13,-150
1.39,-0.589541742013089,300,13,-150
1.3905,-0.686592750915787,300,13,-150
1.391,-0.772815781985915,300,13,-150
1.3915,-0.846851046516353,300,13,-150
1.392,-0.907530964158936,300,13,-150
1.3925,-0.953898576364013,300,13,-150
1.393,-0.98522263818844,300,13,-150
1.3935,-1.00100915046516,300,13,-150
1.394,-1.00100915046516,300,13,-150
1.3945,-0.985222638188449,300,13,-150
1.395,-0.953898576364027,300,13,-150
1.3955,-0.907530964158956,300,13,-150
1.396,-0.846851046516377,300,13,-150
1.3965,-0.77281578198594,300,13,-150
1.397,-0.686592750915814,300,13,-150
1.3975,-0.589541742013117,300,13,-150
1.398,-0.483193307663706,300,13,-150
1.3985,-0.369224626206748,300,13,-150
1.399,-0.249433051830408,300,13,-150
1.3995,-0.125707769222621,300,13,-150
1.4,-1.12504488398584e-14,300,13,-150
1.4005,0.125707769222598,300,13,-150
1.401,0.249433051830385,300,13,-150
1.4015,0.369224626206723,300,13,-150
1.402,0.483193307663681,300,13,-150
1.4025,0.589541742013091,300,13,-150
1.403,0.686592750915789,300,13,-150
1.4035,0.772815781985916,300,13,-150
1.404,0.846851046516355,300,13,-150
1.4045,0.907530964158937,300,13,-150
1.405,0.953898576364014,300,13,-150
1.4055,0.985222638188441,300,13,-150
1.406,1.00100915046516,300,13,-150
1.4065,1.00100915046516,300,13,-150
1.407,0.985222638188449,300,13,-150
1.4075,0.953898576364026,300,13,-150
1.408,0.907530964158954,300,13,-150
1.4085,0.846851046516375,300,13,-150
1.409,0.772815781985938,300,13,-150
1.4095,0.686592750915812,300,13,-150
1.41,0.589541742013114,300,13,-150
1.4105,0.483193307663703,300,13,-150
1.411,0.369224626206744,300,13,-150
1.4115,0.249433051830405,300,13,-150
1.412,0.125707769222617,300,13,-150
1.4125,7.76942199867268e-15,300,13,-150
1.413,-0.125707769222601,300,13,-150
1.4135,-0.249433051830388,300,13,-150
1.414,-0.369224626206727,300,13,-150
1.4145,-0.483193307663684,300,13,-150
1.415,-0.589541742013094,300,13,-150
1.4155,-0.686592750915792,300,13,-150
1.416,-0.772815781985918,300,13,-150
1.4165,-0.846851046516357,300,13,-150
1.417,-0.907530964158939,300,13,-150
1.4175,-0.953898576364015,300,13,-150
1.418,-0.985222638188442,300,13,-150
1.4185,-1.00100915046516,300,13,-150
1.419,-1.00100915046516,300,13,-150
1.4195,-0.985222638188448,300,13,-150
1.42,-0.953898576364025,300,13,-150
1.4205,-0.907530964158953,300,13,-150
1.421,-0.846851046516372,300,13,-150
1.4215,-0.772815781985935,300,13,-150
1.422,-0.686592750915808,300,13,-150
1.4225,-0.58954174201311,300,13,-150
1.423,-0.4831933076637,300,13,-150
1.4235,-0.369224626206742,300,13,-150
1.424,-0.249433051830404,300,13,-150
1.4245,-0.125707769222618,300,13,-150
1.425,-9.74469146319012e-15,300,13,-150
1.4255,0.125707769222598,300,13,-150
1.426,0.249433051830384,300,13,-150
1.4265,0.369224626206722,300,13,-150
1.427,0.483193307663679,300,13,-150
1.4275,0.58954174201309,300,13,-150
1.428,0.686592750915789,300,13,-150
1.4285,0.772815781985917,300,13,-150
1.429,0.846851046516357,300,13,-150
1.4295,0.90753096415894,300,13,-150
1.43,0.953898576364017,300,13,-150
1.4305,0.985222638188444,300,13,-150
1.431,1.00100915046516,300,13,-150
1.4315,1.00100915046516,300,13,-150
1.432,0.985222638188449,300,13,-150
1.4325,0.953898576364024,300,13,-150
1.433,0.90753096415895,300,13,-150
1.4335,0.846851046516369,300,13,-150
1.434,0.772815781985931,300,13,-150
1.4345,0.686592750915804,300,13,-150
1.435,0.589541742013106,300,13,-150
1.4355,0.483193307663697,300,13,-150
1.436,0.36922462620674,300,13,-150
1.4365,0.249433051830403,300,13,-150
1.437,0.125707769222619,300,13,-150
1.4375,1.3516855183188e-14,300,13,-150
1.438,-0.125707769222592,300,13,-150
1.4385,-0.249433051830376,300,13,-150
1.439,-0.369224626206713,300,13,-150
1.4395,-0.48319330766367,300,13,-150
1.44,-0.589541742013081,300,13,-150
1.4405,-0.68659275091578,300,13,-150
1.441,-0.772815781985909,300,13,-150
1.4415,-0.84685104651635,300,13,-150
1.442,-0.907530964158935,300,13,-150
1.4425,-0.953898576364013,300,13,-150
1.443,-0.985222638188442,300,13,-150
1.4435,-1.00100915046516,300,13,-150
1.444,-1.00100915046517,300,13,-150
1.4445,-0.985222638188451,300,13,-150
1.445,-0.953898576364028,300,13,-150
1.4455,-0.907530964158956,300,13,-150
1.446,-0.846851046516376,300,13,-150
1.4465,-0.772815781985939,300,13,-150
1.447,-0.686592750915813,300,13,-150
1.4475,-0.589541742013116,300,13,-150
1.448,-0.483193307663706,300,13,-150
1.4485,-0.369224626206749,300,13,-150
1.449,-0.249433051830411,300,13,-150
1.4495,-0.125707769222625,300,13,-150
1.45,-1.72004707982924e-14,300,13,-150
1.4505,0.12570776922259,300,13,-150
1.451,0.249433051830376,300,13,-150
1.4515,0.369224626206715,300,13,-150
1.452,0.483193307663673,300,13,-150
1.4525,0.589541742013084,300,13,-150
1.453,0.686592750915783,300,13,-150
1.4535,0.772815781985912,300,13,-150
1.454,0.846851046516353,300,13,-150
1.4545,0.907530964158937,300,13,-150
1.455,0.953898576364015,300,13,-150
1.4555,0.985222638188443,300,13,-150
1.456,1.00100915046516,300,13,-150
1.4565,1.00100915046517,300,13,-150
1.457,0.985222638188452,300,13,-150
1.4575,0.953898576364029,300,13,-150
1.458,0.907530964158956,300,13,-150
1.4585,0.846851046516376,300,13,-150
1.459,0.772815781985938,300,13,-150
1.4595,0.686592750915811,300,13,-150
1.46,0.589541742013113,300,13,-150
1.4605,0.483193307663703,300,13,-150
1.461,0.369224626206745,300,13,-150
1.4615,0.249433051830407,300,13,-150
1.462,0.125707769222621,300,13,-150
1.4625,1.35955467538459e-14,300,13,-150
1.463,-0.125707769222594,300,13,-150
1.4635,-0.24943305183038,300,13,-150
1.464,-0.369224626206718,300,13,-150
1.4645,-0.483193307663676,300,13,-150
1.465,-0.589541742013087,300,13,-150
1.4655,-0.686592750915785,300,13,-150
1.466,-0.772815781985914,300,13,-150
1.4665,-0.846851046516355,300,13,-150
1.467,-0.907530964158938,300,13,-150
1.4675,-0.953898576364016,300,13,-150
1.468,-0.985222638188444,300,13,-150
1.4685,-1.00100915046516,300,13,-150
1.469,-1.00100915046517,300,13,-150
1.4695,-0.985222638188451,300,13,-150
1.47,-0.953898576364028,300,13,-150
1.4705,-0.907530964158954,300,13,-150
1.471,-0.846851046516374,300,13,-150
1.4715,-0.772815781985936,300,13,-150
1.472,-0.686592750915809,300,13,-150
1.4725,-0.589541742013111,300,13,-150
1.473,-0.4831933076637,300,13,-150
1.4735,-0.369224626206742,300,13,-150
1.474,-0.249433051830404,300,13,-150
1.4745,-0.125707769222618,300,13,-150
1.475,-1.01441019327457e-14,300,13,-150
1.4755,0.125707769222598,300,13,-150
1.476,0.249433051830383,300,13,-150
1.4765,0.369224626206721,300,13,-150
1.477,0.483193307663679,300,13,-150
1.4775,0.589541742013089,300,13,-150
1.478,0.686592750915788,300,13,-150
1.4785,0.772815781985916,300,13,-150
1.479,0.846851046516356,300,13,-150
1.4795,0.907530964158939,300,13,-150
1.48,0.953898576364017,300,13,-150
1.4805,0.985222638188445,300,13,-150
1.481,1.00100915046516,300,13,-150
1.4815,1.00100915046517,300,13,-150
1.482,0.98522263818845,300,13,-150
1.4825,0.953898576364026,300,13,-150
1.483,0.907530964158952,300,13,-150
1.4835,0.846851046516372,300,13,-150
1.484,0.772815781985933,300,13,-150
1.4845,0.686592750915806,300,13,-150
1.485,0.589541742013108,300,13,-150
1.4855,0.483193307663697,300,13,-150
1.486,0.369224626206739,300,13,-150
1.4865,0.2494330518304,300,13,-150
1.487,0.125707769222614,300,13,-150
1.4875,6.713964831031e-15,300,13,-150
1.488,-0.125707769222601,300,13,-150
1.4885,-0.249433051830386,300,13,-150
1.489,-0.369224626206724,300,13,-150
1.4895,-0.483193307663682,300,13,-150
1.49,-0.589541742013092,300,13,-150
1.4905,-0.68659275091579,300,13,-150
1.491,-0.772815781985919,300,13,-150
1.4915,-0.846851046516359,300,13,-150
1.492,-0.907530964158942,300,13,-150
1.4925,-0.953898576364019,300,13,-150
1.493,-0.985222638188446,300,13,-150
1.4935,-1.00100915046516,300,13,-150
1.494,-1.00100915046517,300,13,-150
1.4945,-0.985222638188449,300,13,-150
1.495,-0.953898576364024,300,13,-150
1.4955,-0.907530964158949,300,13,-150
1.496,-0.846851046516368,300,13,-150
1.4965,-0.772815781985929,300,13,-150
1.497,-0.686592750915803,300,13,-150
1.4975,-0.589541742013106,300,13,-150
1.498,-0.483193307663698,300,13,-150
1.4985,-0.369224626206743,300,13,-150
1.499,-0.249433051830407,300,13,-150
1.4995,-0.125707769222624,300,13,-150
1.5,-1.90909668555959e-14,300,13,-150
1.5005,0.125707769222587,300,13,-150
1.501,0.249433051830371,300,13,-150
1.5015,0.369224626206709,300,13,-150
1.502,0.483193307663668,300,13,-150
1.5025,0.58954174201308,300,13,-150
1.503,0.686592750915781,300,13,-150
1.5035,0.772815781985911,300,13,-150
1.504,0.846851046516353,300,13,-150
1.5045,0.907530964158938,300,13,-150
1.505,0.953898576364016,300,13,-150
1.5055,0.985222638188444,300,13,-150
1.506,1.00100915046516,300,13,-150
1.5065,1.00100915046517,300,13,-150
1.507,0.985222638188451,300,13,-150
1.5075,0.953898576364027,300,13,-150
1.508,0.907530964158954,300,13,-150
1.5085,0.846851046516374,300,13,-150
1.509,0.772815781985937,300,13,-150
1.5095,0.686592750915812,300,13,-150
1.51,0.589541742013116,300,13,-150
1.5105,0.483193307663707,300,13,-150
1.511,0.369224626206752,300,13,-150
1.5115,0.249433051830415,300,13,-150
1.512,0.12570776922263,300,13,-150
1.5125,2.28080748728471e-14,300,13,-150
1.513,-0.125707769222585,300,13,-150
1.5135,-0.249433051830372,300,13,-150
1.514,-0.369224626206711,300,13,-150
1.5145,-0.483193307663671,300,13,-150
1.515,-0.589541742013084,300,13,-150
1.5155,-0.686592750915784,300,13,-150
1.516,-0.772815781985915,300,13,-150
1.5165,-0.846851046516356,300,13,-150
1.517,-0.90753096415894,300,13,-150
1.5175,-0.953898576364017,300,13,-150
1.518,-0.985222638188445,300,13,-150
1.5185,-1.00100915046516,300,13,-150
1.519,-1.00100915046517,300,13,-150
1.5195,-0.98522263818845,300,13,-150
1.52,-0.953898576364026,300,13,-150
1.5205,-0.907530964158952,300,13,-150
1.521,-0.846851046516372,300,13,-150
1.5215,-0.772815781985935,300,13,-150
1.522,-0.68659275091581,300,13,-150
1.5225,-0.589541742013113,300,13,-150
1.523,-0.483193307663704,300,13,-150
1.5235,-0.369224626206748,300,13,-150
1.524,-0.249433051830412,300,13,-150
1.5245,-0.125707769222627,300,13,-150
1.525,-1.93477969507373e-14,300,13,-150
1.5255,0.125707769222589,300,13,-150
1.526,0.249433051830375,300,13,-150
1.5265,0.369224626206714,300,13,-150
1.527,0.483193307663674,300,13,-150
1.5275,0.589541742013087,300,13,-150
1.528,0.686592750915787,300,13,-150
1.5285,0.772815781985917,300,13,-150
1.529,0.846851046516358,300,13,-150
1.5295,0.907530964158941,300,13,-150
1.53,0.953898576364019,300,13,-150
1.5305,0.985222638188446,300,13,-150
1.531,1.00100915046516,300,13,-150
1.5315,1.00100915046517,300,13,-150
1.532,0.985222638188449,300,13,-150
1.5325,0.953898576364025,300,13,-150
1.533,0.907530964158951,300,13,-150
1.5335,0.846851046516371,300,13,-150
1.534,0.772815781985933,300,13,-150
1.5345,0.686592750915807,300,13,-150
1.535,0.58954174201311,300,13,-150
1.5355,0.483193307663701,300,13,-150
1.536,0.369224626206745,300,13,-150
1.5365,0.249433051830408,300,13,-150
1.537,0.125707769222623,300,13,-150
1.5375,1.59090873976196e-14,300,13,-150
1.538,-0.125707769222592,300,13,-150
1.5385,-0.249433051830379,300,13,-150
1.539,-0.369224626206718,300,13,-150
1.5395,-0.483193307663677,300,13,-150
1.54,-0.589541742013089,300,13,-150
1.5405,-0.68659275091579,300,13,-150
1.541,-0.772815781985919,300,13,-150
1.5415,-0.846851046516359,300,13,-150
1.542,-0.907530964158943,300,13,-150
1.5425,-0.953898576364019,300,13,-150
1.543,-0.985222638188446,300,13,-150
1.5435,-1.00100915046516,300,13,-150
1.544,-1.00100915046517,300,13,-150
1.5445,-0.985222638188449,300,13,-150
1.545,-0.953898576364023,300,13,-150
1.5455,-0.90753096415895,300,13,-150
1.546,-0.846851046516369,300,13,-150
1.5465,-0.772815781985931,300,13,-150
1.547,-0.686592750915805,300,13,-150
1.5475,-0.589541742013108,300,13,-150
1.548,-0.483193307663699,300,13,-150
1.5485,-0.369224626206742,300,13,-150
1.549,-0.249433051830405,300,13,-150
1.5495,-0.12570776922262,300,13,-150
1.55,-1.23076328001251e-14,300,13,-150
1.5505,0.125707769222596,300,13,-150
1.551,0.249433051830382,300,13,-150
1.5515,0.369224626206721,300,13,-150
1.552,0.48319330766368,300,13,-150
1.5525,0.589541742013092,300,13,-150
1.553,0.686592750915792,300,13,-150
1.5535,0.77281578198592,300,13,-150
1.554,0.84685104651636,300,13,-150
1.5545,0.907530964158943,300,13,-150
1.555,0.953898576364019,300,13,-150
1.5555,0.985222638188446,300,13,-150
1.556,1.00100915046516,300,13,-150
1.5565,1.00100915046516,300,13,-150
1.557,0.985222638188447,300,13,-150
1.5575,0.953898576364022,300,13,-150
1.558,0.907530964158947,300,13,-150
1.5585,0.846851046516366,300,13,-150
1.559,0.772815781985927,300,13,-150
1.5595,0.686592750915801,300,13,-150
1.56,0.589541742013104,300,13,-150
1.5605,0.483193307663695,300,13,-150
1.561,0.36922462620674,300,13,-150
1.5615,0.249433051830405,300,13,-150
1.562,0.125707769222621,300,13,-150
1.5625,1.59524475299816e-14,300,13,-150
1.563,-0.12570776922259,300,13,-150
1.5635,-0.249433051830375,300,13,-150
1.564,-0.369224626206712,300,13,-150
1.5645,-0.483193307663671,300,13,-150
1.565,-0.589541742013082,300,13,-150
1.5655,-0.686592750915783,300,13,-150
1.566,-0.772815781985912,300,13,-150
1.5665,-0.846851046516353,300,13,-150
1.567,-0.907530964158938,300,13,-150
1.5675,-0.953898576364016,300,13,-150
1.568,-0.985222638188443,300,13,-150
1.5685,-1.00100915046516,300,13,-150
1.569,-1.00100915046517,300,13,-150
1.5695,-0.985222638188449,300,13,-150
1.57,-0.953898576364026,300,13,-150
1.5705,-0.907530964158953,300,13,-150
1.571,-0.846851046516373,300,13,-150
1.5715,-0.772815781985936,300,13,-150
1.572,-0.68659275091581,300,13,-150
1.5725,-0.589541742013114,300,13,-150
1.573,-0.483193307663705,300,13,-150
1.5735,-0.369224626206749,300,13,-150
1.574,-0.249433051830412,300,13,-150
1.5745,-0.125707769222627,300,13,-150
1.575,-1.96905307517262e-14,300,13,-150
1.5755,0.125707769222588,300,13,-150
1.576,0.249433051830375,300,13,-150
1.5765,0.369224626206715,300,13,-150
1.577,0.483193307663674,300,13,-150
1.5775,0.589541742013087,300,13,-150
1.578,0.686592750915787,300,13,-150
1.5785,0.772815781985917,300,13,-150
1.579,0.846851046516357,300,13,-150
1.5795,0.90753096415894,300,13,-150
1.58,0.953898576364017,300,13,-150
1.5805,0.985222638188444,300,13,-150
1.581,1.00100915046516,300,13,-150
1.5815,1.00100915046516,300,13,-150
1.582,0.985222638188447,300,13,-150
1.5825,0.953898576364024,300,13,-150
1.583,0.907530964158951,300,13,-150
1.5835,0.846851046516373,300,13,-150
1.584,0.772815781985937,300,13,-150
1.5845,0.686592750915813,300,13,-150
1.585,0.589541742013118,300,13,-150
1.5855,0.48319330766371,300,13,-150
1.586,0.369224626206754,300,13,-150
1.5865,0.249433051830417,300,13,-150
1.587,0.125707769222631,300,13,-150
1.5875,2.16872362066604e-14,300,13,-150
1.588,-0.125707769222588,300,13,-150
1.5885,-0.249433051830376,300,13,-150
1.589,-0.369224626206717,300,13,-150
1.5895,-0.483193307663677,300,13,-150
1.59,-0.589541742013091,300,13,-150
1.5905,-0.686592750915791,300,13,-150
1.591,-0.77281578198592,300,13,-150
1.5915,-0.846851046516359,300,13,-150
1.592,-0.907530964158942,300,13,-150
1.5925,-0.953898576364018,300,13,-150
1.593,-0.985222638188443,300,13,-150
1.5935,-1.00100915046516,300,13,-150
1.594,-1.00100915046516,300,13,-150
1.5945,-0.985222638188447,300,13,-150
1.595,-0.953898576364023,300,13,-150
1.5955,-0.90753096415895,300,13,-150
1.596,-0.846851046516371,300,13,-150
1.5965,-0.772815781985935,300,13,-150
1.597,-0.686592750915811,300,13,-150
1.5975,-0.589541742013115,300,13,-150
1.598,-0.483193307663707,300,13,-150
1.5985,-0.369224626206751,300,13,-150
1.599,-0.249433051830413,300,13,-150
1.5995,-0.125707769222627,300,13,-150
1.6,-1.82499550063328e-14,300,13,-150
1.6005,0.125707769222591,300,13,-150
1.601,0.24943305183038,300,13,-150
1.6015,0.36922462620672,300,13,-150
1.602,0.48319330766368,300,13,-150
1.6025,0.589541742013093,300,13,-150
1.603,0.686592750915793,300,13,-150
1.6035,0.772815781985922,300,13,-150
1.604,0.846851046516361,300,13,-150
1.6045,0.907530964158943,300,13,-150
1.605,0.953898576364018,300,13,-150
1.6055,0.985222638188444,300,13,-150
1.606,1.00100915046516,300,13,-150
1.6065,1.00100915046516,300,13,-150
1.607,0.985222638188446,300,13,-150
1.6075,0.953898576364022,300,13,-150
1.608,0.907530964158949,300,13,-150
1.6085,0.846851046516369,300,13,-150
1.609,0.772815781985933,300,13,-150
1.6095,0.686592750915808,300,13,-150
1.61,0.589541742013112,300,13,-150
1.6105,0.483193307663704,300,13,-150
1.611,0.369224626206747,300,13,-150
1.6115,0.249433051830409,300,13,-150
1.612,0.125707769222623,300,13,-150
1.6125,1.41744005664259e-14,300,13,-150
1.613,-0.125707769222595,300,13,-150
1.6135,-0.249433051830383,300,13,-150
1.614,-0.369224626206722,300,13,-150
1.6145,-0.483193307663681,300,13,-150
1.615,-0.589541742013093,300,13,-150
1.6155,-0.686592750915792,300,13,-150
1.616,-0.772815781985919,300,13,-150
1.6165,-0.846851046516358,300,13,-150
1.617,-0.90753096415894,300,13,-150
1.6175,-0.953898576364016,300,13,-150
1.618,-0.985222638188442,300,13,-150
1.6185,-1.00100915046516,300,13,-150
1.619,-1.00100915046516,300,13,-150
1.6195,-0.985222638188445,300,13,-150
1.62,-0.953898576364021,300,13,-150
1.6205,-0.907530964158947,300,13,-150
1.621,-0.846851046516367,300,13,-150
1.6215,-0.77281578198593,300,13,-150
1.622,-0.686592750915805,300,13,-150
1.6225,-0.589541742013109,300,13,-150
1.623,-0.4831933076637,300,13,-150
1.6235,-0.369224626206745,300,13,-150
1.624,-0.249433051830409,300,13,-150
1.6245,-0.125707769222624,300,13,-150
1.625,-1.76888358774968e-14,300,13,-150
1.6255,0.125707769222589,300,13,-150
1.626,0.249433051830375,300,13,-150
1.6265,0.369224626206713,300,13,-150
1.627,0.483193307663672,300,13,-150
1.6275,0.589541742013083,300,13,-150
1.628,0.686592750915783,300,13,-150
1.6285,0.772815781985911,300,13,-150
1.629,0.846851046516351,300,13,-150
1.6295,0.907530964158935,300,13,-150
1.63,0.953898576364012,300,13,-150
1.6305,0.98522263818844,300,13,-150
1.631,1.00100915046516,300,13,-150
1.6315,1.00100915046516,300,13,-150
1.632,0.985222638188447,300,13,-150
1.6325,0.953898576364024,300,13,-150
1.633,0.907530964158952,300,13,-150
1.6335,0.846851046516374,300,13,-150
1.634,0.772815781985939,300,13,-150
1.6345,0.686592750915814,300,13,-150
1.635,0.589541742013118,300,13,-150
1.6355,0.48319330766371,300,13,-150
1.636,0.369224626206754,300,13,-150
1.6365,0.249433051830416,300,13,-150
1.637,0.12570776922263,300,13,-150
1.6375,2.13595129367113e-14,300,13,-150
1.638,-0.125707769222588,300,13,-150
1.6385,-0.249433051830375,300,13,-150
1.639,-0.369224626206715,300,13,-150
1.6395,-0.483193307663674,300,13,-150
1.64,-0.589541742013087,300,13,-150
1.6405,-0.686592750915786,300,13,-150
1.641,-0.772815781985915,300,13,-150
1.6415,-0.846851046516354,300,13,-150
1.642,-0.907530964158937,300,13,-150
1.6425,-0.953898576364013,300,13,-150
1.643,-0.98522263818844,300,13,-150
1.6435,-1.00100915046516,300,13,-150
1.644,-1.00100915046516,300,13,-150
1.6445,-0.985222638188446,300,13,-150
1.645,-0.953898576364023,300,13,-150
1.6455,-0.907530964158951,300,13,-150
1.646,-0.846851046516372,300,13,-150
1.6465,-0.772815781985936,300,13,-150
1.647,-0.686592750915812,300,13,-150
1.6475,-0.589541742013116,300,13,-150
1.648,-0.483193307663707,300,13,-150
1.6485,-0.369224626206751,300,13,-150
1.649,-0.249433051830413,300,13,-150
1.6495,-0.125707769222627,300,13,-150
1.65,-1.79304140421489e-14,300,13,-150
1.6505,0.125707769222591,300,13,-150
1.651,0.249433051830379,300,13,-150
1.6515,0.369224626206719,300,13,-150
1.652,0.483193307663678,300,13,-150
1.6525,0.58954174201309,300,13,-150
1.653,0.686592750915789,300,13,-150
1.6535,0.772815781985917,300,13,-150
1.654,0.846851046516356,300,13,-150
1.6545,0.907530964158938,300,13,-150
1.655,0.953898576364015,300,13,-150
1.6555,0.985222638188441,300,13,-150
1.656,1.00100915046516,300,13,-150
1.6565,1.00100915046516,300,13,-150
1.657,0.985222638188445,300,13,-150
1.6575,0.953898576364022,300,13,-150
1.658,0.907530964158949,300,13,-150
1.6585,0.84685104651637,300,13,-150
1.659,0.772815781985934,300,13,-150
1.6595,0.686592750915809,300,13,-150
1.66,0.589541742013113,300,13,-150
1.6605,0.483193307663704,300,13,-150
1.661,0.369224626206747,300,13,-150
1.6615,0.24943305183041,300,13,-150
1.662,0.125707769222623,300,13,-150
1.6625,1.43939283430389e-14,300,13,-150
1.663,-0.125707769222595,300,13,-150
1.6635,-0.249433051830382,300,13,-150
1.664,-0.369224626206722,300,13,-150
1.6645,-0.483193307663681,300,13,-150
1.665,-0.589541742013093,300,13,-150
1.6655,-0.686592750915791,300,13,-150
1.666,-0.772815781985919,300,13,-150
1.6665,-0.846851046516357,300,13,-150
1.667,-0.907530964158939,300,13,-150
1.6675,-0.953898576364014,300,13,-150
1.668,-0.985222638188441,300,13,-150
1.6685,-1.00100915046516,300,13,-150
1.669,-1.00100915046516,300,13,-150
1.6695,-0.985222638188446,300,13,-150
1.67,-0.953898576364024,300,13,-150
1.6705,-0.907530964158952,300,13,-150
1.671,-0.846851046516374,300,13,-150
1.6715,-0.772815781985938,300,13,-150
1.672,-0.686592750915813,300,13,-150
1.6725,-0.589541742013116,300,13,-150
1.673,-0.483193307663707,300,13,-150
1.6735,-0.369224626206748,300,13,-150
1.674,-0.249433051830409,300,13,-150
1.6745,-0.125707769222621,300,13,-150
1.675,-1.14990930664788e-14,300,13,-150
1.6755,0.125707769222599,300,13,-150
1.676,0.249433051830387,300,13,-150
1.6765,0.369224626206726,300,13,-150
1.677,0.483193307663685,300,13,-150
1.6775,0.589541742013096,300,13,-150
1.678,0.686592750915794,300,13,-150
1.6785,0.772815781985921,300,13,-150
1.679,0.846851046516359,300,13,-150
1.6795,0.90753096415894,300,13,-150
1.68,0.953898576364015,300,13,-150
1.6805,0.985222638188441,300,13,-150
1.681,1.00100915046516,300,13,-150
1.6815,1.00100915046516,300,13,-150
1.682,0.985222638188446,300,13,-150
1.6825,0.953898576364022,300,13,-150
1.683,0.90753096415895,300,13,-150
1.6835,0.846851046516371,300,13,-150
1.684,0.772815781985934,300,13,-150
1.6845,0.686592750915809,300,13,-150
1.685,0.589541742013113,300,13,-150
1.6855,0.483193307663703,300,13,-150
1.686,0.369224626206747,300,13,-150
1.6865,0.249433051830409,300,13,-150
1.687,0.125707769222623,300,13,-150
1.6875,1.51826138138931e-14,300,13,-150
1.688,-0.125707769222593,300,13,-150
1.6885,-0.249433051830379,300,13,-150
1.689,-0.369224626206717,300,13,-150
1.6895,-0.483193307663675,300,13,-150
1.69,-0.589541742013087,300,13,-150
1.6905,-0.686592750915785,300,13,-150
1.691,-0.772815781985913,300,13,-150
1.6915,-0.846851046516352,300,13,-150
1.692,-0.907530964158935,300,13,-150
1.6925,-0.953898576364012,300,13,-150
1.693,-0.985222638188439,300,13,-150
1.6935,-1.00100915046516,300,13,-150
1.694,-1.00100915046516,300,13,-150
1.6945,-0.985222638188448,300,13,-150
1.695,-0.953898576364027,300,13,-150
1.6955,-0.907530964158956,300,13,-150
1.696,-0.846851046516378,300,13,-150
1.6965,-0.772815781985943,300,13,-150
1.697,-0.686592750915818,300,13,-150
1.6975,-0.589541742013122,300,13,-150
1.698,-0.483193307663713,300,13,-150
1.6985,-0.369224626206755,300,13,-150
1.699,-0.249433051830416,300,13,-150
1.6995,-0.125707769222629,300,13,-150
1.7,-1.89002598246863e-14,300,13,-150
1.7005,0.125707769222591,300,13,-150
1.701,0.249433051830379,300,13,-150
1.7015,0.369224626206719,300,13,-150
1.702,0.483193307663678,300,13,-150
1.7025,0.58954174201309,300,13,-150
1.703,0.686592750915789,300,13,-150
1.7035,0.772815781985916,300,13,-150
1.704,0.846851046516355,300,13,-150
1.7045,0.907530964158937,300,13,-150
1.705,0.953898576364013,300,13,-150
1.7055,0.98522263818844,300,13,-150
1.706,1.00100915046516,300,13,-150
1.7065,1.00100915046516,300,13,-150
1.707,0.985222638188448,300,13,-150
1.7075,0.953898576364026,300,13,-150
1.708,0.907530964158954,300,13,-150
1.7085,0.846851046516376,300,13,-150
1.709,0.77281578198594,300,13,-150
1.7095,0.686592750915815,300,13,-150
1.71,0.589541742013119,300,13,-150
1.7105,0.483193307663709,300,13,-150
1.711,0.369224626206751,300,13,-150
1.7115,0.249433051830413,300,13,-150
1.712,0.125707769222626,300,13,-150
1.7125,1.72825834947157e-14,300,13,-150
1.713,-0.125707769222591,300,13,-150
1.7135,-0.249433051830378,300,13,-150
1.714,-0.369224626206717,300,13,-150
1.7145,-0.483193307663675,300,13,-150
1.715,-0.589541742013086,300,13,-150
1.7155,-0.686592750915784,300,13,-150
1.716,-0.772815781985912,300,13,-150
1.7165,-0.846851046516352,300,13,-150
1.717,-0.907530964158935,300,13,-150
1.7175,-0.953898576364012,300,13,-150
1.718,-0.98522263818844,300,13,-150
1.7185,-1.00100915046516,300,13,-150
1.719,-1.00100915046516,300,13,-150
1.7195,-0.985222638188448,300,13,-150
1.72,-0.953898576364026,300,13,-150
1.7205,-0.907530964158953,300,13,-150
1.721,-0.846851046516375,300,13,-150
1.7215,-0.772815781985938,300,13,-150
1.722,-0.686592750915813,300,13,-150
1.7225,-0.589541742013115,300,13,-150
1.723,-0.483193307663705,300,13,-150
1.7235,-0.369224626206748,300,13,-150
1.724,-0.249433051830409,300,13,-150
1.7245,-0.125707769222622,300,13,-150
1.725,-1.36730172317414e-14,300,13,-150
1.7255,0.125707769222595,300,13,-150
1.726,0.249433051830382,300,13,-150
1.7265,0.36922462620672,300,13,-150
1.727,0.483193307663678,300,13,-150
1.7275,0.589541742013089,300,13,-150
1.728,0.686592750915786,300,13,-150
1.7285,0.772815781985914,300,13,-150
1.729,0.846851046516353,300,13,-150
1.7295,0.907530964158936,300,13,-150
1.73,0.953898576364014,300,13,-150
1.7305,0.985222638188441,300,13,-150
1.731,1.00100915046516,300,13,-150
1.7315,1.00100915046516,300,13,-150
1.732,0.985222638188451,300,13,-150
1.7325,0.953898576364028,300,13,-150
1.733,0.907530964158956,300,13,-150
1.7335,0.846851046516376,300,13,-150
1.734,0.772815781985939,300,13,-150
1.7345,0.686592750915812,300,13,-150
1.735,0.589541742013114,300,13,-150
1.7355,0.483193307663703,300,13,-150
1.736,0.369224626206745,300,13,-150
1.7365,0.249433051830406,300,13,-150
1.737,0.125707769222618,300,13,-150
1.7375,9.61715995123105e-15,300,13,-150
1.738,-0.125707769222599,300,13,-150
1.7385,-0.249433051830385,300,13,-150
1.739,-0.369224626206723,300,13,-150
1.7395,-0.48319330766368,300,13,-150
1.74,-0.589541742013091,300,13,-150
1.7405,-0.686592750915788,300,13,-150
1.741,-0.772815781985916,300,13,-150
1.7415,-0.846851046516355,300,13,-150
1.742,-0.907530964158938,300,13,-150
1.7425,-0.953898576364015,300,13,-150
1.743,-0.985222638188442,300,13,-150
1.7435,-1.00100915046516,300,13,-150
1.744,-1.00100915046516,300,13,-150
1.7445,-0.98522263818845,300,13,-150
1.745,-0.953898576364027,300,13,-150
1.7455,-0.907530964158954,300,13,-150
1.746,-0.846851046516373,300,13,-150
1.7465,-0.772815781985936,300,13,-150
1.747,-0.686592750915809,300,13,-150
1.7475,-0.58954174201311,300,13,-150
1.748,-0.4831933076637,300,13,-150
1.7485,-0.369224626206743,300,13,-150
1.749,-0.249433051830405,300,13,-150
1.7495,-0.12570776922262,300,13,-150
1.75,-1.33055501634385e-14,300,13,-150
1.7505,0.125707769222593,300,13,-150
1.751,0.249433051830378,300,13,-150
1.7515,0.369224626206714,300,13,-150
1.752,0.483193307663671,300,13,-150
1.7525,0.589541742013081,300,13,-150
1.753,0.68659275091578,300,13,-150
1.7535,0.772815781985908,300,13,-150
1.754,0.846851046516348,300,13,-150
1.7545,0.907530964158933,300,13,-150
1.755,0.953898576364011,300,13,-150
1.7555,0.98522263818844,300,13,-150
1.756,1.00100915046516,300,13,-150
1.7565,1.00100915046517,300,13,-150
1.757,0.985222638188452,300,13,-150
1.7575,0.953898576364031,300,13,-150
1.758,0.907530964158959,300,13,-150
1.7585,0.84685104651638,300,13,-150
1.759,0.772815781985944,300,13,-150
1.7595,0.686592750915818,300,13,-150
1.76,0.58954174201312,300,13,-150
1.7605,0.48319330766371,300,13,-150
1.761,0.369224626206752,300,13,-150
1.7615,0.249433051830413,300,13,-150
1.762,0.125707769222626,300,13,-150
1.7625,1.70196318595897e-14,300,13,-150
1.763,-0.125707769222592,300,13,-150
1.7635,-0.249433051830378,300,13,-150
1.764,-0.369224626206716,300,13,-150
1.7645,-0.483193307663674,300,13,-150
1.765,-0.589541742013085,300,13,-150
1.7655,-0.686592750915783,300,13,-150
1.766,-0.772815781985911,300,13,-150
1.7665,-0.846851046516351,300,13,-150
1.767,-0.907530964158935,300,13,-150
1.7675,-0.953898576364012,300,13,-150
1.768,-0.985222638188441,300,13,-150
1.7685,-1.00100915046516,300,13,-150
1.769,-1.00100915046517,300,13,-150
1.7695,-0.985222638188451,300,13,-150
1.77,-0.953898576364029,300,13,-150
1.7705,-0.907530964158957,300,13,-150
1.771,-0.846851046516378,300,13,-150
1.7715,-0.772815781985941,300,13,-150
1.772,-0.686592750915815,300,13,-150
1.7725,-0.589541742013117,300,13,-150
1.773,-0.483193307663707,300,13,-150
1.7735,-0.369224626206749,300,13,-150
1.774,-0.249433051830409,300,13,-150
1.7745,-0.125707769222622,300,13,-150
1.775,-1.35436095932001e-14,300,13,-150
1.7755,0.125707769222595,300,13,-150
1.776,0.249433051830381,300,13,-150
1.7765,0.36922462620672,300,13,-150
1.777,0.483193307663677,300,13,-150
1.7775,0.589541742013088,300,13,-150
1.778,0.686592750915786,300,13,-150
1.7785,0.772815781985914,300,13,-150
1.779,0.846851046516353,300,13,-150
1.7795,0.907530964158936,300,13,-150
1.78,0.953898576364014,300,13,-150
1.7805,0.985222638188442,300,13,-150
1.781,1.00100915046516,300,13,-150
1.7815,1.00100915046516,300,13,-150
1.782,0.985222638188451,300,13,-150
1.7825,0.953898576364028,300,13,-150
1.783,0.907530964158955,300,13,-150
1.7835,0.846851046516375,300,13,-150
1.784,0.772815781985938,300,13,-150
1.7845,0.686592750915812,300,13,-150
1.785,0.589541742013114,300,13,-150
1.7855,0.483193307663704,300,13,-150
1.786,0.369224626206747,300,13,-150
1.7865,0.24943305183041,300,13,-150
1.787,0.125707769222625,300,13,-150
1.7875,1.72120448763567e-14,300,13,-150
1.788,-0.12570776922259,300,13,-150
1.7885,-0.249433051830376,300,13,-150
1.789,-0.369224626206715,300,13,-150
1.7895,-0.483193307663673,300,13,-150
1.79,-0.589541742013085,300,13,-150
1.7905,-0.686592750915784,300,13,-150
1.791,-0.772815781985913,300,13,-150
1.7915,-0.846851046516354,300,13,-150
1.792,-0.907530964158938,300,13,-150
1.7925,-0.953898576364016,300,13,-150
1.793,-0.985222638188444,300,13,-150
1.7935,-1.00100915046516,300,13,-150
1.794,-1.00100915046517,300,13,-150
1.7945,-0.98522263818845,300,13,-150
1.795,-0.953898576364026,300,13,-150
1.7955,-0.907530964158953,300,13,-150
1.796,-0.846851046516373,300,13,-150
1.7965,-0.772815781985935,300,13,-150
1.797,-0.686592750915809,300,13,-150
1.7975,-0.589541742013111,300,13,-150
1.798,-0.483193307663701,300,13,-150
1.7985,-0.369224626206744,300,13,-150
1.799,-0.249433051830407,300,13,-150
1.7995,-0.125707769222621,300,13,-150
1.8,-1.38493315972435e-14,300,13,-150
1.8005,0.125707769222594,300,13,-150
1.801,0.24943305183038,300,13,-150
1.8015,0.369224626206718,300,13,-150
1.802,0.483193307663676,300,13,-150
1.8025,0.589541742013087,300,13,-150
1.803,0.686592750915787,300,13,-150
1.8035,0.772815781985916,300,13,-150
1.804,0.846851046516356,300,13,-150
1.8045,0.90753096415894,300,13,-150
1.805,0.953898576364017,300,13,-150
1.8055,0.985222638188445,300,13,-150
1.806,1.00100915046516,300,13,-150
1.8065,1.00100915046517,300,13,-150
1.807,0.98522263818845,300,13,-150
1.8075,0.953898576364025,300,13,-150
1.808,0.907530964158952,300,13,-150
1.8085,0.846851046516371,300,13,-150
1.809,0.772815781985932,300,13,-150
1.8095,0.686592750915805,300,13,-150
1.81,0.589541742013107,300,13,-150
1.8105,0.483193307663698,300,13,-150
1.811,0.369224626206742,300,13,-150
1.8115,0.249433051830406,300,13,-150
1.812,0.125707769222623,300,13,-150
1.8125,1.75443489952303e-14,300,13,-150
1.813,-0.125707769222588,300,13,-150
1.8135,-0.249433051830372,300,13,-150
1.814,-0.369224626206709,300,13,-150
1.8145,-0.483193307663666,300,13,-150
1.815,-0.589541742013078,300,13,-150
1.8155,-0.686592750915778,300,13,-150
1.816,-0.772815781985908,300,13,-150
1.8165,-0.846851046516349,300,13,-150
1.817,-0.907530964158934,300,13,-150
1.8175,-0.953898576364013,300,13,-150
1.818,-0.985222638188443,300,13,-150
1.8185,-1.00100915046516,300,13,-150
1.819,-1.00100915046517,300,13,-150
1.8195,-0.985222638188452,300,13,-150
1.82,-0.953898576364029,300,13,-150
1.8205,-0.907530964158957,300,13,-150
1.821,-0.846851046516377,300,13,-150
1.8215,-0.77281578198594,300,13,-150
1.822,-0.686592750915814,300,13,-150
1.8225,-0.589541742013117,300,13,-150
1.823,-0.483193307663708,300,13,-150
1.8235,-0.369224626206751,300,13,-150
1.824,-0.249433051830414,300,13,-150
1.8245,-0.125707769222629,300,13,-150
1.825,-2.1216373092072e-14,300,13,-150
1.8255,0.125707769222586,300,13,-150
1.826,0.249433051830372,300,13,-150
1.8265,0.369224626206711,300,13,-150
1.827,0.48319330766367,300,13,-150
1.8275,0.589541742013081,300,13,-150
1.828,0.686592750915782,300,13,-150
1.8285,0.772815781985911,300,13,-150
1.829,0.846851046516352,300,13,-150
1.8295,0.907530964158937,300,13,-150
1.83,0.953898576364015,300,13,-150
1.8305,0.985222638188444,300,13,-150
1.831,1.00100915046516,300,13,-150
1.8315,1.00100915046517,300,13,-150
1.832,0.985222638188452,300,13,-150
1.8325,0.953898576364028,300,13,-150
1.833,0.907530964158956,300,13,-150
1.8335,0.846851046516376,300,13,-150
1.834,0.772815781985938,300,13,-150
1.8345,0.686592750915812,300,13,-150
1.835,0.589541742013114,300,13,-150
1.8355,0.483193307663705,300,13,-150
1.836,0.369224626206748,300,13,-150
1.8365,0.24943305183041,300,13,-150
1.837,0.125707769222625,300,13,-150
1.8375,1.77309322345776e-14,300,13,-150
1.838,-0.12570776922259,300,13,-150
1.8385,-0.249433051830376,300,13,-150
1.839,-0.369224626206714,300,13,-150
1.8395,-0.483193307663672,300,13,-150
1.84,-0.589541742013084,300,13,-150
1.8405,-0.686592750915784,300,13,-150
1.841,-0.772815781985913,300,13,-150
1.8415,-0.846851046516354,300,13,-150
1.842,-0.907530964158938,300,13,-150
1.8425,-0.953898576364016,300,13,-150
1.843,-0.985222638188444,300,13,-150
1.8435,-1.00100915046516,300,13,-150
1.844,-1.00100915046517,300,13,-150
1.8445,-0.985222638188451,300,13,-150
1.845,-0.953898576364027,300,13,-150
1.8455,-0.907530964158954,300,13,-150
1.846,-0.846851046516374,300,13,-150
1.8465,-0.772815781985936,300,13,-150
1.847,-0.686592750915809,300,13,-150
1.8475,-0.589541742013111,300,13,-150
1.848,-0.483193307663702,300,13,-150
1.8485,-0.369224626206745,300,13,-150
1.849,-0.249433051830407,300,13,-150
1.8495,-0.125707769222622,300,13,-150
1.85,-1.43890107228643e-14,300,13,-150
1.8505,0.125707769222593,300,13,-150
1.851,0.249433051830379,300,13,-150
1.8515,0.369224626206717,300,13,-150
1.852,0.483193307663676,300,13,-150
1.8525,0.589541742013087,300,13,-150
1.853,0.686592750915787,300,13,-150
1.8535,0.772815781985916,300,13,-150
1.854,0.846851046516356,300,13,-150
1.8545,0.90753096415894,300,13,-150
1.855,0.953898576364017,300,13,-150
1.8555,0.985222638188444,300,13,-150
1.856,1.00100915046516,300,13,-150
1.8565,1.00100915046517,300,13,-150
1.857,0.985222638188449,300,13,-150
1.8575,0.953898576364025,300,13,-150
1.858,0.907530964158951,300,13,-150
1.8585,0.846851046516371,300,13,-150
1.859,0.772815781985934,300,13,-150
1.8595,0.686592750915809,300,13,-150
1.86,0.589541742013113,300,13,-150
1.8605,0.483193307663704,300,13,-150
1.861,0.369224626206749,300,13,-150
1.8615,0.249433051830412,300,13,-150
1.862,0.125707769222627,300,13,-150
1.8625,1.92175167270591e-14,300,13,-150
1.863,-0.125707769222589,300,13,-150
1.8635,-0.249433051830376,300,13,-150
1.864,-0.369224626206717,300,13,-150
1.8645,-0.483193307663676,300,13,-150
1.865,-0.589541742013089,300,13,-150
1.8655,-0.686592750915789,300,13,-150
1.866,-0.772815781985919,300,13,-150
1.8665,-0.846851046516359,300,13,-150
1.867,-0.907530964158943,300,13,-150
1.8675,-0.953898576364019,300,13,-150
1.868,-0.985222638188446,300,13,-150
1.8685,-1.00100915046516,300,13,-150
1.869,-1.00100915046516,300,13,-150
1.8695,-0.985222638188448,300,13,-150
1.87,-0.953898576364023,300,13,-150
1.8705,-0.907530964158949,300,13,-150
1.871,-0.846851046516368,300,13,-150
1.8715,-0.772815781985931,300,13,-150
1.872,-0.686592750915805,300,13,-150
1.8725,-0.589541742013109,300,13,-150
1.873,-0.483193307663701,300,13,-150
1.8735,-0.369224626206747,300,13,-150
1.874,-0.249433051830412,300,13,-150
1.8745,-0.125707769222628,300,13,-150
1.875,-2.28842323407998e-14,300,13,-150
1.8755,0.125707769222583,300,13,-150
1.876,0.249433051830369,300,13,-150
1.8765,0.369224626206707,300,13,-150
1.877,0.483193307663666,300,13,-150
1.8775,0.589541742013079,300,13,-150
1.878,0.686592750915781,300,13,-150
1.8785,0.772815781985911,300,13,-150
1.879,0.846851046516353,300,13,-150
1.8795,0.907530964158938,300,13,-150
1.88,0.953898576364016,300,13,-150
1.8805,0.985222638188444,300,13,-150
1.881,1.00100915046516,300,13,-150
1.8815,1.00100915046517,300,13,-150
1.882,0.985222638188451,300,13,-150
1.8825,0.953898576364027,300,13,-150
1.883,0.907530964158954,300,13,-150
1.8835,0.846851046516375,300,13,-150
1.884,0.772815781985939,300,13,-150
1.8845,0.686592750915814,300,13,-150
1.885,0.589541742013119,300,13,-150
1.8855,0.483193307663711,300,13,-150
1.886,0.369224626206756,300,13,-150
1.8865,0.249433051830419,300,13,-150
1.887,0.125707769222634,300,13,-150
1.8875,2.65871426470302e-14,300,13,-150
1.888,-0.125707769222582,300,13,-150
1.8885,-0.249433051830369,300,13,-150
1.889,-0.36922462620671,300,13,-150
1.8895,-0.48319330766367,300,13,-150
1.89,-0.589541742013083,300,13,-150
1.8905,-0.686592750915784,300,13,-150
1.891,-0.772815781985914,300,13,-150
1.8915,-0.846851046516356,300,13,-150
1.892,-0.90753096415894,300,13,-150
1.8925,-0.953898576364017,300,13,-150
1.893,-0.985222638188445,300,13,-150
1.8935,-1.00100915046516,300,13,-150
1.894,-1.00100915046517,300,13,-150
1.8945,-0.98522263818845,300,13,-150
1.895,-0.953898576364025,300,13,-150
1.8955,-0.907530964158953,300,13,-150
1.896,-0.846851046516373,300,13,-150
1.8965,-0.772815781985937,300,13,-150
1.897,-0.686592750915812,300,13,-150
1.8975,-0.589541742013116,300,13,-150
1.898,-0.483193307663708,300,13,-150
1.8985,-0.369224626206753,300,13,-150
1.899,-0.249433051830416,300,13,-150
1.8995,-0.12570776922263,300,13,-150
1.9,-2.27205139657612e-14,300,13,-150
1.9005,0.125707769222586,300,13,-150
1.901,0.249433051830373,300,13,-150
1.9015,0.369224626206713,300,13,-150
1.902,0.483193307663672,300,13,-150
1.9025,0.589541742013085,300,13,-150
1.903,0.686592750915786,300,13,-150
1.9035,0.772815781985915,300,13,-150
1.904,0.846851046516355,300,13,-150
1.9045,0.907530964158939,300,13,-150
1.905,0.953898576364015,300,13,-150
1.9055,0.985222638188442,300,13,-150
1.906,1.00100915046516,300,13,-150
1.9065,1.00100915046516,300,13,-150
1.907,0.985222638188447,300,13,-150
1.9075,0.953898576364024,300,13,-150
1.908,0.907530964158951,300,13,-150
1.9085,0.846851046516372,300,13,-150
1.909,0.772815781985935,300,13,-150
1.9095,0.68659275091581,300,13,-150
1.91,0.589541742013114,300,13,-150
1.9105,0.483193307663705,300,13,-150
1.911,0.36922462620675,300,13,-150
1.9115,0.249433051830413,300,13,-150
1.912,0.125707769222627,300,13,-150
1.9125,1.91331155296701e-14,300,13,-150
1.913,-0.125707769222589,300,13,-150
1.9135,-0.249433051830377,300,13,-150
1.914,-0.369224626206716,300,13,-150
1.9145,-0.483193307663676,300,13,-150
1.915,-0.589541742013088,300,13,-150
1.9155,-0.686592750915788,300,13,-150
1.916,-0.772815781985917,300,13,-150
1.9165,-0.846851046516357,300,13,-150
1.917,-0.90753096415894,300,13,-150
1.9175,-0.953898576364017,300,13,-150
1.918,-0.985222638188443,300,13,-150
1.9185,-1.00100915046516,300,13,-150
1.919,-1.00100915046516,300,13,-150
1.9195,-0.985222638188447,300,13,-150
1.92,-0.953898576364023,300,13,-150
1.9205,-0.90753096415895,300,13,-150
1.921,-0.84685104651637,300,13,-150
1.9215,-0.772815781985933,300,13,-150
1.922,-0.686592750915808,300,13,-150
1.9225,-0.589541742013111,300,13,-150
1.923,-0.483193307663702,300,13,-150
1.9235,-0.369224626206746,300,13,-150
1.924,-0.249433051830409,300,13,-150
1.9245,-0.125707769222624,300,13,-150
1.925,-1.57156500408464e-14,300,13,-150
1.9255,0.125707769222593,300,13,-150
1.926,0.24943305183038,300,13,-150
1.9265,0.369224626206719,300,13,-150
1.927,0.483193307663678,300,13,-150
1.9275,0.589541742013091,300,13,-150
1.928,0.68659275091579,300,13,-150
1.9285,0.772815781985919,300,13,-150
1.929,0.846851046516359,300,13,-150
1.9295,0.907530964158941,300,13,-150
1.93,0.953898576364017,300,13,-150
1.9305,0.985222638188444,300,13,-150
1.931,1.00100915046516,300,13,-150
1.9315,1.00100915046516,300,13,-150
1.932,0.985222638188447,300,13,-150
1.9325,0.953898576364022,300,13,-150
1.933,0.907530964158947,300,13,-150
1.9335,0.846851046516367,300,13,-150
1.934,0.772815781985929,300,13,-150
1.9345,0.686592750915804,300,13,-150
1.935,0.589541742013107,300,13,-150
1.9355,0.483193307663699,300,13,-150
1.936,0.369224626206744,300,13,-150
1.9365,0.249433051830409,300,13,-150
1.937,0.125707769222625,300,13,-150
1.9375,1.94850938104301e-14,300,13,-150
1.938,-0.125707769222587,300,13,-150
1.9385,-0.249433051830372,300,13,-150
1.939,-0.369224626206711,300,13,-150
1.9395,-0.483193307663669,300,13,-150
1.94,-0.589541742013082,300,13,-150
1.9405,-0.686592750915782,300,13,-150
1.941,-0.772815781985911,300,13,-150
1.9415,-0.846851046516352,300,13,-150
1.942,-0.907530964158936,300,13,-150
1.9425,-0.953898576364013,300,13,-150
1.943,-0.985222638188441,300,13,-150
1.9435,-1.00100915046516,300,13,-150
1.944,-1.00100915046516,300,13,-150
1.9445,-0.985222638188448,300,13,-150
1.945,-0.953898576364026,300,13,-150
1.9455,-0.907530964158955,300,13,-150
1.946,-0.846851046516377,300,13,-150
1.9465,-0.772815781985942,300,13,-150
1.947,-0.686592750915819,300,13,-150
1.9475,-0.589541742013124,300,13,-150
1.948,-0.483193307663716,300,13,-150
1.9485,-0.36922462620676,300,13,-150
1.949,-0.249433051830423,300,13,-150
1.9495,-0.125707769222636,300,13,-150
1.95,-2.67310453986158e-14,300,13,-150
1.9505,0.125707769222583,300,13,-150
1.951,0.249433051830372,300,13,-150
1.9515,0.369224626206713,300,13,-150
1.952,0.483193307663674,300,13,-150
1.9525,0.589541742013086,300,13,-150
1.953,0.686592750915787,300,13,-150
1.9535,0.772815781985915,300,13,-150
1.954,0.846851046516356,300,13,-150
1.9545,0.907530964158938,300,13,-150
1.955,0.953898576364014,300,13,-150
1.9555,0.985222638188441,300,13,-150
1.956,1.00100915046516,300,13,-150
1.9565,1.00100915046516,300,13,-150
1.957,0.985222638188447,300,13,-150
1.9575,0.953898576364024,300,13,-150
1.958,0.907530964158953,300,13,-150
1.9585,0.846851046516375,300,13,-150
1.959,0.77281578198594,300,13,-150
1.9595,0.686592750915817,300,13,-150
1.96,0.589541742013121,300,13,-150
1.9605,0.483193307663713,300,13,-150
1.961,0.369224626206757,300,13,-150
1.9615,0.249433051830419,300,13,-150
1.962,0.125707769222633,300,13,-150
1.9625,2.32795536216473e-14,300,13,-150
1.963,-0.125707769222587,300,13,-150
1.9635,-0.249433051830375,300,13,-150
1.964,-0.369224626206716,300,13,-150
1.9645,-0.483193307663677,300,13,-150
1.965,-0.589541742013089,300,13,-150
1.9655,-0.686592750915789,300,13,-150
1.966,-0.772815781985918,300,13,-150
1.9665,-0.846851046516357,300,13,-150
1.967,-0.90753096415894,300,13,-150
1.9675,-0.953898576364015,300,13,-150
1.968,-0.985222638188442,300,13,-150
1.9685,-1.00100915046516,300,13,-150
1.969,-1.00100915046516,300,13,-150
1.9695,-0.985222638188446,300,13,-150
1.97,-0.953898576364024,300,13,-150
1.9705,-0.907530964158952,300,13,-150
1.971,-0.846851046516374,300,13,-150
1.9715,-0.772815781985938,300,13,-150
1.972,-0.686592750915814,300,13,-150
1.9725,-0.589541742013119,300,13,-150
1.973,-0.48319330766371,300,13,-150
1.9735,-0.369224626206754,300,13,-150
1.974,-0.249433051830416,300,13,-150
1.9745,-0.125707769222629,300,13,-150
1.975,-1.98039635345937e-14,300,13,-150
1.9755,0.12570776922259,300,13,-150
1.976,0.249433051830379,300,13,-150
1.9765,0.36922462620672,300,13,-150
1.977,0.48319330766368,300,13,-150
1.9775,0.589541742013092,300,13,-150
1.978,0.686592750915792,300,13,-150
1.9785,0.77281578198592,300,13,-150
1.979,0.846851046516359,300,13,-150
1.9795,0.907530964158941,300,13,-150
1.98,0.953898576364016,300,13,-150
1.9805,0.985222638188442,300,13,-150
1.981,1.00100915046516,300,13,-150
1.9815,1.00100915046516,300,13,-150
1.982,0.985222638188445,300,13,-150
1.9825,0.953898576364022,300,13,-150
1.983,0.90753096415895,300,13,-150
1.9835,0.846851046516372,300,13,-150
1.984,0.772815781985936,300,13,-150
1.9845,0.686592750915812,300,13,-150
1.985,0.589541742013116,300,13,-150
1.9855,0.483193307663707,300,13,-150
1.986,0.36922462620675,300,13,-150
1.9865,0.249433051830412,300,13,-150
1.987,0.125707769222625,300,13,-150
1.9875,1.6089169152493e-14,300,13,-150
1.988,-0.125707769222593,300,13,-150
1.9885,-0.249433051830381,300,13,-150
1.989,-0.36922462620672,300,13,-150
1.9895,-0.483193307663679,300,13,-150
1.99,-0.58954174201309,300,13,-150
1.9905,-0.686592750915788,300,13,-150
1.991,-0.772815781985916,300,13,-150
1.9915,-0.846851046516355,300,13,-150
1.992,-0.907530964158937,300,13,-150
1.9925,-0.953898576364013,300,13,-150
1.993,-0.985222638188441,300,13,-150
1.9935,-1.00100915046516,300,13,-150
1.994,-1.00100915046516,300,13,-150
1.9945,-0.985222638188446,300,13,-150
1.995,-0.953898576364023,300,13,-150
1.9955,-0.907530964158951,300,13,-150
1.996,-0.846851046516371,300,13,-150
1.9965,-0.772815781985934,300,13,-150
1.997,-0.686592750915807,300,13,-150
1.9975,-0.589541742013111,300,13,-150
1.998,-0.483193307663701,300,13,-150
1.9985,-0.369224626206744,300,13,-150
1.999,-0.249433051830407,300,13,-150
1.9995,-0.125707769222621,300,13,-150
2,-1.47874801250561e-14,300,13,-150
2.0005,0.125707769222592,300,13,-150
2.001,0.249433051830376,300,13,-150
2.0015,0.369224626206713,300,13,-150
2.002,0.48319330766367,300,13,-150
2.0025,0.589541742013081,300,13,-150
2.003,0.686592750915779,300,13,-150
2.0035,0.772815781985907,300,13,-150
2.004,0.846851046516348,300,13,-150
2.0045,0.907530964158932,300,13,-150
2.005,0.95389857636401,300,13,-150
2.0055,0.985222638188438,300,13,-150
2.006,1.00100915046516,300,13,-150
2.0065,1.00100915046516,300,13,-150
2.007,0.985222638188448,300,13,-150
2.0075,0.953898576364026,300,13,-150
2.008,0.907530964158955,300,13,-150
2.0085,0.846851046516377,300,13,-150
2.009,0.772815781985942,300,13,-150
2.0095,0.686592750915817,300,13,-150
2.01,0.589541742013122,300,13,-150
2.0105,0.483193307663713,300,13,-150
2.011,0.369224626206756,300,13,-150
2.0115,0.249433051830419,300,13,-150
2.012,0.125707769222632,300,13,-150
2.0125,2.31450080737809e-14,300,13,-150
2.013,-0.125707769222586,300,13,-150
2.0135,-0.249433051830374,300,13,-150
2.014,-0.369224626206713,300,13,-150
2.0145,-0.483193307663672,300,13,-150
2.015,-0.589541742013084,300,13,-150
2.0155,-0.686592750915783,300,13,-150
2.016,-0.772815781985911,300,13,-150
2.0165,-0.846851046516351,300,13,-150
2.017,-0.907530964158934,300,13,-150
2.0175,-0.953898576364011,300,13,-150
2.018,-0.985222638188438,300,13,-150
2.0185,-1.00100915046516,300,13,-150
2.019,-1.00100915046516,300,13,-150
2.0195,-0.98522263818845,300,13,-150
2.02,-0.953898576364029,300,13,-150
2.0205,-0.907530964158958,300,13,-150
2.021,-0.84685104651638,300,13,-150
2.0215,-0.772815781985945,300,13,-150
2.022,-0.68659275091582,300,13,-150
2.0225,-0.589541742013124,300,13,-150
2.023,-0.483193307663714,300,13,-150
2.0235,-0.369224626206756,300,13,-150
2.024,-0.249433051830417,300,13,-150
2.0245,-0.125707769222629,300,13,-150
2.025,-1.96361288724878e-14,300,13,-150
2.0255,0.12570776922259,300,13,-150
2.026,0.249433051830378,300,13,-150
2.0265,0.369224626206717,300,13,-150
2.027,0.483193307663676,300,13,-150
2.0275,0.589541742013087,300,13,-150
2.028,0.686592750915786,300,13,-150
2.0285,0.772815781985914,300,13,-150
2.029,0.846851046516354,300,13,-150
2.0295,0.907530964158936,300,13,-150
2.03,0.953898576364013,300,13,-150
2.0305,0.98522263818844,300,13,-150
2.031,1.00100915046516,300,13,-150
2.0315,1.00100915046516,300,13,-150
2.032,0.985222638188445,300,13,-150
2.0325,0.953898576364021,300,13,-150
2.033,0.907530964158949,300,13,-150
2.0335,0.846851046516371,300,13,-150
2.034,0.772815781985936,300,13,-150
2.0345,0.686592750915813,300,13,-150
2.035,0.58954174201312,300,13,-150
2.0355,0.483193307663714,300,13,-150
2.036,0.36922462620676,300,13,-150
2.0365,0.249433051830425,300,13,-150
2.037,0.12570776922264,300,13,-150
2.0375,3.20348770917586e-14,300,13,-150
2.038,-0.125707769222578,300,13,-150
2.0385,-0.249433051830367,300,13,-150
2.039,-0.369224626206708,300,13,-150
2.0395,-0.48319330766367,300,13,-150
2.04,-0.589541742013085,300,13,-150
2.0405,-0.686592750915786,300,13,-150
2.041,-0.772815781985916,300,13,-150
2.0415,-0.846851046516356,300,13,-150
2.042,-0.907530964158939,300,13,-150
2.0425,-0.953898576364016,300,13,-150
2.043,-0.985222638188443,300,13,-150
2.0435,-1.00100915046516,300,13,-150
2.044,-1.00100915046516,300,13,-150
2.0445,-0.985222638188448,300,13,-150
2.045,-0.953898576364024,300,13,-150
2.0455,-0.907530964158951,300,13,-150
2.046,-0.846851046516371,300,13,-150
2.0465,-0.772815781985934,300,13,-150
2.047,-0.686592750915807,300,13,-150
2.0475,-0.58954174201311,300,13,-150
2.048,-0.483193307663699,300,13,-150
2.0485,-0.369224626206742,300,13,-150
2.049,-0.249433051830405,300,13,-150
2.0495,-0.12570776922262,300,13,-150
2.05,-1.30407876849937e-14,300,13,-150
2.0505,0.125707769222594,300,13,-150
2.051,0.24943305183038,300,13,-150
2.0515,0.369224626206718,300,13,-150
2.052,0.483193307663676,300,13,-150
2.0525,0.589541742013088,300,13,-150
2.053,0.686592750915788,300,13,-150
2.0535,0.772815781985917,300,13,-150
2.054,0.846851046516358,300,13,-150
2.0545,0.907530964158942,300,13,-150
2.055,0.95389857636402,300,13,-150
2.0555,0.985222638188446,300,13,-150
2.056,1.00100915046517,300,13,-150
2.0565,1.00100915046517,300,13,-150
2.057,0.985222638188449,300,13,-150
2.0575,0.953898576364023,300,13,-150
2.058,0.907530964158949,300,13,-150
2.0585,0.846851046516368,300,13,-150
2.059,0.77281578198593,300,13,-150
2.0595,0.686592750915805,300,13,-150
2.06,0.589541742013109,300,13,-150
2.0605,0.483193307663702,300,13,-150
2.061,0.369224626206747,300,13,-150
2.0615,0.249433051830413,300,13,-150
2.062,0.12570776922263,300,13,-150
2.0625,2.52098883316049e-14,300,13,-150
2.063,-0.125707769222581,300,13,-150
2.0635,-0.249433051830366,300,13,-150
2.064,-0.369224626206705,300,13,-150
2.0645,-0.483193307663664,300,13,-150
2.065,-0.589541742013078,300,13,-150
2.0655,-0.686592750915779,300,13,-150
2.066,-0.77281578198591,300,13,-150
2.0665,-0.84685104651635,300,13,-150
2.067,-0.907530964158935,300,13,-150
2.0675,-0.953898576364012,300,13,-150
2.068,-0.98522263818844,300,13,-150
2.0685,-1.00100915046516,300,13,-150
2.069,-1.00100915046516,300,13,-150
2.0695,-0.985222638188448,300,13,-150
2.07,-0.953898576364026,300,13,-150
2.0705,-0.907530964158956,300,13,-150
2.071,-0.84685104651638,300,13,-150
2.0715,-0.772815781985946,300,13,-150
2.072,-0.686592750915823,300,13,-150
2.0725,-0.589541742013129,300,13,-150
2.073,-0.483193307663721,300,13,-150
2.0735,-0.369224626206765,300,13,-150
2.074,-0.249433051830428,300,13,-150
2.0745,-0.125707769222641,300,13,-150
2.075,-3.11292198604611e-14,300,13,-150
2.0755,0.125707769222579,300,13,-150
2.076,0.249433051830368,300,13,-150
2.0765,0.36922462620671,300,13,-150
2.077,0.48319330766367,300,13,-150
2.0775,0.589541742013084,300,13,-150
2.078,0.686592750915785,300,13,-150
2.0785,0.772815781985915,300,13,-150
2.079,0.846851046516356,300,13,-150
2.0795,0.907530964158941,300,13,-150
2.08,0.953898576364017,300,13,-150
2.0805,0.985222638188445,300,13,-150
2.081,1.00100915046516,300,13,-150
2.0815,1.00100915046516,300,13,-150
2.082,0.985222638188449,300,13,-150
2.0825,0.953898576364025,300,13,-150
2.083,0.907530964158952,300,13,-150
2.0835,0.846851046516373,300,13,-150
2.084,0.772815781985937,300,13,-150
2.0845,0.686592750915813,300,13,-150
2.085,0.589541742013117,300,13,-150
2.0855,0.48319330766371,300,13,-150
2.086,0.369224626206755,300,13,-150
2.0865,0.249433051830419,300,13,-150
2.087,0.125707769222633,300,13,-150
2.0875,2.54505234307357e-14,300,13,-150
2.088,-0.125707769222583,300,13,-150
2.0885,-0.249433051830371,300,13,-150
2.089,-0.369224626206712,300,13,-150
2.0895,-0.483193307663673,300,13,-150
2.09,-0.589541742013086,300,13,-150
2.0905,-0.686592750915786,300,13,-150
2.091,-0.772815781985915,300,13,-150
2.0915,-0.846851046516355,300,13,-150
2.092,-0.907530964158938,300,13,-150
2.0925,-0.953898576364014,300,13,-150
2.093,-0.98522263818844,300,13,-150
2.0935,-1.00100915046516,300,13,-150
2.094,-1.00100915046516,300,13,-150
2.0945,-0.985222638188446,300,13,-150
2.095,-0.953898576364024,300,13,-150
2.0955,-0.907530964158953,300,13,-150
2.096,-0.846851046516376,300,13,-150
2.0965,-0.772815781985942,300,13,-150
2.097,-0.686592750915818,300,13,-150
2.0975,-0.589541742013123,300,13,-150
2.098,-0.483193307663715,300,13,-150
2.0985,-0.369224626206759,300,13,-150
2.099,-0.249433051830421,300,13,-150
2.0995,-0.125707769222634,300,13,-150
2.1,-2.43062639793808e-14,300,13,-150
2.1005,0.125707769222586,300,13,-150
2.101,0.249433051830375,300,13,-150
2.1015,0.369224626206716,300,13,-150
2.102,0.483193307663676,300,13,-150
2.1025,0.58954174201309,300,13,-150
2.103,0.68659275091579,300,13,-150
2.1035,0.77281578198592,300,13,-150
2.104,0.84685104651636,300,13,-150
2.1045,0.907530964158943,300,13,-150
2.105,0.953898576364019,300,13,-150
2.1055,0.985222638188446,300,13,-150
2.106,1.00100915046516,300,13,-150
2.1065,1.00100915046516,300,13,-150
2.107,0.985222638188448,300,13,-150
2.1075,0.953898576364023,300,13,-150
2.108,0.907530964158949,300,13,-150
2.1085,0.846851046516369,300,13,-150
2.109,0.772815781985933,300,13,-150
2.1095,0.686592750915807,300,13,-150
2.11,0.589541742013112,300,13,-150
2.1105,0.483193307663704,300,13,-150
2.111,0.369224626206749,300,13,-150
2.1115,0.249433051830412,300,13,-150
2.112,0.125707769222627,300,13,-150
2.1125,1.86436272943353e-14,300,13,-150
2.113,-0.12570776922259,300,13,-150
2.1135,-0.249433051830378,300,13,-150
2.114,-0.369224626206719,300,13,-150
2.1145,-0.483193307663679,300,13,-150
2.115,-0.589541742013092,300,13,-150
2.1155,-0.686592750915791,300,13,-150
2.116,-0.77281578198592,300,13,-150
2.1165,-0.846851046516359,300,13,-150
2.117,-0.907530964158941,300,13,-150
2.1175,-0.953898576364016,300,13,-150
2.118,-0.985222638188442,300,13,-150
2.1185,-1.00100915046516,300,13,-150
2.119,-1.00100915046516,300,13,-150
2.1195,-0.985222638188446,300,13,-150
2.12,-0.953898576364023,300,13,-150
2.1205,-0.907530964158951,300,13,-150
2.121,-0.846851046516372,300,13,-150
2.1215,-0.772815781985936,300,13,-150
2.122,-0.686592750915811,300,13,-150
2.1225,-0.589541742013115,300,13,-150
2.123,-0.483193307663707,300,13,-150
2.1235,-0.369224626206751,300,13,-150
2.124,-0.249433051830414,300,13,-150
2.1245,-0.12570776922263,300,13,-150
2.125,-2.33108541178286e-14,300,13,-150
2.1255,0.125707769222583,300,13,-150
2.126,0.249433051830369,300,13,-150
2.1265,0.369224626206706,300,13,-150
2.127,0.483193307663664,300,13,-150
2.1275,0.589541742013075,300,13,-150
2.128,0.686592750915774,300,13,-150
2.1285,0.772815781985904,300,13,-150
2.129,0.846851046516346,300,13,-150
2.1295,0.907530964158931,300,13,-150
2.13,0.95389857636401,300,13,-150
2.1305,0.985222638188439,300,13,-150
2.131,1.00100915046516,300,13,-150
2.1315,1.00100915046516,300,13,-150
2.132,0.985222638188449,300,13,-150
2.1325,0.953898576364026,300,13,-150
2.133,0.907530964158953,300,13,-150
2.1335,0.846851046516375,300,13,-150
2.134,0.772815781985938,300,13,-150
2.1345,0.686592750915814,300,13,-150
2.135,0.589541742013118,300,13,-150
2.1355,0.48319330766371,300,13,-150
2.136,0.369224626206755,300,13,-150
2.1365,0.249433051830419,300,13,-150
2.137,0.125707769222633,300,13,-150
2.1375,2.54875371333954e-14,300,13,-150
2.138,-0.125707769222583,300,13,-150
2.1385,-0.249433051830371,300,13,-150
2.139,-0.369224626206712,300,13,-150
2.1395,-0.483193307663672,300,13,-150
2.14,-0.589541742013086,300,13,-150
2.1405,-0.686592750915786,300,13,-150
2.141,-0.772815781985915,300,13,-150
2.1415,-0.846851046516355,300,13,-150
2.142,-0.907530964158937,300,13,-150
2.1425,-0.953898576364013,300,13,-150
2.143,-0.98522263818844,300,13,-150
2.1435,-1.00100915046516,300,13,-150
2.144,-1.00100915046516,300,13,-150
2.1445,-0.985222638188446,300,13,-150
2.145,-0.953898576364025,300,13,-150
2.1455,-0.907530964158954,300,13,-150
2.146,-0.846851046516377,300,13,-150
2.1465,-0.772815781985942,300,13,-150
2.147,-0.686592750915819,300,13,-150
2.1475,-0.589541742013124,300,13,-150
2.148,-0.483193307663715,300,13,-150
2.1485,-0.369224626206758,300,13,-150
2.149,-0.24943305183042,300,13,-150
2.1495,-0.125707769222633,300,13,-150
2.15,-2.35090969120153e-14,300,13,-150
2.1505,0.125707769222586,300,13,-150
2.151,0.249433051830374,300,13,-150
2.1515,0.369224626206713,300,13,-150
2.152,0.483193307663672,300,13,-150
2.1525,0.589541742013083,300,13,-150
2.153,0.686592750915782,300,13,-150
2.1535,0.77281578198591,300,13,-150
2.154,0.846851046516351,300,13,-150
2.1545,0.907530964158934,300,13,-150
2.155,0.953898576364011,300,13,-150
2.1555,0.985222638188439,300,13,-150
2.156,1.00100915046516,300,13,-150
2.1565,1.00100915046516,300,13,-150
2.157,0.985222638188447,300,13,-150
2.1575,0.953898576364023,300,13,-150
2.158,0.907530964158951,300,13,-150
2.1585,0.846851046516371,300,13,-150
2.159,0.772815781985934,300,13,-150
2.1595,0.686592750915809,300,13,-150
2.16,0.589541742013113,300,13,-150
2.1605,0.483193307663705,300,13,-150
2.161,0.369224626206749,300,13,-150
2.1615,0.249433051830412,300,13,-150
2.162,0.125707769222627,300,13,-150
2.1625,1.86938818160265e-14,300,13,-150
2.163,-0.12570776922259,300,13,-150
2.1635,-0.249433051830378,300,13,-150
2.164,-0.369224626206718,300,13,-150
2.1645,-0.483193307663678,300,13,-150
2.165,-0.589541742013091,300,13,-150
2.1655,-0.686592750915791,300,13,-150
2.166,-0.77281578198592,300,13,-150
2.1665,-0.846851046516358,300,13,-150
2.167,-0.90753096415894,300,13,-150
2.1675,-0.953898576364016,300,13,-150
2.168,-0.985222638188441,300,13,-150
2.1685,-1.00100915046516,300,13,-150
2.169,-1.00100915046516,300,13,-150
2.1695,-0.985222638188445,300,13,-150
2.17,-0.953898576364022,300,13,-150
2.1705,-0.907530964158951,300,13,-150
2.171,-0.846851046516373,300,13,-150
2.1715,-0.772815781985938,300,13,-150
2.172,-0.686592750915814,300,13,-150
2.1725,-0.589541742013118,300,13,-150
2.173,-0.483193307663709,300,13,-150
2.1735,-0.369224626206752,300,13,-150
2.174,-0.249433051830414,300,13,-150
2.1745,-0.125707769222626,300,13,-150
2.175,-1.65885086253026e-14,300,13,-150
2.1755,0.125707769222593,300,13,-150
2.176,0.249433051830381,300,13,-150
2.1765,0.36922462620672,300,13,-150
2.177,0.483193307663679,300,13,-150
2.1775,0.589541742013089,300,13,-150
2.178,0.686592750915787,300,13,-150
2.1785,0.772815781985914,300,13,-150
2.179,0.846851046516353,300,13,-150
2.1795,0.907530964158935,300,13,-150
2.18,0.953898576364011,300,13,-150
2.1805,0.985222638188439,300,13,-150
2.181,1.00100915046516,300,13,-150
2.1815,1.00100915046516,300,13,-150
2.182,0.98522263818845,300,13,-150
2.1825,0.953898576364028,300,13,-150
2.183,0.907530964158956,300,13,-150
2.1835,0.846851046516377,300,13,-150
2.184,0.77281578198594,300,13,-150
2.1845,0.686592750915814,300,13,-150
2.185,0.589541742013117,300,13,-150
2.1855,0.483193307663707,300,13,-150
2.186,0.36922462620675,300,13,-150
2.1865,0.249433051830413,300,13,-150
2.187,0.125707769222627,300,13,-150
2.1875,2.0000056983808e-14,300,13,-150
2.188,-0.125707769222588,300,13,-150
2.1885,-0.249433051830374,300,13,-150
2.189,-0.369224626206713,300,13,-150
2.1895,-0.483193307663672,300,13,-150
2.19,-0.589541742013084,300,13,-150
2.1905,-0.686592750915784,300,13,-150
2.191,-0.772815781985913,300,13,-150
2.1915,-0.846851046516353,300,13,-150
2.192,-0.907530964158936,300,13,-150
2.1925,-0.953898576364013,300,13,-150
2.193,-0.985222638188441,300,13,-150
2.1935,-1.00100915046516,300,13,-150
2.194,-1.00100915046516,300,13,-150
2.1945,-0.985222638188446,300,13,-150
2.195,-0.953898576364025,300,13,-150
2.1955,-0.907530964158954,300,13,-150
2.196,-0.846851046516377,300,13,-150
2.1965,-0.772815781985943,300,13,-150
2.197,-0.686592750915819,300,13,-150
2.1975,-0.589541742013124,300,13,-150
2.198,-0.483193307663716,300,13,-150
2.1985,-0.369224626206759,300,13,-150
2.199,-0.249433051830421,300,13,-150
2.1995,-0.125707769222633,300,13,-150
2.2,-2.38331436948575e-14,300,13,-150
2.2005,0.125707769222586,300,13,-150
2.201,0.249433051830374,300,13,-150
2.2015,0.369224626206713,300,13,-150
2.202,0.483193307663672,300,13,-150
2.2025,0.589541742013083,300,13,-150
2.203,0.686592750915782,300,13,-150
2.2035,0.772815781985909,300,13,-150
2.204,0.846851046516349,300,13,-150
2.2045,0.907530964158932,300,13,-150
2.205,0.953898576364009,300,13,-150
2.2055,0.985222638188437,300,13,-150
2.206,1.00100915046516,300,13,-150
2.2065,1.00100915046516,300,13,-150
2.207,0.985222638188451,300,13,-150
2.2075,0.95389857636403,300,13,-150
2.208,0.90753096415896,300,13,-150
2.2085,0.846851046516382,300,13,-150
2.209,0.772815781985946,300,13,-150
2.2095,0.68659275091582,300,13,-150
2.21,0.589541742013123,300,13,-150
2.2105,0.483193307663713,300,13,-150
2.211,0.369224626206756,300,13,-150
2.2115,0.249433051830418,300,13,-150
2.212,0.125707769222632,300,13,-150
2.2125,2.39100347029003e-14,300,13,-150
2.213,-0.125707769222584,300,13,-150
2.2135,-0.24943305183037,300,13,-150
2.214,-0.369224626206708,300,13,-150
2.2145,-0.483193307663666,300,13,-150
2.215,-0.589541742013078,300,13,-150
2.2155,-0.686592750915778,300,13,-150
2.216,-0.772815781985908,300,13,-150
2.2165,-0.846851046516348,300,13,-150
2.217,-0.907530964158933,300,13,-150
2.2175,-0.953898576364011,300,13,-150
2.218,-0.985222638188439,300,13,-150
2.2185,-1.00100915046516,300,13,-150
2.219,-1.00100915046516,300,13,-150
2.2195,-0.985222638188447,300,13,-150
2.22,-0.953898576364025,300,13,-150
2.2205,-0.907530964158953,300,13,-150
2.221,-0.846851046516374,300,13,-150
2.2215,-0.772815781985938,300,13,-150
2.222,-0.686592750915814,300,13,-150
2.2225,-0.589541742013118,300,13,-150
2.223,-0.483193307663709,300,13,-150
2.2235,-0.369224626206752,300,13,-150
2.224,-0.249433051830413,300,13,-150
2.2245,-0.125707769222626,300,13,-150
2.225,-1.70902343765998e-14,300,13,-150
2.2255,0.125707769222593,300,13,-150
2.226,0.24943305183038,300,13,-150
2.2265,0.36922462620672,300,13,-150
2.227,0.483193307663678,300,13,-150
2.2275,0.589541742013089,300,13,-150
2.228,0.686592750915787,300,13,-150
2.2285,0.772815781985914,300,13,-150
2.229,0.846851046516352,300,13,-150
2.2295,0.907530964158934,300,13,-150
2.23,0.953898576364011,300,13,-150
2.2305,0.985222638188439,300,13,-150
2.231,1.00100915046516,300,13,-150
2.2315,1.00100915046516,300,13,-150
2.232,0.98522263818845,300,13,-150
2.2325,0.953898576364028,300,13,-150
2.233,0.907530964158957,300,13,-150
2.2335,0.846851046516378,300,13,-150
2.234,0.772815781985941,300,13,-150
2.2345,0.686592750915815,300,13,-150
2.235,0.589541742013118,300,13,-150
2.2355,0.483193307663707,300,13,-150
2.236,0.369224626206749,300,13,-150
2.2365,0.249433051830411,300,13,-150
2.237,0.125707769222625,300,13,-150
2.2375,1.70731061663221e-14,300,13,-150
2.238,-0.125707769222591,300,13,-150
2.2385,-0.249433051830376,300,13,-150
2.239,-0.369224626206714,300,13,-150
2.2395,-0.483193307663672,300,13,-150
2.24,-0.589541742013083,300,13,-150
2.2405,-0.686592750915782,300,13,-150
2.241,-0.772815781985911,300,13,-150
2.2415,-0.846851046516352,300,13,-150
2.242,-0.907530964158936,300,13,-150
2.2425,-0.953898576364013,300,13,-150
2.243,-0.985222638188441,300,13,-150
2.2435,-1.00100915046516,300,13,-150
2.244,-1.00100915046516,300,13,-150
2.2445,-0.985222638188447,300,13,-150
2.245,-0.953898576364023,300,13,-150
2.2455,-0.90753096415895,300,13,-150
2.246,-0.84685104651637,300,13,-150
2.2465,-0.772815781985932,300,13,-150
2.247,-0.686592750915807,300,13,-150
2.2475,-0.58954174201311,300,13,-150
2.248,-0.483193307663701,300,13,-150
2.2485,-0.369224626206745,300,13,-150
2.249,-0.249433051830409,300,13,-150
2.2495,-0.125707769222624,300,13,-150
2.25,-1.73175064100138e-14,300,13,-150
2.2505,0.125707769222589,300,13,-150
2.251,0.249433051830375,300,13,-150
2.2515,0.369224626206712,300,13,-150
2.252,0.483193307663669,300,13,-150
2.2525,0.58954174201308,300,13,-150
2.253,0.686592750915779,300,13,-150
2.2535,0.772815781985907,300,13,-150
2.254,0.846851046516348,300,13,-150
2.2545,0.907530964158931,300,13,-150
2.255,0.953898576364009,300,13,-150
2.2555,0.985222638188438,300,13,-150
2.256,1.00100915046516,300,13,-150
2.2565,1.00100915046516,300,13,-150
2.257,0.985222638188451,300,13,-150
2.2575,0.95389857636403,300,13,-150
2.258,0.90753096415896,300,13,-150
2.2585,0.846851046516382,300,13,-150
2.259,0.772815781985946,300,13,-150
2.2595,0.686592750915821,300,13,-150
2.26,0.589541742013124,300,13,-150
2.2605,0.483193307663714,300,13,-150
2.261,0.369224626206756,300,13,-150
2.2615,0.249433051830418,300,13,-150
2.262,0.125707769222632,300,13,-150
2.2625,2.39755263726591e-14,300,13,-150
2.263,-0.125707769222584,300,13,-150
2.2635,-0.249433051830369,300,13,-150
2.264,-0.369224626206707,300,13,-150
2.2645,-0.483193307663665,300,13,-150
2.265,-0.589541742013077,300,13,-150
2.2655,-0.686592750915776,300,13,-150
2.266,-0.772815781985906,300,13,-150
2.2665,-0.846851046516347,300,13,-150
2.267,-0.907530964158932,300,13,-150
2.2675,-0.953898576364012,300,13,-150
2.268,-0.985222638188441,300,13,-150
2.2685,-1.00100915046516,300,13,-150
2.269,-1.00100915046517,300,13,-150
2.2695,-0.985222638188454,300,13,-150
2.27,-0.953898576364032,300,13,-150
2.2705,-0.907530964158961,300,13,-150
2.271,-0.846851046516382,300,13,-150
2.2715,-0.772815781985945,300,13,-150
2.272,-0.686592750915819,300,13,-150
2.2725,-0.589541742013122,300,13,-150
2.273,-0.483193307663711,300,13,-150
2.2735,-0.369224626206753,300,13,-150
2.274,-0.249433051830414,300,13,-150
2.2745,-0.125707769222626,300,13,-150
2.275,-1.63470334723697e-14,300,13,-150
2.2755,0.125707769222593,300,13,-150
2.276,0.24943305183038,300,13,-150
2.2765,0.36922462620672,300,13,-150
2.277,0.483193307663677,300,13,-150
2.2775,0.589541742013088,300,13,-150
2.278,0.686592750915786,300,13,-150
2.2785,0.772815781985913,300,13,-150
2.279,0.846851046516352,300,13,-150
2.2795,0.907530964158934,300,13,-150
2.28,0.953898576364011,300,13,-150
2.2805,0.985222638188439,300,13,-150
2.281,1.00100915046516,300,13,-150
2.2815,1.00100915046516,300,13,-150
2.282,0.98522263818845,300,13,-150
2.2825,0.953898576364028,300,13,-150
2.283,0.907530964158957,300,13,-150
2.2835,0.846851046516378,300,13,-150
2.284,0.772815781985942,300,13,-150
2.2845,0.686592750915816,300,13,-150
2.285,0.589541742013118,300,13,-150
2.2855,0.483193307663708,300,13,-150
2.286,0.36922462620675,300,13,-150
2.2865,0.249433051830411,300,13,-150
2.287,0.125707769222625,300,13,-150
2.2875,1.71828155003106e-14,300,13,-150
2.288,-0.12570776922259,300,13,-150
2.2885,-0.249433051830376,300,13,-150
2.289,-0.369224626206714,300,13,-150
2.2895,-0.483193307663671,300,13,-150
2.29,-0.589541742013082,300,13,-150
2.2905,-0.686592750915781,300,13,-150
2.291,-0.77281578198591,300,13,-150
2.2915,-0.846851046516351,300,13,-150
2.292,-0.907530964158936,300,13,-150
2.2925,-0.953898576364014,300,13,-150
2.293,-0.985222638188443,300,13,-150
2.2935,-1.00100915046516,300,13,-150
2.294,-1.00100915046517,300,13,-150
2.2945,-0.985222638188452,300,13,-150
2.295,-0.953898576364029,300,13,-150
2.2955,-0.907530964158956,300,13,-150
2.296,-0.846851046516376,300,13,-150
2.2965,-0.772815781985938,300,13,-150
2.297,-0.686592750915812,300,13,-150
2.2975,-0.589541742013115,300,13,-150
2.298,-0.483193307663707,300,13,-150
2.2985,-0.369224626206751,300,13,-150
2.299,-0.249433051830415,300,13,-150
2.2995,-0.125707769222631,300,13,-150
2.3,-2.36904122547837e-14,300,13,-150
2.3005,0.125707769222584,300,13,-150
2.301,0.24943305183037,300,13,-150
2.3015,0.36922462620671,300,13,-150
2.302,0.483193307663669,300,13,-150
2.3025,0.589541742013082,300,13,-150
2.303,0.686592750915783,300,13,-150
2.3035,0.772815781985913,300,13,-150
2.304,0.846851046516354,300,13,-150
2.3045,0.907530964158938,300,13,-150
2.305,0.953898576364016,300,13,-150
2.3055,0.985222638188444,300,13,-150
2.306,1.00100915046516,300,13,-150
2.3065,1.00100915046517,300,13,-150
2.307,0.985222638188451,300,13,-150
2.3075,0.953898576364028,300,13,-150
2.308,0.907530964158954,300,13,-150
2.3085,0.846851046516374,300,13,-150
2.309,0.772815781985935,300,13,-150
2.3095,0.686592750915808,300,13,-150
2.31,0.58954174201311,300,13,-150
2.3105,0.483193307663699,300,13,-150
2.311,0.369224626206743,300,13,-150
2.3115,0.249433051830406,300,13,-150
2.312,0.125707769222622,300,13,-150
2.3125,1.75130096568284e-14,300,13,-150
2.313,-0.125707769222587,300,13,-150
2.3135,-0.24943305183037,300,13,-150
2.314,-0.369224626206706,300,13,-150
2.3145,-0.483193307663663,300,13,-150
2.315,-0.589541742013073,300,13,-150
2.3155,-0.686592750915773,300,13,-150
2.316,-0.772815781985904,300,13,-150
2.3165,-0.846851046516346,300,13,-150
2.317,-0.907530964158932,300,13,-150
2.3175,-0.953898576364013,300,13,-150
2.318,-0.985222638188443,300,13,-150
2.3185,-1.00100915046516,300,13,-150
2.319,-1.00100915046517,300,13,-150
2.3195,-0.985222638188454,300,13,-150
2.32,-0.953898576364031,300,13,-150
2.3205,-0.907530964158959,300,13,-150
2.321,-0.846851046516379,300,13,-150
2.3215,-0.772815781985942,300,13,-150
2.322,-0.686592750915817,300,13,-150
2.3225,-0.589541742013122,300,13,-150
2.323,-0.483193307663713,300,13,-150
2.3235,-0.369224626206758,300,13,-150
2.324,-0.249433051830422,300,13,-150
2.3245,-0.125707769222638,300,13,-150
2.325,-3.09940603650149e-14,300,13,-150
2.3255,0.125707769222577,300,13,-150
2.326,0.249433051830363,300,13,-150
2.3265,0.369224626206703,300,13,-150
2.327,0.483193307663663,300,13,-150
2.3275,0.589541742013076,300,13,-150
2.328,0.686592750915777,300,13,-150
2.3285,0.772815781985909,300,13,-150
2.329,0.84685104651635,300,13,-150
2.3295,0.907530964158935,300,13,-150
2.33,0.953898576364014,300,13,-150
2.3305,0.985222638188442,300,13,-150
2.331,1.00100915046516,300,13,-150
2.3315,1.00100915046517,300,13,-150
2.332,0.985222638188452,300,13,-150
2.3325,0.95389857636403,300,13,-150
2.333,0.907530964158958,300,13,-150
2.3335,0.846851046516378,300,13,-150
2.334,0.772815781985942,300,13,-150
2.3345,0.686592750915816,300,13,-150
2.335,0.589541742013118,300,13,-150
2.3355,0.483193307663708,300,13,-150
2.336,0.36922462620675,300,13,-150
2.3365,0.249433051830412,300,13,-150
2.337,0.125707769222626,300,13,-150
2.3375,1.77207310049359e-14,300,13,-150
2.338,-0.12570776922259,300,13,-150
2.3385,-0.249433051830375,300,13,-150
2.339,-0.369224626206713,300,13,-150
2.3395,-0.483193307663671,300,13,-150
2.34,-0.589541742013081,300,13,-150
2.3405,-0.686592750915781,300,13,-150
2.341,-0.77281578198591,300,13,-150
2.3415,-0.846851046516351,300,13,-150
2.342,-0.907530964158935,300,13,-150
2.3425,-0.953898576364014,300,13,-150
2.343,-0.985222638188443,300,13,-150
2.3435,-1.00100915046516,300,13,-150
2.344,-1.00100915046517,300,13,-150
2.3445,-0.985222638188452,300,13,-150
2.345,-0.953898576364029,300,13,-150
2.3455,-0.907530964158956,300,13,-150
2.346,-0.846851046516376,300,13,-150
2.3465,-0.772815781985938,300,13,-150
2.347,-0.686592750915812,300,13,-150
2.3475,-0.589541742013116,300,13,-150
2.348,-0.483193307663707,300,13,-150
2.3485,-0.369224626206752,300,13,-150
2.349,-0.249433051830415,300,13,-150
2.3495,-0.125707769222631,300,13,-150
2.35,-2.427915878295e-14,300,13,-150
2.3505,0.125707769222583,300,13,-150
2.351,0.249433051830369,300,13,-150
2.3515,0.369224626206709,300,13,-150
2.352,0.483193307663669,300,13,-150
2.3525,0.589541742013082,300,13,-150
2.353,0.686592750915783,300,13,-150
2.3535,0.772815781985914,300,13,-150
2.354,0.846851046516355,300,13,-150
2.3545,0.907530964158939,300,13,-150
2.355,0.953898576364016,300,13,-150
2.3555,0.985222638188444,300,13,-150
2.356,1.00100915046516,300,13,-150
2.3565,1.00100915046516,300,13,-150
2.357,0.985222638188448,300,13,-150
2.3575,0.953898576364024,300,13,-150
2.358,0.907530964158952,300,13,-150
2.3585,0.846851046516374,300,13,-150
2.359,0.772815781985939,300,13,-150
2.3595,0.686592750915815,300,13,-150
2.36,0.589541742013121,300,13,-150
2.3605,0.483193307663713,300,13,-150
2.361,0.369224626206758,300,13,-150
2.3615,0.249433051830422,300,13,-150
2.362,0.125707769222636,300,13,-150
2.3625,2.74086698802955e-14,300,13,-150
2.363,-0.125707769222582,300,13,-150
2.3635,-0.24943305183037,300,13,-150
2.364,-0.369224626206712,300,13,-150
2.3645,-0.483193307663672,300,13,-150
2.365,-0.589541742013085,300,13,-150
2.3655,-0.686592750915787,300,13,-150
2.366,-0.772815781985916,300,13,-150
2.3665,-0.846851046516357,300,13,-150
2.367,-0.907530964158941,300,13,-150
2.3675,-0.953898576364018,300,13,-150
2.368,-0.985222638188446,300,13,-150
2.3685,-1.00100915046517,300,13,-150
2.369,-1.00100915046517,300,13,-150
2.3695,-0.985222638188451,300,13,-150
2.37,-0.953898576364027,300,13,-150
2.3705,-0.907530964158952,300,13,-150
2.371,-0.846851046516371,300,13,-150
2.3715,-0.772815781985932,300,13,-150
2.372,-0.686592750915805,300,13,-150
2.3725,-0.589541742013108,300,13,-150
2.373,-0.4831933076637,300,13,-150
2.3735,-0.369224626206745,300,13,-150
2.374,-0.24943305183041,300,13,-150
2.3745,-0.125707769222628,300,13,-150
2.375,-2.45281501799564e-14,300,13,-150
2.3755,0.12570776922258,300,13,-150
2.376,0.249433051830364,300,13,-150
2.3765,0.369224626206702,300,13,-150
2.377,0.48319330766366,300,13,-150
2.3775,0.589541742013074,300,13,-150
2.378,0.686592750915775,300,13,-150
2.3785,0.772815781985907,300,13,-150
2.379,0.84685104651635,300,13,-150
2.3795,0.907530964158936,300,13,-150
2.38,0.953898576364015,300,13,-150
2.3805,0.985222638188443,300,13,-150
2.381,1.00100915046516,300,13,-150
2.3815,1.00100915046516,300,13,-150
2.382,0.98522263818845,300,13,-150
2.3825,0.953898576364027,300,13,-150
2.383,0.907530964158955,300,13,-150
2.3835,0.846851046516378,300,13,-150
2.384,0.772815781985943,300,13,-150
2.3845,0.68659275091582,300,13,-150
2.385,0.589541742013127,300,13,-150
2.3855,0.48319330766372,300,13,-150
2.386,0.369224626206765,300,13,-150
2.3865,0.249433051830429,300,13,-150
2.387,0.125707769222643,300,13,-150
2.3875,3.46974048732162e-14,300,13,-150
2.388,-0.125707769222575,300,13,-150
2.3885,-0.249433051830363,300,13,-150
2.389,-0.369224626206705,300,13,-150
2.3895,-0.483193307663666,300,13,-150
2.39,-0.58954174201308,300,13,-150
2.3905,-0.686592750915781,300,13,-150
2.391,-0.772815781985912,300,13,-150
2.3915,-0.846851046516353,300,13,-150
2.392,-0.907530964158938,300,13,-150
2.3925,-0.953898576364016,300,13,-150
2.393,-0.985222638188444,300,13,-150
2.3935,-1.00100915046516,300,13,-150
2.394,-1.00100915046517,300,13,-150
2.3945,-0.985222638188452,300,13,-150
2.395,-0.953898576364028,300,13,-150
2.3955,-0.907530964158956,300,13,-150
2.396,-0.846851046516376,300,13,-150
2.3965,-0.772815781985938,300,13,-150
2.397,-0.686592750915813,300,13,-150
2.3975,-0.589541742013116,300,13,-150
2.398,-0.483193307663708,300,13,-150
2.3985,-0.369224626206752,300,13,-150
2.399,-0.249433051830416,300,13,-150
2.3995,-0.125707769222632,300,13,-150
2.4,-2.4771745067446e-14,300,13,-150
2.4005,0.125707769222583,300,13,-150
2.401,0.249433051830369,300,13,-150
2.4015,0.369224626206709,300,13,-150
2.402,0.483193307663668,300,13,-150
2.4025,0.589541742013082,300,13,-150
2.403,0.686592750915783,300,13,-150
2.4035,0.772815781985913,300,13,-150
2.404,0.846851046516355,300,13,-150
2.4045,0.907530964158939,300,13,-150
2.405,0.953898576364016,300,13,-150
2.4055,0.985222638188443,300,13,-150
2.406,1.00100915046516,300,13,-150
2.4065,1.00100915046516,300,13,-150
2.407,0.985222638188448,300,13,-150
2.4075,0.953898576364025,300,13,-150
2.408,0.907530964158953,300,13,-150
2.4085,0.846851046516374,300,13,-150
2.409,0.772815781985939,300,13,-150
2.4095,0.686592750915816,300,13,-150
2.41,0.589541742013121,300,13,-150
2.4105,0.483193307663714,300,13,-150
2.411,0.369224626206759,300,13,-150
2.4115,0.249433051830422,300,13,-150
2.412,0.125707769222636,300,13,-150
2.4125,2.70801218229916e-14,300,13,-150
2.413,-0.125707769222582,300,13,-150
2.4135,-0.249433051830371,300,13,-150
2.414,-0.369224626206711,300,13,-150
2.4145,-0.483193307663671,300,13,-150
2.415,-0.589541742013084,300,13,-150
2.4155,-0.686592750915784,300,13,-150
2.416,-0.772815781985912,300,13,-150
2.4165,-0.846851046516353,300,13,-150
2.417,-0.907530964158936,300,13,-150
2.4175,-0.953898576364013,300,13,-150
2.418,-0.98522263818844,300,13,-150
2.4185,-1.00100915046516,300,13,-150
2.419,-1.00100915046516,300,13,-150
2.4195,-0.985222638188448,300,13,-150
2.42,-0.953898576364025,300,13,-150
2.4205,-0.907530964158952,300,13,-150
2.421,-0.846851046516372,300,13,-150
2.4215,-0.772815781985935,300,13,-150
2.422,-0.686592750915809,300,13,-150
2.4225,-0.589541742013112,300,13,-150
2.423,-0.483193307663702,300,13,-150
2.4235,-0.369224626206746,300,13,-150
2.424,-0.249433051830409,300,13,-150
2.4245,-0.125707769222625,300,13,-150
2.425,-1.76848401674741e-14,300,13,-150
2.4255,0.12570776922259,300,13,-150
2.426,0.249433051830376,300,13,-150
2.4265,0.369224626206715,300,13,-150
2.427,0.483193307663674,300,13,-150
2.4275,0.589541742013087,300,13,-150
2.428,0.686592750915788,300,13,-150
2.4285,0.772815781985917,300,13,-150
2.429,0.846851046516358,300,13,-150
2.4295,0.907530964158942,300,13,-150
2.43,0.953898576364018,300,13,-150
2.4305,0.985222638188445,300,13,-150
2.431,1.00100915046516,300,13,-150
2.4315,1.00100915046516,300,13,-150
2.432,0.985222638188448,300,13,-150
2.4325,0.953898576364023,300,13,-150
2.433,0.907530964158949,300,13,-150
2.4335,0.84685104651637,300,13,-150
2.434,0.772815781985933,300,13,-150
2.4345,0.686592750915809,300,13,-150
2.435,0.589541742013113,300,13,-150
2.4355,0.483193307663706,300,13,-150
2.436,0.369224626206752,300,13,-150
2.4365,0.249433051830417,300,13,-150
2.437,0.125707769222633,300,13,-150
2.4375,2.7459923442003e-14,300,13,-150
2.438,-0.125707769222579,300,13,-150
2.4385,-0.249433051830365,300,13,-150
2.439,-0.369224626206704,300,13,-150
2.4395,-0.483193307663664,300,13,-150
2.44,-0.589541742013076,300,13,-150
2.4405,-0.686592750915777,300,13,-150
2.441,-0.772815781985907,300,13,-150
2.4415,-0.846851046516347,300,13,-150
2.442,-0.907530964158932,300,13,-150
2.4425,-0.953898576364009,300,13,-150
2.443,-0.985222638188437,300,13,-150
2.4435,-1.00100915046516,300,13,-150
2.444,-1.00100915046516,300,13,-150
2.4445,-0.985222638188449,300,13,-150
2.445,-0.953898576364028,300,13,-150
2.4455,-0.907530964158959,300,13,-150
2.446,-0.846851046516383,300,13,-150
2.4465,-0.772815781985949,300,13,-150
2.447,-0.686592750915827,300,13,-150
2.4475,-0.589541742013132,300,13,-150
2.448,-0.483193307663724,300,13,-150
2.4485,-0.369224626206768,300,13,-150
2.449,-0.249433051830429,300,13,-150
2.4495,-0.125707769222642,300,13,-150
2.45,-3.20333847115886e-14,300,13,-150
2.4505,0.125707769222579,300,13,-150
2.451,0.249433051830368,300,13,-150
2.4515,0.369224626206709,300,13,-150
2.452,0.48319330766367,300,13,-150
2.4525,0.589541742013084,300,13,-150
2.453,0.686592750915784,300,13,-150
2.4535,0.772815781985914,300,13,-150
2.454,0.846851046516355,300,13,-150
2.4545,0.907530964158939,300,13,-150
2.455,0.953898576364016,300,13,-150
2.4555,0.985222638188443,300,13,-150
2.456,1.00100915046516,300,13,-150
2.4565,1.00100915046516,300,13,-150
2.457,0.985222638188448,300,13,-150
2.4575,0.953898576364024,300,13,-150
2.458,0.907530964158953,300,13,-150
2.4585,0.846851046516375,300,13,-150
2.459,0.77281578198594,300,13,-150
2.4595,0.686592750915817,300,13,-150
2.46,0.589541742013122,300,13,-150
2.4605,0.483193307663714,300,13,-150
2.461,0.369224626206759,300,13,-150
2.4615,0.249433051830422,300,13,-150
2.462,0.125707769222636,300,13,-150
2.4625,2.76868392761077e-14,300,13,-150
2.463,-0.125707769222582,300,13,-150
2.4635,-0.24943305183037,300,13,-150
2.464,-0.369224626206711,300,13,-150
2.4645,-0.483193307663671,300,13,-150
2.465,-0.589541742013084,300,13,-150
2.4655,-0.686592750915784,300,13,-150
2.466,-0.772815781985912,300,13,-150
2.4665,-0.846851046516352,300,13,-150
2.467,-0.907530964158934,300,13,-150
2.4675,-0.953898576364011,300,13,-150
2.468,-0.985222638188438,300,13,-150
2.4685,-1.00100915046516,300,13,-150
2.469,-1.00100915046516,300,13,-150
2.4695,-0.985222638188447,300,13,-150
2.47,-0.953898576364026,300,13,-150
2.4705,-0.907530964158956,300,13,-150
2.471,-0.846851046516379,300,13,-150
2.4715,-0.772815781985945,300,13,-150
2.472,-0.686592750915822,300,13,-150
2.4725,-0.589541742013127,300,13,-150
2.473,-0.483193307663718,300,13,-150
2.4735,-0.369224626206761,300,13,-150
2.474,-0.249433051830423,300,13,-150
2.4745,-0.125707769222635,300,13,-150
2.475,-2.52407729388107e-14,300,13,-150
2.4755,0.125707769222585,300,13,-150
2.476,0.249433051830374,300,13,-150
2.4765,0.369224626206715,300,13,-150
2.477,0.483193307663676,300,13,-150
2.4775,0.589541742013089,300,13,-150
2.478,0.68659275091579,300,13,-150
2.4785,0.772815781985919,300,13,-150
2.479,0.846851046516359,300,13,-150
2.4795,0.907530964158942,300,13,-150
2.48,0.953898576364018,300,13,-150
2.4805,0.985222638188444,300,13,-150
2.481,1.00100915046516,300,13,-150
2.4815,1.00100915046516,300,13,-150
2.482,0.985222638188446,300,13,-150
2.4825,0.953898576364023,300,13,-150
2.483,0.90753096415895,300,13,-150
2.4835,0.846851046516371,300,13,-150
2.484,0.772815781985935,300,13,-150
2.4845,0.686592750915811,300,13,-150
2.485,0.589541742013116,300,13,-150
2.4855,0.483193307663708,300,13,-150
2.486,0.369224626206753,300,13,-150
2.4865,0.249433051830416,300,13,-150
2.487,0.12570776922263,300,13,-150
2.4875,2.09190557330797e-14,300,13,-150
2.488,-0.125707769222589,300,13,-150
2.4885,-0.249433051830377,300,13,-150
2.489,-0.369224626206718,300,13,-150
2.4895,-0.483193307663677,300,13,-150
2.49,-0.58954174201309,300,13,-150
2.4905,-0.686592750915789,300,13,-150
2.491,-0.772815781985917,300,13,-150
2.4915,-0.846851046516356,300,13,-150
2.492,-0.907530964158937,300,13,-150
2.4925,-0.953898576364013,300,13,-150
2.493,-0.98522263818844,300,13,-150
2.4935,-1.00100915046516,300,13,-150
2.494,-1.00100915046516,300,13,-150
2.4945,-0.985222638188447,300,13,-150
2.495,-0.953898576364025,300,13,-150
2.4955,-0.907530964158954,300,13,-150
2.496,-0.846851046516375,300,13,-150
2.4965,-0.77281578198594,300,13,-150
2.497,-0.686592750915815,300,13,-150
2.4975,-0.589541742013118,300,13,-150
2.498,-0.483193307663709,300,13,-150
2.4985,-0.369224626206753,300,13,-150
2.499,-0.249433051830416,300,13,-150
2.4995,-0.125707769222631,300,13,-150
2.5,-2.48872378684243e-14,300,13,-150
2.5005,0.125707769222581,300,13,-150
2.501,0.249433051830366,300,13,-150
2.5015,0.369224626206703,300,13,-150
2.502,0.48319330766366,300,13,-150
2.5025,0.589541742013072,300,13,-150
2.503,0.686592750915771,300,13,-150
2.5035,0.772815781985901,300,13,-150
2.504,0.846851046516343,300,13,-150
2.5045,0.907530964158929,300,13,-150
2.505,0.953898576364008,300,13,-150
2.5055,0.985222638188438,300,13,-150
2.506,1.00100915046516,300,13,-150
2.5065,1.00100915046516,300,13,-150
2.507,0.985222638188449,300,13,-150
2.5075,0.953898576364027,300,13,-150
2.508,0.907530964158954,300,13,-150
2.5085,0.846851046516376,300,13,-150
2.509,0.772815781985941,300,13,-150
2.5095,0.686592750915817,300,13,-150
2.51,0.589541742013122,300,13,-150
2.5105,0.483193307663714,300,13,-150
2.511,0.369224626206759,300,13,-150
2.5115,0.249433051830422,300,13,-150
2.512,0.125707769222636,300,13,-150
2.5125,2.78929248625835e-14,300,13,-150
2.513,-0.125707769222582,300,13,-150
2.5135,-0.24943305183037,300,13,-150
2.514,-0.369224626206711,300,13,-150
2.5145,-0.483193307663671,300,13,-150
2.515,-0.589541742013084,300,13,-150
2.5155,-0.686592750915783,300,13,-150
2.516,-0.772815781985912,300,13,-150
2.5165,-0.846851046516352,300,13,-150
2.517,-0.907530964158934,300,13,-150
2.5175,-0.95389857636401,300,13,-150
2.518,-0.985222638188438,300,13,-150
2.5185,-1.00100915046516,300,13,-150
2.519,-1.00100915046516,300,13,-150
2.5195,-0.985222638188448,300,13,-150
2.52,-0.953898576364027,300,13,-150
2.5205,-0.907530964158957,300,13,-150
2.521,-0.84685104651638,300,13,-150
2.5215,-0.772815781985946,300,13,-150
2.522,-0.686592750915822,300,13,-150
2.5225,-0.589541742013126,300,13,-150
2.523,-0.483193307663717,300,13,-150
2.5235,-0.36922462620676,300,13,-150
2.524,-0.249433051830421,300,13,-150
2.5245,-0.125707769222634,300,13,-150
2.525,-2.51491828776832e-14,300,13,-150
2.5255,0.125707769222584,300,13,-150
2.526,0.249433051830371,300,13,-150
2.5265,0.36922462620671,300,13,-150
2.527,0.483193307663668,300,13,-150
2.5275,0.589541742013079,300,13,-150
2.528,0.686592750915778,300,13,-150
2.5285,0.772815781985908,300,13,-150
2.529,0.846851046516348,300,13,-150
2.5295,0.907530964158932,300,13,-150
2.53,0.95389857636401,300,13,-150
2.5305,0.985222638188438,300,13,-150
2.531,1.00100915046516,300,13,-150
2.5315,1.00100915046516,300,13,-150
2.532,0.985222638188447,300,13,-150
2.5325,0.953898576364024,300,13,-150
2.533,0.907530964158952,300,13,-150
2.5335,0.846851046516373,300,13,-150
2.534,0.772815781985937,300,13,-150
2.5345,0.686592750915812,300,13,-150
2.535,0.589541742013117,300,13,-150
2.5355,0.483193307663709,300,13,-150
2.536,0.369224626206753,300,13,-150
2.5365,0.249433051830416,300,13,-150
2.537,0.12570776922263,300,13,-150
2.5375,2.10810549487169e-14,300,13,-150
2.538,-0.125707769222588,300,13,-150
2.5385,-0.249433051830376,300,13,-150
2.539,-0.369224626206717,300,13,-150
2.5395,-0.483193307663677,300,13,-150
2.54,-0.58954174201309,300,13,-150
2.5405,-0.686592750915789,300,13,-150
2.541,-0.772815781985917,300,13,-150
2.5415,-0.846851046516355,300,13,-150
2.542,-0.907530964158937,300,13,-150
2.5425,-0.953898576364013,300,13,-150
2.543,-0.985222638188439,300,13,-150
2.5435,-1.00100915046516,300,13,-150
2.544,-1.00100915046516,300,13,-150
2.5445,-0.985222638188447,300,13,-150
2.545,-0.953898576364025,300,13,-150
2.5455,-0.907530964158954,300,13,-150
2.546,-0.846851046516377,300,13,-150
2.5465,-0.772815781985942,300,13,-150
2.547,-0.686592750915817,300,13,-150
2.5475,-0.589541742013121,300,13,-150
2.548,-0.483193307663711,300,13,-150
2.5485,-0.369224626206754,300,13,-150
2.549,-0.249433051830415,300,13,-150
2.5495,-0.125707769222627,300,13,-150
2.55,-1.80104531138665e-14,300,13,-150
2.5505,0.125707769222591,300,13,-150
2.551,0.249433051830378,300,13,-150
2.5515,0.369224626206717,300,13,-150
2.552,0.483193307663674,300,13,-150
2.5525,0.589541742013085,300,13,-150
2.553,0.686592750915783,300,13,-150
2.5535,0.77281578198591,300,13,-150
2.554,0.84685104651635,300,13,-150
2.5545,0.907530964158933,300,13,-150
2.555,0.95389857636401,300,13,-150
2.5555,0.98522263818844,300,13,-150
2.556,1.00100915046516,300,13,-150
2.5565,1.00100915046517,300,13,-150
2.557,0.985222638188452,300,13,-150
2.5575,0.95389857636403,300,13,-150
2.558,0.907530964158958,300,13,-150
2.5585,0.846851046516379,300,13,-150
2.559,0.772815781985942,300,13,-150
2.5595,0.686592750915816,300,13,-150
2.56,0.589541742013118,300,13,-150
2.5605,0.483193307663708,300,13,-150
2.561,0.369224626206751,300,13,-150
2.5615,0.249433051830413,300,13,-150
2.562,0.125707769222628,300,13,-150
2.5625,2.07292546018065e-14,300,13,-150
2.563,-0.125707769222587,300,13,-150
2.5635,-0.249433051830373,300,13,-150
2.564,-0.369224626206711,300,13,-150
2.5645,-0.48319330766367,300,13,-150
2.565,-0.589541742013082,300,13,-150
2.5655,-0.686592750915781,300,13,-150
2.566,-0.77281578198591,300,13,-150
2.5665,-0.84685104651635,300,13,-150
2.567,-0.907530964158933,300,13,-150
2.5675,-0.95389857636401,300,13,-150
2.568,-0.985222638188438,300,13,-150
2.5685,-1.00100915046516,300,13,-150
2.569,-1.00100915046516,300,13,-150
2.5695,-0.985222638188448,300,13,-150
2.57,-0.953898576364027,300,13,-150
2.5705,-0.907530964158957,300,13,-150
2.571,-0.846851046516381,300,13,-150
2.5715,-0.772815781985946,300,13,-150
2.572,-0.686592750915823,300,13,-150
2.5725,-0.589541742013127,300,13,-150
2.573,-0.483193307663718,300,13,-150
2.5735,-0.36922462620676,300,13,-150
2.574,-0.249433051830422,300,13,-150
2.5745,-0.125707769222635,300,13,-150
2.575,-2.53026168961577e-14,300,13,-150
2.5755,0.125707769222584,300,13,-150
2.576,0.249433051830371,300,13,-150
2.5765,0.36922462620671,300,13,-150
2.577,0.483193307663668,300,13,-150
2.5775,0.589541742013079,300,13,-150
2.578,0.686592750915778,300,13,-150
2.5785,0.772815781985906,300,13,-150
2.579,0.846851046516346,300,13,-150
2.5795,0.90753096415893,300,13,-150
2.58,0.953898576364009,300,13,-150
2.5805,0.985222638188438,300,13,-150
2.581,1.00100915046516,300,13,-150
2.5815,1.00100915046517,300,13,-150
2.582,0.985222638188453,300,13,-150
2.5825,0.953898576364032,300,13,-150
2.583,0.907530964158962,300,13,-150
2.5835,0.846851046516383,300,13,-150
2.584,0.772815781985946,300,13,-150
2.5845,0.686592750915821,300,13,-150
2.585,0.589541742013124,300,13,-150
2.5855,0.483193307663714,300,13,-150
2.586,0.369224626206757,300,13,-150
2.5865,0.24943305183042,300,13,-150
2.587,0.125707769222635,300,13,-150
2.5875,2.78047096412688e-14,300,13,-150
2.588,-0.125707769222579,300,13,-150
2.5885,-0.249433051830365,300,13,-150
2.589,-0.369224626206703,300,13,-150
2.5895,-0.483193307663662,300,13,-150
2.59,-0.589541742013074,300,13,-150
2.5905,-0.686592750915774,300,13,-150
2.591,-0.772815781985905,300,13,-150
2.5915,-0.846851046516347,300,13,-150
2.592,-0.907530964158933,300,13,-150
2.5925,-0.953898576364012,300,13,-150
2.593,-0.985222638188442,300,13,-150
2.5935,-1.00100915046516,300,13,-150
2.594,-1.00100915046517,300,13,-150
2.5945,-0.985222638188454,300,13,-150
2.595,-0.953898576364032,300,13,-150
2.5955,-0.907530964158961,300,13,-150
2.596,-0.846851046516382,300,13,-150
2.5965,-0.772815781985945,300,13,-150
2.597,-0.686592750915819,300,13,-150
2.5975,-0.589541742013122,300,13,-150
2.598,-0.483193307663712,300,13,-150
2.5985,-0.369224626206753,300,13,-150
2.599,-0.249433051830414,300,13,-150
2.5995,-0.125707769222627,300,13,-150
2.6,-1.78364987338319e-14,300,13,-150
2.6005,0.125707769222591,300,13,-150
2.601,0.249433051830378,300,13,-150
2.6015,0.369224626206716,300,13,-150
2.602,0.483193307663674,300,13,-150
2.6025,0.589541742013084,300,13,-150
2.603,0.686592750915782,300,13,-150
2.6035,0.77281578198591,300,13,-150
2.604,0.84685104651635,300,13,-150
2.6045,0.907530964158933,300,13,-150
2.605,0.953898576364011,300,13,-150
2.6055,0.98522263818844,300,13,-150
2.606,1.00100915046516,300,13,-150
2.6065,1.00100915046517,300,13,-150
2.607,0.985222638188452,300,13,-150
2.6075,0.95389857636403,300,13,-150
2.608,0.907530964158958,300,13,-150
2.6085,0.846851046516379,300,13,-150
2.609,0.772815781985942,300,13,-150
2.6095,0.686592750915816,300,13,-150
2.61,0.589541742013118,300,13,-150
2.6105,0.483193307663708,300,13,-150
2.611,0.369224626206751,300,13,-150
2.6115,0.249433051830413,300,13,-150
2.612,0.125707769222628,300,13,-150
2.6125,2.09524355364058e-14,300,13,-150
2.613,-0.125707769222586,300,13,-150
2.6135,-0.249433051830372,300,13,-150
2.614,-0.36922462620671,300,13,-150
2.6145,-0.483193307663668,300,13,-150
2.615,-0.58954174201308,300,13,-150
2.6155,-0.686592750915779,300,13,-150
2.616,-0.772815781985909,300,13,-150
2.6165,-0.846851046516351,300,13,-150
2.617,-0.907530964158936,300,13,-150
2.6175,-0.953898576364015,300,13,-150
2.618,-0.985222638188444,300,13,-150
2.6185,-1.00100915046516,300,13,-150
2.619,-1.00100915046517,300,13,-150
2.6195,-0.985222638188453,300,13,-150
2.62,-0.95389857636403,300,13,-150
2.6205,-0.907530964158957,300,13,-150
2.621,-0.846851046516377,300,13,-150
2.6215,-0.772815781985939,300,13,-150
2.622,-0.686592750915812,300,13,-150
2.6225,-0.589541742013114,300,13,-150
2.623,-0.483193307663704,300,13,-150
2.6235,-0.369224626206747,300,13,-150
2.624,-0.249433051830409,300,13,-150
2.6245,-0.125707769222624,300,13,-150
2.625,-1.80838285074369e-14,300,13,-150
2.6255,0.125707769222588,300,13,-150
2.626,0.249433051830372,300,13,-150
2.6265,0.369224626206709,300,13,-150
2.627,0.483193307663665,300,13,-150
2.6275,0.589541742013076,300,13,-150
2.628,0.686592750915775,300,13,-150
2.6285,0.772815781985904,300,13,-150
2.629,0.846851046516344,300,13,-150
2.6295,0.90753096415893,300,13,-150
2.63,0.953898576364009,300,13,-150
2.6305,0.985222638188439,300,13,-150
2.631,1.00100915046516,300,13,-150
2.6315,1.00100915046517,300,13,-150
2.632,0.985222638188454,300,13,-150
2.6325,0.953898576364033,300,13,-150
2.633,0.907530964158961,300,13,-150
2.6335,0.846851046516383,300,13,-150
2.634,0.772815781985947,300,13,-150
2.6345,0.686592750915821,300,13,-150
2.635,0.589541742013124,300,13,-150
2.6355,0.483193307663715,300,13,-150
2.636,0.369224626206758,300,13,-150
2.6365,0.249433051830421,300,13,-150
2.637,0.125707769222635,300,13,-150
2.6375,2.82351803123236e-14,300,13,-150
2.638,-0.125707769222579,300,13,-150
2.6385,-0.249433051830364,300,13,-150
2.639,-0.369224626206703,300,13,-150
2.6395,-0.483193307663661,300,13,-150
2.64,-0.589541742013074,300,13,-150
2.6405,-0.686592750915774,300,13,-150
2.641,-0.772815781985905,300,13,-150
2.6415,-0.846851046516348,300,13,-150
2.642,-0.907530964158933,300,13,-150
2.6425,-0.953898576364013,300,13,-150
2.643,-0.985222638188443,300,13,-150
2.6435,-1.00100915046516,300,13,-150
2.644,-1.00100915046517,300,13,-150
2.6445,-0.985222638188453,300,13,-150
2.645,-0.95389857636403,300,13,-150
2.6455,-0.907530964158958,300,13,-150
2.646,-0.846851046516379,300,13,-150
2.6465,-0.772815781985943,300,13,-150
2.647,-0.686592750915819,300,13,-150
2.6475,-0.589541742013124,300,13,-150
2.648,-0.483193307663717,300,13,-150
2.6485,-0.369224626206762,300,13,-150
2.649,-0.249433051830426,300,13,-150
2.6495,-0.125707769222642,300,13,-150
2.65,-3.48048746218894e-14,300,13,-150
2.6505,0.125707769222573,300,13,-150
2.651,0.249433051830361,300,13,-150
2.6515,0.369224626206701,300,13,-150
2.652,0.483193307663662,300,13,-150
2.6525,0.589541742013076,300,13,-150
2.653,0.686592750915777,300,13,-150
2.6535,0.772815781985908,300,13,-150
2.654,0.84685104651635,300,13,-150
2.6545,0.907530964158935,300,13,-150
2.655,0.953898576364013,300,13,-150
2.6555,0.985222638188442,300,13,-150
2.656,1.00100915046516,300,13,-150
2.6565,1.00100915046517,300,13,-150
2.657,0.985222638188452,300,13,-150
2.6575,0.95389857636403,300,13,-150
2.658,0.907530964158958,300,13,-150
2.6585,0.846851046516379,300,13,-150
2.659,0.772815781985942,300,13,-150
2.6595,0.686592750915816,300,13,-150
2.66,0.589541742013119,300,13,-150
2.6605,0.483193307663709,300,13,-150
2.661,0.369224626206752,300,13,-150
2.6615,0.249433051830414,300,13,-150
2.662,0.125707769222629,300,13,-150
2.6625,2.15668452135669e-14,300,13,-150
2.663,-0.125707769222586,300,13,-150
2.6635,-0.249433051830371,300,13,-150
2.664,-0.369224626206709,300,13,-150
2.6645,-0.483193307663667,300,13,-150
2.665,-0.58954174201308,300,13,-150
2.6655,-0.686592750915779,300,13,-150
2.666,-0.772815781985909,300,13,-150
2.6665,-0.846851046516351,300,13,-150
2.667,-0.907530964158936,300,13,-150
2.6675,-0.953898576364015,300,13,-150
2.668,-0.985222638188444,300,13,-150
2.6685,-1.00100915046516,300,13,-150
2.669,-1.00100915046517,300,13,-150
2.6695,-0.985222638188452,300,13,-150
2.67,-0.953898576364028,300,13,-150
2.6705,-0.907530964158955,300,13,-150
2.671,-0.846851046516375,300,13,-150
2.6715,-0.772815781985939,300,13,-150
2.672,-0.686592750915814,300,13,-150
2.6725,-0.589541742013118,300,13,-150
2.673,-0.483193307663711,300,13,-150
2.6735,-0.369224626206756,300,13,-150
2.674,-0.24943305183042,300,13,-150
2.6745,-0.125707769222635,300,13,-150
2.675,-2.79365719849449e-14,300,13,-150
2.6755,0.12570776922258,300,13,-150
2.676,0.249433051830368,300,13,-150
2.6765,0.369224626206708,300,13,-150
2.677,0.483193307663668,300,13,-150
2.6775,0.589541742013081,300,13,-150
2.678,0.686592750915782,300,13,-150
2.6785,0.772815781985912,300,13,-150
2.679,0.846851046516353,300,13,-150
2.6795,0.907530964158937,300,13,-150
2.68,0.953898576364015,300,13,-150
2.6805,0.985222638188443,300,13,-150
2.681,1.00100915046516,300,13,-150
2.6815,1.00100915046517,300,13,-150
2.682,0.985222638188451,300,13,-150
2.6825,0.953898576364027,300,13,-150
2.683,0.907530964158954,300,13,-150
2.6835,0.846851046516374,300,13,-150
2.684,0.772815781985936,300,13,-150
2.6845,0.686592750915809,300,13,-150
2.685,0.589541742013111,300,13,-150
2.6855,0.483193307663701,300,13,-150
2.686,0.369224626206745,300,13,-150
2.6865,0.249433051830409,300,13,-150
2.687,0.125707769222626,300,13,-150
2.6875,2.17829364120771e-14,300,13,-150
2.688,-0.125707769222582,300,13,-150
2.6885,-0.249433051830365,300,13,-150
2.689,-0.369224626206702,300,13,-150
2.6895,-0.483193307663659,300,13,-150
2.69,-0.589541742013071,300,13,-150
2.6905,-0.686592750915771,300,13,-150
2.691,-0.772815781985903,300,13,-150
2.6915,-0.846851046516346,300,13,-150
2.692,-0.907530964158933,300,13,-150
2.6925,-0.953898576364013,300,13,-150
2.693,-0.985222638188443,300,13,-150
2.6935,-1.00100915046517,300,13,-150
2.694,-1.00100915046517,300,13,-150
2.6945,-0.985222638188453,300,13,-150
2.695,-0.953898576364031,300,13,-150
2.6955,-0.907530964158958,300,13,-150
2.696,-0.846851046516379,300,13,-150
2.6965,-0.772815781985943,300,13,-150
2.697,-0.686592750915819,300,13,-150
2.6975,-0.589541742013124,300,13,-150
2.698,-0.483193307663717,300,13,-150
2.6985,-0.369224626206763,300,13,-150
2.699,-0.249433051830427,300,13,-150
2.6995,-0.125707769222642,300,13,-150
2.7,-3.52018569983415e-14,300,13,-150
2.7005,0.125707769222573,300,13,-150
2.701,0.24943305183036,300,13,-150
2.7015,0.369224626206701,300,13,-150
2.702,0.483193307663661,300,13,-150
2.7025,0.589541742013075,300,13,-150
2.703,0.686592750915777,300,13,-150
2.7035,0.772815781985908,300,13,-150
2.704,0.846851046516349,300,13,-150
2.7045,0.907530964158934,300,13,-150
2.705,0.953898576364012,300,13,-150
2.7055,0.985222638188441,300,13,-150
2.706,1.00100915046516,300,13,-150
2.7065,1.00100915046516,300,13,-150
2.707,0.985222638188451,300,13,-150
2.7075,0.953898576364029,300,13,-150
2.708,0.907530964158958,300,13,-150
2.7085,0.846851046516379,300,13,-150
2.709,0.772815781985942,300,13,-150
2.7095,0.686592750915816,300,13,-150
2.71,0.589541742013119,300,13,-150
2.7105,0.483193307663709,300,13,-150
2.711,0.369224626206752,300,13,-150
2.7115,0.249433051830415,300,13,-150
2.712,0.125707769222629,300,13,-150
2.7125,2.20051589642416e-14,300,13,-150
2.713,-0.125707769222585,300,13,-150
2.7135,-0.249433051830371,300,13,-150
2.714,-0.369224626206709,300,13,-150
2.7145,-0.483193307663667,300,13,-150
2.715,-0.589541742013079,300,13,-150
2.7155,-0.686592750915779,300,13,-150
2.716,-0.772815781985909,300,13,-150
2.7165,-0.846851046516351,300,13,-150
2.717,-0.907530964158936,300,13,-150
2.7175,-0.953898576364015,300,13,-150
2.718,-0.985222638188445,300,13,-150
2.7185,-1.00100915046516,300,13,-150
2.719,-1.00100915046517,300,13,-150
2.7195,-0.985222638188452,300,13,-150
2.72,-0.953898576364029,300,13,-150
2.7205,-0.907530964158955,300,13,-150
2.721,-0.846851046516376,300,13,-150
2.7215,-0.772815781985939,300,13,-150
2.722,-0.686592750915814,300,13,-150
2.7225,-0.589541742013119,300,13,-150
2.723,-0.483193307663711,300,13,-150
2.7235,-0.369224626206756,300,13,-150
2.724,-0.24943305183042,300,13,-150
2.7245,-0.125707769222636,300,13,-150
2.725,-2.85816333709888e-14,300,13,-150
2.7255,0.12570776922258,300,13,-150
2.726,0.249433051830367,300,13,-150
2.7265,0.369224626206707,300,13,-150
2.727,0.483193307663668,300,13,-150
2.7275,0.589541742013081,300,13,-150
2.728,0.686592750915783,300,13,-150
2.7285,0.772815781985913,300,13,-150
2.729,0.846851046516354,300,13,-150
2.7295,0.907530964158937,300,13,-150
2.73,0.953898576364014,300,13,-150
2.7305,0.985222638188442,300,13,-150
2.731,1.00100915046516,300,13,-150
2.7315,1.00100915046516,300,13,-150
2.732,0.985222638188448,300,13,-150
2.7325,0.953898576364025,300,13,-150
2.733,0.907530964158954,300,13,-150
2.7335,0.846851046516376,300,13,-150
2.734,0.772815781985942,300,13,-150
2.7345,0.686592750915819,300,13,-150
2.735,0.589541742013125,300,13,-150
2.7355,0.483193307663717,300,13,-150
2.736,0.369224626206762,300,13,-150
2.7365,0.249433051830425,300,13,-150
2.737,0.125707769222639,300,13,-150
2.7375,2.9383033035812e-14,300,13,-150
2.738,-0.125707769222581,300,13,-150
2.7385,-0.249433051830369,300,13,-150
2.739,-0.369224626206711,300,13,-150
2.7395,-0.483193307663671,300,13,-150
2.74,-0.589541742013085,300,13,-150
2.7405,-0.686592750915786,300,13,-150
2.741,-0.772815781985916,300,13,-150
2.7415,-0.846851046516357,300,13,-150
2.742,-0.907530964158941,300,13,-150
2.7425,-0.953898576364018,300,13,-150
2.743,-0.985222638188445,300,13,-150
2.7435,-1.00100915046516,300,13,-150
2.744,-1.00100915046517,300,13,-150
2.7445,-0.985222638188451,300,13,-150
2.745,-0.953898576364026,300,13,-150
2.7455,-0.907530964158952,300,13,-150
2.746,-0.846851046516371,300,13,-150
2.7465,-0.772815781985933,300,13,-150
2.747,-0.686592750915807,300,13,-150
2.7475,-0.589541742013111,300,13,-150
2.748,-0.483193307663703,300,13,-150
2.7485,-0.369224626206749,300,13,-150
2.749,-0.249433051830415,300,13,-150
2.7495,-0.125707769222633,300,13,-150
2.75,-2.87743329076277e-14,300,13,-150
2.7505,0.125707769222577,300,13,-150
2.751,0.249433051830361,300,13,-150
2.7515,0.3692246262067,300,13,-150
2.752,0.48319330766366,300,13,-150
2.7525,0.589541742013073,300,13,-150
2.753,0.686592750915775,300,13,-150
2.7535,0.772815781985907,300,13,-150
2.754,0.846851046516349,300,13,-150
2.7545,0.907530964158934,300,13,-150
2.755,0.953898576364012,300,13,-150
2.7555,0.985222638188441,300,13,-150
2.756,1.00100915046516,300,13,-150
2.7565,1.00100915046516,300,13,-150
2.757,0.985222638188449,300,13,-150
2.7575,0.953898576364027,300,13,-150
2.758,0.907530964158957,300,13,-150
2.7585,0.84685104651638,300,13,-150
2.759,0.772815781985947,300,13,-150
2.7595,0.686592750915824,300,13,-150
2.76,0.589541742013131,300,13,-150
2.7605,0.483193307663724,300,13,-150
2.761,0.369224626206769,300,13,-150
2.7615,0.249433051830432,300,13,-150
2.762,0.125707769222646,300,13,-150
2.7625,3.6631056237156e-14,300,13,-150
2.763,-0.125707769222573,300,13,-150
2.7635,-0.249433051830362,300,13,-150
2.764,-0.369224626206704,300,13,-150
2.7645,-0.483193307663665,300,13,-150
2.765,-0.589541742013079,300,13,-150
2.7655,-0.686592750915781,300,13,-150
2.766,-0.772815781985911,300,13,-150
2.7665,-0.846851046516353,300,13,-150
2.767,-0.907530964158937,300,13,-150
2.7675,-0.953898576364016,300,13,-150
2.768,-0.985222638188444,300,13,-150
2.7685,-1.00100915046516,300,13,-150
2.769,-1.00100915046517,300,13,-150
2.7695,-0.985222638188451,300,13,-150
2.77,-0.953898576364028,300,13,-150
2.7705,-0.907530964158955,300,13,-150
2.771,-0.846851046516376,300,13,-150
2.7715,-0.772815781985939,300,13,-150
2.772,-0.686592750915815,300,13,-150
2.7725,-0.58954174201312,300,13,-150
2.773,-0.483193307663712,300,13,-150
2.7735,-0.369224626206757,300,13,-150
2.774,-0.249433051830421,300,13,-150
2.7745,-0.125707769222636,300,13,-150
2.775,-2.90336121765811e-14,300,13,-150
2.7755,0.125707769222579,300,13,-150
2.776,0.249433051830366,300,13,-150
2.7765,0.369224626206707,300,13,-150
2.777,0.483193307663667,300,13,-150
2.7775,0.589541742013081,300,13,-150
2.778,0.686592750915782,300,13,-150
2.7785,0.772815781985913,300,13,-150
2.779,0.846851046516353,300,13,-150
2.7795,0.907530964158937,300,13,-150
2.78,0.953898576364014,300,13,-150
2.7805,0.985222638188441,300,13,-150
2.781,1.00100915046516,300,13,-150
2.7815,1.00100915046516,300,13,-150
2.782,0.985222638188447,300,13,-150
2.7825,0.953898576364025,300,13,-150
2.783,0.907530964158954,300,13,-150
2.7835,0.846851046516377,300,13,-150
2.784,0.772815781985943,300,13,-150
2.7845,0.68659275091582,300,13,-150
2.785,0.589541742013126,300,13,-150
2.7855,0.483193307663718,300,13,-150
2.786,0.369224626206762,300,13,-150
2.7865,0.249433051830424,300,13,-150
2.787,0.125707769222638,300,13,-150
2.7875,2.86367283289223e-14,300,13,-150
2.788,-0.125707769222581,300,13,-150
2.7885,-0.249433051830369,300,13,-150
2.789,-0.36922462620671,300,13,-150
2.7895,-0.483193307663669,300,13,-150
2.79,-0.589541742013082,300,13,-150
2.7905,-0.686592750915781,300,13,-150
2.791,-0.772815781985909,300,13,-150
2.7915,-0.84685104651635,300,13,-150
2.792,-0.907530964158933,300,13,-150
2.7925,-0.953898576364011,300,13,-150
2.793,-0.985222638188439,300,13,-150
2.7935,-1.00100915046516,300,13,-150
2.794,-1.00100915046516,300,13,-150
2.7945,-0.985222638188448,300,13,-150
2.795,-0.953898576364025,300,13,-150
2.7955,-0.907530964158953,300,13,-150
2.796,-0.846851046516373,300,13,-150
2.7965,-0.772815781985936,300,13,-150
2.797,-0.686592750915811,300,13,-150
2.7975,-0.589541742013114,300,13,-150
2.798,-0.483193307663706,300,13,-150
2.7985,-0.36922462620675,300,13,-150
2.799,-0.249433051830414,300,13,-150
2.7995,-0.125707769222629,300,13,-150
2.8,-2.18396806715704e-14,300,13,-150
2.8005,0.125707769222586,300,13,-150
2.801,0.249433051830373,300,13,-150
2.8015,0.369224626206713,300,13,-150
2.802,0.483193307663673,300,13,-150
2.8025,0.589541742013087,300,13,-150
2.803,0.686592750915787,300,13,-150
2.8035,0.772815781985917,300,13,-150
2.804,0.846851046516357,300,13,-150
2.8045,0.90753096415894,300,13,-150
2.805,0.953898576364016,300,13,-150
2.8055,0.985222638188443,300,13,-150
2.806,1.00100915046516,300,13,-150
2.8065,1.00100915046516,300,13,-150
2.807,0.985222638188447,300,13,-150
2.8075,0.953898576364023,300,13,-150
2.808,0.907530964158951,300,13,-150
2.8085,0.846851046516372,300,13,-150
2.809,0.772815781985937,300,13,-150
2.8095,0.686592750915813,300,13,-150
2.81,0.589541742013118,300,13,-150
2.8105,0.48319330766371,300,13,-150
2.811,0.369224626206755,300,13,-150
2.8115,0.249433051830419,300,13,-150
2.812,0.125707769222635,300,13,-150
2.8125,2.88970915261073e-14,300,13,-150
2.813,-0.125707769222578,300,13,-150
2.8135,-0.249433051830364,300,13,-150
2.814,-0.369224626206703,300,13,-150
2.8145,-0.483193307663661,300,13,-150
2.815,-0.589541742013074,300,13,-150
2.8155,-0.686592750915773,300,13,-150
2.816,-0.772815781985903,300,13,-150
2.8165,-0.846851046516344,300,13,-150
2.817,-0.907530964158929,300,13,-150
2.8175,-0.953898576364007,300,13,-150
2.818,-0.985222638188436,300,13,-150
2.8185,-1.00100915046516,300,13,-150
2.819,-1.00100915046516,300,13,-150
2.8195,-0.985222638188451,300,13,-150
2.82,-0.953898576364031,300,13,-150
2.8205,-0.907530964158962,300,13,-150
2.821,-0.846851046516386,300,13,-150
2.8215,-0.772815781985952,300,13,-150
2.822,-0.68659275091583,300,13,-150
2.8225,-0.589541742013135,300,13,-150
2.823,-0.483193307663726,300,13,-150
2.8235,-0.369224626206769,300,13,-150
2.824,-0.24943305183043,300,13,-150
2.8245,-0.125707769222643,300,13,-150
2.825,-3.28025717296803e-14,300,13,-150
2.8255,0.125707769222578,300,13,-150
2.826,0.249433051830367,300,13,-150
2.8265,0.369224626206708,300,13,-150
2.827,0.483193307663669,300,13,-150
2.8275,0.589541742013083,300,13,-150
2.828,0.686592750915783,300,13,-150
2.8285,0.772815781985913,300,13,-150
2.829,0.846851046516353,300,13,-150
2.8295,0.907530964158937,300,13,-150
2.83,0.953898576364014,300,13,-150
2.8305,0.98522263818844,300,13,-150
2.831,1.00100915046516,300,13,-150
2.8315,1.00100915046516,300,13,-150
2.832,0.985222638188447,300,13,-150
2.8325,0.953898576364025,300,13,-150
2.833,0.907530964158955,300,13,-150
2.8335,0.846851046516377,300,13,-150
2.834,0.772815781985943,300,13,-150
2.8345,0.686592750915821,300,13,-150
2.835,0.589541742013126,300,13,-150
2.8355,0.483193307663718,300,13,-150
2.836,0.369224626206763,300,13,-150
2.8365,0.249433051830425,300,13,-150
2.837,0.125707769222639,300,13,-150
2.8375,2.91627811404055e-14,300,13,-150
2.838,-0.125707769222581,300,13,-150
2.8385,-0.249433051830369,300,13,-150
2.839,-0.36922462620671,300,13,-150
2.8395,-0.483193307663669,300,13,-150
2.84,-0.589541742013082,300,13,-150
2.8405,-0.686592750915781,300,13,-150
2.841,-0.772815781985909,300,13,-150
2.8415,-0.846851046516349,300,13,-150
2.842,-0.907530964158931,300,13,-150
2.8425,-0.953898576364009,300,13,-150
2.843,-0.985222638188436,300,13,-150
2.8435,-1.00100915046516,300,13,-150
2.844,-1.00100915046516,300,13,-150
2.8445,-0.98522263818845,300,13,-150
2.845,-0.95389857636403,300,13,-150
2.8455,-0.90753096415896,300,13,-150
2.846,-0.846851046516383,300,13,-150
2.8465,-0.772815781985948,300,13,-150
2.847,-0.686592750915824,300,13,-150
2.8475,-0.589541742013128,300,13,-150
2.848,-0.483193307663718,300,13,-150
2.8485,-0.369224626206761,300,13,-150
2.849,-0.249433051830422,300,13,-150
2.8495,-0.125707769222635,300,13,-150
2.85,-2.69987523382093e-14,300,13,-150
2.8505,0.125707769222581,300,13,-150
2.851,0.249433051830368,300,13,-150
2.8515,0.369224626206706,300,13,-150
2.852,0.483193307663665,300,13,-150
2.8525,0.589541742013076,300,13,-150
2.853,0.686592750915776,300,13,-150
2.8535,0.772815781985905,300,13,-150
2.854,0.846851046516347,300,13,-150
2.8545,0.907530964158931,300,13,-150
2.855,0.953898576364009,300,13,-150
2.8555,0.985222638188438,300,13,-150
2.856,1.00100915046516,300,13,-150
2.8565,1.00100915046516,300,13,-150
2.857,0.985222638188448,300,13,-150
2.8575,0.953898576364025,300,13,-150
2.858,0.907530964158953,300,13,-150
2.8585,0.846851046516375,300,13,-150
2.859,0.772815781985939,300,13,-150
2.8595,0.686592750915815,300,13,-150
2.86,0.58954174201312,300,13,-150
2.8605,0.483193307663712,300,13,-150
2.861,0.369224626206756,300,13,-150
2.8615,0.249433051830418,300,13,-150
2.862,0.125707769222631,300,13,-150
2.8625,2.22003562023621e-14,300,13,-150
2.863,-0.125707769222588,300,13,-150
2.8635,-0.249433051830376,300,13,-150
2.864,-0.369224626206716,300,13,-150
2.8645,-0.483193307663675,300,13,-150
2.865,-0.589541742013087,300,13,-150
2.8655,-0.686592750915786,300,13,-150
2.866,-0.772815781985913,300,13,-150
2.8665,-0.846851046516352,300,13,-150
2.867,-0.907530964158934,300,13,-150
2.8675,-0.953898576364011,300,13,-150
2.868,-0.985222638188438,300,13,-150
2.8685,-1.00100915046516,300,13,-150
2.869,-1.00100915046516,300,13,-150
2.8695,-0.985222638188449,300,13,-150
2.87,-0.953898576364028,300,13,-150
2.8705,-0.907530964158957,300,13,-150
2.871,-0.846851046516378,300,13,-150
2.8715,-0.772815781985942,300,13,-150
2.872,-0.686592750915817,300,13,-150
2.8725,-0.58954174201312,300,13,-150
2.873,-0.48319330766371,300,13,-150
2.8735,-0.369224626206754,300,13,-150
2.874,-0.249433051830417,300,13,-150
2.8745,-0.125707769222633,300,13,-150
2.875,-2.68627800938034e-14,300,13,-150
2.8755,0.125707769222579,300,13,-150
2.876,0.249433051830362,300,13,-150
2.8765,0.369224626206699,300,13,-150
2.877,0.483193307663656,300,13,-150
2.8775,0.589541742013067,300,13,-150
2.878,0.686592750915767,300,13,-150
2.8785,0.772815781985898,300,13,-150
2.879,0.84685104651634,300,13,-150
2.8795,0.907530964158927,300,13,-150
2.88,0.953898576364007,300,13,-150
2.8805,0.985222638188439,300,13,-150
2.881,1.00100915046516,300,13,-150
2.8815,1.00100915046517,300,13,-150
2.882,0.985222638188456,300,13,-150
2.8825,0.953898576364035,300,13,-150
2.883,0.907530964158965,300,13,-150
2.8835,0.846851046516388,300,13,-150
2.884,0.772815781985953,300,13,-150
2.8845,0.686592750915828,300,13,-150
2.885,0.589541742013132,300,13,-150
2.8855,0.483193307663723,300,13,-150
2.886,0.369224626206765,300,13,-150
2.8865,0.249433051830426,300,13,-150
2.887,0.125707769222638,300,13,-150
2.8875,2.82408627866274e-14,300,13,-150
2.888,-0.125707769222582,300,13,-150
2.8885,-0.24943305183037,300,13,-150
2.889,-0.36922462620671,300,13,-150
2.8895,-0.483193307663669,300,13,-150
2.89,-0.589541742013081,300,13,-150
2.8905,-0.68659275091578,300,13,-150
2.891,-0.772815781985909,300,13,-150
2.8915,-0.846851046516348,300,13,-150
2.892,-0.907530964158931,300,13,-150
2.8925,-0.953898576364008,300,13,-150
2.893,-0.985222638188437,300,13,-150
2.8935,-1.00100915046516,300,13,-150
2.894,-1.00100915046516,300,13,-150
2.8945,-0.98522263818845,300,13,-150
2.895,-0.95389857636403,300,13,-150
2.8955,-0.90753096415896,300,13,-150
2.896,-0.846851046516383,300,13,-150
2.8965,-0.772815781985949,300,13,-150
2.897,-0.686592750915824,300,13,-150
2.8975,-0.589541742013128,300,13,-150
2.898,-0.483193307663719,300,13,-150
2.8985,-0.369224626206761,300,13,-150
2.899,-0.249433051830422,300,13,-150
2.8995,-0.125707769222636,300,13,-150
2.9,-2.70730124930381e-14,300,13,-150
2.9005,0.125707769222581,300,13,-150
2.901,0.249433051830368,300,13,-150
2.9015,0.369224626206706,300,13,-150
2.902,0.483193307663664,300,13,-150
2.9025,0.589541742013075,300,13,-150
2.903,0.686592750915774,300,13,-150
2.9035,0.772815781985904,300,13,-150
2.904,0.846851046516345,300,13,-150
2.9045,0.90753096415893,300,13,-150
2.905,0.953898576364009,300,13,-150
2.9055,0.98522263818844,300,13,-150
2.906,1.00100915046516,300,13,-150
2.9065,1.00100915046517,300,13,-150
2.907,0.985222638188454,300,13,-150
2.9075,0.953898576364033,300,13,-150
2.908,0.907530964158962,300,13,-150
2.9085,0.846851046516383,300,13,-150
2.909,0.772815781985946,300,13,-150
2.9095,0.686592750915821,300,13,-150
2.91,0.589541742013125,300,13,-150
2.9105,0.483193307663716,300,13,-150
2.911,0.36922462620676,300,13,-150
2.9115,0.249433051830423,300,13,-150
2.912,0.125707769222639,300,13,-150
2.9125,3.22521453722704e-14,300,13,-150
2.913,-0.125707769222575,300,13,-150
2.9135,-0.249433051830361,300,13,-150
2.914,-0.3692246262067,300,13,-150
2.9145,-0.48319330766366,300,13,-150
2.915,-0.589541742013073,300,13,-150
2.9155,-0.686592750915774,300,13,-150
2.916,-0.772815781985905,300,13,-150
2.9165,-0.846851046516347,300,13,-150
2.917,-0.907530964158932,300,13,-150
2.9175,-0.953898576364011,300,13,-150
2.918,-0.98522263818844,300,13,-150
2.9185,-1.00100915046516,300,13,-150
2.919,-1.00100915046516,300,13,-150
2.9195,-0.98522263818845,300,13,-150
2.92,-0.953898576364029,300,13,-150
2.9205,-0.907530964158958,300,13,-150
2.921,-0.84685104651638,300,13,-150
2.9215,-0.772815781985944,300,13,-150
2.922,-0.686592750915818,300,13,-150
2.9225,-0.589541742013122,300,13,-150
2.923,-0.483193307663712,300,13,-150
2.9235,-0.369224626206754,300,13,-150
2.924,-0.249433051830416,300,13,-150
2.9245,-0.125707769222629,300,13,-150
2.925,-2.04633191792857e-14,300,13,-150
2.9255,0.125707769222588,300,13,-150
2.926,0.249433051830374,300,13,-150
2.9265,0.369224626206712,300,13,-150
2.927,0.48319330766367,300,13,-150
2.9275,0.589541742013081,300,13,-150
2.928,0.686592750915779,300,13,-150
2.9285,0.772815781985908,300,13,-150
2.929,0.846851046516348,300,13,-150
2.9295,0.907530964158933,300,13,-150
2.93,0.953898576364012,300,13,-150
2.9305,0.985222638188441,300,13,-150
2.931,1.00100915046516,300,13,-150
2.9315,1.00100915046517,300,13,-150
2.932,0.985222638188454,300,13,-150
2.9325,0.953898576364031,300,13,-150
2.933,0.907530964158959,300,13,-150
2.9335,0.846851046516378,300,13,-150
2.934,0.77281578198594,300,13,-150
2.9345,0.686592750915814,300,13,-150
2.935,0.589541742013117,300,13,-150
2.9355,0.483193307663708,300,13,-150
2.936,0.369224626206753,300,13,-150
2.9365,0.249433051830418,300,13,-150
2.937,0.125707769222636,300,13,-150
2.9375,3.24937966369971e-14,300,13,-150
2.938,-0.125707769222572,300,13,-150
2.9385,-0.249433051830356,300,13,-150
2.939,-0.369224626206693,300,13,-150
2.9395,-0.483193307663652,300,13,-150
2.94,-0.589541742013065,300,13,-150
2.9405,-0.686592750915767,300,13,-150
2.941,-0.772815781985899,300,13,-150
2.9415,-0.846851046516343,300,13,-150
2.942,-0.907530964158929,300,13,-150
2.9425,-0.953898576364009,300,13,-150
2.943,-0.985222638188439,300,13,-150
2.9435,-1.00100915046516,300,13,-150
2.944,-1.00100915046517,300,13,-150
2.9445,-0.985222638188452,300,13,-150
2.945,-0.953898576364031,300,13,-150
2.9455,-0.90753096415896,300,13,-150
2.946,-0.846851046516383,300,13,-150
2.9465,-0.772815781985948,300,13,-150
2.947,-0.686592750915824,300,13,-150
2.9475,-0.589541742013128,300,13,-150
2.948,-0.483193307663719,300,13,-150
2.9485,-0.369224626206761,300,13,-150
2.949,-0.249433051830423,300,13,-150
2.9495,-0.125707769222636,300,13,-150
2.95,-2.77416051737691e-14,300,13,-150
2.9505,0.125707769222581,300,13,-150
2.951,0.249433051830367,300,13,-150
2.9515,0.369224626206705,300,13,-150
2.952,0.483193307663663,300,13,-150
2.9525,0.589541742013074,300,13,-150
2.953,0.686592750915774,300,13,-150
2.9535,0.772815781985903,300,13,-150
2.954,0.846851046516344,300,13,-150
2.9545,0.90753096415893,300,13,-150
2.955,0.953898576364009,300,13,-150
2.9555,0.985222638188439,300,13,-150
2.956,1.00100915046516,300,13,-150
2.9565,1.00100915046517,300,13,-150
2.957,0.985222638188455,300,13,-150
2.9575,0.953898576364033,300,13,-150
2.958,0.907530964158962,300,13,-150
2.9585,0.846851046516383,300,13,-150
2.959,0.772815781985947,300,13,-150
2.9595,0.686592750915822,300,13,-150
2.96,0.589541742013125,300,13,-150
2.9605,0.483193307663716,300,13,-150
2.961,0.36922462620676,300,13,-150
2.9615,0.249433051830424,300,13,-150
2.962,0.125707769222639,300,13,-150
2.9625,3.25977273947046e-14,300,13,-150
2.963,-0.125707769222575,300,13,-150
2.9635,-0.24943305183036,300,13,-150
2.964,-0.3692246262067,300,13,-150
2.9645,-0.483193307663659,300,13,-150
2.965,-0.589541742013072,300,13,-150
2.9655,-0.686592750915773,300,13,-150
2.966,-0.772815781985905,300,13,-150
2.9665,-0.846851046516348,300,13,-150
2.967,-0.907530964158933,300,13,-150
2.9675,-0.953898576364012,300,13,-150
2.968,-0.985222638188442,300,13,-150
2.9685,-1.00100915046516,300,13,-150
2.969,-1.00100915046517,300,13,-150
2.9695,-0.985222638188454,300,13,-150
2.97,-0.953898576364032,300,13,-150
2.9705,-0.90753096415896,300,13,-150
2.971,-0.846851046516382,300,13,-150
2.9715,-0.772815781985945,300,13,-150
2.972,-0.68659275091582,300,13,-150
2.9725,-0.589541742013123,300,13,-150
2.973,-0.483193307663712,300,13,-150
2.9735,-0.369224626206755,300,13,-150
2.974,-0.249433051830416,300,13,-150
2.9745,-0.125707769222629,300,13,-150
2.975,-2.05906510304576e-14,300,13,-150
2.9755,0.125707769222588,300,13,-150
2.976,0.249433051830374,300,13,-150
2.9765,0.369224626206712,300,13,-150
2.977,0.483193307663669,300,13,-150
2.9775,0.58954174201308,300,13,-150
2.978,0.686592750915779,300,13,-150
2.9785,0.772815781985908,300,13,-150
2.979,0.846851046516348,300,13,-150
2.9795,0.907530964158932,300,13,-150
2.98,0.953898576364011,300,13,-150
2.9805,0.985222638188441,300,13,-150
2.981,1.00100915046516,300,13,-150
2.9815,1.00100915046517,300,13,-150
2.982,0.985222638188453,300,13,-150
2.9825,0.953898576364031,300,13,-150
2.983,0.907530964158959,300,13,-150
2.9835,0.846851046516379,300,13,-150
2.984,0.772815781985942,300,13,-150
2.9845,0.686592750915816,300,13,-150
2.985,0.589541742013119,300,13,-150
2.9855,0.48319330766371,300,13,-150
2.986,0.369224626206754,300,13,-150
2.9865,0.249433051830417,300,13,-150
2.987,0.125707769222632,300,13,-150
2.9875,2.58421546786443e-14,300,13,-150
2.988,-0.125707769222581,300,13,-150
2.9885,-0.249433051830367,300,13,-150
2.989,-0.369224626206706,300,13,-150
2.9895,-0.483193307663665,300,13,-150
2.99,-0.589541742013078,300,13,-150
2.9905,-0.686592750915779,300,13,-150
2.991,-0.772815781985909,300,13,-150
2.9915,-0.846851046516351,300,13,-150
2.992,-0.907530964158937,300,13,-150
2.9925,-0.953898576364015,300,13,-150
2.993,-0.985222638188444,300,13,-150
2.9935,-1.00100915046516,300,13,-150
2.994,-1.00100915046517,300,13,-150
2.9945,-0.985222638188452,300,13,-150
2.995,-0.953898576364028,300,13,-150
2.9955,-0.907530964158955,300,13,-150
2.996,-0.846851046516375,300,13,-150
2.9965,-0.772815781985938,300,13,-150
2.997,-0.686592750915814,300,13,-150
2.9975,-0.589541742013119,300,13,-150
2.998,-0.483193307663713,300,13,-150
2.9985,-0.369224626206759,300,13,-150
2.999,-0.249433051830425,300,13,-150
2.9995,-0.125707769222643,300,13,-150
3,-3.81755526119684e-14,300,13,-150
3.0005,0.125707769222568,300,13,-150
3.001,0.249433051830353,300,13,-150
3.0015,0.369224626206693,300,13,-150
3.002,0.483193307663653,300,13,-150
3.0025,0.589541742013067,300,13,-150
3.003,0.68659275091577,300,13,-150
3.0035,0.772815781985902,300,13,-150
3.004,0.846851046516345,300,13,-150
3.0045,0.907530964158932,300,13,-150
3.005,0.953898576364012,300,13,-150
3.0055,0.985222638188442,300,13,-150
3.006,1.00100915046516,300,13,-150
3.0065,1.00100915046517,300,13,-150
3.007,0.985222638188454,300,13,-150
3.0075,0.953898576364032,300,13,-150
3.008,0.907530964158961,300,13,-150
3.0085,0.846851046516382,300,13,-150
3.009,0.772815781985946,300,13,-150
3.0095,0.686592750915821,300,13,-150
3.01,0.589541742013125,300,13,-150
3.0105,0.483193307663716,300,13,-150
3.011,0.369224626206761,300,13,-150
3.0115,0.249433051830424,300,13,-150
3.012,0.12570776922264,300,13,-150
3.0125,3.31554156381733e-14,300,13,-150
3.013,-0.125707769222574,300,13,-150
3.0135,-0.24943305183036,300,13,-150
3.014,-0.369224626206699,300,13,-150
3.0145,-0.483193307663658,300,13,-150
3.015,-0.589541742013072,300,13,-150
3.0155,-0.686592750915773,300,13,-150
3.016,-0.772815781985905,300,13,-150
3.0165,-0.846851046516348,300,13,-150
3.017,-0.907530964158934,300,13,-150
3.0175,-0.953898576364013,300,13,-150
3.018,-0.985222638188443,300,13,-150
3.0185,-1.00100915046516,300,13,-150
3.019,-1.00100915046517,300,13,-150
3.0195,-0.985222638188452,300,13,-150
3.02,-0.953898576364029,300,13,-150
3.0205,-0.907530964158958,300,13,-150
3.021,-0.84685104651638,300,13,-150
3.0215,-0.772815781985945,300,13,-150
3.022,-0.686592750915822,300,13,-150
3.0225,-0.589541742013128,300,13,-150
3.023,-0.483193307663721,300,13,-150
3.0235,-0.369224626206767,300,13,-150
3.024,-0.249433051830431,300,13,-150
3.0245,-0.125707769222646,300,13,-150
3.025,-3.83542037893262e-14,300,13,-150
3.0255,0.125707769222571,300,13,-150
3.026,0.249433051830358,300,13,-150
3.0265,0.3692246262067,300,13,-150
3.027,0.483193307663661,300,13,-150
3.0275,0.589541742013075,300,13,-150
3.028,0.686592750915777,300,13,-150
3.0285,0.772815781985908,300,13,-150
3.029,0.84685104651635,300,13,-150
3.0295,0.907530964158935,300,13,-150
3.03,0.953898576364014,300,13,-150
3.0305,0.985222638188443,300,13,-150
3.031,1.00100915046516,300,13,-150
3.0315,1.00100915046517,300,13,-150
3.032,0.985222638188453,300,13,-150
3.0325,0.95389857636403,300,13,-150
3.033,0.907530964158958,300,13,-150
3.0335,0.846851046516379,300,13,-150
3.034,0.772815781985942,300,13,-150
3.0345,0.686592750915816,300,13,-150
3.035,0.58954174201312,300,13,-150
3.0355,0.483193307663711,300,13,-150
3.036,0.369224626206754,300,13,-150
3.0365,0.249433051830418,300,13,-150
3.037,0.125707769222633,300,13,-150
3.0375,2.63705288058744e-14,300,13,-150
3.038,-0.125707769222581,300,13,-150
3.0385,-0.249433051830366,300,13,-150
3.039,-0.369224626206705,300,13,-150
3.0395,-0.483193307663664,300,13,-150
3.04,-0.589541742013078,300,13,-150
3.0405,-0.686592750915778,300,13,-150
3.041,-0.772815781985909,300,13,-150
3.0415,-0.846851046516352,300,13,-150
3.042,-0.907530964158937,300,13,-150
3.0425,-0.953898576364015,300,13,-150
3.043,-0.985222638188444,300,13,-150
3.0435,-1.00100915046516,300,13,-150
3.044,-1.00100915046517,300,13,-150
3.0445,-0.985222638188451,300,13,-150
3.045,-0.953898576364027,300,13,-150
3.0455,-0.907530964158955,300,13,-150
3.046,-0.846851046516376,300,13,-150
3.0465,-0.77281578198594,300,13,-150
3.047,-0.686592750915817,300,13,-150
3.0475,-0.589541742013122,300,13,-150
3.048,-0.483193307663715,300,13,-150
3.0485,-0.36922462620676,300,13,-150
3.049,-0.249433051830424,300,13,-150
3.0495,-0.125707769222639,300,13,-150
3.05,-3.12249819100011e-14,300,13,-150
3.0505,0.125707769222578,300,13,-150
3.051,0.249433051830366,300,13,-150
3.0515,0.369224626206707,300,13,-150
3.052,0.483193307663667,300,13,-150
3.0525,0.58954174201308,300,13,-150
3.053,0.68659275091578,300,13,-150
3.0535,0.77281578198591,300,13,-150
3.054,0.846851046516351,300,13,-150
3.0545,0.907530964158935,300,13,-150
3.055,0.953898576364013,300,13,-150
3.0555,0.985222638188441,300,13,-150
3.056,1.00100915046516,300,13,-150
3.0565,1.00100915046516,300,13,-150
3.057,0.98522263818845,300,13,-150
3.0575,0.953898576364027,300,13,-150
3.058,0.907530964158954,300,13,-150
3.0585,0.846851046516374,300,13,-150
3.059,0.772815781985936,300,13,-150
3.0595,0.68659275091581,300,13,-150
3.06,0.589541742013112,300,13,-150
3.0605,0.483193307663703,300,13,-150
3.061,0.369224626206748,300,13,-150
3.0615,0.249433051830413,300,13,-150
3.062,0.12570776922263,300,13,-150
3.0625,2.65002904064005e-14,300,13,-150
3.063,-0.125707769222578,300,13,-150
3.0635,-0.249433051830361,300,13,-150
3.064,-0.369224626206698,300,13,-150
3.0645,-0.483193307663656,300,13,-150
3.065,-0.589541742013069,300,13,-150
3.0655,-0.68659275091577,300,13,-150
3.066,-0.772815781985903,300,13,-150
3.0665,-0.846851046516346,300,13,-150
3.067,-0.907530964158933,300,13,-150
3.0675,-0.953898576364013,300,13,-150
3.068,-0.985222638188443,300,13,-150
3.0685,-1.00100915046516,300,13,-150
3.069,-1.00100915046517,300,13,-150
3.0695,-0.985222638188453,300,13,-150
3.07,-0.95389857636403,300,13,-150
3.0705,-0.907530964158958,300,13,-150
3.071,-0.84685104651638,300,13,-150
3.0715,-0.772815781985945,300,13,-150
3.072,-0.686592750915822,300,13,-150
3.0725,-0.589541742013128,300,13,-150
3.073,-0.483193307663722,300,13,-150
3.0735,-0.369224626206767,300,13,-150
3.074,-0.249433051830431,300,13,-150
3.0745,-0.125707769222646,300,13,-150
3.075,-3.84902905730409e-14,300,13,-150
3.0755,0.12570776922257,300,13,-150
3.076,0.249433051830359,300,13,-150
3.0765,0.3692246262067,300,13,-150
3.077,0.48319330766366,300,13,-150
3.0775,0.589541742013074,300,13,-150
3.078,0.686592750915776,300,13,-150
3.0785,0.772815781985906,300,13,-150
3.079,0.846851046516348,300,13,-150
3.0795,0.907530964158932,300,13,-150
3.08,0.953898576364011,300,13,-150
3.0805,0.985222638188439,300,13,-150
3.081,1.00100915046516,300,13,-150
3.0815,1.00100915046516,300,13,-150
3.082,0.985222638188451,300,13,-150
3.0825,0.953898576364029,300,13,-150
3.083,0.907530964158958,300,13,-150
3.0835,0.846851046516379,300,13,-150
3.084,0.772815781985943,300,13,-150
3.0845,0.686592750915817,300,13,-150
3.085,0.589541742013121,300,13,-150
3.0855,0.483193307663712,300,13,-150
3.086,0.369224626206755,300,13,-150
3.0865,0.249411684758227,300,13,-150
3.087,0.125648558785242,300,13,-150
3.0875,-8.59706949896584e-05,300,13,-150
3.088,-0.125755365802097,300,13,-150
3.0885,-0.249304617403681,300,13,-150
3.089,-0.368714308240688,300,13,-150
3.0895,-0.482066512209304,300,13,-150
3.09,-0.587613003748044,300,13,-150
3.0905,-0.683830773997629,300,13,-150
3.091,-0.769448092131399,300,13,-150
3.0915,-0.843428284591311,300,13,-150
3.092,-0.904908440132523,300,13,-150
3.0925,-0.953104666330462,300,13,-150
3.093,-0.987210569555624,300,13,-150
3.0935,-1.00632635673203,300,13,-150
3.094,-1.00945765580649,300,13,-150
3.0945,-0.995612992248934,300,13,-150
3.095,-0.96400719647192,300,13,-150
3.0955,-0.914348878940219,300,13,-150
3.096,-0.84716057043454,300,13,-150
3.0965,-0.764058617165446,300,13,-150
3.097,-0.66791388363396,300,13,-150
3.0975,-0.562827846925364,300,13,-150
3.098,-0.453890905330231,300,13,-150
3.0985,-0.346734552465278,300,13,-150
3.099,-0.246936321890435,300,13,-150
3.0995,-0.159374371864202,300,13,-150
