0.000000,0.000000,150.000000,10.619995,-150.000000
0.000200,0.003176,150.000000,10.619995,-150.000000
0.000400,0.019774,150.000000,10.619995,-150.000000
0.000600,0.050041,150.000000,10.619995,-150.000000
0.000800,0.084577,150.000000,10.619995,-150.000000
0.001000,0.109304,150.000000,10.619995,-150.000000
0.001200,0.109813,150.000000,10.619995,-150.000000
0.001400,0.074772,150.000000,10.619995,-150.000000
0.001600,-0.001805,150.000000,10.619995,-150.000000
0.001800,-0.119486,150.000000,10.619995,-150.000000
0.002000,-0.271489,150.000000,10.619995,-150.000000
0.002200,-0.445729,150.000000,10.619995,-150.000000
0.002400,-0.626559,150.000000,10.619995,-150.000000
0.002600,-0.796924,150.000000,10.619995,-150.000000
0.002800,-0.940592,150.000000,10.619995,-150.000000
0.003000,-1.044164,150.000000,10.619995,-150.000000
0.003200,-1.098611,150.000000,10.619995,-150.000000
0.003400,-1.100177,150.000000,10.619995,-150.000000
0.003600,-1.050572,150.000000,10.619995,-150.000000
0.003800,-0.956459,150.000000,10.619995,-150.000000
0.004000,-0.828372,150.000000,10.619995,-150.000000
0.004200,-0.679218,150.000000,10.619995,-150.000000
0.004400,-0.522607,150.000000,10.619995,-150.000000
0.004600,-0.371244,150.000000,10.619995,-150.000000
0.004800,-0.235618,150.000000,10.619995,-150.000000
0.005000,-0.123153,150.000000,10.619995,-150.000000
0.005200,-0.037923,150.000000,10.619995,-150.000000
0.005400,0.018768,150.000000,10.619995,-150.000000
0.005600,0.047346,150.000000,10.619995,-150.000000
0.005800,0.049695,150.000000,10.619995,-150.000000
0.006000,0.028975,150.000000,10.619995,-150.000000
0.006200,-0.010593,150.000000,10.619995,-150.000000
0.006400,-0.063984,150.000000,10.619995,-150.000000
0.006600,-0.125640,150.000000,10.619995,-150.000000
0.006800,-0.189748,150.000000,10.619995,-150.000000
0.007000,-0.250523,150.000000,10.619995,-150.000000
0.007200,-0.302464,150.000000,10.619995,-150.000000
0.007400,-0.340599,150.000000,10.619995,-150.000000
0.007600,-0.360684,150.000000,10.619995,-150.000000
0.007800,-0.359377,150.000000,10.619995,-150.000000
0.008000,-0.334353,150.000000,10.619995,-150.000000
0.008200,-0.284384,150.000000,10.619995,-150.000000
0.008400,-0.209361,150.000000,10.619995,-150.000000
0.008600,-0.110280,150.000000,10.619995,-150.000000
0.008800,0.010826,150.000000,10.619995,-150.000000
0.009000,0.150991,150.000000,10.619995,-150.000000
0.009200,0.306451,150.000000,10.619995,-150.000000
0.009400,0.472808,150.000000,10.619995,-150.000000
0.009600,0.645213,150.000000,10.619995,-150.000000
0.009800,0.818565,150.000000,10.619995,-150.000000
0.010000,0.987702,150.000000,10.619995,-150.000000
0.010200,1.147600,150.000000,10.619995,-150.000000
0.010400,1.293554,150.000000,10.619995,-150.000000
0.010600,1.421342,150.000000,10.619995,-150.000000
0.010800,1.527370,150.000000,10.619995,-150.000000
0.011000,1.608784,150.000000,10.619995,-150.000000
0.011200,1.663556,150.000000,10.619995,-150.000000
0.011400,1.690537,150.000000,10.619995,-150.000000
0.011600,1.689476,150.000000,10.619995,-150.000000
0.011800,1.661012,150.000000,10.619995,-150.000000
0.012000,1.606628,150.000000,10.619995,-150.000000
0.012200,1.528585,150.000000,10.619995,-150.000000
0.012400,1.429826,150.000000,10.619995,-150.000000
0.012600,1.313865,150.000000,10.619995,-150.000000
0.012800,1.184657,150.000000,10.619995,-150.000000
0.013000,1.046455,150.000000,10.619995,-150.000000
0.013200,0.903670,150.000000,10.619995,-150.000000
0.013400,0.760720,150.000000,10.619995,-150.000000
0.013600,0.621887,150.000000,10.619995,-150.000000
0.013800,0.491186,150.000000,10.619995,-150.000000
0.014000,0.372239,150.000000,10.619995,-150.000000
0.014200,0.268168,150.000000,10.619995,-150.000000
0.014400,0.181509,150.000000,10.619995,-150.000000
0.014600,0.114145,150.000000,10.619995,-150.000000
0.014800,0.067257,150.000000,10.619995,-150.000000
0.015000,0.041305,150.000000,10.619995,-150.000000
0.015200,0.036032,150.000000,10.619995,-150.000000
0.015400,0.050484,150.000000,10.619995,-150.000000
0.015600,0.083058,150.000000,10.619995,-150.000000
0.015800,0.131569,150.000000,10.619995,-150.000000
0.016000,0.193334,150.000000,10.619995,-150.000000
0.016200,0.265270,150.000000,10.619995,-150.000000
0.016400,0.344002,150.000000,10.619995,-150.000000
0.016600,0.425984,150.000000,10.619995,-150.000000
0.016800,0.507617,150.000000,10.619995,-150.000000
0.017000,0.585374,150.000000,10.619995,-150.000000
0.017200,0.655914,150.000000,10.619995,-150.000000
0.017400,0.716193,150.000000,10.619995,-150.000000
0.017600,0.763565,150.000000,10.619995,-150.000000
0.017800,0.795860,150.000000,10.619995,-150.000000
0.018000,0.811460,150.000000,10.619995,-150.000000
0.018200,0.809337,150.000000,10.619995,-150.000000
0.018400,0.789088,150.000000,10.619995,-150.000000
0.018600,0.750934,150.000000,10.619995,-150.000000
0.018800,0.695711,150.000000,10.619995,-150.000000
0.019000,0.624828,150.000000,10.619995,-150.000000
0.019200,0.540213,150.000000,10.619995,-150.000000
0.019400,0.444242,150.000000,10.619995,-150.000000
0.019600,0.339648,150.000000,10.619995,-150.000000
0.019800,0.229427,150.000000,10.619995,-150.000000
0.020000,0.116733,150.000000,10.619995,-150.000000
0.020200,0.004763,150.000000,10.619995,-150.000000
0.020400,-0.103342,150.000000,10.619995,-150.000000
0.020600,-0.204609,150.000000,10.619995,-150.000000
0.020800,-0.296323,150.000000,10.619995,-150.000000
0.021000,-0.376113,150.000000,10.619995,-150.000000
0.021200,-0.442021,150.000000,10.619995,-150.000000
0.021400,-0.492555,150.000000,10.619995,-150.000000
0.021600,-0.526723,150.000000,10.619995,-150.000000
0.021800,-0.544049,150.000000,10.619995,-150.000000
0.022000,-0.544572,150.000000,10.619995,-150.000000
0.022200,-0.528820,150.000000,10.619995,-150.000000
0.022400,-0.497776,150.000000,10.619995,-150.000000
0.022600,-0.452823,150.000000,10.619995,-150.000000
0.022800,-0.395678,150.000000,10.619995,-150.000000
0.023000,-0.328322,150.000000,10.619995,-150.000000
0.023200,-0.252917,150.000000,10.619995,-150.000000
0.023400,-0.171727,150.000000,10.619995,-150.000000
0.023600,-0.087032,150.000000,10.619995,-150.000000
0.023800,-0.001056,150.000000,10.619995,-150.000000
0.024000,0.084105,150.000000,10.619995,-150.000000
0.024200,0.166541,150.000000,10.619995,-150.000000
0.024400,0.244585,150.000000,10.619995,-150.000000
0.024600,0.316839,150.000000,10.619995,-150.000000
0.024800,0.382208,150.000000,10.619995,-150.000000
0.025000,0.439904,150.000000,10.619995,-150.000000
0.025200,0.489448,150.000000,10.619995,-150.000000
0.025400,0.530653,150.000000,10.619995,-150.000000
0.025600,0.563606,150.000000,10.619995,-150.000000
0.025800,0.588630,150.000000,10.619995,-150.000000
0.026000,0.606247,150.000000,10.619995,-150.000000
0.026200,0.617141,150.000000,10.619995,-150.000000
0.026400,0.622106,150.000000,10.619995,-150.000000
0.026600,0.622009,150.000000,10.619995,-150.000000
0.026800,0.617742,150.000000,10.619995,-150.000000
0.027000,0.610187,150.000000,10.619995,-150.000000
0.027200,0.600183,150.000000,10.619995,-150.000000
0.027400,0.588494,150.000000,10.619995,-150.000000
0.027600,0.575792,150.000000,10.619995,-150.000000
0.027800,0.562637,150.000000,10.619995,-150.000000
0.028000,0.549473,150.000000,10.619995,-150.000000
0.028200,0.536623,150.000000,10.619995,-150.000000
0.028400,0.524291,150.000000,10.619995,-150.000000
0.028600,0.512570,150.000000,10.619995,-150.000000
0.028800,0.501454,150.000000,10.619995,-150.000000
0.029000,0.490850,150.000000,10.619995,-150.000000
0.029200,0.480597,150.000000,10.619995,-150.000000
0.029400,0.470483,150.000000,10.619995,-150.000000
0.029600,0.460261,150.000000,10.619995,-150.000000
0.029800,0.449673,150.000000,10.619995,-150.000000
0.030000,0.438465,150.000000,10.619995,-150.000000
0.030200,0.426409,150.000000,10.619995,-150.000000
0.030400,0.413319,150.000000,10.619995,-150.000000
0.030600,0.399067,150.000000,10.619995,-150.000000
0.030800,0.383605,150.000000,10.619995,-150.000000
0.031000,0.366974,150.000000,10.619995,-150.000000
0.031200,0.349322,150.000000,10.619995,-150.000000
0.031400,0.330914,150.000000,10.619995,-150.000000
0.031600,0.312142,150.000000,10.619995,-150.000000
0.031800,0.293529,150.000000,10.619995,-150.000000
0.032000,0.275733,150.000000,10.619995,-150.000000
0.032200,0.259545,150.000000,10.619995,-150.000000
0.032400,0.245874,150.000000,10.619995,-150.000000
0.032600,0.235742,150.000000,10.619995,-150.000000
0.032800,0.230253,150.000000,10.619995,-150.000000
0.033000,0.230570,150.000000,10.619995,-150.000000
0.033200,0.237876,150.000000,10.619995,-150.000000
0.033400,0.253330,150.000000,10.619995,-150.000000
0.033600,0.278020,150.000000,10.619995,-150.000000
0.033800,0.312907,150.000000,10.619995,-150.000000
0.034000,0.358770,150.000000,10.619995,-150.000000
0.034200,0.416142,150.000000,10.619995,-150.000000
0.034400,0.485260,150.000000,10.619995,-150.000000
0.034600,0.566006,150.000000,10.619995,-150.000000
0.034800,0.657866,150.000000,10.619995,-150.000000
0.035000,0.759895,150.000000,10.619995,-150.000000
0.035200,0.870690,150.000000,10.619995,-150.000000
0.035400,0.988392,150.000000,10.619995,-150.000000
0.035600,1.110690,150.000000,10.619995,-150.000000
0.035800,1.234860,150.000000,10.619995,-150.000000
0.036000,1.357811,150.000000,10.619995,-150.000000
0.036200,1.476163,150.000000,10.619995,-150.000000
0.036400,1.586333,150.000000,10.619995,-150.000000
0.036600,1.684647,150.000000,10.619995,-150.000000
0.036800,1.767463,150.000000,10.619995,-150.000000
0.037000,1.831301,150.000000,10.619995,-150.000000
0.037200,1.872986,150.000000,10.619995,-150.000000
0.037400,1.889780,150.000000,10.619995,-150.000000
0.037600,1.879518,150.000000,10.619995,-150.000000
0.037800,1.840728,150.000000,10.619995,-150.000000
0.038000,1.772733,150.000000,10.619995,-150.000000
0.038200,1.675732,150.000000,10.619995,-150.000000
0.038400,1.550847,150.000000,10.619995,-150.000000
0.038600,1.400146,150.000000,10.619995,-150.000000
0.038800,1.226625,150.000000,10.619995,-150.000000
0.039000,1.034158,150.000000,10.619995,-150.000000
0.039200,0.827407,150.000000,10.619995,-150.000000
0.039400,0.611696,150.000000,10.619995,-150.000000
0.039600,0.392863,150.000000,10.619995,-150.000000
0.039800,0.177071,150.000000,10.619995,-150.000000
0.040000,-0.029387,150.000000,10.619995,-150.000000
0.040200,-0.220312,150.000000,10.619995,-150.000000
0.040400,-0.389813,150.000000,10.619995,-150.000000
0.040600,-0.532531,150.000000,10.619995,-150.000000
0.040800,-0.643844,150.000000,10.619995,-150.000000
0.041000,-0.720053,150.000000,10.619995,-150.000000
0.041200,-0.758541,150.000000,10.619995,-150.000000
0.041400,-0.757896,150.000000,10.619995,-150.000000
0.041600,-0.717990,150.000000,10.619995,-150.000000
0.041800,-0.640020,150.000000,10.619995,-150.000000
0.042000,-0.526488,150.000000,10.619995,-150.000000
0.042200,-0.381146,150.000000,10.619995,-150.000000
0.042400,-0.208884,150.000000,10.619995,-150.000000
0.042600,-0.015579,150.000000,10.619995,-150.000000
0.042800,0.192098,150.000000,10.619995,-150.000000
0.043000,0.406907,150.000000,10.619995,-150.000000
0.043200,0.621283,150.000000,10.619995,-150.000000
0.043400,0.827601,150.000000,10.619995,-150.000000
0.043600,1.018442,150.000000,10.619995,-150.000000
0.043800,1.186857,150.000000,10.619995,-150.000000
0.044000,1.326607,150.000000,10.619995,-150.000000
0.044200,1.432389,150.000000,10.619995,-150.000000
0.044400,1.500020,150.000000,10.619995,-150.000000
0.044600,1.526586,150.000000,10.619995,-150.000000
0.044800,1.510540,150.000000,10.619995,-150.000000
0.045000,1.451750,150.000000,10.619995,-150.000000
0.045200,1.351506,150.000000,10.619995,-150.000000
0.045400,1.212458,150.000000,10.619995,-150.000000
0.045600,1.038521,150.000000,10.619995,-150.000000
0.045800,0.834730,150.000000,10.619995,-150.000000
0.046000,0.607052,150.000000,10.619995,-150.000000
0.046200,0.362177,150.000000,10.619995,-150.000000
0.046400,0.107276,150.000000,10.619995,-150.000000
0.046600,-0.150242,150.000000,10.619995,-150.000000
0.046800,-0.402990,150.000000,10.619995,-150.000000
0.047000,-0.643842,150.000000,10.619995,-150.000000
0.047200,-0.866172,150.000000,10.619995,-150.000000
0.047400,-1.064054,150.000000,10.619995,-150.000000
0.047600,-1.232445,150.000000,10.619995,-150.000000
0.047800,-1.367322,150.000000,10.619995,-150.000000
0.048000,-1.465784,150.000000,10.619995,-150.000000
0.048200,-1.526107,150.000000,10.619995,-150.000000
0.048400,-1.547758,150.000000,10.619995,-150.000000
0.048600,-1.531368,150.000000,10.619995,-150.000000
0.048800,-1.478661,150.000000,10.619995,-150.000000
0.049000,-1.392351,150.000000,10.619995,-150.000000
0.049200,-1.276007,150.000000,10.619995,-150.000000
0.049400,-1.133898,150.000000,10.619995,-150.000000
0.049600,-0.970815,150.000000,10.619995,-150.000000
0.049800,-0.791891,150.000000,10.619995,-150.000000
0.050000,-0.602413,150.000000,10.619995,-150.000000
0.050200,-0.407643,150.000000,10.619995,-150.000000
0.050400,-0.212649,150.000000,10.619995,-150.000000
0.050600,-0.022158,150.000000,10.619995,-150.000000
0.050800,0.159580,150.000000,10.619995,-150.000000
0.051000,0.328887,150.000000,10.619995,-150.000000
0.051200,0.482737,150.000000,10.619995,-150.000000
0.051400,0.618800,150.000000,10.619995,-150.000000
0.051600,0.735458,150.000000,10.619995,-150.000000
0.051800,0.831795,150.000000,10.619995,-150.000000
0.052000,0.907564,150.000000,10.619995,-150.000000
0.052200,0.963123,150.000000,10.619995,-150.000000
0.052400,0.999364,150.000000,10.619995,-150.000000
0.052600,1.017624,150.000000,10.619995,-150.000000
0.052800,1.019585,150.000000,10.619995,-150.000000
0.053000,1.007171,150.000000,10.619995,-150.000000
0.053200,0.982451,150.000000,10.619995,-150.000000
0.053400,0.947537,150.000000,10.619995,-150.000000
0.053600,0.904498,150.000000,10.619995,-150.000000
0.053800,0.855286,150.000000,10.619995,-150.000000
0.054000,0.801666,150.000000,10.619995,-150.000000
0.054200,0.745176,150.000000,10.619995,-150.000000
0.054400,0.687094,150.000000,10.619995,-150.000000
0.054600,0.628422,150.000000,10.619995,-150.000000
0.054800,0.569893,150.000000,10.619995,-150.000000
0.055000,0.511983,150.000000,10.619995,-150.000000
0.055200,0.454945,150.000000,10.619995,-150.000000
0.055400,0.398845,150.000000,10.619995,-150.000000
0.055600,0.343614,150.000000,10.619995,-150.000000
0.055800,0.289102,150.000000,10.619995,-150.000000
0.056000,0.235128,150.000000,10.619995,-150.000000
0.056200,0.181543,150.000000,10.619995,-150.000000
0.056400,0.128274,150.000000,10.619995,-150.000000
0.056600,0.075371,150.000000,10.619995,-150.000000
0.056800,0.023048,150.000000,10.619995,-150.000000
0.057000,-0.028297,150.000000,10.619995,-150.000000
0.057200,-0.078062,150.000000,10.619995,-150.000000
0.057400,-0.125440,150.000000,10.619995,-150.000000
0.057600,-0.169428,150.000000,10.619995,-150.000000
0.057800,-0.208851,150.000000,10.619995,-150.000000
0.058000,-0.242394,150.000000,10.619995,-150.000000
0.058200,-0.268649,150.000000,10.619995,-150.000000
0.058400,-0.286166,150.000000,10.619995,-150.000000
0.058600,-0.293518,150.000000,10.619995,-150.000000
0.058800,-0.289362,150.000000,10.619995,-150.000000
0.059000,-0.272513,150.000000,10.619995,-150.000000
0.059200,-0.242005,150.000000,10.619995,-150.000000
0.059400,-0.197162,150.000000,10.619995,-150.000000
0.059600,-0.137650,150.000000,10.619995,-150.000000
0.059800,-0.063533,150.000000,10.619995,-150.000000
0.060000,0.024696,150.000000,10.619995,-150.000000
0.060200,0.126081,150.000000,10.619995,-150.000000
0.060400,0.239201,150.000000,10.619995,-150.000000
0.060600,0.362171,150.000000,10.619995,-150.000000
0.060800,0.492668,150.000000,10.619995,-150.000000
0.061000,0.627969,150.000000,10.619995,-150.000000
0.061200,0.765011,150.000000,10.619995,-150.000000
0.061400,0.900463,150.000000,10.619995,-150.000000
0.061600,1.030810,150.000000,10.619995,-150.000000
0.061800,1.152456,150.000000,10.619995,-150.000000
0.062000,1.261824,150.000000,10.619995,-150.000000
0.062200,1.355471,150.000000,10.619995,-150.000000
0.062400,1.430204,150.000000,10.619995,-150.000000
0.062600,1.483179,150.000000,10.619995,-150.000000
0.062800,1.512016,150.000000,10.619995,-150.000000
0.063000,1.514882,150.000000,10.619995,-150.000000
0.063200,1.490571,150.000000,10.619995,-150.000000
0.063400,1.438564,150.000000,10.619995,-150.000000
0.063600,1.359063,150.000000,10.619995,-150.000000
0.063800,1.253010,150.000000,10.619995,-150.000000
0.064000,1.122074,150.000000,10.619995,-150.000000
0.064200,0.968616,150.000000,10.619995,-150.000000
0.064400,0.795632,150.000000,10.619995,-150.000000
0.064600,0.606669,150.000000,10.619995,-150.000000
0.064800,0.405723,150.000000,10.619995,-150.000000
0.065000,0.197121,150.000000,10.619995,-150.000000
0.065200,-0.014615,150.000000,10.619995,-150.000000
0.065400,-0.224906,150.000000,10.619995,-150.000000
0.065600,-0.429261,150.000000,10.619995,-150.000000
0.065800,-0.623414,150.000000,10.619995,-150.000000
0.066000,-0.803466,150.000000,10.619995,-150.000000
0.066200,-0.965997,150.000000,10.619995,-150.000000
0.066400,-1.108170,150.000000,10.619995,-150.000000
0.066600,-1.227815,150.000000,10.619995,-150.000000
0.066800,-1.323480,150.000000,10.619995,-150.000000
0.067000,-1.394463,150.000000,10.619995,-150.000000
0.067200,-1.440806,150.000000,10.619995,-150.000000
0.067400,-1.463270,150.000000,10.619995,-150.000000
0.067600,-1.463277,150.000000,10.619995,-150.000000
0.067800,-1.442833,150.000000,10.619995,-150.000000
0.068000,-1.404421,150.000000,10.619995,-150.000000
0.068200,-1.350889,150.000000,10.619995,-150.000000
0.068400,-1.285318,150.000000,10.619995,-150.000000
0.068600,-1.210890,150.000000,10.619995,-150.000000
0.068800,-1.130754,150.000000,10.619995,-150.000000
0.069000,-1.047900,150.000000,10.619995,-150.000000
0.069200,-0.965045,150.000000,10.619995,-150.000000
0.069400,-0.884534,150.000000,10.619995,-150.000000
0.069600,-0.808265,150.000000,10.619995,-150.000000
0.069800,-0.737640,150.000000,10.619995,-150.000000
0.070000,-0.673537,150.000000,10.619995,-150.000000
0.070200,-0.616313,150.000000,10.619995,-150.000000
0.070400,-0.565832,150.000000,10.619995,-150.000000
0.070600,-0.521519,150.000000,10.619995,-150.000000
0.070800,-0.482436,150.000000,10.619995,-150.000000
0.071000,-0.447367,150.000000,10.619995,-150.000000
0.071200,-0.414928,150.000000,10.619995,-150.000000
0.071400,-0.383672,150.000000,10.619995,-150.000000
0.071600,-0.352201,150.000000,10.619995,-150.000000
0.071800,-0.319271,150.000000,10.619995,-150.000000
0.072000,-0.283882,150.000000,10.619995,-150.000000
0.072200,-0.245359,150.000000,10.619995,-150.000000
0.072400,-0.203405,150.000000,10.619995,-150.000000
0.072600,-0.158136,150.000000,10.619995,-150.000000
0.072800,-0.110088,150.000000,10.619995,-150.000000
0.073000,-0.060198,150.000000,10.619995,-150.000000
0.073200,-0.009763,150.000000,10.619995,-150.000000
0.073400,0.039633,150.000000,10.619995,-150.000000
0.073600,0.086194,150.000000,10.619995,-150.000000
0.073800,0.128025,150.000000,10.619995,-150.000000
0.074000,0.163232,150.000000,10.619995,-150.000000
0.074200,0.190041,150.000000,10.619995,-150.000000
0.074400,0.206911,150.000000,10.619995,-150.000000
0.074600,0.212630,150.000000,10.619995,-150.000000
0.074800,0.206406,150.000000,10.619995,-150.000000
0.075000,0.187936,150.000000,10.619995,-150.000000
0.075200,0.157448,150.000000,10.619995,-150.000000
0.075400,0.115718,150.000000,10.619995,-150.000000
0.075600,0.064058,150.000000,10.619995,-150.000000
0.075800,0.004277,150.000000,10.619995,-150.000000
0.076000,-0.061388,150.000000,10.619995,-150.000000
0.076200,-0.130364,150.000000,10.619995,-150.000000
0.076400,-0.199852,150.000000,10.619995,-150.000000
0.076600,-0.266955,150.000000,10.619995,-150.000000
0.076800,-0.328817,150.000000,10.619995,-150.000000
0.077000,-0.382757,150.000000,10.619995,-150.000000
0.077200,-0.426404,150.000000,10.619995,-150.000000
0.077400,-0.457819,150.000000,10.619995,-150.000000
0.077600,-0.475595,150.000000,10.619995,-150.000000
0.077800,-0.478941,150.000000,10.619995,-150.000000
0.078000,-0.467727,150.000000,10.619995,-150.000000
0.078200,-0.442509,150.000000,10.619995,-150.000000
0.078400,-0.404511,150.000000,10.619995,-150.000000
0.078600,-0.355579,150.000000,10.619995,-150.000000
0.078800,-0.298103,150.000000,10.619995,-150.000000
0.079000,-0.234908,150.000000,10.619995,-150.000000
0.079200,-0.169125,150.000000,10.619995,-150.000000
0.079400,-0.104038,150.000000,10.619995,-150.000000
0.079600,-0.042930,150.000000,10.619995,-150.000000
0.079800,0.011087,150.000000,10.619995,-150.000000
0.080000,0.055226,150.000000,10.619995,-150.000000
0.080200,0.087173,150.000000,10.619995,-150.000000
0.080400,0.105214,150.000000,10.619995,-150.000000
0.080600,0.108338,150.000000,10.619995,-150.000000
0.080800,0.096306,150.000000,10.619995,-150.000000
0.081000,0.069681,150.000000,10.619995,-150.000000
0.081200,0.029832,150.000000,10.619995,-150.000000
0.081400,-0.021109,150.000000,10.619995,-150.000000
0.081600,-0.080329,150.000000,10.619995,-150.000000
0.081800,-0.144439,150.000000,10.619995,-150.000000
0.082000,-0.209619,150.000000,10.619995,-150.000000
0.082200,-0.271778,150.000000,10.619995,-150.000000
0.082400,-0.326737,150.000000,10.619995,-150.000000
0.082600,-0.370413,150.000000,10.619995,-150.000000
0.082800,-0.399006,150.000000,10.619995,-150.000000
0.083000,-0.409175,150.000000,10.619995,-150.000000
0.083200,-0.398203,150.000000,10.619995,-150.000000
0.083400,-0.364126,150.000000,10.619995,-150.000000
0.083600,-0.305841,150.000000,10.619995,-150.000000
0.083800,-0.223175,150.000000,10.619995,-150.000000
0.084000,-0.116912,150.000000,10.619995,-150.000000
0.084200,0.011218,150.000000,10.619995,-150.000000
0.084400,0.158586,150.000000,10.619995,-150.000000
0.084600,0.321764,150.000000,10.619995,-150.000000
0.084800,0.496636,150.000000,10.619995,-150.000000
0.085000,0.678565,150.000000,10.619995,-150.000000
0.085200,0.862559,150.000000,10.619995,-150.000000
0.085400,1.043467,150.000000,10.619995,-150.000000
0.085600,1.216173,150.000000,10.619995,-150.000000
0.085800,1.375795,150.000000,10.619995,-150.000000
0.086000,1.517863,150.000000,10.619995,-150.000000
0.086200,1.638493,150.000000,10.619995,-150.000000
0.086400,1.734522,150.000000,10.619995,-150.000000
0.086600,1.803621,150.000000,10.619995,-150.000000
0.086800,1.844370,150.000000,10.619995,-150.000000
0.087000,1.856291,150.000000,10.619995,-150.000000
0.087200,1.839852,150.000000,10.619995,-150.000000
0.087400,1.796423,150.000000,10.619995,-150.000000
0.087600,1.728198,150.000000,10.619995,-150.000000
0.087800,1.638095,150.000000,10.619995,-150.000000
0.088000,1.529614,150.000000,10.619995,-150.000000
0.088200,1.406690,150.000000,10.619995,-150.000000
0.088400,1.273526,150.000000,10.619995,-150.000000
0.088600,1.134419,150.000000,10.619995,-150.000000
0.088800,0.993597,150.000000,10.619995,-150.000000
0.089000,0.855058,150.000000,10.619995,-150.000000
0.089200,0.722433,150.000000,10.619995,-150.000000
0.089400,0.598860,150.000000,10.619995,-150.000000
0.089600,0.486901,150.000000,10.619995,-150.000000
0.089800,0.388476,150.000000,10.619995,-150.000000
0.090000,0.304833,150.000000,10.619995,-150.000000
0.090200,0.236553,150.000000,10.619995,-150.000000
0.090400,0.183578,150.000000,10.619995,-150.000000
0.090600,0.145276,150.000000,10.619995,-150.000000
0.090800,0.120517,150.000000,10.619995,-150.000000
0.091000,0.107781,150.000000,10.619995,-150.000000
0.091200,0.105268,150.000000,10.619995,-150.000000
0.091400,0.111014,150.000000,10.619995,-150.000000
0.091600,0.123017,150.000000,10.619995,-150.000000
0.091800,0.139342,150.000000,10.619995,-150.000000
0.092000,0.158224,150.000000,10.619995,-150.000000
0.092200,0.178149,150.000000,10.619995,-150.000000
0.092400,0.197918,150.000000,10.619995,-150.000000
0.092600,0.216679,150.000000,10.619995,-150.000000
0.092800,0.233945,150.000000,10.619995,-150.000000
0.093000,0.249576,150.000000,10.619995,-150.000000
0.093200,0.263750,150.000000,10.619995,-150.000000
0.093400,0.276898,150.000000,10.619995,-150.000000
0.093600,0.289633,150.000000,10.619995,-150.000000
0.093800,0.302666,150.000000,10.619995,-150.000000
0.094000,0.316709,150.000000,10.619995,-150.000000
0.094200,0.332377,150.000000,10.619995,-150.000000
0.094400,0.350106,150.000000,10.619995,-150.000000
0.094600,0.370062,150.000000,10.619995,-150.000000
0.094800,0.392085,150.000000,10.619995,-150.000000
0.095000,0.415636,150.000000,10.619995,-150.000000
0.095200,0.439777,150.000000,10.619995,-150.000000
0.095400,0.463173,150.000000,10.619995,-150.000000
0.095600,0.484122,150.000000,10.619995,-150.000000
0.095800,0.500602,150.000000,10.619995,-150.000000
0.096000,0.510356,150.000000,10.619995,-150.000000
0.096200,0.510986,150.000000,10.619995,-150.000000
0.096400,0.500071,150.000000,10.619995,-150.000000
0.096600,0.475289,150.000000,10.619995,-150.000000
0.096800,0.434554,150.000000,10.619995,-150.000000
0.097000,0.376144,150.000000,10.619995,-150.000000
0.097200,0.298830,150.000000,10.619995,-150.000000
0.097400,0.201984,150.000000,10.619995,-150.000000
0.097600,0.085675,150.000000,10.619995,-150.000000
0.097800,-0.049263,150.000000,10.619995,-150.000000
0.098000,-0.201191,150.000000,10.619995,-150.000000
0.098200,-0.367657,150.000000,10.619995,-150.000000
0.098400,-0.545417,150.000000,10.619995,-150.000000
0.098600,-0.730498,150.000000,10.619995,-150.000000
0.098800,-0.918283,150.000000,10.619995,-150.000000
0.099000,-1.103638,150.000000,10.619995,-150.000000
0.099200,-1.281055,150.000000,10.619995,-150.000000
0.099400,-1.444828,150.000000,10.619995,-150.000000
0.099600,-1.589230,150.000000,10.619995,-150.000000
0.099800,-1.708718,150.000000,10.619995,-150.000000
0.100000,-1.798126,150.000000,10.619995,-150.000000
0.100200,-1.852858,150.000000,10.619995,-150.000000
0.100400,-1.869069,150.000000,10.619995,-150.000000
0.100600,-1.843831,150.000000,10.619995,-150.000000
0.100800,-1.775263,150.000000,10.619995,-150.000000
0.101000,-1.662641,150.000000,10.619995,-150.000000
0.101200,-1.506468,150.000000,10.619995,-150.000000
0.101400,-1.308505,150.000000,10.619995,-150.000000
0.101600,-1.071766,150.000000,10.619995,-150.000000
0.101800,-0.800464,150.000000,10.619995,-150.000000
0.102000,-0.499931,150.000000,10.619995,-150.000000
0.102200,-0.176484,150.000000,10.619995,-150.000000
0.102400,0.162727,150.000000,10.619995,-150.000000
0.102600,0.509911,150.000000,10.619995,-150.000000
0.102800,0.856845,150.000000,10.619995,-150.000000
0.103000,1.195102,150.000000,10.619995,-150.000000
0.103200,1.516286,150.000000,10.619995,-150.000000
0.103400,1.812273,150.000000,10.619995,-150.000000
0.103600,2.075443,150.000000,10.619995,-150.000000
0.103800,2.298898,150.000000,10.619995,-150.000000
0.104000,2.476670,150.000000,10.619995,-150.000000
0.104200,2.603890,150.000000,10.619995,-150.000000
0.104400,2.676934,150.000000,10.619995,-150.000000
0.104600,2.693535,150.000000,10.619995,-150.000000
0.104800,2.652850,150.000000,10.619995,-150.000000
0.105000,2.555497,150.000000,10.619995,-150.000000
0.105200,2.403535,150.000000,10.619995,-150.000000
0.105400,2.200421,150.000000,10.619995,-150.000000
0.105600,1.950918,150.000000,10.619995,-150.000000
0.105800,1.660966,150.000000,10.619995,-150.000000
0.106000,1.337525,150.000000,10.619995,-150.000000
0.106200,0.988389,150.000000,10.619995,-150.000000
0.106400,0.621980,150.000000,10.619995,-150.000000
0.106600,0.247121,150.000000,10.619995,-150.000000
0.106800,-0.127197,150.000000,10.619995,-150.000000
0.107000,-0.492047,150.000000,10.619995,-150.000000
0.107200,-0.838804,150.000000,10.619995,-150.000000
0.107400,-1.159365,150.000000,10.619995,-150.000000
0.107600,-1.446353,150.000000,10.619995,-150.000000
0.107800,-1.693303,150.000000,10.619995,-150.000000
0.108000,-1.894820,150.000000,10.619995,-150.000000
0.108200,-2.046705,150.000000,10.619995,-150.000000
0.108400,-2.146047,150.000000,10.619995,-150.000000
0.108600,-2.191280,150.000000,10.619995,-150.000000
0.108800,-2.182205,150.000000,10.619995,-150.000000
0.109000,-2.119973,150.000000,10.619995,-150.000000
0.109200,-2.007028,150.000000,10.619995,-150.000000
0.109400,-1.847023,150.000000,10.619995,-150.000000
0.109600,-1.644700,150.000000,10.619995,-150.000000
0.109800,-1.405741,150.000000,10.619995,-150.000000
0.110000,-1.136602,150.000000,10.619995,-150.000000
0.110200,-0.844322,150.000000,10.619995,-150.000000
0.110400,-0.536324,150.000000,10.619995,-150.000000
0.110600,-0.220205,150.000000,10.619995,-150.000000
0.110800,0.096471,150.000000,10.619995,-150.000000
0.111000,0.406376,150.000000,10.619995,-150.000000
0.111200,0.702610,150.000000,10.619995,-150.000000
0.111400,0.978882,150.000000,10.619995,-150.000000
0.111600,1.229660,150.000000,10.619995,-150.000000
0.111800,1.450304,150.000000,10.619995,-150.000000
0.112000,1.637166,150.000000,10.619995,-150.000000
0.112200,1.787661,150.000000,10.619995,-150.000000
0.112400,1.900305,150.000000,10.619995,-150.000000
0.112600,1.974714,150.000000,10.619995,-150.000000
0.112800,2.011582,150.000000,10.619995,-150.000000
0.113000,2.012609,150.000000,10.619995,-150.000000
0.113200,1.980422,150.000000,10.619995,-150.000000
0.113400,1.918446,150.000000,10.619995,-150.000000
0.113600,1.830776,150.000000,10.619995,-150.000000
0.113800,1.722014,150.000000,10.619995,-150.000000
0.114000,1.597102,150.000000,10.619995,-150.000000
0.114200,1.461152,150.000000,10.619995,-150.000000
0.114400,1.319266,150.000000,10.619995,-150.000000
0.114600,1.176372,150.000000,10.619995,-150.000000
0.114800,1.037063,150.000000,10.619995,-150.000000
0.115000,0.905458,150.000000,10.619995,-150.000000
0.115200,0.785079,150.000000,10.619995,-150.000000
0.115400,0.678756,150.000000,10.619995,-150.000000
0.115600,0.588560,150.000000,10.619995,-150.000000
0.115800,0.515760,150.000000,10.619995,-150.000000
0.116000,0.460821,150.000000,10.619995,-150.000000
0.116200,0.423417,150.000000,10.619995,-150.000000
0.116400,0.402491,150.000000,10.619995,-150.000000
0.116600,0.396322,150.000000,10.619995,-150.000000
0.116800,0.402634,150.000000,10.619995,-150.000000
0.117000,0.418707,150.000000,10.619995,-150.000000
0.117200,0.441514,150.000000,10.619995,-150.000000
0.117400,0.467861,150.000000,10.619995,-150.000000
0.117600,0.494528,150.000000,10.619995,-150.000000
0.117800,0.518414,150.000000,10.619995,-150.000000
0.118000,0.536666,150.000000,10.619995,-150.000000
0.118200,0.546799,150.000000,10.619995,-150.000000
0.118400,0.546794,150.000000,10.619995,-150.000000
0.118600,0.535180,150.000000,10.619995,-150.000000
0.118800,0.511083,150.000000,10.619995,-150.000000
0.119000,0.474252,150.000000,10.619995,-150.000000
0.119200,0.425061,150.000000,10.619995,-150.000000
0.119400,0.364477,150.000000,10.619995,-150.000000
0.119600,0.294006,150.000000,10.619995,-150.000000
0.119800,0.215618,150.000000,10.619995,-150.000000
0.120000,0.131648,150.000000,10.619995,-150.000000
0.120200,0.044689,150.000000,10.619995,-150.000000
0.120400,-0.042533,150.000000,10.619995,-150.000000
0.120600,-0.127280,150.000000,10.619995,-150.000000
0.120800,-0.206926,150.000000,10.619995,-150.000000
0.121000,-0.279074,150.000000,10.619995,-150.000000
0.121200,-0.341660,150.000000,10.619995,-150.000000
0.121400,-0.393039,150.000000,10.619995,-150.000000
0.121600,-0.432052,150.000000,10.619995,-150.000000
0.121800,-0.458070,150.000000,10.619995,-150.000000
0.122000,-0.471014,150.000000,10.619995,-150.000000
0.122200,-0.471342,150.000000,10.619995,-150.000000
0.122400,-0.460023,150.000000,10.619995,-150.000000
0.122600,-0.438476,150.000000,10.619995,-150.000000
0.122800,-0.408495,150.000000,10.619995,-150.000000
0.123000,-0.372157,150.000000,10.619995,-150.000000
0.123200,-0.331714,150.000000,10.619995,-150.000000
0.123400,-0.289483,150.000000,10.619995,-150.000000
0.123600,-0.247730,150.000000,10.619995,-150.000000
0.123800,-0.208562,150.000000,10.619995,-150.000000
0.124000,-0.173823,150.000000,10.619995,-150.000000
0.124200,-0.145010,150.000000,10.619995,-150.000000
0.124400,-0.123205,150.000000,10.619995,-150.000000
0.124600,-0.109027,150.000000,10.619995,-150.000000
0.124800,-0.102611,150.000000,10.619995,-150.000000
0.125000,-0.103607,150.000000,10.619995,-150.000000
0.125200,-0.111214,150.000000,10.619995,-150.000000
0.125400,-0.124222,150.000000,10.619995,-150.000000
0.125600,-0.141093,150.000000,10.619995,-150.000000
0.125800,-0.160042,150.000000,10.619995,-150.000000
0.126000,-0.179147,150.000000,10.619995,-150.000000
0.126200,-0.196454,150.000000,10.619995,-150.000000
0.126400,-0.210091,150.000000,10.619995,-150.000000
0.126600,-0.218381,150.000000,10.619995,-150.000000
0.126800,-0.219939,150.000000,10.619995,-150.000000
0.127000,-0.213761,150.000000,10.619995,-150.000000
0.127200,-0.199295,150.000000,10.619995,-150.000000
0.127400,-0.176485,150.000000,10.619995,-150.000000
0.127600,-0.145795,150.000000,10.619995,-150.000000
0.127800,-0.108204,150.000000,10.619995,-150.000000
0.128000,-0.065179,150.000000,10.619995,-150.000000
0.128200,-0.018620,150.000000,10.619995,-150.000000
0.128400,0.029223,150.000000,10.619995,-150.000000
0.128600,0.075841,150.000000,10.619995,-150.000000
0.128800,0.118582,150.000000,10.619995,-150.000000
0.129000,0.154771,150.000000,10.619995,-150.000000
0.129200,0.181842,150.000000,10.619995,-150.000000
0.129400,0.197458,150.000000,10.619995,-150.000000
0.129600,0.199634,150.000000,10.619995,-150.000000
0.129800,0.186842,150.000000,10.619995,-150.000000
0.130000,0.158098,150.000000,10.619995,-150.000000
0.130200,0.113032,150.000000,10.619995,-150.000000
0.130400,0.051925,150.000000,10.619995,-150.000000
0.130600,-0.024269,150.000000,10.619995,-150.000000
0.130800,-0.113946,150.000000,10.619995,-150.000000
0.131000,-0.214882,150.000000,10.619995,-150.000000
0.131200,-0.324311,150.000000,10.619995,-150.000000
0.131400,-0.439006,150.000000,10.619995,-150.000000
0.131600,-0.555396,150.000000,10.619995,-150.000000
0.131800,-0.669689,150.000000,10.619995,-150.000000
0.132000,-0.778005,150.000000,10.619995,-150.000000
0.132200,-0.876521,150.000000,10.619995,-150.000000
0.132400,-0.961607,150.000000,10.619995,-150.000000
0.132600,-1.029959,150.000000,10.619995,-150.000000
0.132800,-1.078720,150.000000,10.619995,-150.000000
0.133000,-1.105584,150.000000,10.619995,-150.000000
0.133200,-1.108883,150.000000,10.619995,-150.000000
0.133400,-1.087644,150.000000,10.619995,-150.000000
0.133600,-1.041628,150.000000,10.619995,-150.000000
0.133800,-0.971341,150.000000,10.619995,-150.000000
0.134000,-0.878016,150.000000,10.619995,-150.000000
0.134200,-0.763576,150.000000,10.619995,-150.000000
0.134400,-0.630571,150.000000,10.619995,-150.000000
0.134600,-0.482096,150.000000,10.619995,-150.000000
0.134800,-0.321692,150.000000,10.619995,-150.000000
0.135000,-0.153237,150.000000,10.619995,-150.000000
0.135200,0.019171,150.000000,10.619995,-150.000000
0.135400,0.191339,150.000000,10.619995,-150.000000
0.135600,0.359095,150.000000,10.619995,-150.000000
0.135800,0.518409,150.000000,10.619995,-150.000000
0.136000,0.665498,150.000000,10.619995,-150.000000
0.136200,0.796929,150.000000,10.619995,-150.000000
0.136400,0.909697,150.000000,10.619995,-150.000000
0.136600,1.001295,150.000000,10.619995,-150.000000
0.136800,1.069770,150.000000,10.619995,-150.000000
0.137000,1.113758,150.000000,10.619995,-150.000000
0.137200,1.132499,150.000000,10.619995,-150.000000
0.137400,1.125843,150.000000,10.619995,-150.000000
0.137600,1.094240,150.000000,10.619995,-150.000000
0.137800,1.038709,150.000000,10.619995,-150.000000
0.138000,0.960803,150.000000,10.619995,-150.000000
0.138200,0.862562,150.000000,10.619995,-150.000000
0.138400,0.746449,150.000000,10.619995,-150.000000
0.138600,0.615296,150.000000,10.619995,-150.000000
0.138800,0.472223,150.000000,10.619995,-150.000000
0.139000,0.320573,150.000000,10.619995,-150.000000
0.139200,0.163835,150.000000,10.619995,-150.000000
0.139400,0.005562,150.000000,10.619995,-150.000000
0.139600,-0.150701,150.000000,10.619995,-150.000000
0.139800,-0.301492,150.000000,10.619995,-150.000000
0.140000,-0.443511,150.000000,10.619995,-150.000000
0.140200,-0.573684,150.000000,10.619995,-150.000000
0.140400,-0.689237,150.000000,10.619995,-150.000000
0.140600,-0.787749,150.000000,10.619995,-150.000000
0.140800,-0.867213,150.000000,10.619995,-150.000000
0.141000,-0.926080,150.000000,10.619995,-150.000000
0.141200,-0.963303,150.000000,10.619995,-150.000000
0.141400,-0.978361,150.000000,10.619995,-150.000000
0.141600,-0.971279,150.000000,10.619995,-150.000000
0.141800,-0.942635,150.000000,10.619995,-150.000000
0.142000,-0.893553,150.000000,10.619995,-150.000000
0.142200,-0.825682,150.000000,10.619995,-150.000000
0.142400,-0.741162,150.000000,10.619995,-150.000000
0.142600,-0.642575,150.000000,10.619995,-150.000000
0.142800,-0.532884,150.000000,10.619995,-150.000000
0.143000,-0.415356,150.000000,10.619995,-150.000000
0.143200,-0.293480,150.000000,10.619995,-150.000000
0.143400,-0.170870,150.000000,10.619995,-150.000000
0.143600,-0.051163,150.000000,10.619995,-150.000000
0.143800,0.062083,150.000000,10.619995,-150.000000
0.144000,0.165497,150.000000,10.619995,-150.000000
0.144200,0.255999,150.000000,10.619995,-150.000000
0.144400,0.330890,150.000000,10.619995,-150.000000
0.144600,0.387946,150.000000,10.619995,-150.000000
0.144800,0.425485,150.000000,10.619995,-150.000000
0.145000,0.442427,150.000000,10.619995,-150.000000
0.145200,0.438329,150.000000,10.619995,-150.000000
0.145400,0.413406,150.000000,10.619995,-150.000000
0.145600,0.368524,150.000000,10.619995,-150.000000
0.145800,0.305174,150.000000,10.619995,-150.000000
0.146000,0.225426,150.000000,10.619995,-150.000000
0.146200,0.131860,150.000000,10.619995,-150.000000
0.146400,0.027478,150.000000,10.619995,-150.000000
0.146600,-0.084392,150.000000,10.619995,-150.000000
0.146800,-0.200213,150.000000,10.619995,-150.000000
0.147000,-0.316359,150.000000,10.619995,-150.000000
0.147200,-0.429232,150.000000,10.619995,-150.000000
0.147400,-0.535393,150.000000,10.619995,-150.000000
0.147600,-0.631669,150.000000,10.619995,-150.000000
0.147800,-0.715263,150.000000,10.619995,-150.000000
0.148000,-0.783846,150.000000,10.619995,-150.000000
0.148200,-0.835625,150.000000,10.619995,-150.000000
0.148400,-0.869403,150.000000,10.619995,-150.000000
0.148600,-0.884606,150.000000,10.619995,-150.000000
0.148800,-0.881293,150.000000,10.619995,-150.000000
0.149000,-0.860141,150.000000,10.619995,-150.000000
0.149200,-0.822412,150.000000,10.619995,-150.000000
0.149400,-0.769889,150.000000,10.619995,-150.000000
0.149600,-0.704812,150.000000,10.619995,-150.000000
0.149800,-0.629779,150.000000,10.619995,-150.000000
0.150000,-0.547655,150.000000,10.619995,-150.000000
0.150200,-0.461463,150.000000,10.619995,-150.000000
0.150400,-0.374273,150.000000,10.619995,-150.000000
0.150600,-0.289102,150.000000,10.619995,-150.000000
0.150800,-0.208805,150.000000,10.619995,-150.000000
0.151000,-0.135993,150.000000,10.619995,-150.000000
0.151200,-0.072948,150.000000,10.619995,-150.000000
0.151400,-0.021559,150.000000,10.619995,-150.000000
0.151600,0.016718,150.000000,10.619995,-150.000000
0.151800,0.040896,150.000000,10.619995,-150.000000
0.152000,0.050465,150.000000,10.619995,-150.000000
0.152200,0.045384,150.000000,10.619995,-150.000000
0.152400,0.026061,150.000000,10.619995,-150.000000
0.152600,-0.006686,150.000000,10.619995,-150.000000
0.152800,-0.051680,150.000000,10.619995,-150.000000
0.153000,-0.107440,150.000000,10.619995,-150.000000
0.153200,-0.172251,150.000000,10.619995,-150.000000
0.153400,-0.244227,150.000000,10.619995,-150.000000
0.153600,-0.321386,150.000000,10.619995,-150.000000
0.153800,-0.401709,150.000000,10.619995,-150.000000
0.154000,-0.483210,150.000000,10.619995,-150.000000
0.154200,-0.563982,150.000000,10.619995,-150.000000
0.154400,-0.642250,150.000000,10.619995,-150.000000
0.154600,-0.716402,150.000000,10.619995,-150.000000
0.154800,-0.785015,150.000000,10.619995,-150.000000
0.155000,-0.846874,150.000000,10.619995,-150.000000
0.155200,-0.900974,150.000000,10.619995,-150.000000
0.155400,-0.946519,150.000000,10.619995,-150.000000
0.155600,-0.982911,150.000000,10.619995,-150.000000
0.155800,-1.009732,150.000000,10.619995,-150.000000
0.156000,-1.026727,150.000000,10.619995,-150.000000
0.156200,-1.033776,150.000000,10.619995,-150.000000
0.156400,-1.030873,150.000000,10.619995,-150.000000
0.156600,-1.018108,150.000000,10.619995,-150.000000
0.156800,-0.995638,150.000000,10.619995,-150.000000
0.157000,-0.963679,150.000000,10.619995,-150.000000
0.157200,-0.922492,150.000000,10.619995,-150.000000
0.157400,-0.872377,150.000000,10.619995,-150.000000
0.157600,-0.813673,150.000000,10.619995,-150.000000
0.157800,-0.746760,150.000000,10.619995,-150.000000
0.158000,-0.672070,150.000000,10.619995,-150.000000
0.158200,-0.590100,150.000000,10.619995,-150.000000
0.158400,-0.501421,150.000000,10.619995,-150.000000
0.158600,-0.406700,150.000000,10.619995,-150.000000
0.158800,-0.306710,150.000000,10.619995,-150.000000
0.159000,-0.202343,150.000000,10.619995,-150.000000
0.159200,-0.094623,150.000000,10.619995,-150.000000
0.159400,0.015295,150.000000,10.619995,-150.000000
0.159600,0.126122,150.000000,10.619995,-150.000000
0.159800,0.236446,150.000000,10.619995,-150.000000
0.160000,0.344747,150.000000,10.619995,-150.000000
0.160200,0.449419,150.000000,10.619995,-150.000000
0.160400,0.548801,150.000000,10.619995,-150.000000
0.160600,0.641215,150.000000,10.619995,-150.000000
0.160800,0.725007,150.000000,10.619995,-150.000000
0.161000,0.798600,150.000000,10.619995,-150.000000
0.161200,0.860537,150.000000,10.619995,-150.000000
0.161400,0.909544,150.000000,10.619995,-150.000000
0.161600,0.944573,150.000000,10.619995,-150.000000
0.161800,0.964858,150.000000,10.619995,-150.000000
0.162000,0.969958,150.000000,10.619995,-150.000000
0.162200,0.959793,150.000000,10.619995,-150.000000
0.162400,0.934678,150.000000,10.619995,-150.000000
0.162600,0.895338,150.000000,10.619995,-150.000000
0.162800,0.842917,150.000000,10.619995,-150.000000
0.163000,0.778971,150.000000,10.619995,-150.000000
0.163200,0.705446,150.000000,10.619995,-150.000000
0.163400,0.624647,150.000000,10.619995,-150.000000
0.163600,0.539186,150.000000,10.619995,-150.000000
0.163800,0.451917,150.000000,10.619995,-150.000000
0.164000,0.365870,150.000000,10.619995,-150.000000
0.164200,0.284157,150.000000,10.619995,-150.000000
0.164400,0.209883,150.000000,10.619995,-150.000000
0.164600,0.146050,150.000000,10.619995,-150.000000
0.164800,0.095450,150.000000,10.619995,-150.000000
0.165000,0.060571,150.000000,10.619995,-150.000000
0.165200,0.043502,150.000000,10.619995,-150.000000
0.165400,0.045843,150.000000,10.619995,-150.000000
0.165600,0.068632,150.000000,10.619995,-150.000000
0.165800,0.112286,150.000000,10.619995,-150.000000
0.166000,0.176563,150.000000,10.619995,-150.000000
0.166200,0.260533,150.000000,10.619995,-150.000000
0.166400,0.362590,150.000000,10.619995,-150.000000
0.166600,0.480470,150.000000,10.619995,-150.000000
0.166800,0.611305,150.000000,10.619995,-150.000000
0.167000,0.751698,150.000000,10.619995,-150.000000
0.167200,0.897812,150.000000,10.619995,-150.000000
0.167400,1.045493,150.000000,10.619995,-150.000000
0.167600,1.190396,150.000000,10.619995,-150.000000
0.167800,1.328131,150.000000,10.619995,-150.000000
0.168000,1.454416,150.000000,10.619995,-150.000000
0.168200,1.565227,150.000000,10.619995,-150.000000
0.168400,1.656951,150.000000,10.619995,-150.000000
0.168600,1.726528,150.000000,10.619995,-150.000000
0.168800,1.771574,150.000000,10.619995,-150.000000
0.169000,1.790487,150.000000,10.619995,-150.000000
0.169200,1.782529,150.000000,10.619995,-150.000000
0.169400,1.747876,150.000000,10.619995,-150.000000
0.169600,1.687635,150.000000,10.619995,-150.000000
0.169800,1.603828,150.000000,10.619995,-150.000000
0.170000,1.499338,150.000000,10.619995,-150.000000
0.170200,1.377824,150.000000,10.619995,-150.000000
0.170400,1.243603,150.000000,10.619995,-150.000000
0.170600,1.101498,150.000000,10.619995,-150.000000
0.170800,0.956665,150.000000,10.619995,-150.000000
0.171000,0.814407,150.000000,10.619995,-150.000000
0.171200,0.679965,150.000000,10.619995,-150.000000
0.171400,0.558314,150.000000,10.619995,-150.000000
0.171600,0.453966,150.000000,10.619995,-150.000000
0.171800,0.370773,150.000000,10.619995,-150.000000
0.172000,0.311763,150.000000,10.619995,-150.000000
0.172200,0.279000,150.000000,10.619995,-150.000000
0.172400,0.273476,150.000000,10.619995,-150.000000
0.172600,0.295047,150.000000,10.619995,-150.000000
0.172800,0.342409,150.000000,10.619995,-150.000000
0.173000,0.413124,150.000000,10.619995,-150.000000
0.173200,0.503685,150.000000,10.619995,-150.000000
0.173400,0.609637,150.000000,10.619995,-150.000000
0.173600,0.725728,150.000000,10.619995,-150.000000
0.173800,0.846100,150.000000,10.619995,-150.000000
0.174000,0.964515,150.000000,10.619995,-150.000000
0.174200,1.074590,150.000000,10.619995,-150.000000
0.174400,1.170056,150.000000,10.619995,-150.000000
0.174600,1.245008,150.000000,10.619995,-150.000000
0.174800,1.294155,150.000000,10.619995,-150.000000
0.175000,1.313047,150.000000,10.619995,-150.000000
0.175200,1.298273,150.000000,10.619995,-150.000000
0.175400,1.247624,150.000000,10.619995,-150.000000
0.175600,1.160212,150.000000,10.619995,-150.000000
0.175800,1.036538,150.000000,10.619995,-150.000000
0.176000,0.878510,150.000000,10.619995,-150.000000
0.176200,0.689400,150.000000,10.619995,-150.000000
0.176400,0.473754,150.000000,10.619995,-150.000000
0.176600,0.237245,150.000000,10.619995,-150.000000
0.176800,-0.013514,150.000000,10.619995,-150.000000
0.177000,-0.271200,150.000000,10.619995,-150.000000
0.177200,-0.528042,150.000000,10.619995,-150.000000
0.177400,-0.776097,150.000000,10.619995,-150.000000
0.177600,-1.007539,150.000000,10.619995,-150.000000
0.177800,-1.214949,150.000000,10.619995,-150.000000
0.178000,-1.391588,150.000000,10.619995,-150.000000
0.178200,-1.531644,150.000000,10.619995,-150.000000
0.178400,-1.630452,150.000000,10.619995,-150.000000
0.178600,-1.684664,150.000000,10.619995,-150.000000
0.178800,-1.692378,150.000000,10.619995,-150.000000
0.179000,-1.653202,150.000000,10.619995,-150.000000
0.179200,-1.568276,150.000000,10.619995,-150.000000
0.179400,-1.440220,150.000000,10.619995,-150.000000
0.179600,-1.273045,150.000000,10.619995,-150.000000
0.179800,-1.071997,150.000000,10.619995,-150.000000
0.180000,-0.843368,150.000000,10.619995,-150.000000
0.180200,-0.594263,150.000000,10.619995,-150.000000
0.180400,-0.332348,150.000000,10.619995,-150.000000
0.180600,-0.065566,150.000000,10.619995,-150.000000
0.180800,0.198133,150.000000,10.619995,-150.000000
0.181000,0.451077,150.000000,10.619995,-150.000000
0.181200,0.686129,150.000000,10.619995,-150.000000
0.181400,0.896927,150.000000,10.619995,-150.000000
0.181600,1.078084,150.000000,10.619995,-150.000000
0.181800,1.225351,150.000000,10.619995,-150.000000
0.182000,1.335739,150.000000,10.619995,-150.000000
0.182200,1.407584,150.000000,10.619995,-150.000000
0.182400,1.440564,150.000000,10.619995,-150.000000
0.182600,1.435675,150.000000,10.619995,-150.000000
0.182800,1.395145,150.000000,10.619995,-150.000000
0.183000,1.322322,150.000000,10.619995,-150.000000
0.183200,1.221513,150.000000,10.619995,-150.000000
0.183400,1.097800,150.000000,10.619995,-150.000000
0.183600,0.956839,150.000000,10.619995,-150.000000
0.183800,0.804635,150.000000,10.619995,-150.000000
0.184000,0.647323,150.000000,10.619995,-150.000000
0.184200,0.490952,150.000000,10.619995,-150.000000
0.184400,0.341280,150.000000,10.619995,-150.000000
0.184600,0.203590,150.000000,10.619995,-150.000000
0.184800,0.082528,150.000000,10.619995,-150.000000
0.185000,-0.018023,150.000000,10.619995,-150.000000
0.185200,-0.095039,150.000000,10.619995,-150.000000
0.185400,-0.146421,150.000000,10.619995,-150.000000
0.185600,-0.171012,150.000000,10.619995,-150.000000
0.185800,-0.168600,150.000000,10.619995,-150.000000
0.186000,-0.139873,150.000000,10.619995,-150.000000
0.186200,-0.086351,150.000000,10.619995,-150.000000
0.186400,-0.010305,150.000000,10.619995,-150.000000
0.186600,0.085361,150.000000,10.619995,-150.000000
0.186800,0.197224,150.000000,10.619995,-150.000000
0.187000,0.321476,150.000000,10.619995,-150.000000
0.187200,0.454052,150.000000,10.619995,-150.000000
0.187400,0.590764,150.000000,10.619995,-150.000000
0.187600,0.727421,150.000000,10.619995,-150.000000
0.187800,0.859945,150.000000,10.619995,-150.000000
0.188000,0.984474,150.000000,10.619995,-150.000000
0.188200,1.097448,150.000000,10.619995,-150.000000
0.188400,1.195682,150.000000,10.619995,-150.000000
0.188600,1.276420,150.000000,10.619995,-150.000000
0.188800,1.337381,150.000000,10.619995,-150.000000
0.189000,1.376779,150.000000,10.619995,-150.000000
0.189200,1.393341,150.000000,10.619995,-150.000000
0.189400,1.386306,150.000000,10.619995,-150.000000
0.189600,1.355416,150.000000,10.619995,-150.000000
0.189800,1.300899,150.000000,10.619995,-150.000000
0.190000,1.223448,150.000000,10.619995,-150.000000
0.190200,1.124188,150.000000,10.619995,-150.000000
0.190400,1.004643,150.000000,10.619995,-150.000000
0.190600,0.866705,150.000000,10.619995,-150.000000
0.190800,0.712590,150.000000,10.619995,-150.000000
0.191000,0.544802,150.000000,10.619995,-150.000000
0.191200,0.366085,150.000000,10.619995,-150.000000
0.191400,0.179383,150.000000,10.619995,-150.000000
0.191600,-0.012209,150.000000,10.619995,-150.000000
0.191800,-0.205497,150.000000,10.619995,-150.000000
0.192000,-0.397237,150.000000,10.619995,-150.000000
0.192200,-0.584191,150.000000,10.619995,-150.000000
0.192400,-0.763187,150.000000,10.619995,-150.000000
0.192600,-0.931176,150.000000,10.619995,-150.000000
0.192800,-1.085293,150.000000,10.619995,-150.000000
0.193000,-1.222920,150.000000,10.619995,-150.000000
0.193200,-1.341743,150.000000,10.619995,-150.000000
0.193400,-1.439806,150.000000,10.619995,-150.000000
0.193600,-1.515570,150.000000,10.619995,-150.000000
0.193800,-1.567949,150.000000,10.619995,-150.000000
0.194000,-1.596354,150.000000,10.619995,-150.000000
0.194200,-1.600712,150.000000,10.619995,-150.000000
0.194400,-1.581488,150.000000,10.619995,-150.000000
0.194600,-1.539677,150.000000,10.619995,-150.000000
0.194800,-1.476798,150.000000,10.619995,-150.000000
0.195000,-1.394865,150.000000,10.619995,-150.000000
0.195200,-1.296340,150.000000,10.619995,-150.000000
0.195400,-1.184086,150.000000,10.619995,-150.000000
0.195600,-1.061292,150.000000,10.619995,-150.000000
0.195800,-0.931397,150.000000,10.619995,-150.000000
0.196000,-0.798000,150.000000,10.619995,-150.000000
0.196200,-0.664770,150.000000,10.619995,-150.000000
0.196400,-0.535343,150.000000,10.619995,-150.000000
0.196600,-0.413229,150.000000,10.619995,-150.000000
0.196800,-0.301711,150.000000,10.619995,-150.000000
0.197000,-0.203762,150.000000,10.619995,-150.000000
0.197200,-0.121955,150.000000,10.619995,-150.000000
0.197400,-0.058400,150.000000,10.619995,-150.000000
0.197600,-0.014679,150.000000,10.619995,-150.000000
0.197800,0.008188,150.000000,10.619995,-150.000000
0.198000,0.009778,150.000000,10.619995,-150.000000
0.198200,-0.009731,150.000000,10.619995,-150.000000
0.198400,-0.049568,150.000000,10.619995,-150.000000
0.198600,-0.108389,150.000000,10.619995,-150.000000
0.198800,-0.184322,150.000000,10.619995,-150.000000
0.199000,-0.275020,150.000000,10.619995,-150.000000
0.199200,-0.377728,150.000000,10.619995,-150.000000
0.199400,-0.489364,150.000000,10.619995,-150.000000
0.199600,-0.606602,150.000000,10.619995,-150.000000
0.199800,-0.725967,150.000000,10.619995,-150.000000
0.200000,-0.843926,150.000000,10.619995,-150.000000
0.200200,-0.956991,150.000000,10.619995,-150.000000
0.200400,-1.061802,150.000000,10.619995,-150.000000
0.200600,-1.155223,150.000000,10.619995,-150.000000
0.200800,-1.234420,150.000000,10.619995,-150.000000
0.201000,-1.296931,150.000000,10.619995,-150.000000
0.201200,-1.340733,150.000000,10.619995,-150.000000
0.201400,-1.364283,150.000000,10.619995,-150.000000
0.201600,-1.366560,150.000000,10.619995,-150.000000
0.201800,-1.347084,150.000000,10.619995,-150.000000
0.202000,-1.305923,150.000000,10.619995,-150.000000
0.202200,-1.243686,150.000000,10.619995,-150.000000
0.202400,-1.161504,150.000000,10.619995,-150.000000
0.202600,-1.060997,150.000000,10.619995,-150.000000
0.202800,-0.944222,150.000000,10.619995,-150.000000
0.203000,-0.813624,150.000000,10.619995,-150.000000
0.203200,-0.671964,150.000000,10.619995,-150.000000
0.203400,-0.522247,150.000000,10.619995,-150.000000
0.203600,-0.367646,150.000000,10.619995,-150.000000
0.203800,-0.211413,150.000000,10.619995,-150.000000
0.204000,-0.056801,150.000000,10.619995,-150.000000
0.204200,0.093025,150.000000,10.619995,-150.000000
0.204400,0.235063,150.000000,10.619995,-150.000000
0.204600,0.366551,150.000000,10.619995,-150.000000
0.204800,0.485035,150.000000,10.619995,-150.000000
0.205000,0.588426,150.000000,10.619995,-150.000000
0.205200,0.675050,150.000000,10.619995,-150.000000
0.205400,0.743681,150.000000,10.619995,-150.000000
0.205600,0.793565,150.000000,10.619995,-150.000000
0.205800,0.824429,150.000000,10.619995,-150.000000
0.206000,0.836476,150.000000,10.619995,-150.000000
0.206200,0.830364,150.000000,10.619995,-150.000000
0.206400,0.807180,150.000000,10.619995,-150.000000
0.206600,0.768394,150.000000,10.619995,-150.000000
0.206800,0.715802,150.000000,10.619995,-150.000000
0.207000,0.651472,150.000000,10.619995,-150.000000
0.207200,0.577669,150.000000,10.619995,-150.000000
0.207400,0.496788,150.000000,10.619995,-150.000000
0.207600,0.411276,150.000000,10.619995,-150.000000
0.207800,0.323562,150.000000,10.619995,-150.000000
0.208000,0.235989,150.000000,10.619995,-150.000000
0.208200,0.150749,150.000000,10.619995,-150.000000
0.208400,0.069828,150.000000,10.619995,-150.000000
0.208600,-0.005041,150.000000,10.619995,-150.000000
0.208800,-0.072408,150.000000,10.619995,-150.000000
0.209000,-0.131134,150.000000,10.619995,-150.000000
0.209200,-0.180398,150.000000,10.619995,-150.000000
0.209400,-0.219699,150.000000,10.619995,-150.000000
0.209600,-0.248840,150.000000,10.619995,-150.000000
0.209800,-0.267904,150.000000,10.619995,-150.000000
0.210000,-0.277226,150.000000,10.619995,-150.000000
0.210200,-0.277349,150.000000,10.619995,-150.000000
0.210400,-0.268979,150.000000,10.619995,-150.000000
0.210600,-0.252940,150.000000,10.619995,-150.000000
0.210800,-0.230128,150.000000,10.619995,-150.000000
0.211000,-0.201458,150.000000,10.619995,-150.000000
0.211200,-0.167826,150.000000,10.619995,-150.000000
0.211400,-0.130073,150.000000,10.619995,-150.000000
0.211600,-0.088949,150.000000,10.619995,-150.000000
0.211800,-0.045099,150.000000,10.619995,-150.000000
0.212000,0.000954,150.000000,10.619995,-150.000000
0.212200,0.048815,150.000000,10.619995,-150.000000
0.212400,0.098207,150.000000,10.619995,-150.000000
0.212600,0.148961,150.000000,10.619995,-150.000000
0.212800,0.200994,150.000000,10.619995,-150.000000
0.213000,0.254287,150.000000,10.619995,-150.000000
0.213200,0.308850,150.000000,10.619995,-150.000000
0.213400,0.364695,150.000000,10.619995,-150.000000
0.213600,0.421801,150.000000,10.619995,-150.000000
0.213800,0.480087,150.000000,10.619995,-150.000000
0.214000,0.539379,150.000000,10.619995,-150.000000
0.214200,0.599396,150.000000,10.619995,-150.000000
0.214400,0.659728,150.000000,10.619995,-150.000000
0.214600,0.719832,150.000000,10.619995,-150.000000
0.214800,0.779027,150.000000,10.619995,-150.000000
0.215000,0.836505,150.000000,10.619995,-150.000000
0.215200,0.891342,150.000000,10.619995,-150.000000
0.215400,0.942525,150.000000,10.619995,-150.000000
0.215600,0.988974,150.000000,10.619995,-150.000000
0.215800,1.029579,150.000000,10.619995,-150.000000
0.216000,1.063234,150.000000,10.619995,-150.000000
0.216200,1.088879,150.000000,10.619995,-150.000000
0.216400,1.105536,150.000000,10.619995,-150.000000
0.216600,1.112345,150.000000,10.619995,-150.000000
0.216800,1.108605,150.000000,10.619995,-150.000000
0.217000,1.093799,150.000000,10.619995,-150.000000
0.217200,1.067623,150.000000,10.619995,-150.000000
0.217400,1.030001,150.000000,10.619995,-150.000000
0.217600,0.981105,150.000000,10.619995,-150.000000
0.217800,0.921351,150.000000,10.619995,-150.000000
0.218000,0.851401,150.000000,10.619995,-150.000000
0.218200,0.772155,150.000000,10.619995,-150.000000
0.218400,0.684729,150.000000,10.619995,-150.000000
0.218600,0.590435,150.000000,10.619995,-150.000000
0.218800,0.490750,150.000000,10.619995,-150.000000
0.219000,0.387287,150.000000,10.619995,-150.000000
0.219200,0.281751,150.000000,10.619995,-150.000000
0.219400,0.175905,150.000000,10.619995,-150.000000
0.219600,0.071525,150.000000,10.619995,-150.000000
0.219800,-0.029640,150.000000,10.619995,-150.000000
0.220000,-0.125907,150.000000,10.619995,-150.000000
0.220200,-0.215703,150.000000,10.619995,-150.000000
0.220400,-0.297597,150.000000,10.619995,-150.000000
0.220600,-0.370337,150.000000,10.619995,-150.000000
0.220800,-0.432874,150.000000,10.619995,-150.000000
0.221000,-0.484394,150.000000,10.619995,-150.000000
0.221200,-0.524330,150.000000,10.619995,-150.000000
0.221400,-0.552378,150.000000,10.619995,-150.000000
0.221600,-0.568505,150.000000,10.619995,-150.000000
0.221800,-0.572948,150.000000,10.619995,-150.000000
0.222000,-0.566209,150.000000,10.619995,-150.000000
0.222200,-0.549044,150.000000,10.619995,-150.000000
0.222400,-0.522443,150.000000,10.619995,-150.000000
0.222600,-0.487605,150.000000,10.619995,-150.000000
0.222800,-0.445909,150.000000,10.619995,-150.000000
0.223000,-0.398878,150.000000,10.619995,-150.000000
0.223200,-0.348140,150.000000,10.619995,-150.000000
0.223400,-0.295383,150.000000,10.619995,-150.000000
0.223600,-0.242311,150.000000,10.619995,-150.000000
0.223800,-0.190595,150.000000,10.619995,-150.000000
0.224000,-0.141829,150.000000,10.619995,-150.000000
0.224200,-0.097479,150.000000,10.619995,-150.000000
0.224400,-0.058846,150.000000,10.619995,-150.000000
0.224600,-0.027026,150.000000,10.619995,-150.000000
0.224800,-0.002874,150.000000,10.619995,-150.000000
0.225000,0.013019,150.000000,10.619995,-150.000000
0.225200,0.020343,150.000000,10.619995,-150.000000
0.225400,0.019082,150.000000,10.619995,-150.000000
0.225600,0.009508,150.000000,10.619995,-150.000000
0.225800,-0.007824,150.000000,10.619995,-150.000000
0.226000,-0.032101,150.000000,10.619995,-150.000000
0.226200,-0.062278,150.000000,10.619995,-150.000000
0.226400,-0.097118,150.000000,10.619995,-150.000000
0.226600,-0.135239,150.000000,10.619995,-150.000000
0.226800,-0.175161,150.000000,10.619995,-150.000000
0.227000,-0.215366,150.000000,10.619995,-150.000000
0.227200,-0.254354,150.000000,10.619995,-150.000000
0.227400,-0.290702,150.000000,10.619995,-150.000000
0.227600,-0.323116,150.000000,10.619995,-150.000000
0.227800,-0.350491,150.000000,10.619995,-150.000000
0.228000,-0.371945,150.000000,10.619995,-150.000000
0.228200,-0.386866,150.000000,10.619995,-150.000000
0.228400,-0.394934,150.000000,10.619995,-150.000000
0.228600,-0.396137,150.000000,10.619995,-150.000000
0.228800,-0.390779,150.000000,10.619995,-150.000000
0.229000,-0.379468,150.000000,10.619995,-150.000000
0.229200,-0.363103,150.000000,10.619995,-150.000000
0.229400,-0.342835,150.000000,10.619995,-150.000000
0.229600,-0.320033,150.000000,10.619995,-150.000000
0.229800,-0.296229,150.000000,10.619995,-150.000000
0.230000,-0.273065,150.000000,10.619995,-150.000000
0.230200,-0.252228,150.000000,10.619995,-150.000000
0.230400,-0.235387,150.000000,10.619995,-150.000000
0.230600,-0.224128,150.000000,10.619995,-150.000000
0.230800,-0.219892,150.000000,10.619995,-150.000000
0.231000,-0.223913,150.000000,10.619995,-150.000000
0.231200,-0.237172,150.000000,10.619995,-150.000000
0.231400,-0.260348,150.000000,10.619995,-150.000000
0.231600,-0.293789,150.000000,10.619995,-150.000000
0.231800,-0.337485,150.000000,10.619995,-150.000000
0.232000,-0.391062,150.000000,10.619995,-150.000000
0.232200,-0.453781,150.000000,10.619995,-150.000000
0.232400,-0.524552,150.000000,10.619995,-150.000000
0.232600,-0.601960,150.000000,10.619995,-150.000000
0.232800,-0.684301,150.000000,10.619995,-150.000000
0.233000,-0.769628,150.000000,10.619995,-150.000000
0.233200,-0.855804,150.000000,10.619995,-150.000000
0.233400,-0.940562,150.000000,10.619995,-150.000000
0.233600,-1.021571,150.000000,10.619995,-150.000000
0.233800,-1.096504,150.000000,10.619995,-150.000000
0.234000,-1.163102,150.000000,10.619995,-150.000000
0.234200,-1.219247,150.000000,10.619995,-150.000000
0.234400,-1.263019,150.000000,10.619995,-150.000000
0.234600,-1.292758,150.000000,10.619995,-150.000000
0.234800,-1.307116,150.000000,10.619995,-150.000000
0.235000,-1.305099,150.000000,10.619995,-150.000000
0.235200,-1.286104,150.000000,10.619995,-150.000000
0.235400,-1.249942,150.000000,10.619995,-150.000000
0.235600,-1.196851,150.000000,10.619995,-150.000000
0.235800,-1.127502,150.000000,10.619995,-150.000000
0.236000,-1.042982,150.000000,10.619995,-150.000000
0.236200,-0.944781,150.000000,10.619995,-150.000000
0.236400,-0.834754,150.000000,10.619995,-150.000000
0.236600,-0.715077,150.000000,10.619995,-150.000000
0.236800,-0.588196,150.000000,10.619995,-150.000000
0.237000,-0.456762,150.000000,10.619995,-150.000000
0.237200,-0.323561,150.000000,10.619995,-150.000000
0.237400,-0.191436,150.000000,10.619995,-150.000000
0.237600,-0.063206,150.000000,10.619995,-150.000000
0.237800,0.058415,150.000000,10.619995,-150.000000
0.238000,0.170905,150.000000,10.619995,-150.000000
0.238200,0.272013,150.000000,10.619995,-150.000000
0.238400,0.359833,150.000000,10.619995,-150.000000
0.238600,0.432876,150.000000,10.619995,-150.000000
0.238800,0.490123,150.000000,10.619995,-150.000000
0.239000,0.531075,150.000000,10.619995,-150.000000
0.239200,0.555781,150.000000,10.619995,-150.000000
0.239400,0.564852,150.000000,10.619995,-150.000000
0.239600,0.559458,150.000000,10.619995,-150.000000
0.239800,0.541303,150.000000,10.619995,-150.000000
0.240000,0.512586,150.000000,10.619995,-150.000000
0.240200,0.475939,150.000000,10.619995,-150.000000
0.240400,0.434350,150.000000,10.619995,-150.000000
0.240600,0.391066,150.000000,10.619995,-150.000000
0.240800,0.349490,150.000000,10.619995,-150.000000
0.241000,0.313060,150.000000,10.619995,-150.000000
0.241200,0.285127,150.000000,10.619995,-150.000000
0.241400,0.268828,150.000000,10.619995,-150.000000
0.241600,0.266965,150.000000,10.619995,-150.000000
0.241800,0.281887,150.000000,10.619995,-150.000000
0.242000,0.315384,150.000000,10.619995,-150.000000
0.242200,0.368602,150.000000,10.619995,-150.000000
0.242400,0.441973,150.000000,10.619995,-150.000000
0.242600,0.535172,150.000000,10.619995,-150.000000
0.242800,0.647098,150.000000,10.619995,-150.000000
0.243000,0.775889,150.000000,10.619995,-150.000000
0.243200,0.918953,150.000000,10.619995,-150.000000
0.243400,1.073046,150.000000,10.619995,-150.000000
0.243600,1.234361,150.000000,10.619995,-150.000000
0.243800,1.398647,150.000000,10.619995,-150.000000
0.244000,1.561350,150.000000,10.619995,-150.000000
0.244200,1.717769,150.000000,10.619995,-150.000000
0.244400,1.863217,150.000000,10.619995,-150.000000
0.244600,1.993192,150.000000,10.619995,-150.000000
0.244800,2.103542,150.000000,10.619995,-150.000000
0.245000,2.190620,150.000000,10.619995,-150.000000
0.245200,2.251428,150.000000,10.619995,-150.000000
0.245400,2.283733,150.000000,10.619995,-150.000000
0.245600,2.286160,150.000000,10.619995,-150.000000
0.245800,2.258256,150.000000,10.619995,-150.000000
0.246000,2.200514,150.000000,10.619995,-150.000000
0.246200,2.114371,150.000000,10.619995,-150.000000
0.246400,2.002161,150.000000,10.619995,-150.000000
0.246600,1.867040,150.000000,10.619995,-150.000000
0.246800,1.712875,150.000000,10.619995,-150.000000
0.247000,1.544112,150.000000,10.619995,-150.000000
0.247200,1.365616,150.000000,10.619995,-150.000000
0.247400,1.182495,150.000000,10.619995,-150.000000
0.247600,0.999917,150.000000,10.619995,-150.000000
0.247800,0.822930,150.000000,10.619995,-150.000000
0.248000,0.656274,150.000000,10.619995,-150.000000
0.248200,0.504222,150.000000,10.619995,-150.000000
0.248400,0.370429,150.000000,10.619995,-150.000000
0.248600,0.257810,150.000000,10.619995,-150.000000
0.248800,0.168453,150.000000,10.619995,-150.000000
0.249000,0.103557,150.000000,10.619995,-150.000000
0.249200,0.063411,150.000000,10.619995,-150.000000
0.249400,0.047410,150.000000,10.619995,-150.000000
0.249600,0.054104,150.000000,10.619995,-150.000000
0.249800,0.081280,150.000000,10.619995,-150.000000
0.250000,0.126071,150.000000,10.619995,-150.000000
0.250200,0.185095,150.000000,10.619995,-150.000000
0.250400,0.254606,150.000000,10.619995,-150.000000
0.250600,0.330653,150.000000,10.619995,-150.000000
0.250800,0.409253,150.000000,10.619995,-150.000000
0.251000,0.486550,150.000000,10.619995,-150.000000
0.251200,0.558969,150.000000,10.619995,-150.000000
0.251400,0.623353,150.000000,10.619995,-150.000000
0.251600,0.677075,150.000000,10.619995,-150.000000
0.251800,0.718126,150.000000,10.619995,-150.000000
0.252000,0.745174,150.000000,10.619995,-150.000000
0.252200,0.757588,150.000000,10.619995,-150.000000
0.252400,0.755430,150.000000,10.619995,-150.000000
0.252600,0.739425,150.000000,10.619995,-150.000000
0.252800,0.710889,150.000000,10.619995,-150.000000
0.253000,0.671645,150.000000,10.619995,-150.000000
0.253200,0.623912,150.000000,10.619995,-150.000000
0.253400,0.570184,150.000000,10.619995,-150.000000
0.253600,0.513098,150.000000,10.619995,-150.000000
0.253800,0.455304,150.000000,10.619995,-150.000000
0.254000,0.399334,150.000000,10.619995,-150.000000
0.254200,0.347488,150.000000,10.619995,-150.000000
0.254400,0.301729,150.000000,10.619995,-150.000000
0.254600,0.263604,150.000000,10.619995,-150.000000
0.254800,0.234182,150.000000,10.619995,-150.000000
0.255000,0.214022,150.000000,10.619995,-150.000000
0.255200,0.203166,150.000000,10.619995,-150.000000
0.255400,0.201153,150.000000,10.619995,-150.000000
0.255600,0.207066,150.000000,10.619995,-150.000000
0.255800,0.219592,150.000000,10.619995,-150.000000
0.256000,0.237102,150.000000,10.619995,-150.000000
0.256200,0.257749,150.000000,10.619995,-150.000000
0.256400,0.279564,150.000000,10.619995,-150.000000
0.256600,0.300568,150.000000,10.619995,-150.000000
0.256800,0.318872,150.000000,10.619995,-150.000000
0.257000,0.332773,150.000000,10.619995,-150.000000
0.257200,0.340839,150.000000,10.619995,-150.000000
0.257400,0.341981,150.000000,10.619995,-150.000000
0.257600,0.335503,150.000000,10.619995,-150.000000
0.257800,0.321134,150.000000,10.619995,-150.000000
0.258000,0.299038,150.000000,10.619995,-150.000000
0.258200,0.269806,150.000000,10.619995,-150.000000
0.258400,0.234426,150.000000,10.619995,-150.000000
0.258600,0.194233,150.000000,10.619995,-150.000000
0.258800,0.150849,150.000000,10.619995,-150.000000
0.259000,0.106110,150.000000,10.619995,-150.000000
0.259200,0.061983,150.000000,10.619995,-150.000000
0.259400,0.020483,150.000000,10.619995,-150.000000
0.259600,-0.016412,150.000000,10.619995,-150.000000
0.259800,-0.046841,150.000000,10.619995,-150.000000
0.260000,-0.069133,150.000000,10.619995,-150.000000
0.260200,-0.081862,150.000000,10.619995,-150.000000
0.260400,-0.083903,150.000000,10.619995,-150.000000
0.260600,-0.074462,150.000000,10.619995,-150.000000
0.260800,-0.053093,150.000000,10.619995,-150.000000
0.261000,-0.019703,150.000000,10.619995,-150.000000
0.261200,0.025457,150.000000,10.619995,-150.000000
0.261400,0.081816,150.000000,10.619995,-150.000000
0.261600,0.148518,150.000000,10.619995,-150.000000
0.261800,0.224459,150.000000,10.619995,-150.000000
0.262000,0.308337,150.000000,10.619995,-150.000000
0.262200,0.398698,150.000000,10.619995,-150.000000
0.262400,0.493982,150.000000,10.619995,-150.000000
0.262600,0.592571,150.000000,10.619995,-150.000000
0.262800,0.692829,150.000000,10.619995,-150.000000
0.263000,0.793132,150.000000,10.619995,-150.000000
0.263200,0.891898,150.000000,10.619995,-150.000000
0.263400,0.987602,150.000000,10.619995,-150.000000
0.263600,1.078791,150.000000,10.619995,-150.000000
0.263800,1.164087,150.000000,10.619995,-150.000000
0.264000,1.242188,150.000000,10.619995,-150.000000
0.264200,1.311865,150.000000,10.619995,-150.000000
0.264400,1.371956,150.000000,10.619995,-150.000000
0.264600,1.421369,150.000000,10.619995,-150.000000
0.264800,1.459073,150.000000,10.619995,-150.000000
0.265000,1.484111,150.000000,10.619995,-150.000000
0.265200,1.495605,150.000000,10.619995,-150.000000
0.265400,1.492775,150.000000,10.619995,-150.000000
0.265600,1.474964,150.000000,10.619995,-150.000000
0.265800,1.441671,150.000000,10.619995,-150.000000
0.266000,1.392581,150.000000,10.619995,-150.000000
0.266200,1.327612,150.000000,10.619995,-150.000000
0.266400,1.246957,150.000000,10.619995,-150.000000
0.266600,1.151117,150.000000,10.619995,-150.000000
0.266800,1.040946,150.000000,10.619995,-150.000000
0.267000,0.917675,150.000000,10.619995,-150.000000
0.267200,0.782932,150.000000,10.619995,-150.000000
0.267400,0.638746,150.000000,10.619995,-150.000000
0.267600,0.487536,150.000000,10.619995,-150.000000
0.267800,0.332084,150.000000,10.619995,-150.000000
0.268000,0.175488,150.000000,10.619995,-150.000000
0.268200,0.021098,150.000000,10.619995,-150.000000
0.268400,-0.127571,150.000000,10.619995,-150.000000
0.268600,-0.266929,150.000000,10.619995,-150.000000
0.268800,-0.393427,150.000000,10.619995,-150.000000
0.269000,-0.503672,150.000000,10.619995,-150.000000
0.269200,-0.594553,150.000000,10.619995,-150.000000
0.269400,-0.663358,150.000000,10.619995,-150.000000
0.269600,-0.707897,150.000000,10.619995,-150.000000
0.269800,-0.726599,150.000000,10.619995,-150.000000
0.270000,-0.718603,150.000000,10.619995,-150.000000
0.270200,-0.683821,150.000000,10.619995,-150.000000
0.270400,-0.622979,150.000000,10.619995,-150.000000
0.270600,-0.537629,150.000000,10.619995,-150.000000
0.270800,-0.430127,150.000000,10.619995,-150.000000
0.271000,-0.303587,150.000000,10.619995,-150.000000
0.271200,-0.161793,150.000000,10.619995,-150.000000
0.271400,-0.009094,150.000000,10.619995,-150.000000
0.271600,0.149732,150.000000,10.619995,-150.000000
0.271800,0.309632,150.000000,10.619995,-150.000000
0.272000,0.465447,150.000000,10.619995,-150.000000
0.272200,0.612094,150.000000,10.619995,-150.000000
0.272400,0.744739,150.000000,10.619995,-150.000000
0.272600,0.858974,150.000000,10.619995,-150.000000
0.272800,0.950975,150.000000,10.619995,-150.000000
0.273000,1.017644,150.000000,10.619995,-150.000000
0.273200,1.056722,150.000000,10.619995,-150.000000
0.273400,1.066871,150.000000,10.619995,-150.000000
0.273600,1.047729,150.000000,10.619995,-150.000000
0.273800,0.999921,150.000000,10.619995,-150.000000
0.274000,0.925036,150.000000,10.619995,-150.000000
0.274200,0.825567,150.000000,10.619995,-150.000000
0.274400,0.704821,150.000000,10.619995,-150.000000
0.274600,0.566794,150.000000,10.619995,-150.000000
0.274800,0.416026,150.000000,10.619995,-150.000000
0.275000,0.257438,150.000000,10.619995,-150.000000
0.275200,0.096149,150.000000,10.619995,-150.000000
0.275400,-0.062696,150.000000,10.619995,-150.000000
0.275600,-0.214110,150.000000,10.619995,-150.000000
0.275800,-0.353428,150.000000,10.619995,-150.000000
0.276000,-0.476458,150.000000,10.619995,-150.000000
0.276200,-0.579610,150.000000,10.619995,-150.000000
0.276400,-0.659996,150.000000,10.619995,-150.000000
0.276600,-0.715503,150.000000,10.619995,-150.000000
0.276800,-0.744831,150.000000,10.619995,-150.000000
0.277000,-0.747503,150.000000,10.619995,-150.000000
0.277200,-0.723839,150.000000,10.619995,-150.000000
0.277400,-0.674909,150.000000,10.619995,-150.000000
0.277600,-0.602449,150.000000,10.619995,-150.000000
0.277800,-0.508776,150.000000,10.619995,-150.000000
0.278000,-0.396664,150.000000,10.619995,-150.000000
0.278200,-0.269236,150.000000,10.619995,-150.000000
0.278400,-0.129831,150.000000,10.619995,-150.000000
0.278600,0.018113,150.000000,10.619995,-150.000000
0.278800,0.171172,150.000000,10.619995,-150.000000
0.279000,0.326043,150.000000,10.619995,-150.000000
0.279200,0.479626,150.000000,10.619995,-150.000000
0.279400,0.629099,150.000000,10.619995,-150.000000
0.279600,0.771963,150.000000,10.619995,-150.000000
0.279800,0.906079,150.000000,10.619995,-150.000000
0.280000,1.029678,150.000000,10.619995,-150.000000
0.280200,1.141361,150.000000,10.619995,-150.000000
0.280400,1.240081,150.000000,10.619995,-150.000000
0.280600,1.325116,150.000000,10.619995,-150.000000
0.280800,1.396038,150.000000,10.619995,-150.000000
0.281000,1.452675,150.000000,10.619995,-150.000000
0.281200,1.495074,150.000000,10.619995,-150.000000
0.281400,1.523467,150.000000,10.619995,-150.000000
0.281600,1.538246,150.000000,10.619995,-150.000000
0.281800,1.539942,150.000000,10.619995,-150.000000
0.282000,1.529211,150.000000,10.619995,-150.000000
0.282200,1.506834,150.000000,10.619995,-150.000000
0.282400,1.473718,150.000000,10.619995,-150.000000
0.282600,1.430904,150.000000,10.619995,-150.000000
0.282800,1.379582,150.000000,10.619995,-150.000000
0.283000,1.321101,150.000000,10.619995,-150.000000
0.283200,1.256979,150.000000,10.619995,-150.000000
0.283400,1.188908,150.000000,10.619995,-150.000000
0.283600,1.118742,150.000000,10.619995,-150.000000
0.283800,1.048490,150.000000,10.619995,-150.000000
0.284000,0.980277,150.000000,10.619995,-150.000000
0.284200,0.916305,150.000000,10.619995,-150.000000
0.284400,0.858792,150.000000,10.619995,-150.000000
0.284600,0.809906,150.000000,10.619995,-150.000000
0.284800,0.771678,150.000000,10.619995,-150.000000
0.285000,0.745923,150.000000,10.619995,-150.000000
0.285200,0.734140,150.000000,10.619995,-150.000000
0.285400,0.737431,150.000000,10.619995,-150.000000
0.285600,0.756412,150.000000,10.619995,-150.000000
0.285800,0.791150,150.000000,10.619995,-150.000000
0.286000,0.841104,150.000000,10.619995,-150.000000
0.286200,0.905098,150.000000,10.619995,-150.000000
0.286400,0.981313,150.000000,10.619995,-150.000000
0.286600,1.067307,150.000000,10.619995,-150.000000
0.286800,1.160073,150.000000,10.619995,-150.000000
0.287000,1.256112,150.000000,10.619995,-150.000000
0.287200,1.351545,150.000000,10.619995,-150.000000
0.287400,1.442248,150.000000,10.619995,-150.000000
0.287600,1.523998,150.000000,10.619995,-150.000000
0.287800,1.592647,150.000000,10.619995,-150.000000
0.288000,1.644292,150.000000,10.619995,-150.000000
0.288200,1.675449,150.000000,10.619995,-150.000000
0.288400,1.683218,150.000000,10.619995,-150.000000
0.288600,1.665435,150.000000,10.619995,-150.000000
0.288800,1.620790,150.000000,10.619995,-150.000000
0.289000,1.548929,150.000000,10.619995,-150.000000
0.289200,1.450502,150.000000,10.619995,-150.000000
0.289400,1.327190,150.000000,10.619995,-150.000000
0.289600,1.181672,150.000000,10.619995,-150.000000
0.289800,1.017556,150.000000,10.619995,-150.000000
0.290000,0.839275,150.000000,10.619995,-150.000000
0.290200,0.651927,150.000000,10.619995,-150.000000
0.290400,0.461102,150.000000,10.619995,-150.000000
0.290600,0.272671,150.000000,10.619995,-150.000000
0.290800,0.092562,150.000000,10.619995,-150.000000
0.291000,-0.073477,150.000000,10.619995,-150.000000
0.291200,-0.220100,150.000000,10.619995,-150.000000
0.291400,-0.342587,150.000000,10.619995,-150.000000
0.291600,-0.437038,150.000000,10.619995,-150.000000
0.291800,-0.500538,150.000000,10.619995,-150.000000
0.292000,-0.531283,150.000000,10.619995,-150.000000
0.292200,-0.528657,150.000000,10.619995,-150.000000
0.292400,-0.493270,150.000000,10.619995,-150.000000
0.292600,-0.426936,150.000000,10.619995,-150.000000
0.292800,-0.332604,150.000000,10.619995,-150.000000
0.293000,-0.214242,150.000000,10.619995,-150.000000
0.293200,-0.076675,150.000000,10.619995,-150.000000
0.293400,0.074609,150.000000,10.619995,-150.000000
0.293600,0.233683,150.000000,10.619995,-150.000000
0.293800,0.394424,150.000000,10.619995,-150.000000
0.294000,0.550760,150.000000,10.619995,-150.000000
0.294200,0.696919,150.000000,10.619995,-150.000000
0.294400,0.827655,150.000000,10.619995,-150.000000
0.294600,0.938459,150.000000,10.619995,-150.000000
0.294800,1.025732,150.000000,10.619995,-150.000000
0.295000,1.086913,150.000000,10.619995,-150.000000
0.295200,1.120571,150.000000,10.619995,-150.000000
0.295400,1.126434,150.000000,10.619995,-150.000000
0.295600,1.105381,150.000000,10.619995,-150.000000
0.295800,1.059373,150.000000,10.619995,-150.000000
0.296000,0.991340,150.000000,10.619995,-150.000000
0.296200,0.905033,150.000000,10.619995,-150.000000
0.296400,0.804835,150.000000,10.619995,-150.000000
0.296600,0.695553,150.000000,10.619995,-150.000000
0.296800,0.582191,150.000000,10.619995,-150.000000
0.297000,0.469720,150.000000,10.619995,-150.000000
0.297200,0.362856,150.000000,10.619995,-150.000000
0.297400,0.265850,150.000000,10.619995,-150.000000
0.297600,0.182309,150.000000,10.619995,-150.000000
0.297800,0.115046,150.000000,10.619995,-150.000000
0.298000,0.065966,150.000000,10.619995,-150.000000
0.298200,0.036009,150.000000,10.619995,-150.000000
0.298400,0.025121,150.000000,10.619995,-150.000000
0.298600,0.032288,150.000000,10.619995,-150.000000
0.298800,0.055602,150.000000,10.619995,-150.000000
0.299000,0.092373,150.000000,10.619995,-150.000000
0.299200,0.139270,150.000000,10.619995,-150.000000
0.299400,0.192497,150.000000,10.619995,-150.000000
0.299600,0.247978,150.000000,10.619995,-150.000000
0.299800,0.301558,150.000000,10.619995,-150.000000
0.300000,0.349196,150.000000,10.619995,-150.000000
0.300200,0.387157,150.000000,10.619995,-150.000000
0.300400,0.412182,150.000000,10.619995,-150.000000
0.300600,0.421630,150.000000,10.619995,-150.000000
0.300800,0.413589,150.000000,10.619995,-150.000000
0.301000,0.386959,150.000000,10.619995,-150.000000
0.301200,0.341480,150.000000,10.619995,-150.000000
0.301400,0.277738,150.000000,10.619995,-150.000000
0.301600,0.197116,150.000000,10.619995,-150.000000
0.301800,0.101722,150.000000,10.619995,-150.000000
0.302000,-0.005720,150.000000,10.619995,-150.000000
0.302200,-0.122008,150.000000,10.619995,-150.000000
0.302400,-0.243611,150.000000,10.619995,-150.000000
0.302600,-0.366830,150.000000,10.619995,-150.000000
0.302800,-0.487972,150.000000,10.619995,-150.000000
0.303000,-0.603503,150.000000,10.619995,-150.000000
0.303200,-0.710201,150.000000,10.619995,-150.000000
0.303400,-0.805286,150.000000,10.619995,-150.000000
0.303600,-0.886523,150.000000,10.619995,-150.000000
0.303800,-0.952299,150.000000,10.619995,-150.000000
0.304000,-1.001672,150.000000,10.619995,-150.000000
0.304200,-1.034375,150.000000,10.619995,-150.000000
0.304400,-1.050805,150.000000,10.619995,-150.000000
0.304600,-1.051966,150.000000,10.619995,-150.000000
0.304800,-1.039399,150.000000,10.619995,-150.000000
0.305000,-1.015075,150.000000,10.619995,-150.000000
0.305200,-0.981289,150.000000,10.619995,-150.000000
0.305400,-0.940524,150.000000,10.619995,-150.000000
0.305600,-0.895331,150.000000,10.619995,-150.000000
0.305800,-0.848192,150.000000,10.619995,-150.000000
0.306000,-0.801410,150.000000,10.619995,-150.000000
0.306200,-0.756995,150.000000,10.619995,-150.000000
0.306400,-0.716584,150.000000,10.619995,-150.000000
0.306600,-0.681375,150.000000,10.619995,-150.000000
0.306800,-0.652088,150.000000,10.619995,-150.000000
0.307000,-0.628950,150.000000,10.619995,-150.000000
0.307200,-0.611709,150.000000,10.619995,-150.000000
0.307400,-0.599670,150.000000,10.619995,-150.000000
0.307600,-0.591753,150.000000,10.619995,-150.000000
0.307800,-0.586570,150.000000,10.619995,-150.000000
0.308000,-0.582516,150.000000,10.619995,-150.000000
0.308200,-0.577866,150.000000,10.619995,-150.000000
0.308400,-0.570881,150.000000,10.619995,-150.000000
0.308600,-0.559913,150.000000,10.619995,-150.000000
0.308800,-0.543496,150.000000,10.619995,-150.000000
0.309000,-0.520436,150.000000,10.619995,-150.000000
0.309200,-0.489881,150.000000,10.619995,-150.000000
0.309400,-0.451377,150.000000,10.619995,-150.000000
0.309600,-0.404901,150.000000,10.619995,-150.000000
0.309800,-0.350876,150.000000,10.619995,-150.000000
0.310000,-0.290163,150.000000,10.619995,-150.000000
0.310200,-0.224034,150.000000,10.619995,-150.000000
0.310400,-0.154126,150.000000,10.619995,-150.000000
0.310600,-0.082379,150.000000,10.619995,-150.000000
0.310800,-0.010961,150.000000,10.619995,-150.000000
0.311000,0.057820,150.000000,10.619995,-150.000000
0.311200,0.121601,150.000000,10.619995,-150.000000
0.311400,0.178066,150.000000,10.619995,-150.000000
0.311600,0.225028,150.000000,10.619995,-150.000000
0.311800,0.260523,150.000000,10.619995,-150.000000
0.312000,0.282883,150.000000,10.619995,-150.000000
0.312200,0.290804,150.000000,10.619995,-150.000000
0.312400,0.283399,150.000000,10.619995,-150.000000
0.312600,0.260233,150.000000,10.619995,-150.000000
0.312800,0.221351,150.000000,10.619995,-150.000000
0.313000,0.167276,150.000000,10.619995,-150.000000
0.313200,0.099002,150.000000,10.619995,-150.000000
0.313400,0.017967,150.000000,10.619995,-150.000000
0.313600,-0.073987,150.000000,10.619995,-150.000000
0.313800,-0.174670,150.000000,10.619995,-150.000000
0.314000,-0.281604,150.000000,10.619995,-150.000000
0.314200,-0.392098,150.000000,10.619995,-150.000000
0.314400,-0.503328,150.000000,10.619995,-150.000000
0.314600,-0.612417,150.000000,10.619995,-150.000000
0.314800,-0.716521,150.000000,10.619995,-150.000000
0.315000,-0.812917,150.000000,10.619995,-150.000000
0.315200,-0.899077,150.000000,10.619995,-150.000000
0.315400,-0.972753,150.000000,10.619995,-150.000000
0.315600,-1.032042,150.000000,10.619995,-150.000000
0.315800,-1.075453,150.000000,10.619995,-150.000000
0.316000,-1.101953,150.000000,10.619995,-150.000000
0.316200,-1.111014,150.000000,10.619995,-150.000000
0.316400,-1.102637,150.000000,10.619995,-150.000000
0.316600,-1.077368,150.000000,10.619995,-150.000000
0.316800,-1.036298,150.000000,10.619995,-150.000000
0.317000,-0.981047,150.000000,10.619995,-150.000000
0.317200,-0.913735,150.000000,10.619995,-150.000000
0.317400,-0.836934,150.000000,10.619995,-150.000000
0.317600,-0.753605,150.000000,10.619995,-150.000000
0.317800,-0.667029,150.000000,10.619995,-150.000000
0.318000,-0.580712,150.000000,10.619995,-150.000000
0.318200,-0.498291,150.000000,10.619995,-150.000000
0.318400,-0.423421,150.000000,10.619995,-150.000000
0.318600,-0.359662,150.000000,10.619995,-150.000000
0.318800,-0.310366,150.000000,10.619995,-150.000000
0.319000,-0.278549,150.000000,10.619995,-150.000000
0.319200,-0.266788,150.000000,10.619995,-150.000000
0.319400,-0.277111,150.000000,10.619995,-150.000000
0.319600,-0.310902,150.000000,10.619995,-150.000000
0.319800,-0.368827,150.000000,10.619995,-150.000000
0.320000,-0.450775,150.000000,10.619995,-150.000000
0.320200,-0.555821,150.000000,10.619995,-150.000000
0.320400,-0.682221,150.000000,10.619995,-150.000000
0.320600,-0.827423,150.000000,10.619995,-150.000000
0.320800,-0.988119,150.000000,10.619995,-150.000000
0.321000,-1.160316,150.000000,10.619995,-150.000000
0.321200,-1.339434,150.000000,10.619995,-150.000000
0.321400,-1.520438,150.000000,10.619995,-150.000000
0.321600,-1.697979,150.000000,10.619995,-150.000000
0.321800,-1.866565,150.000000,10.619995,-150.000000
0.322000,-2.020730,150.000000,10.619995,-150.000000
0.322200,-2.155224,150.000000,10.619995,-150.000000
0.322400,-2.265190,150.000000,10.619995,-150.000000
0.322600,-2.346345,150.000000,10.619995,-150.000000
0.322800,-2.395138,150.000000,10.619995,-150.000000
0.323000,-2.408890,150.000000,10.619995,-150.000000
0.323200,-2.385917,150.000000,10.619995,-150.000000
0.323400,-2.325608,150.000000,10.619995,-150.000000
0.323600,-2.228474,150.000000,10.619995,-150.000000
0.323800,-2.096163,150.000000,10.619995,-150.000000
0.324000,-1.931426,150.000000,10.619995,-150.000000
0.324200,-1.738051,150.000000,10.619995,-150.000000
0.324400,-1.520755,150.000000,10.619995,-150.000000
0.324600,-1.285042,150.000000,10.619995,-150.000000
0.324800,-1.037029,150.000000,10.619995,-150.000000
0.325000,-0.783255,150.000000,10.619995,-150.000000
0.325200,-0.530457,150.000000,10.619995,-150.000000
0.325400,-0.285356,150.000000,10.619995,-150.000000
0.325600,-0.054422,150.000000,10.619995,-150.000000
0.325800,0.156339,150.000000,10.619995,-150.000000
0.326000,0.341589,150.000000,10.619995,-150.000000
0.326200,0.496843,150.000000,10.619995,-150.000000
0.326400,0.618619,150.000000,10.619995,-150.000000
0.326600,0.704549,150.000000,10.619995,-150.000000
0.326800,0.753462,150.000000,10.619995,-150.000000
0.327000,0.765412,150.000000,10.619995,-150.000000
0.327200,0.741669,150.000000,10.619995,-150.000000
0.327400,0.684664,150.000000,10.619995,-150.000000
0.327600,0.597890,150.000000,10.619995,-150.000000
0.327800,0.485774,150.000000,10.619995,-150.000000
0.328000,0.353508,150.000000,10.619995,-150.000000
0.328200,0.206855,150.000000,10.619995,-150.000000
0.328400,0.051944,150.000000,10.619995,-150.000000
0.328600,-0.104953,150.000000,10.619995,-150.000000
0.328800,-0.257643,150.000000,10.619995,-150.000000
0.329000,-0.400224,150.000000,10.619995,-150.000000
0.329200,-0.527291,150.000000,10.619995,-150.000000
0.329400,-0.634111,150.000000,10.619995,-150.000000
0.329600,-0.716776,150.000000,10.619995,-150.000000
0.329800,-0.772317,150.000000,10.619995,-150.000000
0.330000,-0.798789,150.000000,10.619995,-150.000000
0.330200,-0.795307,150.000000,10.619995,-150.000000
0.330400,-0.762053,150.000000,10.619995,-150.000000
0.330600,-0.700231,150.000000,10.619995,-150.000000
0.330800,-0.611998,150.000000,10.619995,-150.000000
0.331000,-0.500354,150.000000,10.619995,-150.000000
0.331200,-0.369010,150.000000,10.619995,-150.000000
0.331400,-0.222226,150.000000,10.619995,-150.000000
0.331600,-0.064644,150.000000,10.619995,-150.000000
0.331800,0.098894,150.000000,10.619995,-150.000000
0.332000,0.263528,150.000000,10.619995,-150.000000
0.332200,0.424555,150.000000,10.619995,-150.000000
0.332400,0.577593,150.000000,10.619995,-150.000000
0.332600,0.718725,150.000000,10.619995,-150.000000
0.332800,0.844618,150.000000,10.619995,-150.000000
0.333000,0.952625,150.000000,10.619995,-150.000000
0.333200,1.040841,150.000000,10.619995,-150.000000
0.333400,1.108144,150.000000,10.619995,-150.000000
0.333600,1.154194,150.000000,10.619995,-150.000000
0.333800,1.179406,150.000000,10.619995,-150.000000
0.334000,1.184892,150.000000,10.619995,-150.000000
0.334200,1.172385,150.000000,10.619995,-150.000000
0.334400,1.144132,150.000000,10.619995,-150.000000
0.334600,1.102777,150.000000,10.619995,-150.000000
0.334800,1.051236,150.000000,10.619995,-150.000000
0.335000,0.992558,150.000000,10.619995,-150.000000
0.335200,0.929792,150.000000,10.619995,-150.000000
0.335400,0.865859,150.000000,10.619995,-150.000000
0.335600,0.803433,150.000000,10.619995,-150.000000
0.335800,0.744835,150.000000,10.619995,-150.000000
0.336000,0.691949,150.000000,10.619995,-150.000000
0.336200,0.646157,150.000000,10.619995,-150.000000
0.336400,0.608295,150.000000,10.619995,-150.000000
0.336600,0.578640,150.000000,10.619995,-150.000000
0.336800,0.556915,150.000000,10.619995,-150.000000
0.337000,0.542320,150.000000,10.619995,-150.000000
0.337200,0.533580,150.000000,10.619995,-150.000000
0.337400,0.529025,150.000000,10.619995,-150.000000
0.337600,0.526669,150.000000,10.619995,-150.000000
0.337800,0.524314,150.000000,10.619995,-150.000000
0.338000,0.519657,150.000000,10.619995,-150.000000
0.338200,0.510401,150.000000,10.619995,-150.000000
0.338400,0.494364,150.000000,10.619995,-150.000000
0.338600,0.469588,150.000000,10.619995,-150.000000
0.338800,0.434431,150.000000,10.619995,-150.000000
0.339000,0.387653,150.000000,10.619995,-150.000000
0.339200,0.328478,150.000000,10.619995,-150.000000
0.339400,0.256650,150.000000,10.619995,-150.000000
0.339600,0.172453,150.000000,10.619995,-150.000000
0.339800,0.076719,150.000000,10.619995,-150.000000
0.340000,-0.029186,150.000000,10.619995,-150.000000
0.340200,-0.143403,150.000000,10.619995,-150.000000
0.340400,-0.263632,150.000000,10.619995,-150.000000
0.340600,-0.387213,150.000000,10.619995,-150.000000
0.340800,-0.511209,150.000000,10.619995,-150.000000
0.341000,-0.632510,150.000000,10.619995,-150.000000
0.341200,-0.747941,150.000000,10.619995,-150.000000
0.341400,-0.854372,150.000000,10.619995,-150.000000
0.341600,-0.948832,150.000000,10.619995,-150.000000
0.341800,-1.028607,150.000000,10.619995,-150.000000
0.342000,-1.091346,150.000000,10.619995,-150.000000
0.342200,-1.135138,150.000000,10.619995,-150.000000
0.342400,-1.158582,150.000000,10.619995,-150.000000
0.342600,-1.160838,150.000000,10.619995,-150.000000
0.342800,-1.141654,150.000000,10.619995,-150.000000
0.343000,-1.101374,150.000000,10.619995,-150.000000
0.343200,-1.040928,150.000000,10.619995,-150.000000
0.343400,-0.961793,150.000000,10.619995,-150.000000
0.343600,-0.865947,150.000000,10.619995,-150.000000
0.343800,-0.755791,150.000000,10.619995,-150.000000
0.344000,-0.634070,150.000000,10.619995,-150.000000
0.344200,-0.503777,150.000000,10.619995,-150.000000
0.344400,-0.368051,150.000000,10.619995,-150.000000
0.344600,-0.230072,150.000000,10.619995,-150.000000
0.344800,-0.092961,150.000000,10.619995,-150.000000
0.345000,0.040320,150.000000,10.619995,-150.000000
0.345200,0.167054,150.000000,10.619995,-150.000000
0.345400,0.284847,150.000000,10.619995,-150.000000
0.345600,0.391686,150.000000,10.619995,-150.000000
0.345800,0.485981,150.000000,10.619995,-150.000000
0.346000,0.566592,150.000000,10.619995,-150.000000
0.346200,0.632833,150.000000,10.619995,-150.000000
0.346400,0.684459,150.000000,10.619995,-150.000000
0.346600,0.721634,150.000000,10.619995,-150.000000
0.346800,0.744891,150.000000,10.619995,-150.000000
0.347000,0.755065,150.000000,10.619995,-150.000000
0.347200,0.753233,150.000000,10.619995,-150.000000
0.347400,0.740639,150.000000,10.619995,-150.000000
0.347600,0.718616,150.000000,10.619995,-150.000000
0.347800,0.688514,150.000000,10.619995,-150.000000
0.348000,0.651635,150.000000,10.619995,-150.000000
0.348200,0.609168,150.000000,10.619995,-150.000000
0.348400,0.562144,150.000000,10.619995,-150.000000
0.348600,0.511401,150.000000,10.619995,-150.000000
0.348800,0.457566,150.000000,10.619995,-150.000000
0.349000,0.401047,150.000000,10.619995,-150.000000
0.349200,0.342052,150.000000,10.619995,-150.000000
0.349400,0.280608,150.000000,10.619995,-150.000000
0.349600,0.216606,150.000000,10.619995,-150.000000
0.349800,0.149848,150.000000,10.619995,-150.000000
0.350000,0.080106,150.000000,10.619995,-150.000000
0.350200,0.007185,150.000000,10.619995,-150.000000
0.350400,-0.069018,150.000000,10.619995,-150.000000
0.350600,-0.148450,150.000000,10.619995,-150.000000
0.350800,-0.230851,150.000000,10.619995,-150.000000
0.351000,-0.315710,150.000000,10.619995,-150.000000
0.351200,-0.402232,150.000000,10.619995,-150.000000
0.351400,-0.489321,150.000000,10.619995,-150.000000
0.351600,-0.575581,150.000000,10.619995,-150.000000
0.351800,-0.659326,150.000000,10.619995,-150.000000
0.352000,-0.738617,150.000000,10.619995,-150.000000
0.352200,-0.811305,150.000000,10.619995,-150.000000
0.352400,-0.875092,150.000000,10.619995,-150.000000
0.352600,-0.927605,150.000000,10.619995,-150.000000
0.352800,-0.966475,150.000000,10.619995,-150.000000
0.353000,-0.989421,150.000000,10.619995,-150.000000
0.353200,-0.994341,150.000000,10.619995,-150.000000
0.353400,-0.979392,150.000000,10.619995,-150.000000
0.353600,-0.943074,150.000000,10.619995,-150.000000
0.353800,-0.884294,150.000000,10.619995,-150.000000
0.354000,-0.802430,150.000000,10.619995,-150.000000
0.354200,-0.697368,150.000000,10.619995,-150.000000
0.354400,-0.569531,150.000000,10.619995,-150.000000
0.354600,-0.419890,150.000000,10.619995,-150.000000
0.354800,-0.249949,150.000000,10.619995,-150.000000
0.355000,-0.061723,150.000000,10.619995,-150.000000
0.355200,0.142309,150.000000,10.619995,-150.000000
0.355400,0.359259,150.000000,10.619995,-150.000000
0.355600,0.585905,150.000000,10.619995,-150.000000
0.355800,0.818767,150.000000,10.619995,-150.000000
0.356000,1.054198,150.000000,10.619995,-150.000000
0.356200,1.288473,150.000000,10.619995,-150.000000
0.356400,1.517881,150.000000,10.619995,-150.000000
0.356600,1.738812,150.000000,10.619995,-150.000000
0.356800,1.947837,150.000000,10.619995,-150.000000
0.357000,2.141787,150.000000,10.619995,-150.000000
0.357200,2.317812,150.000000,10.619995,-150.000000
0.357400,2.473434,150.000000,10.619995,-150.000000
0.357600,2.606585,150.000000,10.619995,-150.000000
0.357800,2.715636,150.000000,10.619995,-150.000000
0.358000,2.799405,150.000000,10.619995,-150.000000
0.358200,2.857157,150.000000,10.619995,-150.000000
0.358400,2.888598,150.000000,10.619995,-150.000000
0.358600,2.893852,150.000000,10.619995,-150.000000
0.358800,2.873430,150.000000,10.619995,-150.000000
0.359000,2.828197,150.000000,10.619995,-150.000000
0.359200,2.759337,150.000000,10.619995,-150.000000
0.359400,2.668305,150.000000,10.619995,-150.000000
0.359600,2.556790,150.000000,10.619995,-150.000000
0.359800,2.426675,150.000000,10.619995,-150.000000
0.360000,2.279993,150.000000,10.619995,-150.000000
0.360200,2.118897,150.000000,10.619995,-150.000000
0.360400,1.945624,150.000000,10.619995,-150.000000
0.360600,1.762469,150.000000,10.619995,-150.000000
0.360800,1.571756,150.000000,10.619995,-150.000000
0.361000,1.375820,150.000000,10.619995,-150.000000
0.361200,1.176985,150.000000,10.619995,-150.000000
0.361400,0.977548,150.000000,10.619995,-150.000000
0.361600,0.779765,150.000000,10.619995,-150.000000
0.361800,0.585831,150.000000,10.619995,-150.000000
0.362000,0.397868,150.000000,10.619995,-150.000000
0.362200,0.217906,150.000000,10.619995,-150.000000
0.362400,0.047870,150.000000,10.619995,-150.000000
0.362600,-0.110445,150.000000,10.619995,-150.000000
0.362800,-0.255384,150.000000,10.619995,-150.000000
0.363000,-0.385461,150.000000,10.619995,-150.000000
0.363200,-0.499372,150.000000,10.619995,-150.000000
0.363400,-0.596019,150.000000,10.619995,-150.000000
0.363600,-0.674524,150.000000,10.619995,-150.000000
0.363800,-0.734245,150.000000,10.619995,-150.000000
0.364000,-0.774792,150.000000,10.619995,-150.000000
0.364200,-0.796029,150.000000,10.619995,-150.000000
0.364400,-0.798083,150.000000,10.619995,-150.000000
0.364600,-0.781338,150.000000,10.619995,-150.000000
0.364800,-0.746432,150.000000,10.619995,-150.000000
0.365000,-0.694241,150.000000,10.619995,-150.000000
0.365200,-0.625863,150.000000,10.619995,-150.000000
0.365400,-0.542595,150.000000,10.619995,-150.000000
0.365600,-0.445909,150.000000,10.619995,-150.000000
0.365800,-0.337420,150.000000,10.619995,-150.000000
0.366000,-0.218858,150.000000,10.619995,-150.000000
0.366200,-0.092034,150.000000,10.619995,-150.000000
0.366400,0.041191,150.000000,10.619995,-150.000000
0.366600,0.178930,150.000000,10.619995,-150.000000
0.366800,0.319305,150.000000,10.619995,-150.000000
0.367000,0.460463,150.000000,10.619995,-150.000000
0.367200,0.600598,150.000000,10.619995,-150.000000
0.367400,0.737967,150.000000,10.619995,-150.000000
0.367600,0.870898,150.000000,10.619995,-150.000000
0.367800,0.997799,150.000000,10.619995,-150.000000
0.368000,1.117159,150.000000,10.619995,-150.000000
0.368200,1.227551,150.000000,10.619995,-150.000000
0.368400,1.327631,150.000000,10.619995,-150.000000
0.368600,1.416138,150.000000,10.619995,-150.000000
0.368800,1.491894,150.000000,10.619995,-150.000000
0.369000,1.553807,150.000000,10.619995,-150.000000
0.369200,1.600878,150.000000,10.619995,-150.000000
0.369400,1.632207,150.000000,10.619995,-150.000000
0.369600,1.647016,150.000000,10.619995,-150.000000
0.369800,1.644659,150.000000,10.619995,-150.000000
0.370000,1.624650,150.000000,10.619995,-150.000000
0.370200,1.586693,150.000000,10.619995,-150.000000
0.370400,1.530705,150.000000,10.619995,-150.000000
0.370600,1.456852,150.000000,10.619995,-150.000000
0.370800,1.365576,150.000000,10.619995,-150.000000
0.371000,1.257624,150.000000,10.619995,-150.000000
0.371200,1.134068,150.000000,10.619995,-150.000000
0.371400,0.996319,150.000000,10.619995,-150.000000
0.371600,0.846137,150.000000,10.619995,-150.000000
0.371800,0.685617,150.000000,10.619995,-150.000000
0.372000,0.517177,150.000000,10.619995,-150.000000
0.372200,0.343521,150.000000,10.619995,-150.000000
0.372400,0.167595,150.000000,10.619995,-150.000000
0.372600,-0.007477,150.000000,10.619995,-150.000000
0.372800,-0.178462,150.000000,10.619995,-150.000000
0.373000,-0.342104,150.000000,10.619995,-150.000000
0.373200,-0.495221,150.000000,10.619995,-150.000000
0.373400,-0.634797,150.000000,10.619995,-150.000000
0.373600,-0.758089,150.000000,10.619995,-150.000000
0.373800,-0.862720,150.000000,10.619995,-150.000000
0.374000,-0.946779,150.000000,10.619995,-150.000000
0.374200,-1.008897,150.000000,10.619995,-150.000000
0.374400,-1.048318,150.000000,10.619995,-150.000000
0.374600,-1.064948,150.000000,10.619995,-150.000000
0.374800,-1.059384,150.000000,10.619995,-150.000000
0.375000,-1.032916,150.000000,10.619995,-150.000000
0.375200,-0.987511,150.000000,10.619995,-150.000000
0.375400,-0.925760,150.000000,10.619995,-150.000000
0.375600,-0.850808,150.000000,10.619995,-150.000000
0.375800,-0.766257,150.000000,10.619995,-150.000000
0.376000,-0.676046,150.000000,10.619995,-150.000000
0.376200,-0.584317,150.000000,10.619995,-150.000000
0.376400,-0.495267,150.000000,10.619995,-150.000000
0.376600,-0.412990,150.000000,10.619995,-150.000000
0.376800,-0.341318,150.000000,10.619995,-150.000000
0.377000,-0.283676,150.000000,10.619995,-150.000000
0.377200,-0.242933,150.000000,10.619995,-150.000000
0.377400,-0.221282,150.000000,10.619995,-150.000000
0.377600,-0.220139,150.000000,10.619995,-150.000000
0.377800,-0.240073,150.000000,10.619995,-150.000000
0.378000,-0.280762,150.000000,10.619995,-150.000000
0.378200,-0.340989,150.000000,10.619995,-150.000000
0.378400,-0.418672,150.000000,10.619995,-150.000000
0.378600,-0.510929,150.000000,10.619995,-150.000000
0.378800,-0.614175,150.000000,10.619995,-150.000000
0.379000,-0.724256,150.000000,10.619995,-150.000000
0.379200,-0.836600,150.000000,10.619995,-150.000000
0.379400,-0.946395,150.000000,10.619995,-150.000000
0.379600,-1.048778,150.000000,10.619995,-150.000000
0.379800,-1.139026,150.000000,10.619995,-150.000000
0.380000,-1.212752,150.000000,10.619995,-150.000000
0.380200,-1.266085,150.000000,10.619995,-150.000000
0.380400,-1.295829,150.000000,10.619995,-150.000000
0.380600,-1.299608,150.000000,10.619995,-150.000000
0.380800,-1.275965,150.000000,10.619995,-150.000000
0.381000,-1.224436,150.000000,10.619995,-150.000000
0.381200,-1.145574,150.000000,10.619995,-150.000000
0.381400,-1.040941,150.000000,10.619995,-150.000000
0.381600,-0.913051,150.000000,10.619995,-150.000000
0.381800,-0.765275,150.000000,10.619995,-150.000000
0.382000,-0.601708,150.000000,10.619995,-150.000000
0.382200,-0.427012,150.000000,10.619995,-150.000000
0.382400,-0.246224,150.000000,10.619995,-150.000000
0.382600,-0.064557,150.000000,10.619995,-150.000000
0.382800,0.112816,150.000000,10.619995,-150.000000
0.383000,0.280963,150.000000,10.619995,-150.000000
0.383200,0.435397,150.000000,10.619995,-150.000000
0.383400,0.572254,150.000000,10.619995,-150.000000
0.383600,0.688440,150.000000,10.619995,-150.000000
0.383800,0.781749,150.000000,10.619995,-150.000000
0.384000,0.850939,150.000000,10.619995,-150.000000
0.384200,0.895762,150.000000,10.619995,-150.000000
0.384400,0.916951,150.000000,10.619995,-150.000000
0.384600,0.916160,150.000000,10.619995,-150.000000
0.384800,0.895864,150.000000,10.619995,-150.000000
0.385000,0.859216,150.000000,10.619995,-150.000000
0.385200,0.809882,150.000000,10.619995,-150.000000
0.385400,0.751837,150.000000,10.619995,-150.000000
0.385600,0.689162,150.000000,10.619995,-150.000000
0.385800,0.625826,150.000000,10.619995,-150.000000
0.386000,0.565478,150.000000,10.619995,-150.000000
0.386200,0.511252,150.000000,10.619995,-150.000000
0.386400,0.465600,150.000000,10.619995,-150.000000
0.386600,0.430157,150.000000,10.619995,-150.000000
0.386800,0.405648,150.000000,10.619995,-150.000000
0.387000,0.391840,150.000000,10.619995,-150.000000
0.387200,0.387543,150.000000,10.619995,-150.000000
0.387400,0.390663,150.000000,10.619995,-150.000000
0.387600,0.398300,150.000000,10.619995,-150.000000
0.387800,0.406893,150.000000,10.619995,-150.000000
0.388000,0.412403,150.000000,10.619995,-150.000000
0.388200,0.410525,150.000000,10.619995,-150.000000
0.388400,0.396920,150.000000,10.619995,-150.000000
0.388600,0.367461,150.000000,10.619995,-150.000000
0.388800,0.318468,150.000000,10.619995,-150.000000
0.389000,0.246941,150.000000,10.619995,-150.000000
0.389200,0.150760,150.000000,10.619995,-150.000000
0.389400,0.028848,150.000000,10.619995,-150.000000
0.389600,-0.118700,150.000000,10.619995,-150.000000
0.389800,-0.290552,150.000000,10.619995,-150.000000
0.390000,-0.484121,150.000000,10.619995,-150.000000
0.390200,-0.695613,150.000000,10.619995,-150.000000
0.390400,-0.920122,150.000000,10.619995,-150.000000
0.390600,-1.151796,150.000000,10.619995,-150.000000
0.390800,-1.384035,150.000000,10.619995,-150.000000
0.391000,-1.609747,150.000000,10.619995,-150.000000
0.391200,-1.821622,150.000000,10.619995,-150.000000
0.391400,-2.012430,150.000000,10.619995,-150.000000
0.391600,-2.175331,150.000000,10.619995,-150.000000
0.391800,-2.304165,150.000000,10.619995,-150.000000
0.392000,-2.393735,150.000000,10.619995,-150.000000
0.392200,-2.440048,150.000000,10.619995,-150.000000
0.392400,-2.440514,150.000000,10.619995,-150.000000
0.392600,-2.394089,150.000000,10.619995,-150.000000
0.392800,-2.301358,150.000000,10.619995,-150.000000
0.393000,-2.164552,150.000000,10.619995,-150.000000
0.393200,-1.987490,150.000000,10.619995,-150.000000
0.393400,-1.775462,150.000000,10.619995,-150.000000
0.393600,-1.535044,150.000000,10.619995,-150.000000
0.393800,-1.273856,150.000000,10.619995,-150.000000
0.394000,-1.000276,150.000000,10.619995,-150.000000
0.394200,-0.723119,150.000000,10.619995,-150.000000
0.394400,-0.451288,150.000000,10.619995,-150.000000
0.394600,-0.193433,150.000000,10.619995,-150.000000
0.394800,0.042399,150.000000,10.619995,-150.000000
0.395000,0.249080,150.000000,10.619995,-150.000000
0.395200,0.420683,150.000000,10.619995,-150.000000
0.395400,0.552713,150.000000,10.619995,-150.000000
0.395600,0.642285,150.000000,10.619995,-150.000000
0.395800,0.688226,150.000000,10.619995,-150.000000
0.396000,0.691107,150.000000,10.619995,-150.000000
0.396200,0.653206,150.000000,10.619995,-150.000000
0.396400,0.578394,150.000000,10.619995,-150.000000
0.396600,0.471951,150.000000,10.619995,-150.000000
0.396800,0.340331,150.000000,10.619995,-150.000000
0.397000,0.190864,150.000000,10.619995,-150.000000
0.397200,0.031438,150.000000,10.619995,-150.000000
0.397400,-0.129860,150.000000,10.619995,-150.000000
0.397600,-0.285096,150.000000,10.619995,-150.000000
0.397800,-0.426839,150.000000,10.619995,-150.000000
0.398000,-0.548488,150.000000,10.619995,-150.000000
0.398200,-0.644560,150.000000,10.619995,-150.000000
0.398400,-0.710923,150.000000,10.619995,-150.000000
0.398600,-0.744977,150.000000,10.619995,-150.000000
0.398800,-0.745761,150.000000,10.619995,-150.000000
0.399000,-0.713984,150.000000,10.619995,-150.000000
0.399200,-0.651986,150.000000,10.619995,-150.000000
0.399400,-0.563628,150.000000,10.619995,-150.000000
0.399600,-0.454105,150.000000,10.619995,-150.000000
0.399800,-0.329707,150.000000,10.619995,-150.000000
0.400000,-0.197532,150.000000,10.619995,-150.000000
0.400200,-0.065153,150.000000,10.619995,-150.000000
0.400400,0.059724,150.000000,10.619995,-150.000000
0.400600,0.169619,150.000000,10.619995,-150.000000
0.400800,0.257620,150.000000,10.619995,-150.000000
0.401000,0.317707,150.000000,10.619995,-150.000000
0.401200,0.345031,150.000000,10.619995,-150.000000
0.401400,0.336150,150.000000,10.619995,-150.000000
0.401600,0.289191,150.000000,10.619995,-150.000000
0.401800,0.203960,150.000000,10.619995,-150.000000
0.402000,0.081963,150.000000,10.619995,-150.000000
0.402200,-0.073637,150.000000,10.619995,-150.000000
0.402400,-0.258139,150.000000,10.619995,-150.000000
0.402600,-0.465490,150.000000,10.619995,-150.000000
0.402800,-0.688533,150.000000,10.619995,-150.000000
0.403000,-0.919297,150.000000,10.619995,-150.000000
0.403200,-1.149326,150.000000,10.619995,-150.000000
0.403400,-1.370036,150.000000,10.619995,-150.000000
0.403600,-1.573066,150.000000,10.619995,-150.000000
0.403800,-1.750631,150.000000,10.619995,-150.000000
0.404000,-1.895844,150.000000,10.619995,-150.000000
0.404200,-2.003010,150.000000,10.619995,-150.000000
0.404400,-2.067855,150.000000,10.619995,-150.000000
0.404600,-2.087714,150.000000,10.619995,-150.000000
0.404800,-2.061635,150.000000,10.619995,-150.000000
0.405000,-1.990424,150.000000,10.619995,-150.000000
0.405200,-1.876609,150.000000,10.619995,-150.000000
0.405400,-1.724337,150.000000,10.619995,-150.000000
0.405600,-1.539202,150.000000,10.619995,-150.000000
0.405800,-1.328018,150.000000,10.619995,-150.000000
0.406000,-1.098536,150.000000,10.619995,-150.000000
0.406200,-0.859127,150.000000,10.619995,-150.000000
0.406400,-0.618447,150.000000,10.619995,-150.000000
0.406600,-0.385078,150.000000,10.619995,-150.000000
0.406800,-0.167188,150.000000,10.619995,-150.000000
0.407000,0.027795,150.000000,10.619995,-150.000000
0.407200,0.193481,150.000000,10.619995,-150.000000
0.407400,0.324765,150.000000,10.619995,-150.000000
0.407600,0.418022,150.000000,10.619995,-150.000000
0.407800,0.471239,150.000000,10.619995,-150.000000
0.408000,0.484087,150.000000,10.619995,-150.000000
0.408200,0.457911,150.000000,10.619995,-150.000000
0.408400,0.395664,150.000000,10.619995,-150.000000
0.408600,0.301767,150.000000,10.619995,-150.000000
0.408800,0.181919,150.000000,10.619995,-150.000000
0.409000,0.042847,150.000000,10.619995,-150.000000
0.409200,-0.107976,150.000000,10.619995,-150.000000
0.409400,-0.262644,150.000000,10.619995,-150.000000
0.409600,-0.413147,150.000000,10.619995,-150.000000
0.409800,-0.551699,150.000000,10.619995,-150.000000
0.410000,-0.671057,150.000000,10.619995,-150.000000
0.410200,-0.764811,150.000000,10.619995,-150.000000
0.410400,-0.827646,150.000000,10.619995,-150.000000
0.410600,-0.855548,150.000000,10.619995,-150.000000
0.410800,-0.845965,150.000000,10.619995,-150.000000
0.411000,-0.797902,150.000000,10.619995,-150.000000
0.411200,-0.711959,150.000000,10.619995,-150.000000
0.411400,-0.590296,150.000000,10.619995,-150.000000
0.411600,-0.436548,150.000000,10.619995,-150.000000
0.411800,-0.255673,150.000000,10.619995,-150.000000
0.412000,-0.053753,150.000000,10.619995,-150.000000
0.412200,0.162247,150.000000,10.619995,-150.000000
0.412400,0.384754,150.000000,10.619995,-150.000000
0.412600,0.605888,150.000000,10.619995,-150.000000
0.412800,0.817761,150.000000,10.619995,-150.000000
0.413000,1.012787,150.000000,10.619995,-150.000000
0.413200,1.183969,150.000000,10.619995,-150.000000
0.413400,1.325165,150.000000,10.619995,-150.000000
0.413600,1.431318,150.000000,10.619995,-150.000000
0.413800,1.498639,150.000000,10.619995,-150.000000
0.414000,1.524749,150.000000,10.619995,-150.000000
0.414200,1.508753,150.000000,10.619995,-150.000000
0.414400,1.451272,150.000000,10.619995,-150.000000
0.414600,1.354403,150.000000,10.619995,-150.000000
0.414800,1.221634,150.000000,10.619995,-150.000000
0.415000,1.057704,150.000000,10.619995,-150.000000
0.415200,0.868416,150.000000,10.619995,-150.000000
0.415400,0.660417,150.000000,10.619995,-150.000000
0.415600,0.440944,150.000000,10.619995,-150.000000
0.415800,0.217555,150.000000,10.619995,-150.000000
0.416000,-0.002150,150.000000,10.619995,-150.000000
0.416200,-0.210807,150.000000,10.619995,-150.000000
0.416400,-0.401551,150.000000,10.619995,-150.000000
0.416600,-0.568258,150.000000,10.619995,-150.000000
0.416800,-0.705758,150.000000,10.619995,-150.000000
0.417000,-0.810007,150.000000,10.619995,-150.000000
0.417200,-0.878216,150.000000,10.619995,-150.000000
0.417400,-0.908934,150.000000,10.619995,-150.000000
0.417600,-0.902075,150.000000,10.619995,-150.000000
0.417800,-0.858902,150.000000,10.619995,-150.000000
0.418000,-0.781956,150.000000,10.619995,-150.000000
0.418200,-0.674941,150.000000,10.619995,-150.000000
0.418400,-0.542567,150.000000,10.619995,-150.000000
0.418600,-0.390364,150.000000,10.619995,-150.000000
0.418800,-0.224462,150.000000,10.619995,-150.000000
0.419000,-0.051356,150.000000,10.619995,-150.000000
0.419200,0.122333,150.000000,10.619995,-150.000000
0.419400,0.290112,150.000000,10.619995,-150.000000
0.419600,0.445841,150.000000,10.619995,-150.000000
0.419800,0.583959,150.000000,10.619995,-150.000000
0.420000,0.699673,150.000000,10.619995,-150.000000
0.420200,0.789121,150.000000,10.619995,-150.000000
0.420400,0.849498,150.000000,10.619995,-150.000000
0.420600,0.879135,150.000000,10.619995,-150.000000
0.420800,0.877547,150.000000,10.619995,-150.000000
0.421000,0.845422,150.000000,10.619995,-150.000000
0.421200,0.784582,150.000000,10.619995,-150.000000
0.421400,0.697891,150.000000,10.619995,-150.000000
0.421600,0.589136,150.000000,10.619995,-150.000000
0.421800,0.462872,150.000000,10.619995,-150.000000
0.422000,0.324240,150.000000,10.619995,-150.000000
0.422200,0.178776,150.000000,10.619995,-150.000000
0.422400,0.032196,150.000000,10.619995,-150.000000
0.422600,-0.109808,150.000000,10.619995,-150.000000
0.422800,-0.241779,150.000000,10.619995,-150.000000
0.423000,-0.358685,150.000000,10.619995,-150.000000
0.423200,-0.456094,150.000000,10.619995,-150.000000
0.423400,-0.530329,150.000000,10.619995,-150.000000
0.423600,-0.578581,150.000000,10.619995,-150.000000
0.423800,-0.599004,150.000000,10.619995,-150.000000
0.424000,-0.590762,150.000000,10.619995,-150.000000
0.424200,-0.554047,150.000000,10.619995,-150.000000
0.424400,-0.490059,150.000000,10.619995,-150.000000
0.424600,-0.400949,150.000000,10.619995,-150.000000
0.424800,-0.289736,150.000000,10.619995,-150.000000
0.425000,-0.160186,150.000000,10.619995,-150.000000
0.425200,-0.016680,150.000000,10.619995,-150.000000
0.425400,0.135949,150.000000,10.619995,-150.000000
0.425600,0.292577,150.000000,10.619995,-150.000000
0.425800,0.447970,150.000000,10.619995,-150.000000
0.426000,0.596956,150.000000,10.619995,-150.000000
0.426200,0.734594,150.000000,10.619995,-150.000000
0.426400,0.856335,150.000000,10.619995,-150.000000
0.426600,0.958160,150.000000,10.619995,-150.000000
0.426800,1.036703,150.000000,10.619995,-150.000000
0.427000,1.089353,150.000000,10.619995,-150.000000
0.427200,1.114321,150.000000,10.619995,-150.000000
0.427400,1.110690,150.000000,10.619995,-150.000000
0.427600,1.078431,150.000000,10.619995,-150.000000
0.427800,1.018390,150.000000,10.619995,-150.000000
0.428000,0.932258,150.000000,10.619995,-150.000000
0.428200,0.822503,150.000000,10.619995,-150.000000
0.428400,0.692296,150.000000,10.619995,-150.000000
0.428600,0.545403,150.000000,10.619995,-150.000000
0.428800,0.386075,150.000000,10.619995,-150.000000
0.429000,0.218919,150.000000,10.619995,-150.000000
0.429200,0.048763,150.000000,10.619995,-150.000000
0.429400,-0.119478,150.000000,10.619995,-150.000000
0.429600,-0.280944,150.000000,10.619995,-150.000000
0.429800,-0.430955,150.000000,10.619995,-150.000000
0.430000,-0.565147,150.000000,10.619995,-150.000000
0.430200,-0.679579,150.000000,10.619995,-150.000000
0.430400,-0.770840,150.000000,10.619995,-150.000000
0.430600,-0.836138,150.000000,10.619995,-150.000000
0.430800,-0.873368,150.000000,10.619995,-150.000000
0.431000,-0.881169,150.000000,10.619995,-150.000000
0.431200,-0.858959,150.000000,10.619995,-150.000000
0.431400,-0.806948,150.000000,10.619995,-150.000000
0.431600,-0.726141,150.000000,10.619995,-150.000000
0.431800,-0.618306,150.000000,10.619995,-150.000000
0.432000,-0.485945,150.000000,10.619995,-150.000000
0.432200,-0.332224,150.000000,10.619995,-150.000000
0.432400,-0.160909,150.000000,10.619995,-150.000000
0.432600,0.023731,150.000000,10.619995,-150.000000
0.432800,0.217023,150.000000,10.619995,-150.000000
0.433000,0.414005,150.000000,10.619995,-150.000000
0.433200,0.609548,150.000000,10.619995,-150.000000
0.433400,0.798481,150.000000,10.619995,-150.000000
0.433600,0.975727,150.000000,10.619995,-150.000000
0.433800,1.136432,150.000000,10.619995,-150.000000
0.434000,1.276095,150.000000,10.619995,-150.000000
0.434200,1.390688,150.000000,10.619995,-150.000000
0.434400,1.476770,150.000000,10.619995,-150.000000
0.434600,1.531588,150.000000,10.619995,-150.000000
0.434800,1.553160,150.000000,10.619995,-150.000000
0.435000,1.540337,150.000000,10.619995,-150.000000
0.435200,1.492853,150.000000,10.619995,-150.000000
0.435400,1.411338,150.000000,10.619995,-150.000000
0.435600,1.297321,150.000000,10.619995,-150.000000
0.435800,1.153195,150.000000,10.619995,-150.000000
0.436000,0.982164,150.000000,10.619995,-150.000000
0.436200,0.788162,150.000000,10.619995,-150.000000
0.436400,0.575750,150.000000,10.619995,-150.000000
0.436600,0.349993,150.000000,10.619995,-150.000000
0.436800,0.116318,150.000000,10.619995,-150.000000
0.437000,-0.119639,150.000000,10.619995,-150.000000
0.437200,-0.352198,150.000000,10.619995,-150.000000
0.437400,-0.575800,150.000000,10.619995,-150.000000
0.437600,-0.785175,150.000000,10.619995,-150.000000
0.437800,-0.975496,150.000000,10.619995,-150.000000
0.438000,-1.142529,150.000000,10.619995,-150.000000
0.438200,-1.282755,150.000000,10.619995,-150.000000
0.438400,-1.393479,150.000000,10.619995,-150.000000
0.438600,-1.472907,150.000000,10.619995,-150.000000
0.438800,-1.520195,150.000000,10.619995,-150.000000
0.439000,-1.535464,150.000000,10.619995,-150.000000
0.439200,-1.519788,150.000000,10.619995,-150.000000
0.439400,-1.475144,150.000000,10.619995,-150.000000
0.439600,-1.404333,150.000000,10.619995,-150.000000
0.439800,-1.310874,150.000000,10.619995,-150.000000
0.440000,-1.198871,150.000000,10.619995,-150.000000
0.440200,-1.072863,150.000000,10.619995,-150.000000
0.440400,-0.937659,150.000000,10.619995,-150.000000
0.440600,-0.798163,150.000000,10.619995,-150.000000
0.440800,-0.659198,150.000000,10.619995,-150.000000
0.441000,-0.525337,150.000000,10.619995,-150.000000
0.441200,-0.400744,150.000000,10.619995,-150.000000
0.441400,-0.289032,150.000000,10.619995,-150.000000
0.441600,-0.193141,150.000000,10.619995,-150.000000
0.441800,-0.115246,150.000000,10.619995,-150.000000
0.442000,-0.056698,150.000000,10.619995,-150.000000
0.442200,-0.017988,150.000000,10.619995,-150.000000
0.442400,0.001251,150.000000,10.619995,-150.000000
0.442600,0.002205,150.000000,10.619995,-150.000000
0.442800,-0.013182,150.000000,10.619995,-150.000000
0.443000,-0.042301,150.000000,10.619995,-150.000000
0.443200,-0.081996,150.000000,10.619995,-150.000000
0.443400,-0.128696,150.000000,10.619995,-150.000000
0.443600,-0.178561,150.000000,10.619995,-150.000000
0.443800,-0.227640,150.000000,10.619995,-150.000000
0.444000,-0.272026,150.000000,10.619995,-150.000000
0.444200,-0.308001,150.000000,10.619995,-150.000000
0.444400,-0.332180,150.000000,10.619995,-150.000000
0.444600,-0.341634,150.000000,10.619995,-150.000000
0.444800,-0.333990,150.000000,10.619995,-150.000000
0.445000,-0.307513,150.000000,10.619995,-150.000000
0.445200,-0.261160,150.000000,10.619995,-150.000000
0.445400,-0.194604,150.000000,10.619995,-150.000000
0.445600,-0.108239,150.000000,10.619995,-150.000000
0.445800,-0.003148,150.000000,10.619995,-150.000000
0.446000,0.118939,150.000000,10.619995,-150.000000
0.446200,0.255724,150.000000,10.619995,-150.000000
0.446400,0.404420,150.000000,10.619995,-150.000000
0.446600,0.561856,150.000000,10.619995,-150.000000
0.446800,0.724586,150.000000,10.619995,-150.000000
0.447000,0.888999,150.000000,10.619995,-150.000000
0.447200,1.051435,150.000000,10.619995,-150.000000
0.447400,1.208288,150.000000,10.619995,-150.000000
0.447600,1.356109,150.000000,10.619995,-150.000000
0.447800,1.491693,150.000000,10.619995,-150.000000
0.448000,1.612154,150.000000,10.619995,-150.000000
0.448200,1.714985,150.000000,10.619995,-150.000000
0.448400,1.798098,150.000000,10.619995,-150.000000
0.448600,1.859856,150.000000,10.619995,-150.000000
0.448800,1.899086,150.000000,10.619995,-150.000000
0.449000,1.915072,150.000000,10.619995,-150.000000
0.449200,1.907549,150.000000,10.619995,-150.000000
0.449400,1.876674,150.000000,10.619995,-150.000000
0.449600,1.822998,150.000000,10.619995,-150.000000
0.449800,1.747432,150.000000,10.619995,-150.000000
0.450000,1.651202,150.000000,10.619995,-150.000000
0.450200,1.535818,150.000000,10.619995,-150.000000
0.450400,1.403028,150.000000,10.619995,-150.000000
0.450600,1.254787,150.000000,10.619995,-150.000000
0.450800,1.093221,150.000000,10.619995,-150.000000
0.451000,0.920600,150.000000,10.619995,-150.000000
0.451200,0.739314,150.000000,10.619995,-150.000000
0.451400,0.551844,150.000000,10.619995,-150.000000
0.451600,0.360752,150.000000,10.619995,-150.000000
0.451800,0.168651,150.000000,10.619995,-150.000000
0.452000,-0.021801,150.000000,10.619995,-150.000000
0.452200,-0.207934,150.000000,10.619995,-150.000000
0.452400,-0.387079,150.000000,10.619995,-150.000000
0.452600,-0.556597,150.000000,10.619995,-150.000000
0.452800,-0.713914,150.000000,10.619995,-150.000000
0.453000,-0.856550,150.000000,10.619995,-150.000000
0.453200,-0.982165,150.000000,10.619995,-150.000000
0.453400,-1.088604,150.000000,10.619995,-150.000000
0.453600,-1.173942,150.000000,10.619995,-150.000000
0.453800,-1.236542,150.000000,10.619995,-150.000000
0.454000,-1.275103,150.000000,10.619995,-150.000000
0.454200,-1.288715,150.000000,10.619995,-150.000000
0.454400,-1.276905,150.000000,10.619995,-150.000000
0.454600,-1.239681,150.000000,10.619995,-150.000000
0.454800,-1.177565,150.000000,10.619995,-150.000000
0.455000,-1.091620,150.000000,10.619995,-150.000000
0.455200,-0.983460,150.000000,10.619995,-150.000000
0.455400,-0.855249,150.000000,10.619995,-150.000000
0.455600,-0.709682,150.000000,10.619995,-150.000000
0.455800,-0.549952,150.000000,10.619995,-150.000000
0.456000,-0.379701,150.000000,10.619995,-150.000000
0.456200,-0.202952,150.000000,10.619995,-150.000000
0.456400,-0.024028,150.000000,10.619995,-150.000000
0.456600,0.152542,150.000000,10.619995,-150.000000
0.456800,0.322130,150.000000,10.619995,-150.000000
0.457000,0.480122,150.000000,10.619995,-150.000000
0.457200,0.622043,150.000000,10.619995,-150.000000
0.457400,0.743675,150.000000,10.619995,-150.000000
0.457600,0.841180,150.000000,10.619995,-150.000000
0.457800,0.911215,150.000000,10.619995,-150.000000
0.458000,0.951040,150.000000,10.619995,-150.000000
0.458200,0.958611,150.000000,10.619995,-150.000000
0.458400,0.932662,150.000000,10.619995,-150.000000
0.458600,0.872758,150.000000,10.619995,-150.000000
0.458800,0.779338,150.000000,10.619995,-150.000000
0.459000,0.653730,150.000000,10.619995,-150.000000
0.459200,0.498138,150.000000,10.619995,-150.000000
0.459400,0.315614,150.000000,10.619995,-150.000000
0.459600,0.109989,150.000000,10.619995,-150.000000
0.459800,-0.114199,150.000000,10.619995,-150.000000
0.460000,-0.351818,150.000000,10.619995,-150.000000
0.460200,-0.597265,150.000000,10.619995,-150.000000
0.460400,-0.844606,150.000000,10.619995,-150.000000
0.460600,-1.087733,150.000000,10.619995,-150.000000
0.460800,-1.320527,150.000000,10.619995,-150.000000
0.461000,-1.537029,150.000000,10.619995,-150.000000
0.461200,-1.731604,150.000000,10.619995,-150.000000
0.461400,-1.899110,150.000000,10.619995,-150.000000
0.461600,-2.035047,150.000000,10.619995,-150.000000
0.461800,-2.135698,150.000000,10.619995,-150.000000
0.462000,-2.198250,150.000000,10.619995,-150.000000
0.462200,-2.220888,150.000000,10.619995,-150.000000
0.462400,-2.202866,150.000000,10.619995,-150.000000
0.462600,-2.144551,150.000000,10.619995,-150.000000
0.462800,-2.047428,150.000000,10.619995,-150.000000
0.463000,-1.914079,150.000000,10.619995,-150.000000
0.463200,-1.748128,150.000000,10.619995,-150.000000
0.463400,-1.554155,150.000000,10.619995,-150.000000
0.463600,-1.337575,150.000000,10.619995,-150.000000
0.463800,-1.104499,150.000000,10.619995,-150.000000
0.464000,-0.861561,150.000000,10.619995,-150.000000
0.464200,-0.615738,150.000000,10.619995,-150.000000
0.464400,-0.374145,150.000000,10.619995,-150.000000
0.464600,-0.143829,150.000000,10.619995,-150.000000
0.464800,0.068439,150.000000,10.619995,-150.000000
0.465000,0.256369,150.000000,10.619995,-150.000000
0.465200,0.414342,150.000000,10.619995,-150.000000
0.465400,0.537591,150.000000,10.619995,-150.000000
0.465600,0.622346,150.000000,10.619995,-150.000000
0.465800,0.665961,150.000000,10.619995,-150.000000
0.466000,0.667001,150.000000,10.619995,-150.000000
0.466200,0.625298,150.000000,10.619995,-150.000000
0.466400,0.541963,150.000000,10.619995,-150.000000
0.466600,0.419362,150.000000,10.619995,-150.000000
0.466800,0.261054,150.000000,10.619995,-150.000000
0.467000,0.071682,150.000000,10.619995,-150.000000
0.467200,-0.143156,150.000000,10.619995,-150.000000
0.467400,-0.377082,150.000000,10.619995,-150.000000
0.467600,-0.623128,150.000000,10.619995,-150.000000
0.467800,-0.873953,150.000000,10.619995,-150.000000
0.468000,-1.122065,150.000000,10.619995,-150.000000
0.468200,-1.360054,150.000000,10.619995,-150.000000
0.468400,-1.580825,150.000000,10.619995,-150.000000
0.468600,-1.777812,150.000000,10.619995,-150.000000
0.468800,-1.945183,150.000000,10.619995,-150.000000
0.469000,-2.078020,150.000000,10.619995,-150.000000
0.469200,-2.172466,150.000000,10.619995,-150.000000
0.469400,-2.225839,150.000000,10.619995,-150.000000
0.469600,-2.236709,150.000000,10.619995,-150.000000
0.469800,-2.204931,150.000000,10.619995,-150.000000
0.470000,-2.131640,150.000000,10.619995,-150.000000
0.470200,-2.019200,150.000000,10.619995,-150.000000
0.470400,-1.871120,150.000000,10.619995,-150.000000
0.470600,-1.691924,150.000000,10.619995,-150.000000
0.470800,-1.486999,150.000000,10.619995,-150.000000
0.471000,-1.262410,150.000000,10.619995,-150.000000
0.471200,-1.024702,150.000000,10.619995,-150.000000
0.471400,-0.780679,150.000000,10.619995,-150.000000
0.471600,-0.537188,150.000000,10.619995,-150.000000
0.471800,-0.300898,150.000000,10.619995,-150.000000
0.472000,-0.078093,150.000000,10.619995,-150.000000
0.472200,0.125521,150.000000,10.619995,-150.000000
0.472400,0.304986,150.000000,10.619995,-150.000000
0.472600,0.456237,150.000000,10.619995,-150.000000
0.472800,0.576208,150.000000,10.619995,-150.000000
0.473000,0.662912,150.000000,10.619995,-150.000000
0.473200,0.715474,150.000000,10.619995,-150.000000
0.473400,0.734139,150.000000,10.619995,-150.000000
0.473600,0.720234,150.000000,10.619995,-150.000000
0.473800,0.676098,150.000000,10.619995,-150.000000
0.474000,0.604984,150.000000,10.619995,-150.000000
0.474200,0.510935,150.000000,10.619995,-150.000000
0.474400,0.398632,150.000000,10.619995,-150.000000
0.474600,0.273231,150.000000,10.619995,-150.000000
0.474800,0.140191,150.000000,10.619995,-150.000000
0.475000,0.005094,150.000000,10.619995,-150.000000
0.475200,-0.126533,150.000000,10.619995,-150.000000
0.475400,-0.249384,150.000000,10.619995,-150.000000
0.475600,-0.358530,150.000000,10.619995,-150.000000
0.475800,-0.449563,150.000000,10.619995,-150.000000
0.476000,-0.518710,150.000000,10.619995,-150.000000
0.476200,-0.562926,150.000000,10.619995,-150.000000
0.476400,-0.579967,150.000000,10.619995,-150.000000
0.476600,-0.568430,150.000000,10.619995,-150.000000
0.476800,-0.527767,150.000000,10.619995,-150.000000
0.477000,-0.458277,150.000000,10.619995,-150.000000
0.477200,-0.361069,150.000000,10.619995,-150.000000
0.477400,-0.238009,150.000000,10.619995,-150.000000
0.477600,-0.091637,150.000000,10.619995,-150.000000
0.477800,0.074914,150.000000,10.619995,-150.000000
0.478000,0.258030,150.000000,10.619995,-150.000000
0.478200,0.453724,150.000000,10.619995,-150.000000
0.478400,0.657753,150.000000,10.619995,-150.000000
0.478600,0.865734,150.000000,10.619995,-150.000000
0.478800,1.073262,150.000000,10.619995,-150.000000
0.479000,1.276020,150.000000,10.619995,-150.000000
0.479200,1.469878,150.000000,10.619995,-150.000000
0.479400,1.650989,150.000000,10.619995,-150.000000
0.479600,1.815869,150.000000,10.619995,-150.000000
0.479800,1.961464,150.000000,10.619995,-150.000000
0.480000,2.085203,150.000000,10.619995,-150.000000
0.480200,2.185041,150.000000,10.619995,-150.000000
0.480400,2.259484,150.000000,10.619995,-150.000000
0.480600,2.307602,150.000000,10.619995,-150.000000
0.480800,2.329027,150.000000,10.619995,-150.000000
0.481000,2.323943,150.000000,10.619995,-150.000000
0.481200,2.293064,150.000000,10.619995,-150.000000
0.481400,2.237594,150.000000,10.619995,-150.000000
0.481600,2.159194,150.000000,10.619995,-150.000000
0.481800,2.059923,150.000000,10.619995,-150.000000
0.482000,1.942189,150.000000,10.619995,-150.000000
0.482200,1.808686,150.000000,10.619995,-150.000000
0.482400,1.662325,150.000000,10.619995,-150.000000
0.482600,1.506172,150.000000,10.619995,-150.000000
0.482800,1.343374,150.000000,10.619995,-150.000000
0.483000,1.177095,150.000000,10.619995,-150.000000
0.483200,1.010441,150.000000,10.619995,-150.000000
0.483400,0.846399,150.000000,10.619995,-150.000000
0.483600,0.687770,150.000000,10.619995,-150.000000
0.483800,0.537114,150.000000,10.619995,-150.000000
0.484000,0.396696,150.000000,10.619995,-150.000000
0.484200,0.268441,150.000000,10.619995,-150.000000
0.484400,0.153893,150.000000,10.619995,-150.000000
0.484600,0.054191,150.000000,10.619995,-150.000000
0.484800,-0.029952,150.000000,10.619995,-150.000000
0.485000,-0.098256,150.000000,10.619995,-150.000000
0.485200,-0.150875,150.000000,10.619995,-150.000000
0.485400,-0.188378,150.000000,10.619995,-150.000000
0.485600,-0.211729,150.000000,10.619995,-150.000000
0.485800,-0.222249,150.000000,10.619995,-150.000000
0.486000,-0.221570,150.000000,10.619995,-150.000000
0.486200,-0.211584,150.000000,10.619995,-150.000000
0.486400,-0.194381,150.000000,10.619995,-150.000000
0.486600,-0.172182,150.000000,10.619995,-150.000000
0.486800,-0.147268,150.000000,10.619995,-150.000000
0.487000,-0.121909,150.000000,10.619995,-150.000000
0.487200,-0.098292,150.000000,10.619995,-150.000000
0.487400,-0.078454,150.000000,10.619995,-150.000000
0.487600,-0.064216,150.000000,10.619995,-150.000000
0.487800,-0.057132,150.000000,10.619995,-150.000000
0.488000,-0.058434,150.000000,10.619995,-150.000000
0.488200,-0.069005,150.000000,10.619995,-150.000000
0.488400,-0.089345,150.000000,10.619995,-150.000000
0.488600,-0.119567,150.000000,10.619995,-150.000000
0.488800,-0.159393,150.000000,10.619995,-150.000000
0.489000,-0.208168,150.000000,10.619995,-150.000000
0.489200,-0.264889,150.000000,10.619995,-150.000000
0.489400,-0.328240,150.000000,10.619995,-150.000000
0.489600,-0.396638,150.000000,10.619995,-150.000000
0.489800,-0.468291,150.000000,10.619995,-150.000000
0.490000,-0.541256,150.000000,10.619995,-150.000000
0.490200,-0.613506,150.000000,10.619995,-150.000000
0.490400,-0.682998,150.000000,10.619995,-150.000000
0.490600,-0.747732,150.000000,10.619995,-150.000000
0.490800,-0.805819,150.000000,10.619995,-150.000000
0.491000,-0.855539,150.000000,10.619995,-150.000000
0.491200,-0.895387,150.000000,10.619995,-150.000000
0.491400,-0.924117,150.000000,10.619995,-150.000000
0.491600,-0.940776,150.000000,10.619995,-150.000000
0.491800,-0.944723,150.000000,10.619995,-150.000000
0.492000,-0.935647,150.000000,10.619995,-150.000000
0.492200,-0.913561,150.000000,10.619995,-150.000000
0.492400,-0.878801,150.000000,10.619995,-150.000000
0.492600,-0.832006,150.000000,10.619995,-150.000000
0.492800,-0.774091,150.000000,10.619995,-150.000000
0.493000,-0.706222,150.000000,10.619995,-150.000000
0.493200,-0.629774,150.000000,10.619995,-150.000000
0.493400,-0.546293,150.000000,10.619995,-150.000000
0.493600,-0.457454,150.000000,10.619995,-150.000000
0.493800,-0.365017,150.000000,10.619995,-150.000000
0.494000,-0.270789,150.000000,10.619995,-150.000000
0.494200,-0.176577,150.000000,10.619995,-150.000000
0.494400,-0.084153,150.000000,10.619995,-150.000000
0.494600,0.004780,150.000000,10.619995,-150.000000
0.494800,0.088621,150.000000,10.619995,-150.000000
0.495000,0.165898,150.000000,10.619995,-150.000000
0.495200,0.235292,150.000000,10.619995,-150.000000
0.495400,0.295655,150.000000,10.619995,-150.000000
0.495600,0.346028,150.000000,10.619995,-150.000000
0.495800,0.385652,150.000000,10.619995,-150.000000
0.496000,0.413975,150.000000,10.619995,-150.000000
0.496200,0.430663,150.000000,10.619995,-150.000000
0.496400,0.435594,150.000000,10.619995,-150.000000
0.496600,0.428866,150.000000,10.619995,-150.000000
0.496800,0.410787,150.000000,10.619995,-150.000000
0.497000,0.381871,150.000000,10.619995,-150.000000
0.497200,0.342823,150.000000,10.619995,-150.000000
0.497400,0.294531,150.000000,10.619995,-150.000000
0.497600,0.238043,150.000000,10.619995,-150.000000
0.497800,0.174543,150.000000,10.619995,-150.000000
0.498000,0.105329,150.000000,10.619995,-150.000000
0.498200,0.031777,150.000000,10.619995,-150.000000
0.498400,-0.044687,150.000000,10.619995,-150.000000
0.498600,-0.122632,150.000000,10.619995,-150.000000
0.498800,-0.200656,150.000000,10.619995,-150.000000
0.499000,-0.277433,150.000000,10.619995,-150.000000
0.499200,-0.351745,150.000000,10.619995,-150.000000
0.499400,-0.422531,150.000000,10.619995,-150.000000
0.499600,-0.488919,150.000000,10.619995,-150.000000
0.499800,-0.550255,150.000000,10.619995,-150.000000
0.500000,-0.606131,150.000000,10.619995,-150.000000
0.500200,-0.656401,150.000000,10.619995,-150.000000
0.500400,-0.701185,150.000000,10.619995,-150.000000
0.500600,-0.740866,150.000000,10.619995,-150.000000
0.500800,-0.776074,150.000000,10.619995,-150.000000
0.501000,-0.807660,150.000000,10.619995,-150.000000
0.501200,-0.836653,150.000000,10.619995,-150.000000
0.501400,-0.864214,150.000000,10.619995,-150.000000
0.501600,-0.891574,150.000000,10.619995,-150.000000
0.501800,-0.919971,150.000000,10.619995,-150.000000
0.502000,-0.950577,150.000000,10.619995,-150.000000
0.502200,-0.984428,150.000000,10.619995,-150.000000
0.502400,-1.022350,150.000000,10.619995,-150.000000
0.502600,-1.064898,150.000000,10.619995,-150.000000
0.502800,-1.112293,150.000000,10.619995,-150.000000
0.503000,-1.164381,150.000000,10.619995,-150.000000
0.503200,-1.220599,150.000000,10.619995,-150.000000
0.503400,-1.279962,150.000000,10.619995,-150.000000
0.503600,-1.341066,150.000000,10.619995,-150.000000
0.503800,-1.402112,150.000000,10.619995,-150.000000
0.504000,-1.460954,150.000000,10.619995,-150.000000
0.504200,-1.515157,150.000000,10.619995,-150.000000
0.504400,-1.562079,150.000000,10.619995,-150.000000
0.504600,-1.598969,150.000000,10.619995,-150.000000
0.504800,-1.623074,150.000000,10.619995,-150.000000
0.505000,-1.631752,150.000000,10.619995,-150.000000
0.505200,-1.622592,150.000000,10.619995,-150.000000
0.505400,-1.593526,150.000000,10.619995,-150.000000
0.505600,-1.542944,150.000000,10.619995,-150.000000
0.505800,-1.469784,150.000000,10.619995,-150.000000
0.506000,-1.373615,150.000000,10.619995,-150.000000
0.506200,-1.254695,150.000000,10.619995,-150.000000
0.506400,-1.114005,150.000000,10.619995,-150.000000
0.506600,-0.953255,150.000000,10.619995,-150.000000
0.506800,-0.774863,150.000000,10.619995,-150.000000
0.507000,-0.581907,150.000000,10.619995,-150.000000
0.507200,-0.378047,150.000000,10.619995,-150.000000
0.507400,-0.167423,150.000000,10.619995,-150.000000
0.507600,0.045469,150.000000,10.619995,-150.000000
0.507800,0.255920,150.000000,10.619995,-150.000000
0.508000,0.459158,150.000000,10.619995,-150.000000
0.508200,0.650509,150.000000,10.619995,-150.000000
0.508400,0.825558,150.000000,10.619995,-150.000000
0.508600,0.980304,150.000000,10.619995,-150.000000
0.508800,1.111295,150.000000,10.619995,-150.000000
0.509000,1.215758,150.000000,10.619995,-150.000000
0.509200,1.291691,150.000000,10.619995,-150.000000
0.509400,1.337941,150.000000,10.619995,-150.000000
0.509600,1.354242,150.000000,10.619995,-150.000000
0.509800,1.341223,150.000000,10.619995,-150.000000
0.510000,1.300386,150.000000,10.619995,-150.000000
0.510200,1.234050,150.000000,10.619995,-150.000000
0.510400,1.145261,150.000000,10.619995,-150.000000
0.510600,1.037684,150.000000,10.619995,-150.000000
0.510800,0.915469,150.000000,10.619995,-150.000000
0.511000,0.783097,150.000000,10.619995,-150.000000
0.511200,0.645219,150.000000,10.619995,-150.000000
0.511400,0.506495,150.000000,10.619995,-150.000000
0.511600,0.371428,150.000000,10.619995,-150.000000
0.511800,0.244208,150.000000,10.619995,-150.000000
0.512000,0.128577,150.000000,10.619995,-150.000000
0.512200,0.027705,150.000000,10.619995,-150.000000
0.512400,-0.055902,150.000000,10.619995,-150.000000
0.512600,-0.120473,150.000000,10.619995,-150.000000
0.512800,-0.165011,150.000000,10.619995,-150.000000
0.513000,-0.189301,150.000000,10.619995,-150.000000
0.513200,-0.193890,150.000000,10.619995,-150.000000
0.513400,-0.180039,150.000000,10.619995,-150.000000
0.513600,-0.149648,150.000000,10.619995,-150.000000
0.513800,-0.105165,150.000000,10.619995,-150.000000
0.514000,-0.049468,150.000000,10.619995,-150.000000
0.514200,0.014253,150.000000,10.619995,-150.000000
0.514400,0.082631,150.000000,10.619995,-150.000000
0.514600,0.152250,150.000000,10.619995,-150.000000
0.514800,0.219776,150.000000,10.619995,-150.000000
0.515000,0.282075,150.000000,10.619995,-150.000000
0.515200,0.336320,150.000000,10.619995,-150.000000
0.515400,0.380079,150.000000,10.619995,-150.000000
0.515600,0.411390,150.000000,10.619995,-150.000000
0.515800,0.428807,150.000000,10.619995,-150.000000
0.516000,0.431433,150.000000,10.619995,-150.000000
0.516200,0.418923,150.000000,10.619995,-150.000000
0.516400,0.391477,150.000000,10.619995,-150.000000
0.516600,0.349802,150.000000,10.619995,-150.000000
0.516800,0.295074,150.000000,10.619995,-150.000000
0.517000,0.228869,150.000000,10.619995,-150.000000
0.517200,0.153098,150.000000,10.619995,-150.000000
0.517400,0.069931,150.000000,10.619995,-150.000000
0.517600,-0.018285,150.000000,10.619995,-150.000000
0.517800,-0.109102,150.000000,10.619995,-150.000000
0.518000,-0.200050,150.000000,10.619995,-150.000000
0.518200,-0.288706,150.000000,10.619995,-150.000000
0.518400,-0.372759,150.000000,10.619995,-150.000000
0.518600,-0.450063,150.000000,10.619995,-150.000000
0.518800,-0.518682,150.000000,10.619995,-150.000000
0.519000,-0.576929,150.000000,10.619995,-150.000000
0.519200,-0.623383,150.000000,10.619995,-150.000000
0.519400,-0.656912,150.000000,10.619995,-150.000000
0.519600,-0.676680,150.000000,10.619995,-150.000000
0.519800,-0.682142,150.000000,10.619995,-150.000000
0.520000,-0.673044,150.000000,10.619995,-150.000000
0.520200,-0.649410,150.000000,10.619995,-150.000000
0.520400,-0.611529,150.000000,10.619995,-150.000000
0.520600,-0.559936,150.000000,10.619995,-150.000000
0.520800,-0.495399,150.000000,10.619995,-150.000000
0.521000,-0.418895,150.000000,10.619995,-150.000000
0.521200,-0.331596,150.000000,10.619995,-150.000000
0.521400,-0.234841,150.000000,10.619995,-150.000000
0.521600,-0.130123,150.000000,10.619995,-150.000000
0.521800,-0.019062,150.000000,10.619995,-150.000000
0.522000,0.096616,150.000000,10.619995,-150.000000
0.522200,0.215106,150.000000,10.619995,-150.000000
0.522400,0.334552,150.000000,10.619995,-150.000000
0.522600,0.453076,150.000000,10.619995,-150.000000
0.522800,0.568811,150.000000,10.619995,-150.000000
0.523000,0.679940,150.000000,10.619995,-150.000000
0.523200,0.784732,150.000000,10.619995,-150.000000
0.523400,0.881583,150.000000,10.619995,-150.000000
0.523600,0.969058,150.000000,10.619995,-150.000000
0.523800,1.045927,150.000000,10.619995,-150.000000
0.524000,1.111211,150.000000,10.619995,-150.000000
0.524200,1.164209,150.000000,10.619995,-150.000000
0.524400,1.204533,150.000000,10.619995,-150.000000
0.524600,1.232128,150.000000,10.619995,-150.000000
0.524800,1.247285,150.000000,10.619995,-150.000000
0.525000,1.250649,150.000000,10.619995,-150.000000
0.525200,1.243207,150.000000,10.619995,-150.000000
0.525400,1.226274,150.000000,10.619995,-150.000000
0.525600,1.201456,150.000000,10.619995,-150.000000
0.525800,1.170616,150.000000,10.619995,-150.000000
0.526000,1.135814,150.000000,10.619995,-150.000000
0.526200,1.099246,150.000000,10.619995,-150.000000
0.526400,1.063174,150.000000,10.619995,-150.000000
0.526600,1.029850,150.000000,10.619995,-150.000000
0.526800,1.001436,150.000000,10.619995,-150.000000
0.527000,0.979923,150.000000,10.619995,-150.000000
0.527200,0.967058,150.000000,10.619995,-150.000000
0.527400,0.964269,150.000000,10.619995,-150.000000
0.527600,0.972604,150.000000,10.619995,-150.000000
0.527800,0.992679,150.000000,10.619995,-150.000000
0.528000,1.024640,150.000000,10.619995,-150.000000
0.528200,1.068143,150.000000,10.619995,-150.000000
0.528400,1.122341,150.000000,10.619995,-150.000000
0.528600,1.185900,150.000000,10.619995,-150.000000
0.528800,1.257026,150.000000,10.619995,-150.000000
0.529000,1.333507,150.000000,10.619995,-150.000000
0.529200,1.412775,150.000000,10.619995,-150.000000
0.529400,1.491974,150.000000,10.619995,-150.000000
0.529600,1.568051,150.000000,10.619995,-150.000000
0.529800,1.637839,150.000000,10.619995,-150.000000
0.530000,1.698162,150.000000,10.619995,-150.000000
0.530200,1.745927,150.000000,10.619995,-150.000000
0.530400,1.778225,150.000000,10.619995,-150.000000
0.530600,1.792423,150.000000,10.619995,-150.000000
0.530800,1.786246,150.000000,10.619995,-150.000000
0.531000,1.757854,150.000000,10.619995,-150.000000
0.531200,1.705904,150.000000,10.619995,-150.000000
0.531400,1.629594,150.000000,10.619995,-150.000000
0.531600,1.528692,150.000000,10.619995,-150.000000
0.531800,1.403558,150.000000,10.619995,-150.000000
0.532000,1.255131,150.000000,10.619995,-150.000000
0.532200,1.084917,150.000000,10.619995,-150.000000
0.532400,0.894951,150.000000,10.619995,-150.000000
0.532600,0.687748,150.000000,10.619995,-150.000000
0.532800,0.466245,150.000000,10.619995,-150.000000
0.533000,0.233725,150.000000,10.619995,-150.000000
0.533200,-0.006260,150.000000,10.619995,-150.000000
0.533400,-0.249974,150.000000,10.619995,-150.000000
0.533600,-0.493581,150.000000,10.619995,-150.000000
0.533800,-0.733238,150.000000,10.619995,-150.000000
0.534000,-0.965180,150.000000,10.619995,-150.000000
0.534200,-1.185798,150.000000,10.619995,-150.000000
0.534400,-1.391717,150.000000,10.619995,-150.000000
0.534600,-1.579867,150.000000,10.619995,-150.000000
0.534800,-1.747538,150.000000,10.619995,-150.000000
0.535000,-1.892432,150.000000,10.619995,-150.000000
0.535200,-2.012703,150.000000,10.619995,-150.000000
0.535400,-2.106987,150.000000,10.619995,-150.000000
0.535600,-2.174414,150.000000,10.619995,-150.000000
0.535800,-2.214623,150.000000,10.619995,-150.000000
0.536000,-2.227756,150.000000,10.619995,-150.000000
0.536200,-2.214441,150.000000,10.619995,-150.000000
0.536400,-2.175780,150.000000,10.619995,-150.000000
0.536600,-2.113309,150.000000,10.619995,-150.000000
0.536800,-2.028968,150.000000,10.619995,-150.000000
0.537000,-1.925055,150.000000,10.619995,-150.000000
0.537200,-1.804174,150.000000,10.619995,-150.000000
0.537400,-1.669182,150.000000,10.619995,-150.000000
0.537600,-1.523133,150.000000,10.619995,-150.000000
0.537800,-1.369210,150.000000,10.619995,-150.000000
0.538000,-1.210668,150.000000,10.619995,-150.000000
0.538200,-1.050764,150.000000,10.619995,-150.000000
0.538400,-0.892693,150.000000,10.619995,-150.000000
0.538600,-0.739526,150.000000,10.619995,-150.000000
0.538800,-0.594142,150.000000,10.619995,-150.000000
0.539000,-0.459172,150.000000,10.619995,-150.000000
0.539200,-0.336945,150.000000,10.619995,-150.000000
0.539400,-0.229432,150.000000,10.619995,-150.000000
0.539600,-0.138210,150.000000,10.619995,-150.000000
0.539800,-0.064421,150.000000,10.619995,-150.000000
0.540000,-0.008745,150.000000,10.619995,-150.000000
0.540200,0.028611,150.000000,10.619995,-150.000000
0.540400,0.047926,150.000000,10.619995,-150.000000
0.540600,0.049953,150.000000,10.619995,-150.000000
0.540800,0.035907,150.000000,10.619995,-150.000000
0.541000,0.007433,150.000000,10.619995,-150.000000
0.541200,-0.033436,150.000000,10.619995,-150.000000
0.541400,-0.084328,150.000000,10.619995,-150.000000
0.541600,-0.142598,150.000000,10.619995,-150.000000
0.541800,-0.205399,150.000000,10.619995,-150.000000
0.542000,-0.269759,150.000000,10.619995,-150.000000
0.542200,-0.332664,150.000000,10.619995,-150.000000
0.542400,-0.391149,150.000000,10.619995,-150.000000
0.542600,-0.442384,150.000000,10.619995,-150.000000
0.542800,-0.483757,150.000000,10.619995,-150.000000
0.543000,-0.512957,150.000000,10.619995,-150.000000
0.543200,-0.528048,150.000000,10.619995,-150.000000
0.543400,-0.527529,150.000000,10.619995,-150.000000
0.543600,-0.510390,150.000000,10.619995,-150.000000
0.543800,-0.476142,150.000000,10.619995,-150.000000
0.544000,-0.424845,150.000000,10.619995,-150.000000
0.544200,-0.357108,150.000000,10.619995,-150.000000
0.544400,-0.274077,150.000000,10.619995,-150.000000
0.544600,-0.177407,150.000000,10.619995,-150.000000
0.544800,-0.069211,150.000000,10.619995,-150.000000
0.545000,0.048000,150.000000,10.619995,-150.000000
0.545200,0.171389,150.000000,10.619995,-150.000000
0.545400,0.297888,150.000000,10.619995,-150.000000
0.545600,0.424282,150.000000,10.619995,-150.000000
0.545800,0.547318,150.000000,10.619995,-150.000000
0.546000,0.663802,150.000000,10.619995,-150.000000
0.546200,0.770698,150.000000,10.619995,-150.000000
0.546400,0.865225,150.000000,10.619995,-150.000000
0.546600,0.944941,150.000000,10.619995,-150.000000
0.546800,1.007814,150.000000,10.619995,-150.000000
0.547000,1.052289,150.000000,10.619995,-150.000000
0.547200,1.077322,150.000000,10.619995,-150.000000
0.547400,1.082411,150.000000,10.619995,-150.000000
0.547600,1.067600,150.000000,10.619995,-150.000000
0.547800,1.033469,150.000000,10.619995,-150.000000
0.548000,0.981099,150.000000,10.619995,-150.000000
0.548200,0.912027,150.000000,10.619995,-150.000000
0.548400,0.828187,150.000000,10.619995,-150.000000
0.548600,0.731829,150.000000,10.619995,-150.000000
0.548800,0.625442,150.000000,10.619995,-150.000000
0.549000,0.511661,150.000000,10.619995,-150.000000
0.549200,0.393178,150.000000,10.619995,-150.000000
0.549400,0.272653,150.000000,10.619995,-150.000000
0.549600,0.152627,150.000000,10.619995,-150.000000
0.549800,0.035451,150.000000,10.619995,-150.000000
0.550000,-0.076782,150.000000,10.619995,-150.000000
0.550200,-0.182285,150.000000,10.619995,-150.000000
0.550400,-0.279617,150.000000,10.619995,-150.000000
0.550600,-0.367697,150.000000,10.619995,-150.000000
0.550800,-0.445809,150.000000,10.619995,-150.000000
0.551000,-0.513592,150.000000,10.619995,-150.000000
0.551200,-0.571008,150.000000,10.619995,-150.000000
0.551400,-0.618307,150.000000,10.619995,-150.000000
0.551600,-0.655975,150.000000,10.619995,-150.000000
0.551800,-0.684679,150.000000,10.619995,-150.000000
0.552000,-0.705207,150.000000,10.619995,-150.000000
0.552200,-0.718407,150.000000,10.619995,-150.000000
0.552400,-0.725133,150.000000,10.619995,-150.000000
0.552600,-0.726192,150.000000,10.619995,-150.000000
0.552800,-0.722306,150.000000,10.619995,-150.000000
0.553000,-0.714075,150.000000,10.619995,-150.000000
0.553200,-0.701969,150.000000,10.619995,-150.000000
0.553400,-0.686313,150.000000,10.619995,-150.000000
0.553600,-0.667304,150.000000,10.619995,-150.000000
0.553800,-0.645028,150.000000,10.619995,-150.000000
0.554000,-0.619494,150.000000,10.619995,-150.000000
0.554200,-0.590673,150.000000,10.619995,-150.000000
0.554400,-0.558544,150.000000,10.619995,-150.000000
0.554600,-0.523145,150.000000,10.619995,-150.000000
0.554800,-0.484617,150.000000,10.619995,-150.000000
0.555000,-0.443246,150.000000,10.619995,-150.000000
0.555200,-0.399500,150.000000,10.619995,-150.000000
0.555400,-0.354051,150.000000,10.619995,-150.000000
0.555600,-0.307782,150.000000,10.619995,-150.000000
0.555800,-0.261784,150.000000,10.619995,-150.000000
0.556000,-0.217330,150.000000,10.619995,-150.000000
0.556200,-0.175840,150.000000,10.619995,-150.000000
0.556400,-0.138825,150.000000,10.619995,-150.000000
0.556600,-0.107817,150.000000,10.619995,-150.000000
0.556800,-0.084296,150.000000,10.619995,-150.000000
0.557000,-0.069604,150.000000,10.619995,-150.000000
0.557200,-0.064854,150.000000,10.619995,-150.000000
0.557400,-0.070853,150.000000,10.619995,-150.000000
0.557600,-0.088017,150.000000,10.619995,-150.000000
0.557800,-0.116313,150.000000,10.619995,-150.000000
0.558000,-0.155205,150.000000,10.619995,-150.000000
0.558200,-0.203630,150.000000,10.619995,-150.000000
0.558400,-0.259991,150.000000,10.619995,-150.000000
0.558600,-0.322184,150.000000,10.619995,-150.000000
0.558800,-0.387641,150.000000,10.619995,-150.000000
0.559000,-0.453408,150.000000,10.619995,-150.000000
0.559200,-0.516246,150.000000,10.619995,-150.000000
0.559400,-0.572751,150.000000,10.619995,-150.000000
0.559600,-0.619489,150.000000,10.619995,-150.000000
0.559800,-0.653153,150.000000,10.619995,-150.000000
0.560000,-0.670713,150.000000,10.619995,-150.000000
0.560200,-0.669572,150.000000,10.619995,-150.000000
0.560400,-0.647709,150.000000,10.619995,-150.000000
0.560600,-0.603815,150.000000,10.619995,-150.000000
0.560800,-0.537391,150.000000,10.619995,-150.000000
0.561000,-0.448830,150.000000,10.619995,-150.000000
0.561200,-0.339464,150.000000,10.619995,-150.000000
0.561400,-0.211562,150.000000,10.619995,-150.000000
0.561600,-0.068306,150.000000,10.619995,-150.000000
0.561800,0.086291,150.000000,10.619995,-150.000000
0.562000,0.247491,150.000000,10.619995,-150.000000
0.562200,0.409982,150.000000,10.619995,-150.000000
0.562400,0.568060,150.000000,10.619995,-150.000000
0.562600,0.715827,150.000000,10.619995,-150.000000
0.562800,0.847414,150.000000,10.619995,-150.000000
0.563000,0.957211,150.000000,10.619995,-150.000000
0.563200,1.040093,150.000000,10.619995,-150.000000
0.563400,1.091634,150.000000,10.619995,-150.000000
0.563600,1.108305,150.000000,10.619995,-150.000000
0.563800,1.087640,150.000000,10.619995,-150.000000
0.564000,1.028367,150.000000,10.619995,-150.000000
0.564200,0.930494,150.000000,10.619995,-150.000000
0.564400,0.795348,150.000000,10.619995,-150.000000
0.564600,0.625563,150.000000,10.619995,-150.000000
0.564800,0.425018,150.000000,10.619995,-150.000000
0.565000,0.198729,150.000000,10.619995,-150.000000
0.565200,-0.047314,150.000000,10.619995,-150.000000
0.565400,-0.306344,150.000000,10.619995,-150.000000
0.565600,-0.571042,150.000000,10.619995,-150.000000
0.565800,-0.833793,150.000000,10.619995,-150.000000
0.566000,-1.086956,150.000000,10.619995,-150.000000
0.566200,-1.323127,150.000000,10.619995,-150.000000
0.566400,-1.535407,150.000000,10.619995,-150.000000
0.566600,-1.717641,150.000000,10.619995,-150.000000
0.566800,-1.864635,150.000000,10.619995,-150.000000
0.567000,-1.972333,150.000000,10.619995,-150.000000
0.567200,-2.037948,150.000000,10.619995,-150.000000
0.567400,-2.060051,150.000000,10.619995,-150.000000
0.567600,-2.038600,150.000000,10.619995,-150.000000
0.567800,-1.974919,150.000000,10.619995,-150.000000
0.568000,-1.871626,150.000000,10.619995,-150.000000
0.568200,-1.732512,150.000000,10.619995,-150.000000
0.568400,-1.562377,150.000000,10.619995,-150.000000
0.568600,-1.366832,150.000000,10.619995,-150.000000
0.568800,-1.152074,150.000000,10.619995,-150.000000
0.569000,-0.924644,150.000000,10.619995,-150.000000
0.569200,-0.691179,150.000000,10.619995,-150.000000
0.569400,-0.458170,150.000000,10.619995,-150.000000
0.569600,-0.231730,150.000000,10.619995,-150.000000
0.569800,-0.017392,150.000000,10.619995,-150.000000
0.570000,0.180071,150.000000,10.619995,-150.000000
0.570200,0.356779,150.000000,10.619995,-150.000000
0.570400,0.509840,150.000000,10.619995,-150.000000
0.570600,0.637402,150.000000,10.619995,-150.000000
0.570800,0.738654,150.000000,10.619995,-150.000000
0.571000,0.813790,150.000000,10.619995,-150.000000
0.571200,0.863924,150.000000,10.619995,-150.000000
0.571400,0.890980,150.000000,10.619995,-150.000000
0.571600,0.897544,150.000000,10.619995,-150.000000
0.571800,0.886703,150.000000,10.619995,-150.000000
0.572000,0.861863,150.000000,10.619995,-150.000000
0.572200,0.826573,150.000000,10.619995,-150.000000
0.572400,0.784348,150.000000,10.619995,-150.000000
0.572600,0.738502,150.000000,10.619995,-150.000000
0.572800,0.692012,150.000000,10.619995,-150.000000
0.573000,0.647396,150.000000,10.619995,-150.000000
0.573200,0.606628,150.000000,10.619995,-150.000000
0.573400,0.571086,150.000000,10.619995,-150.000000
0.573600,0.541529,150.000000,10.619995,-150.000000
0.573800,0.518115,150.000000,10.619995,-150.000000
0.574000,0.500442,150.000000,10.619995,-150.000000
0.574200,0.487624,150.000000,10.619995,-150.000000
0.574400,0.478381,150.000000,10.619995,-150.000000
0.574600,0.471149,150.000000,10.619995,-150.000000
0.574800,0.464204,150.000000,10.619995,-150.000000
0.575000,0.455776,150.000000,10.619995,-150.000000
0.575200,0.444171,150.000000,10.619995,-150.000000
0.575400,0.427875,150.000000,10.619995,-150.000000
0.575600,0.405646,150.000000,10.619995,-150.000000
0.575800,0.376581,150.000000,10.619995,-150.000000
0.576000,0.340165,150.000000,10.619995,-150.000000
0.576200,0.296287,150.000000,10.619995,-150.000000
0.576400,0.245238,150.000000,10.619995,-150.000000
0.576600,0.187680,150.000000,10.619995,-150.000000
0.576800,0.124592,150.000000,10.619995,-150.000000
0.577000,0.057201,150.000000,10.619995,-150.000000
0.577200,-0.013104,150.000000,10.619995,-150.000000
0.577400,-0.084861,150.000000,10.619995,-150.000000
0.577600,-0.156637,150.000000,10.619995,-150.000000
0.577800,-0.227114,150.000000,10.619995,-150.000000
0.578000,-0.295174,150.000000,10.619995,-150.000000
0.578200,-0.359968,150.000000,10.619995,-150.000000
0.578400,-0.420968,150.000000,10.619995,-150.000000
0.578600,-0.477996,150.000000,10.619995,-150.000000
0.578800,-0.531228,150.000000,10.619995,-150.000000
0.579000,-0.581178,150.000000,10.619995,-150.000000
0.579200,-0.628660,150.000000,10.619995,-150.000000
0.579400,-0.674718,150.000000,10.619995,-150.000000
0.579600,-0.720553,150.000000,10.619995,-150.000000
0.579800,-0.767430,150.000000,10.619995,-150.000000
0.580000,-0.816569,150.000000,10.619995,-150.000000
0.580200,-0.869048,150.000000,10.619995,-150.000000
0.580400,-0.925697,150.000000,10.619995,-150.000000
0.580600,-0.987010,150.000000,10.619995,-150.000000
0.580800,-1.053064,150.000000,10.619995,-150.000000
0.581000,-1.123464,150.000000,10.619995,-150.000000
0.581200,-1.197306,150.000000,10.619995,-150.000000
0.581400,-1.273173,150.000000,10.619995,-150.000000
0.581600,-1.349155,150.000000,10.619995,-150.000000
0.581800,-1.422893,150.000000,10.619995,-150.000000
0.582000,-1.491662,150.000000,10.619995,-150.000000
0.582200,-1.552466,150.000000,10.619995,-150.000000
0.582400,-1.602159,150.000000,10.619995,-150.000000
0.582600,-1.637587,150.000000,10.619995,-150.000000
0.582800,-1.655725,150.000000,10.619995,-150.000000
0.583000,-1.653835,150.000000,10.619995,-150.000000
0.583200,-1.629607,150.000000,10.619995,-150.000000
0.583400,-1.581299,150.000000,10.619995,-150.000000
0.583600,-1.507850,150.000000,10.619995,-150.000000
0.583800,-1.408983,150.000000,10.619995,-150.000000
0.584000,-1.285269,150.000000,10.619995,-150.000000
0.584200,-1.138165,150.000000,10.619995,-150.000000
0.584400,-0.970016,150.000000,10.619995,-150.000000
0.584600,-0.784023,150.000000,10.619995,-150.000000
0.584800,-0.584172,150.000000,10.619995,-150.000000
0.585000,-0.375133,150.000000,10.619995,-150.000000
0.585200,-0.162123,150.000000,10.619995,-150.000000
0.585400,0.049250,150.000000,10.619995,-150.000000
0.585600,0.253169,150.000000,10.619995,-150.000000
0.585800,0.443802,150.000000,10.619995,-150.000000
0.586000,0.615504,150.000000,10.619995,-150.000000
0.586200,0.763017,150.000000,10.619995,-150.000000
0.586400,0.881663,150.000000,10.619995,-150.000000
0.586600,0.967520,150.000000,10.619995,-150.000000
0.586800,1.017574,150.000000,10.619995,-150.000000
0.587000,1.029852,150.000000,10.619995,-150.000000
0.587200,1.003503,150.000000,10.619995,-150.000000
0.587400,0.938860,150.000000,10.619995,-150.000000
0.587600,0.837454,150.000000,10.619995,-150.000000
0.587800,0.701984,150.000000,10.619995,-150.000000
0.588000,0.536252,150.000000,10.619995,-150.000000
0.588200,0.345061,150.000000,10.619995,-150.000000
0.588400,0.134069,150.000000,10.619995,-150.000000
0.588600,-0.090375,150.000000,10.619995,-150.000000
0.588800,-0.321427,150.000000,10.619995,-150.000000
0.589000,-0.551963,150.000000,10.619995,-150.000000
0.589200,-0.774796,150.000000,10.619995,-150.000000
0.589400,-0.982908,150.000000,10.619995,-150.000000
0.589600,-1.169666,150.000000,10.619995,-150.000000
0.589800,-1.329032,150.000000,10.619995,-150.000000
0.590000,-1.455751,150.000000,10.619995,-150.000000
0.590200,-1.545518,150.000000,10.619995,-150.000000
0.590400,-1.595108,150.000000,10.619995,-150.000000
0.590600,-1.602475,150.000000,10.619995,-150.000000
0.590800,-1.566811,150.000000,10.619995,-150.000000
0.591000,-1.488569,150.000000,10.619995,-150.000000
0.591200,-1.369437,150.000000,10.619995,-150.000000
0.591400,-1.212284,150.000000,10.619995,-150.000000
0.591600,-1.021063,150.000000,10.619995,-150.000000
0.591800,-0.800683,150.000000,10.619995,-150.000000
0.592000,-0.556849,150.000000,10.619995,-150.000000
0.592200,-0.295887,150.000000,10.619995,-150.000000
0.592400,-0.024542,150.000000,10.619995,-150.000000
0.592600,0.250222,150.000000,10.619995,-150.000000
0.592800,0.521437,150.000000,10.619995,-150.000000
0.593000,0.782332,150.000000,10.619995,-150.000000
0.593200,1.026531,150.000000,10.619995,-150.000000
0.593400,1.248230,150.000000,10.619995,-150.000000
0.593600,1.442357,150.000000,10.619995,-150.000000
0.593800,1.604694,150.000000,10.619995,-150.000000
0.594000,1.731988,150.000000,10.619995,-150.000000
0.594200,1.822011,150.000000,10.619995,-150.000000
0.594400,1.873596,150.000000,10.619995,-150.000000
0.594600,1.886640,150.000000,10.619995,-150.000000
0.594800,1.862067,150.000000,10.619995,-150.000000
0.595000,1.801769,150.000000,10.619995,-150.000000
0.595200,1.708514,150.000000,10.619995,-150.000000
0.595400,1.585832,150.000000,10.619995,-150.000000
0.595600,1.437883,150.000000,10.619995,-150.000000
0.595800,1.269310,150.000000,10.619995,-150.000000
0.596000,1.085086,150.000000,10.619995,-150.000000
0.596200,0.890356,150.000000,10.619995,-150.000000
0.596400,0.690285,150.000000,10.619995,-150.000000
0.596600,0.489910,150.000000,10.619995,-150.000000
0.596800,0.294007,150.000000,10.619995,-150.000000
0.597000,0.106975,150.000000,10.619995,-150.000000
0.597200,-0.067261,150.000000,10.619995,-150.000000
0.597400,-0.225324,150.000000,10.619995,-150.000000
0.597600,-0.364440,150.000000,10.619995,-150.000000
0.597800,-0.482463,150.000000,10.619995,-150.000000
0.598000,-0.577878,150.000000,10.619995,-150.000000
0.598200,-0.649791,150.000000,10.619995,-150.000000
0.598400,-0.697882,150.000000,10.619995,-150.000000
0.598600,-0.722363,150.000000,10.619995,-150.000000
0.598800,-0.723903,150.000000,10.619995,-150.000000
0.599000,-0.703558,150.000000,10.619995,-150.000000
0.599200,-0.662686,150.000000,10.619995,-150.000000
0.599400,-0.602872,150.000000,10.619995,-150.000000
0.599600,-0.525842,150.000000,10.619995,-150.000000
0.599800,-0.433392,150.000000,10.619995,-150.000000
0.600000,-0.327327,150.000000,10.619995,-150.000000
0.600200,-0.209408,150.000000,10.619995,-150.000000
0.600400,-0.081310,150.000000,10.619995,-150.000000
0.600600,0.055396,150.000000,10.619995,-150.000000
0.600800,0.199259,150.000000,10.619995,-150.000000
0.601000,0.348938,150.000000,10.619995,-150.000000
0.601200,0.503191,150.000000,10.619995,-150.000000
0.601400,0.660844,150.000000,10.619995,-150.000000
0.601600,0.820758,150.000000,10.619995,-150.000000
0.601800,0.981788,150.000000,10.619995,-150.000000
0.602000,1.142747,150.000000,10.619995,-150.000000
0.602200,1.302359,150.000000,10.619995,-150.000000
0.602400,1.459233,150.000000,10.619995,-150.000000
0.602600,1.611835,150.000000,10.619995,-150.000000
0.602800,1.758471,150.000000,10.619995,-150.000000
0.603000,1.897290,150.000000,10.619995,-150.000000
0.603200,2.026295,150.000000,10.619995,-150.000000
0.603400,2.143372,150.000000,10.619995,-150.000000
0.603600,2.246331,150.000000,10.619995,-150.000000
0.603800,2.332968,150.000000,10.619995,-150.000000
0.604000,2.401130,150.000000,10.619995,-150.000000
0.604200,2.448796,150.000000,10.619995,-150.000000
0.604400,2.474162,150.000000,10.619995,-150.000000
0.604600,2.475731,150.000000,10.619995,-150.000000
0.604800,2.452397,150.000000,10.619995,-150.000000
0.605000,2.403531,150.000000,10.619995,-150.000000
0.605200,2.329050,150.000000,10.619995,-150.000000
0.605400,2.229476,150.000000,10.619995,-150.000000
0.605600,2.105980,150.000000,10.619995,-150.000000
0.605800,1.960399,150.000000,10.619995,-150.000000
0.606000,1.795240,150.000000,10.619995,-150.000000
0.606200,1.613648,150.000000,10.619995,-150.000000
0.606400,1.419365,150.000000,10.619995,-150.000000
0.606600,1.216649,150.000000,10.619995,-150.000000
0.606800,1.010181,150.000000,10.619995,-150.000000
0.607000,0.804950,150.000000,10.619995,-150.000000
0.607200,0.606119,150.000000,10.619995,-150.000000
0.607400,0.418880,150.000000,10.619995,-150.000000
0.607600,0.248303,150.000000,10.619995,-150.000000
0.607800,0.099179,150.000000,10.619995,-150.000000
0.608000,-0.024127,150.000000,10.619995,-150.000000
0.608200,-0.117828,150.000000,10.619995,-150.000000
0.608400,-0.178833,150.000000,10.619995,-150.000000
0.608600,-0.204867,150.000000,10.619995,-150.000000
0.608800,-0.194551,150.000000,10.619995,-150.000000
0.609000,-0.147465,150.000000,10.619995,-150.000000
0.609200,-0.064181,150.000000,10.619995,-150.000000
0.609400,0.053741,150.000000,10.619995,-150.000000
0.609600,0.203782,150.000000,10.619995,-150.000000
0.609800,0.382525,150.000000,10.619995,-150.000000
0.610000,0.585745,150.000000,10.619995,-150.000000
0.610200,0.808527,150.000000,10.619995,-150.000000
0.610400,1.045397,150.000000,10.619995,-150.000000
0.610600,1.290486,150.000000,10.619995,-150.000000
0.610800,1.537688,150.000000,10.619995,-150.000000
0.611000,1.780835,150.000000,10.619995,-150.000000
0.611200,2.013871,150.000000,10.619995,-150.000000
0.611400,2.231018,150.000000,10.619995,-150.000000
0.611600,2.426935,150.000000,10.619995,-150.000000
0.611800,2.596854,150.000000,10.619995,-150.000000
0.612000,2.736704,150.000000,10.619995,-150.000000
0.612200,2.843211,150.000000,10.619995,-150.000000
0.612400,2.913961,150.000000,10.619995,-150.000000
0.612600,2.947452,150.000000,10.619995,-150.000000
0.612800,2.943104,150.000000,10.619995,-150.000000
0.613000,2.901250,150.000000,10.619995,-150.000000
0.613200,2.823099,150.000000,10.619995,-150.000000
0.613400,2.710671,150.000000,10.619995,-150.000000
0.613600,2.566721,150.000000,10.619995,-150.000000
0.613800,2.394638,150.000000,10.619995,-150.000000
0.614000,2.198338,150.000000,10.619995,-150.000000
0.614200,1.982143,150.000000,10.619995,-150.000000
0.614400,1.750662,150.000000,10.619995,-150.000000
0.614600,1.508669,150.000000,10.619995,-150.000000
0.614800,1.260986,150.000000,10.619995,-150.000000
0.615000,1.012374,150.000000,10.619995,-150.000000
0.615200,0.767432,150.000000,10.619995,-150.000000
0.615400,0.530513,150.000000,10.619995,-150.000000
0.615600,0.305650,150.000000,10.619995,-150.000000
0.615800,0.096492,150.000000,10.619995,-150.000000
0.616000,-0.093737,150.000000,10.619995,-150.000000
0.616200,-0.262270,150.000000,10.619995,-150.000000
0.616400,-0.406824,150.000000,10.619995,-150.000000
0.616600,-0.525600,150.000000,10.619995,-150.000000
0.616800,-0.617293,150.000000,10.619995,-150.000000
0.617000,-0.681082,150.000000,10.619995,-150.000000
0.617200,-0.716617,150.000000,10.619995,-150.000000
0.617400,-0.724010,150.000000,10.619995,-150.000000
0.617600,-0.703814,150.000000,10.619995,-150.000000
0.617800,-0.657005,150.000000,10.619995,-150.000000
0.618000,-0.584966,150.000000,10.619995,-150.000000
0.618200,-0.489463,150.000000,10.619995,-150.000000
0.618400,-0.372629,150.000000,10.619995,-150.000000
0.618600,-0.236939,150.000000,10.619995,-150.000000
0.618800,-0.085184,150.000000,10.619995,-150.000000
0.619000,0.079556,150.000000,10.619995,-150.000000
0.619200,0.253947,150.000000,10.619995,-150.000000
0.619400,0.434442,150.000000,10.619995,-150.000000
0.619600,0.617331,150.000000,10.619995,-150.000000
0.619800,0.798791,150.000000,10.619995,-150.000000
0.620000,0.974957,150.000000,10.619995,-150.000000
0.620200,1.141988,150.000000,10.619995,-150.000000
0.620400,1.296150,150.000000,10.619995,-150.000000
0.620600,1.433896,150.000000,10.619995,-150.000000
0.620800,1.551955,150.000000,10.619995,-150.000000
0.621000,1.647419,150.000000,10.619995,-150.000000
0.621200,1.717829,150.000000,10.619995,-150.000000
0.621400,1.761250,150.000000,10.619995,-150.000000
0.621600,1.776346,150.000000,10.619995,-150.000000
0.621800,1.762436,150.000000,10.619995,-150.000000
0.622000,1.719531,150.000000,10.619995,-150.000000
0.622200,1.648359,150.000000,10.619995,-150.000000
0.622400,1.550367,150.000000,10.619995,-150.000000
0.622600,1.427699,150.000000,10.619995,-150.000000
0.622800,1.283147,150.000000,10.619995,-150.000000
0.623000,1.120093,150.000000,10.619995,-150.000000
0.623200,0.942411,150.000000,10.619995,-150.000000
0.623400,0.754364,150.000000,10.619995,-150.000000
0.623600,0.560483,150.000000,10.619995,-150.000000
0.623800,0.365423,150.000000,10.619995,-150.000000
0.624000,0.173832,150.000000,10.619995,-150.000000
0.624200,-0.009802,150.000000,10.619995,-150.000000
0.624400,-0.181285,150.000000,10.619995,-150.000000
0.624600,-0.336853,150.000000,10.619995,-150.000000
0.624800,-0.473284,150.000000,10.619995,-150.000000
0.625000,-0.587997,150.000000,10.619995,-150.000000
0.625200,-0.679123,150.000000,10.619995,-150.000000
0.625400,-0.745557,150.000000,10.619995,-150.000000
0.625600,-0.786971,150.000000,10.619995,-150.000000
0.625800,-0.803806,150.000000,10.619995,-150.000000
0.626000,-0.797230,150.000000,10.619995,-150.000000
0.626200,-0.769073,150.000000,10.619995,-150.000000
0.626400,-0.721730,150.000000,10.619995,-150.000000
0.626600,-0.658054,150.000000,10.619995,-150.000000
0.626800,-0.581222,150.000000,10.619995,-150.000000
0.627000,-0.494598,150.000000,10.619995,-150.000000
0.627200,-0.401594,150.000000,10.619995,-150.000000
0.627400,-0.305521,150.000000,10.619995,-150.000000
0.627600,-0.209466,150.000000,10.619995,-150.000000
0.627800,-0.116168,150.000000,10.619995,-150.000000
0.628000,-0.027918,150.000000,10.619995,-150.000000
0.628200,0.053512,150.000000,10.619995,-150.000000
0.628400,0.126921,150.000000,10.619995,-150.000000
0.628600,0.191700,150.000000,10.619995,-150.000000
0.628800,0.247823,150.000000,10.619995,-150.000000
0.629000,0.295810,150.000000,10.619995,-150.000000
0.629200,0.336663,150.000000,10.619995,-150.000000
0.629400,0.371786,150.000000,10.619995,-150.000000
0.629600,0.402872,150.000000,10.619995,-150.000000
0.629800,0.431793,150.000000,10.619995,-150.000000
0.630000,0.460473,150.000000,10.619995,-150.000000
0.630200,0.490762,150.000000,10.619995,-150.000000
0.630400,0.524313,150.000000,10.619995,-150.000000
0.630600,0.562474,150.000000,10.619995,-150.000000
0.630800,0.606195,150.000000,10.619995,-150.000000
0.631000,0.655953,150.000000,10.619995,-150.000000
0.631200,0.711707,150.000000,10.619995,-150.000000
0.631400,0.772874,150.000000,10.619995,-150.000000
0.631600,0.838336,150.000000,10.619995,-150.000000
0.631800,0.906480,150.000000,10.619995,-150.000000
0.632000,0.975253,150.000000,10.619995,-150.000000
0.632200,1.042256,150.000000,10.619995,-150.000000
0.632400,1.104841,150.000000,10.619995,-150.000000
0.632600,1.160239,150.000000,10.619995,-150.000000
0.632800,1.205684,150.000000,10.619995,-150.000000
0.633000,1.238551,150.000000,10.619995,-150.000000
0.633200,1.256486,150.000000,10.619995,-150.000000
0.633400,1.257525,150.000000,10.619995,-150.000000
0.633600,1.240201,150.000000,10.619995,-150.000000
0.633800,1.203635,150.000000,10.619995,-150.000000
0.634000,1.147595,150.000000,10.619995,-150.000000
0.634200,1.072535,150.000000,10.619995,-150.000000
0.634400,0.979599,150.000000,10.619995,-150.000000
0.634600,0.870600,150.000000,10.619995,-150.000000
0.634800,0.747966,150.000000,10.619995,-150.000000
0.635000,0.614665,150.000000,10.619995,-150.000000
0.635200,0.474101,150.000000,10.619995,-150.000000
0.635400,0.329989,150.000000,10.619995,-150.000000
0.635600,0.186222,150.000000,10.619995,-150.000000
0.635800,0.046727,150.000000,10.619995,-150.000000
0.636000,-0.084686,150.000000,10.619995,-150.000000
0.636200,-0.204464,150.000000,10.619995,-150.000000
0.636400,-0.309448,150.000000,10.619995,-150.000000
0.636600,-0.396988,150.000000,10.619995,-150.000000
0.636800,-0.465042,150.000000,10.619995,-150.000000
0.637000,-0.512251,150.000000,10.619995,-150.000000
0.637200,-0.537982,150.000000,10.619995,-150.000000
0.637400,-0.542346,150.000000,10.619995,-150.000000
0.637600,-0.526187,150.000000,10.619995,-150.000000
0.637800,-0.491036,150.000000,10.619995,-150.000000
0.638000,-0.439045,150.000000,10.619995,-150.000000
0.638200,-0.372897,150.000000,10.619995,-150.000000
0.638400,-0.295688,150.000000,10.619995,-150.000000
0.638600,-0.210804,150.000000,10.619995,-150.000000
0.638800,-0.121788,150.000000,10.619995,-150.000000
0.639000,-0.032194,150.000000,10.619995,-150.000000
0.639200,0.054541,150.000000,10.619995,-150.000000
0.639400,0.135230,150.000000,10.619995,-150.000000
0.639600,0.207049,150.000000,10.619995,-150.000000
0.639800,0.267629,150.000000,10.619995,-150.000000
0.640000,0.315135,150.000000,10.619995,-150.000000
0.640200,0.348309,150.000000,10.619995,-150.000000
0.640400,0.366495,150.000000,10.619995,-150.000000
0.640600,0.369634,150.000000,10.619995,-150.000000
0.640800,0.358233,150.000000,10.619995,-150.000000
0.641000,0.333310,150.000000,10.619995,-150.000000
0.641200,0.296319,150.000000,10.619995,-150.000000
0.641400,0.249060,150.000000,10.619995,-150.000000
0.641600,0.193571,150.000000,10.619995,-150.000000
0.641800,0.132019,150.000000,10.619995,-150.000000
0.642000,0.066589,150.000000,10.619995,-150.000000
0.642200,-0.000628,150.000000,10.619995,-150.000000
0.642400,-0.067733,150.000000,10.619995,-150.000000
0.642600,-0.133106,150.000000,10.619995,-150.000000
0.642800,-0.195470,150.000000,10.619995,-150.000000
0.643000,-0.253945,150.000000,10.619995,-150.000000
0.643200,-0.308067,150.000000,10.619995,-150.000000
0.643400,-0.357790,150.000000,10.619995,-150.000000
0.643600,-0.403467,150.000000,10.619995,-150.000000
0.643800,-0.445799,150.000000,10.619995,-150.000000
0.644000,-0.485778,150.000000,10.619995,-150.000000
0.644200,-0.524602,150.000000,10.619995,-150.000000
0.644400,-0.563586,150.000000,10.619995,-150.000000
0.644600,-0.604065,150.000000,10.619995,-150.000000
0.644800,-0.647290,150.000000,10.619995,-150.000000
0.645000,-0.694335,150.000000,10.619995,-150.000000
0.645200,-0.746008,150.000000,10.619995,-150.000000
0.645400,-0.802779,150.000000,10.619995,-150.000000
0.645600,-0.864718,150.000000,10.619995,-150.000000
0.645800,-0.931466,150.000000,10.619995,-150.000000
0.646000,-1.002216,150.000000,10.619995,-150.000000
0.646200,-1.075723,150.000000,10.619995,-150.000000
0.646400,-1.150341,150.000000,10.619995,-150.000000
0.646600,-1.224079,150.000000,10.619995,-150.000000
0.646800,-1.294672,150.000000,10.619995,-150.000000
0.647000,-1.359678,150.000000,10.619995,-150.000000
0.647200,-1.416576,150.000000,10.619995,-150.000000
0.647400,-1.462886,150.000000,10.619995,-150.000000
0.647600,-1.496270,150.000000,10.619995,-150.000000
0.647800,-1.514650,150.000000,10.619995,-150.000000
0.648000,-1.516305,150.000000,10.619995,-150.000000
0.648200,-1.499953,150.000000,10.619995,-150.000000
0.648400,-1.464824,150.000000,10.619995,-150.000000
0.648600,-1.410703,150.000000,10.619995,-150.000000
0.648800,-1.337951,150.000000,10.619995,-150.000000
0.649000,-1.247506,150.000000,10.619995,-150.000000
0.649200,-1.140850,150.000000,10.619995,-150.000000
0.649400,-1.019956,150.000000,10.619995,-150.000000
0.649600,-0.887223,150.000000,10.619995,-150.000000
0.649800,-0.745371,150.000000,10.619995,-150.000000
0.650000,-0.597347,150.000000,10.619995,-150.000000
0.650200,-0.446203,150.000000,10.619995,-150.000000
0.650400,-0.294986,150.000000,10.619995,-150.000000
0.650600,-0.146613,150.000000,10.619995,-150.000000
0.650800,-0.003773,150.000000,10.619995,-150.000000
0.651000,0.131173,150.000000,10.619995,-150.000000
0.651200,0.256267,150.000000,10.619995,-150.000000
0.651400,0.370012,150.000000,10.619995,-150.000000
0.651600,0.471404,150.000000,10.619995,-150.000000
0.651800,0.559943,150.000000,10.619995,-150.000000
0.652000,0.635614,150.000000,10.619995,-150.000000
0.652200,0.698850,150.000000,10.619995,-150.000000
0.652400,0.750472,150.000000,10.619995,-150.000000
0.652600,0.791609,150.000000,10.619995,-150.000000
0.652800,0.823607,150.000000,10.619995,-150.000000
0.653000,0.847931,150.000000,10.619995,-150.000000
0.653200,0.866059,150.000000,10.619995,-150.000000
0.653400,0.879383,150.000000,10.619995,-150.000000
0.653600,0.889115,150.000000,10.619995,-150.000000
0.653800,0.896210,150.000000,10.619995,-150.000000
0.654000,0.901297,150.000000,10.619995,-150.000000
0.654200,0.904642,150.000000,10.619995,-150.000000
0.654400,0.906127,150.000000,10.619995,-150.000000
0.654600,0.905249,150.000000,10.619995,-150.000000
0.654800,0.901158,150.000000,10.619995,-150.000000
0.655000,0.892699,150.000000,10.619995,-150.000000
0.655200,0.878487,150.000000,10.619995,-150.000000
0.655400,0.856998,150.000000,10.619995,-150.000000
0.655600,0.826663,150.000000,10.619995,-150.000000
0.655800,0.785982,150.000000,10.619995,-150.000000
0.656000,0.733631,150.000000,10.619995,-150.000000
0.656200,0.668566,150.000000,10.619995,-150.000000
0.656400,0.590125,150.000000,10.619995,-150.000000
0.656600,0.498102,150.000000,10.619995,-150.000000
0.656800,0.392821,150.000000,10.619995,-150.000000
0.657000,0.275167,150.000000,10.619995,-150.000000
0.657200,0.146606,150.000000,10.619995,-150.000000
0.657400,0.009175,150.000000,10.619995,-150.000000
0.657600,-0.134558,150.000000,10.619995,-150.000000
0.657800,-0.281558,150.000000,10.619995,-150.000000
0.658000,-0.428407,150.000000,10.619995,-150.000000
0.658200,-0.571415,150.000000,10.619995,-150.000000
0.658400,-0.706744,150.000000,10.619995,-150.000000
0.658600,-0.830541,150.000000,10.619995,-150.000000
0.658800,-0.939080,150.000000,10.619995,-150.000000
0.659000,-1.028901,150.000000,10.619995,-150.000000
0.659200,-1.096948,150.000000,10.619995,-150.000000
0.659400,-1.140690,150.000000,10.619995,-150.000000
0.659600,-1.158230,150.000000,10.619995,-150.000000
0.659800,-1.148385,150.000000,10.619995,-150.000000
0.660000,-1.110757,150.000000,10.619995,-150.000000
0.660200,-1.045757,150.000000,10.619995,-150.000000
0.660400,-0.954615,150.000000,10.619995,-150.000000
0.660600,-0.839356,150.000000,10.619995,-150.000000
0.660800,-0.702743,150.000000,10.619995,-150.000000
0.661000,-0.548204,150.000000,10.619995,-150.000000
0.661200,-0.379722,150.000000,10.619995,-150.000000
0.661400,-0.201713,150.000000,10.619995,-150.000000
0.661600,-0.018890,150.000000,10.619995,-150.000000
0.661800,0.163893,150.000000,10.619995,-150.000000
0.662000,0.341791,150.000000,10.619995,-150.000000
0.662200,0.510129,150.000000,10.619995,-150.000000
0.662400,0.664552,150.000000,10.619995,-150.000000
0.662600,0.801161,150.000000,10.619995,-150.000000
0.662800,0.916642,150.000000,10.619995,-150.000000
0.663000,1.008371,150.000000,10.619995,-150.000000
0.663200,1.074493,150.000000,10.619995,-150.000000
0.663400,1.113982,150.000000,10.619995,-150.000000
0.663600,1.126672,150.000000,10.619995,-150.000000
0.663800,1.113251,150.000000,10.619995,-150.000000
0.664000,1.075241,150.000000,10.619995,-150.000000
0.664200,1.014942,150.000000,10.619995,-150.000000
0.664400,0.935347,150.000000,10.619995,-150.000000
0.664600,0.840046,150.000000,10.619995,-150.000000
0.664800,0.733103,150.000000,10.619995,-150.000000
0.665000,0.618913,150.000000,10.619995,-150.000000
0.665200,0.502062,150.000000,10.619995,-150.000000
0.665400,0.387164,150.000000,10.619995,-150.000000
0.665600,0.278713,150.000000,10.619995,-150.000000
0.665800,0.180925,150.000000,10.619995,-150.000000
0.666000,0.097600,150.000000,10.619995,-150.000000
0.666200,0.031987,150.000000,10.619995,-150.000000
0.666400,-0.013323,150.000000,10.619995,-150.000000
0.666600,-0.036490,150.000000,10.619995,-150.000000
0.666800,-0.036489,150.000000,10.619995,-150.000000
0.667000,-0.013150,150.000000,10.619995,-150.000000
0.667200,0.032832,150.000000,10.619995,-150.000000
0.667400,0.099922,150.000000,10.619995,-150.000000
0.667600,0.185785,150.000000,10.619995,-150.000000
0.667800,0.287369,150.000000,10.619995,-150.000000
0.668000,0.401006,150.000000,10.619995,-150.000000
0.668200,0.522535,150.000000,10.619995,-150.000000
0.668400,0.647446,150.000000,10.619995,-150.000000
0.668600,0.771037,150.000000,10.619995,-150.000000
0.668800,0.888580,150.000000,10.619995,-150.000000
0.669000,0.995489,150.000000,10.619995,-150.000000
0.669200,1.087484,150.000000,10.619995,-150.000000
0.669400,1.160747,150.000000,10.619995,-150.000000
0.669600,1.212068,150.000000,10.619995,-150.000000
0.669800,1.238957,150.000000,10.619995,-150.000000
0.670000,1.239748,150.000000,10.619995,-150.000000
0.670200,1.213659,150.000000,10.619995,-150.000000
0.670400,1.160828,150.000000,10.619995,-150.000000
0.670600,1.082311,150.000000,10.619995,-150.000000
0.670800,0.980050,150.000000,10.619995,-150.000000
0.671000,0.856799,150.000000,10.619995,-150.000000
0.671200,0.716023,150.000000,10.619995,-150.000000
0.671400,0.561769,150.000000,10.619995,-150.000000
0.671600,0.398508,150.000000,10.619995,-150.000000
0.671800,0.230964,150.000000,10.619995,-150.000000
0.672000,0.063926,150.000000,10.619995,-150.000000
0.672200,-0.097945,150.000000,10.619995,-150.000000
0.672400,-0.250300,150.000000,10.619995,-150.000000
0.672600,-0.389282,150.000000,10.619995,-150.000000
0.672800,-0.511688,150.000000,10.619995,-150.000000
0.673000,-0.615101,150.000000,10.619995,-150.000000
0.673200,-0.698000,150.000000,10.619995,-150.000000
0.673400,-0.759822,150.000000,10.619995,-150.000000
0.673600,-0.801000,150.000000,10.619995,-150.000000
0.673800,-0.822943,150.000000,10.619995,-150.000000
0.674000,-0.827991,150.000000,10.619995,-150.000000
0.674200,-0.819313,150.000000,10.619995,-150.000000
0.674400,-0.800784,150.000000,10.619995,-150.000000
0.674600,-0.776813,150.000000,10.619995,-150.000000
0.674800,-0.752159,150.000000,10.619995,-150.000000
0.675000,-0.731718,150.000000,10.619995,-150.000000
0.675200,-0.720303,150.000000,10.619995,-150.000000
0.675400,-0.722421,150.000000,10.619995,-150.000000
0.675600,-0.742061,150.000000,10.619995,-150.000000
0.675800,-0.782492,150.000000,10.619995,-150.000000
0.676000,-0.846091,150.000000,10.619995,-150.000000
0.676200,-0.934205,150.000000,10.619995,-150.000000
0.676400,-1.047044,150.000000,10.619995,-150.000000
0.676600,-1.183633,150.000000,10.619995,-150.000000
0.676800,-1.341795,150.000000,10.619995,-150.000000
0.677000,-1.518195,150.000000,10.619995,-150.000000
0.677200,-1.708430,150.000000,10.619995,-150.000000
0.677400,-1.907160,150.000000,10.619995,-150.000000
0.677600,-2.108285,150.000000,10.619995,-150.000000
0.677800,-2.305154,150.000000,10.619995,-150.000000
0.678000,-2.490804,150.000000,10.619995,-150.000000
0.678200,-2.658213,150.000000,10.619995,-150.000000
0.678400,-2.800565,150.000000,10.619995,-150.000000
0.678600,-2.911509,150.000000,10.619995,-150.000000
0.678800,-2.985411,150.000000,10.619995,-150.000000
0.679000,-3.017575,150.000000,10.619995,-150.000000
0.679200,-3.004441,150.000000,10.619995,-150.000000
0.679400,-2.943743,150.000000,10.619995,-150.000000
0.679600,-2.834612,150.000000,10.619995,-150.000000
0.679800,-2.677642,150.000000,10.619995,-150.000000
0.680000,-2.474892,150.000000,10.619995,-150.000000
0.680200,-2.229844,150.000000,10.619995,-150.000000
0.680400,-1.947299,150.000000,10.619995,-150.000000
0.680600,-1.633236,150.000000,10.619995,-150.000000
0.680800,-1.294621,150.000000,10.619995,-150.000000
0.681000,-0.939179,150.000000,10.619995,-150.000000
0.681200,-0.575148,150.000000,10.619995,-150.000000
0.681400,-0.211007,150.000000,10.619995,-150.000000
0.681600,0.144803,150.000000,10.619995,-150.000000
0.681800,0.484146,150.000000,10.619995,-150.000000
0.682000,0.799457,150.000000,10.619995,-150.000000
0.682200,1.083980,150.000000,10.619995,-150.000000
0.682400,1.331970,150.000000,10.619995,-150.000000
0.682600,1.538866,150.000000,10.619995,-150.000000
0.682800,1.701412,150.000000,10.619995,-150.000000
0.683000,1.817739,150.000000,10.619995,-150.000000
0.683200,1.887383,150.000000,10.619995,-150.000000
0.683400,1.911272,150.000000,10.619995,-150.000000
0.683600,1.891647,150.000000,10.619995,-150.000000
0.683800,1.831949,150.000000,10.619995,-150.000000
0.684000,1.736669,150.000000,10.619995,-150.000000
0.684200,1.611155,150.000000,10.619995,-150.000000
0.684400,1.461404,150.000000,10.619995,-150.000000
0.684600,1.293836,150.000000,10.619995,-150.000000
0.684800,1.115057,150.000000,10.619995,-150.000000
0.685000,0.931625,150.000000,10.619995,-150.000000
0.685200,0.749832,150.000000,10.619995,-150.000000
0.685400,0.575493,150.000000,10.619995,-150.000000
0.685600,0.413770,150.000000,10.619995,-150.000000
0.685800,0.269021,150.000000,10.619995,-150.000000
0.686000,0.144687,150.000000,10.619995,-150.000000
0.686200,0.043211,150.000000,10.619995,-150.000000
0.686400,-0.033992,150.000000,10.619995,-150.000000
0.686600,-0.086540,150.000000,10.619995,-150.000000
0.686800,-0.115042,150.000000,10.619995,-150.000000
0.687000,-0.121028,150.000000,10.619995,-150.000000
0.687200,-0.106842,150.000000,10.619995,-150.000000
0.687400,-0.075519,150.000000,10.619995,-150.000000
0.687600,-0.030637,150.000000,10.619995,-150.000000
0.687800,0.023841,150.000000,10.619995,-150.000000
0.688000,0.083732,150.000000,10.619995,-150.000000
0.688200,0.144795,150.000000,10.619995,-150.000000
0.688400,0.202889,150.000000,10.619995,-150.000000
0.688600,0.254120,150.000000,10.619995,-150.000000
0.688800,0.294969,150.000000,10.619995,-150.000000
0.689000,0.322397,150.000000,10.619995,-150.000000
0.689200,0.333937,150.000000,10.619995,-150.000000
0.689400,0.327749,150.000000,10.619995,-150.000000
0.689600,0.302657,150.000000,10.619995,-150.000000
0.689800,0.258162,150.000000,10.619995,-150.000000
0.690000,0.194423,150.000000,10.619995,-150.000000
0.690200,0.112228,150.000000,10.619995,-150.000000
0.690400,0.012937,150.000000,10.619995,-150.000000
0.690600,-0.101588,150.000000,10.619995,-150.000000
0.690800,-0.229060,150.000000,10.619995,-150.000000
0.691000,-0.366860,150.000000,10.619995,-150.000000
0.691200,-0.512129,150.000000,10.619995,-150.000000
0.691400,-0.661862,150.000000,10.619995,-150.000000
0.691600,-0.813002,150.000000,10.619995,-150.000000
0.691800,-0.962524,150.000000,10.619995,-150.000000
0.692000,-1.107521,150.000000,10.619995,-150.000000
0.692200,-1.245267,150.000000,10.619995,-150.000000
0.692400,-1.373282,150.000000,10.619995,-150.000000
0.692600,-1.489383,150.000000,10.619995,-150.000000
0.692800,-1.591718,150.000000,10.619995,-150.000000
0.693000,-1.678798,150.000000,10.619995,-150.000000
0.693200,-1.749512,150.000000,10.619995,-150.000000
0.693400,-1.803138,150.000000,10.619995,-150.000000
0.693600,-1.839338,150.000000,10.619995,-150.000000
0.693800,-1.858157,150.000000,10.619995,-150.000000
0.694000,-1.860004,150.000000,10.619995,-150.000000
0.694200,-1.845637,150.000000,10.619995,-150.000000
0.694400,-1.816138,150.000000,10.619995,-150.000000
0.694600,-1.772887,150.000000,10.619995,-150.000000
0.694800,-1.717533,150.000000,10.619995,-150.000000
0.695000,-1.651957,150.000000,10.619995,-150.000000
0.695200,-1.578241,150.000000,10.619995,-150.000000
0.695400,-1.498624,150.000000,10.619995,-150.000000
0.695600,-1.415466,150.000000,10.619995,-150.000000
0.695800,-1.331196,150.000000,10.619995,-150.000000
0.696000,-1.248270,150.000000,10.619995,-150.000000
0.696200,-1.169117,150.000000,10.619995,-150.000000
0.696400,-1.096089,150.000000,10.619995,-150.000000
0.696600,-1.031400,150.000000,10.619995,-150.000000
0.696800,-0.977079,150.000000,10.619995,-150.000000
0.697000,-0.934907,150.000000,10.619995,-150.000000
0.697200,-0.906371,150.000000,10.619995,-150.000000
0.697400,-0.892609,150.000000,10.619995,-150.000000
0.697600,-0.894367,150.000000,10.619995,-150.000000
0.697800,-0.911967,150.000000,10.619995,-150.000000
0.698000,-0.945275,150.000000,10.619995,-150.000000
0.698200,-0.993690,150.000000,10.619995,-150.000000
0.698400,-1.056137,150.000000,10.619995,-150.000000
0.698600,-1.131085,150.000000,10.619995,-150.000000
0.698800,-1.216568,150.000000,10.619995,-150.000000
0.699000,-1.310233,150.000000,10.619995,-150.000000
0.699200,-1.409393,150.000000,10.619995,-150.000000
0.699400,-1.511105,150.000000,10.619995,-150.000000
0.699600,-1.612249,150.000000,10.619995,-150.000000
0.699800,-1.709625,150.000000,10.619995,-150.000000
0.700000,-1.800056,150.000000,10.619995,-150.000000
0.700200,-1.880493,150.000000,10.619995,-150.000000
0.700400,-1.948125,150.000000,10.619995,-150.000000
0.700600,-2.000476,150.000000,10.619995,-150.000000
0.700800,-2.035505,150.000000,10.619995,-150.000000
0.701000,-2.051688,150.000000,10.619995,-150.000000
0.701200,-2.048084,150.000000,10.619995,-150.000000
0.701400,-2.024383,150.000000,10.619995,-150.000000
0.701600,-1.980935,150.000000,10.619995,-150.000000
0.701800,-1.918752,150.000000,10.619995,-150.000000
0.702000,-1.839486,150.000000,10.619995,-150.000000
0.702200,-1.745381,150.000000,10.619995,-150.000000
0.702400,-1.639208,150.000000,10.619995,-150.000000
0.702600,-1.524169,150.000000,10.619995,-150.000000
0.702800,-1.403786,150.000000,10.619995,-150.000000
0.703000,-1.281781,150.000000,10.619995,-150.000000
0.703200,-1.161933,150.000000,10.619995,-150.000000
0.703400,-1.047941,150.000000,10.619995,-150.000000
0.703600,-0.943284,150.000000,10.619995,-150.000000
0.703800,-0.851083,150.000000,10.619995,-150.000000
0.704000,-0.773980,150.000000,10.619995,-150.000000
0.704200,-0.714031,150.000000,10.619995,-150.000000
0.704400,-0.672620,150.000000,10.619995,-150.000000
0.704600,-0.650399,150.000000,10.619995,-150.000000
0.704800,-0.647257,150.000000,10.619995,-150.000000
0.705000,-0.662318,150.000000,10.619995,-150.000000
0.705200,-0.693968,150.000000,10.619995,-150.000000
0.705400,-0.739914,150.000000,10.619995,-150.000000
0.705600,-0.797271,150.000000,10.619995,-150.000000
0.705800,-0.862669,150.000000,10.619995,-150.000000
0.706000,-0.932390,150.000000,10.619995,-150.000000
0.706200,-1.002507,150.000000,10.619995,-150.000000
0.706400,-1.069045,150.000000,10.619995,-150.000000
0.706600,-1.128140,150.000000,10.619995,-150.000000
0.706800,-1.176189,150.000000,10.619995,-150.000000
0.707000,-1.210005,150.000000,10.619995,-150.000000
0.707200,-1.226938,150.000000,10.619995,-150.000000
0.707400,-1.224992,150.000000,10.619995,-150.000000
0.707600,-1.202905,150.000000,10.619995,-150.000000
0.707800,-1.160203,150.000000,10.619995,-150.000000
0.708000,-1.097229,150.000000,10.619995,-150.000000
0.708200,-1.015128,150.000000,10.619995,-150.000000
0.708400,-0.915812,150.000000,10.619995,-150.000000
0.708600,-0.801888,150.000000,10.619995,-150.000000
0.708800,-0.676559,150.000000,10.619995,-150.000000
0.709000,-0.543509,150.000000,10.619995,-150.000000
0.709200,-0.406759,150.000000,10.619995,-150.000000
0.709400,-0.270523,150.000000,10.619995,-150.000000
0.709600,-0.139049,150.000000,10.619995,-150.000000
0.709800,-0.016465,150.000000,10.619995,-150.000000
0.710000,0.093372,150.000000,10.619995,-150.000000
0.710200,0.187005,150.000000,10.619995,-150.000000
0.710400,0.261503,150.000000,10.619995,-150.000000
0.710600,0.314550,150.000000,10.619995,-150.000000
0.710800,0.344519,150.000000,10.619995,-150.000000
0.711000,0.350512,150.000000,10.619995,-150.000000
0.711200,0.332374,150.000000,10.619995,-150.000000
0.711400,0.290681,150.000000,10.619995,-150.000000
0.711600,0.226694,150.000000,10.619995,-150.000000
0.711800,0.142298,150.000000,10.619995,-150.000000
0.712000,0.039915,150.000000,10.619995,-150.000000
0.712200,-0.077598,150.000000,10.619995,-150.000000
0.712400,-0.207061,150.000000,10.619995,-150.000000
0.712600,-0.345085,150.000000,10.619995,-150.000000
0.712800,-0.488197,150.000000,10.619995,-150.000000
0.713000,-0.632946,150.000000,10.619995,-150.000000
0.713200,-0.776014,150.000000,10.619995,-150.000000
0.713400,-0.914299,150.000000,10.619995,-150.000000
0.713600,-1.044996,150.000000,10.619995,-150.000000
0.713800,-1.165650,150.000000,10.619995,-150.000000
0.714000,-1.274191,150.000000,10.619995,-150.000000
0.714200,-1.368954,150.000000,10.619995,-150.000000
0.714400,-1.448676,150.000000,10.619995,-150.000000
0.714600,-1.512477,150.000000,10.619995,-150.000000
0.714800,-1.559832,150.000000,10.619995,-150.000000
0.715000,-1.590524,150.000000,10.619995,-150.000000
0.715200,-1.604599,150.000000,10.619995,-150.000000
0.715400,-1.602311,150.000000,10.619995,-150.000000
0.715600,-1.584073,150.000000,10.619995,-150.000000
0.715800,-1.550412,150.000000,10.619995,-150.000000
0.716000,-1.501927,150.000000,10.619995,-150.000000
0.716200,-1.439263,150.000000,10.619995,-150.000000
0.716400,-1.363093,150.000000,10.619995,-150.000000
0.716600,-1.274110,150.000000,10.619995,-150.000000
0.716800,-1.173038,150.000000,10.619995,-150.000000
0.717000,-1.060647,150.000000,10.619995,-150.000000
0.717200,-0.937780,150.000000,10.619995,-150.000000
0.717400,-0.805384,150.000000,10.619995,-150.000000
0.717600,-0.664548,150.000000,10.619995,-150.000000
0.717800,-0.516536,150.000000,10.619995,-150.000000
0.718000,-0.362819,150.000000,10.619995,-150.000000
0.718200,-0.205095,150.000000,10.619995,-150.000000
0.718400,-0.045306,150.000000,10.619995,-150.000000
0.718600,0.114368,150.000000,10.619995,-150.000000
0.718800,0.271527,150.000000,10.619995,-150.000000
0.719000,0.423579,150.000000,10.619995,-150.000000
0.719200,0.567800,150.000000,10.619995,-150.000000
0.719400,0.701393,150.000000,10.619995,-150.000000
0.719600,0.821574,150.000000,10.619995,-150.000000
0.719800,0.925658,150.000000,10.619995,-150.000000
0.720000,1.011167,150.000000,10.619995,-150.000000
0.720200,1.075924,150.000000,10.619995,-150.000000
0.720400,1.118156,150.000000,10.619995,-150.000000
0.720600,1.136589,150.000000,10.619995,-150.000000
0.720800,1.130529,150.000000,10.619995,-150.000000
0.721000,1.099925,150.000000,10.619995,-150.000000
0.721200,1.045414,150.000000,10.619995,-150.000000
0.721400,0.968342,150.000000,10.619995,-150.000000
0.721600,0.870757,150.000000,10.619995,-150.000000
0.721800,0.755373,150.000000,10.619995,-150.000000
0.722000,0.625508,150.000000,10.619995,-150.000000
0.722200,0.484999,150.000000,10.619995,-150.000000
0.722400,0.338081,150.000000,10.619995,-150.000000
0.722600,0.189262,150.000000,10.619995,-150.000000
0.722800,0.043167,150.000000,10.619995,-150.000000
0.723000,-0.095617,150.000000,10.619995,-150.000000
0.723200,-0.222707,150.000000,10.619995,-150.000000
0.723400,-0.334083,150.000000,10.619995,-150.000000
0.723600,-0.426242,150.000000,10.619995,-150.000000
0.723800,-0.496331,150.000000,10.619995,-150.000000
0.724000,-0.542266,150.000000,10.619995,-150.000000
0.724200,-0.562817,150.000000,10.619995,-150.000000
0.724400,-0.557669,150.000000,10.619995,-150.000000
0.724600,-0.527446,150.000000,10.619995,-150.000000
0.724800,-0.473698,150.000000,10.619995,-150.000000
0.725000,-0.398863,150.000000,10.619995,-150.000000
0.725200,-0.306183,150.000000,10.619995,-150.000000
0.725400,-0.199598,150.000000,10.619995,-150.000000
0.725600,-0.083606,150.000000,10.619995,-150.000000
0.725800,0.036886,150.000000,10.619995,-150.000000
0.726000,0.156748,150.000000,10.619995,-150.000000
0.726200,0.270798,150.000000,10.619995,-150.000000
0.726400,0.373998,150.000000,10.619995,-150.000000
0.726600,0.461626,150.000000,10.619995,-150.000000
0.726800,0.529452,150.000000,10.619995,-150.000000
0.727000,0.573889,150.000000,10.619995,-150.000000
0.727200,0.592119,150.000000,10.619995,-150.000000
0.727400,0.582198,150.000000,10.619995,-150.000000
0.727600,0.543123,150.000000,10.619995,-150.000000
0.727800,0.474869,150.000000,10.619995,-150.000000
0.728000,0.378395,150.000000,10.619995,-150.000000
0.728200,0.255607,150.000000,10.619995,-150.000000
0.728400,0.109296,150.000000,10.619995,-150.000000
0.728600,-0.056954,150.000000,10.619995,-150.000000
0.728800,-0.238886,150.000000,10.619995,-150.000000
0.729000,-0.431710,150.000000,10.619995,-150.000000
0.729200,-0.630258,150.000000,10.619995,-150.000000
0.729400,-0.829149,150.000000,10.619995,-150.000000
0.729600,-1.022958,150.000000,10.619995,-150.000000
0.729800,-1.206379,150.000000,10.619995,-150.000000
0.730000,-1.374387,150.000000,10.619995,-150.000000
0.730200,-1.522381,150.000000,10.619995,-150.000000
0.730400,-1.646315,150.000000,10.619995,-150.000000
0.730600,-1.742800,150.000000,10.619995,-150.000000
0.730800,-1.809190,150.000000,10.619995,-150.000000
0.731000,-1.843636,150.000000,10.619995,-150.000000
0.731200,-1.845123,150.000000,10.619995,-150.000000
0.731400,-1.813467,150.000000,10.619995,-150.000000
0.731600,-1.749298,150.000000,10.619995,-150.000000
0.731800,-1.654013,150.000000,10.619995,-150.000000
0.732000,-1.529718,150.000000,10.619995,-150.000000
0.732200,-1.379135,150.000000,10.619995,-150.000000
0.732400,-1.205516,150.000000,10.619995,-150.000000
0.732600,-1.012529,150.000000,10.619995,-150.000000
0.732800,-0.804149,150.000000,10.619995,-150.000000
0.733000,-0.584542,150.000000,10.619995,-150.000000
0.733200,-0.357954,150.000000,10.619995,-150.000000
0.733400,-0.128596,150.000000,10.619995,-150.000000
0.733600,0.099447,150.000000,10.619995,-150.000000
0.733800,0.322317,150.000000,10.619995,-150.000000
0.734000,0.536454,150.000000,10.619995,-150.000000
0.734200,0.738661,150.000000,10.619995,-150.000000
0.734400,0.926159,150.000000,10.619995,-150.000000
0.734600,1.096616,150.000000,10.619995,-150.000000
0.734800,1.248171,150.000000,10.619995,-150.000000
0.735000,1.379440,150.000000,10.619995,-150.000000
0.735200,1.489511,150.000000,10.619995,-150.000000
0.735400,1.577920,150.000000,10.619995,-150.000000
0.735600,1.644633,150.000000,10.619995,-150.000000
0.735800,1.690000,150.000000,10.619995,-150.000000
0.736000,1.714720,150.000000,10.619995,-150.000000
0.736200,1.719793,150.000000,10.619995,-150.000000
0.736400,1.706466,150.000000,10.619995,-150.000000
0.736600,1.676189,150.000000,10.619995,-150.000000
0.736800,1.630560,150.000000,10.619995,-150.000000
0.737000,1.571282,150.000000,10.619995,-150.000000
0.737200,1.500113,150.000000,10.619995,-150.000000
0.737400,1.418828,150.000000,10.619995,-150.000000
0.737600,1.329181,150.000000,10.619995,-150.000000
0.737800,1.232877,150.000000,10.619995,-150.000000
0.738000,1.131538,150.000000,10.619995,-150.000000
0.738200,1.026687,150.000000,10.619995,-150.000000
0.738400,0.919732,150.000000,10.619995,-150.000000
0.738600,0.811951,150.000000,10.619995,-150.000000
0.738800,0.704486,150.000000,10.619995,-150.000000
0.739000,0.598338,150.000000,10.619995,-150.000000
0.739200,0.494370,150.000000,10.619995,-150.000000
0.739400,0.393305,150.000000,10.619995,-150.000000
0.739600,0.295736,150.000000,10.619995,-150.000000
0.739800,0.202129,150.000000,10.619995,-150.000000
0.740000,0.112831,150.000000,10.619995,-150.000000
0.740200,0.028082,150.000000,10.619995,-150.000000
0.740400,-0.051975,150.000000,10.619995,-150.000000
0.740600,-0.127286,150.000000,10.619995,-150.000000
0.740800,-0.197871,150.000000,10.619995,-150.000000
0.741000,-0.263816,150.000000,10.619995,-150.000000
0.741200,-0.325258,150.000000,10.619995,-150.000000
0.741400,-0.382375,150.000000,10.619995,-150.000000
0.741600,-0.435373,150.000000,10.619995,-150.000000
0.741800,-0.484474,150.000000,10.619995,-150.000000
0.742000,-0.529900,150.000000,10.619995,-150.000000
0.742200,-0.571866,150.000000,10.619995,-150.000000
0.742400,-0.610565,150.000000,10.619995,-150.000000
0.742600,-0.646152,150.000000,10.619995,-150.000000
0.742800,-0.678739,150.000000,10.619995,-150.000000
0.743000,-0.708379,150.000000,10.619995,-150.000000
0.743200,-0.735059,150.000000,10.619995,-150.000000
0.743400,-0.758691,150.000000,10.619995,-150.000000
0.743600,-0.779109,150.000000,10.619995,-150.000000
0.743800,-0.796061,150.000000,10.619995,-150.000000
0.744000,-0.809214,150.000000,10.619995,-150.000000
0.744200,-0.818155,150.000000,10.619995,-150.000000
0.744400,-0.822397,150.000000,10.619995,-150.000000
0.744600,-0.821397,150.000000,10.619995,-150.000000
0.744800,-0.814560,150.000000,10.619995,-150.000000
0.745000,-0.801270,150.000000,10.619995,-150.000000
0.745200,-0.780904,150.000000,10.619995,-150.000000
0.745400,-0.752867,150.000000,10.619995,-150.000000
0.745600,-0.716611,150.000000,10.619995,-150.000000
0.745800,-0.671675,150.000000,10.619995,-150.000000
0.746000,-0.617711,150.000000,10.619995,-150.000000
0.746200,-0.554520,150.000000,10.619995,-150.000000
0.746400,-0.482075,150.000000,10.619995,-150.000000
0.746600,-0.400555,150.000000,10.619995,-150.000000
0.746800,-0.310367,150.000000,10.619995,-150.000000
0.747000,-0.212157,150.000000,10.619995,-150.000000
0.747200,-0.106829,150.000000,10.619995,-150.000000
0.747400,0.004456,150.000000,10.619995,-150.000000
0.747600,0.120285,150.000000,10.619995,-150.000000
0.747800,0.239007,150.000000,10.619995,-150.000000
0.748000,0.358753,150.000000,10.619995,-150.000000
0.748200,0.477475,150.000000,10.619995,-150.000000
0.748400,0.592980,150.000000,10.619995,-150.000000
0.748600,0.702985,150.000000,10.619995,-150.000000
0.748800,0.805167,150.000000,10.619995,-150.000000
0.749000,0.897227,150.000000,10.619995,-150.000000
0.749200,0.976953,150.000000,10.619995,-150.000000
0.749400,1.042284,150.000000,10.619995,-150.000000
0.749600,1.091379,150.000000,10.619995,-150.000000
0.749800,1.122672,150.000000,10.619995,-150.000000
0.750000,1.134933,150.000000,10.619995,-150.000000
0.750200,1.127319,150.000000,10.619995,-150.000000
0.750400,1.099409,150.000000,10.619995,-150.000000
0.750600,1.051236,150.000000,10.619995,-150.000000
0.750800,0.983303,150.000000,10.619995,-150.000000
0.751000,0.896590,150.000000,10.619995,-150.000000
0.751200,0.792539,150.000000,10.619995,-150.000000
0.751400,0.673032,150.000000,10.619995,-150.000000
0.751600,0.540356,150.000000,10.619995,-150.000000
0.751800,0.397150,150.000000,10.619995,-150.000000
0.752000,0.246346,150.000000,10.619995,-150.000000
0.752200,0.091094,150.000000,10.619995,-150.000000
0.752400,-0.065309,150.000000,10.619995,-150.000000
0.752600,-0.219512,150.000000,10.619995,-150.000000
0.752800,-0.368188,150.000000,10.619995,-150.000000
0.753000,-0.508128,150.000000,10.619995,-150.000000
0.753200,-0.636320,150.000000,10.619995,-150.000000
0.753400,-0.750031,150.000000,10.619995,-150.000000
0.753600,-0.846879,150.000000,10.619995,-150.000000
0.753800,-0.924894,150.000000,10.619995,-150.000000
0.754000,-0.982572,150.000000,10.619995,-150.000000
0.754200,-1.018910,150.000000,10.619995,-150.000000
0.754400,-1.033437,150.000000,10.619995,-150.000000
0.754600,-1.026216,150.000000,10.619995,-150.000000
0.754800,-0.997846,150.000000,10.619995,-150.000000
0.755000,-0.949442,150.000000,10.619995,-150.000000
0.755200,-0.882601,150.000000,10.619995,-150.000000
0.755400,-0.799361,150.000000,10.619995,-150.000000
0.755600,-0.702139,150.000000,10.619995,-150.000000
0.755800,-0.593671,150.000000,10.619995,-150.000000
0.756000,-0.476936,150.000000,10.619995,-150.000000
0.756200,-0.355077,150.000000,10.619995,-150.000000
0.756400,-0.231318,150.000000,10.619995,-150.000000
0.756600,-0.108883,150.000000,10.619995,-150.000000
0.756800,0.009091,150.000000,10.619995,-150.000000
0.757000,0.119631,150.000000,10.619995,-150.000000
0.757200,0.220004,150.000000,10.619995,-150.000000
0.757400,0.307784,150.000000,10.619995,-150.000000
0.757600,0.380916,150.000000,10.619995,-150.000000
0.757800,0.437761,150.000000,10.619995,-150.000000
0.758000,0.477140,150.000000,10.619995,-150.000000
0.758200,0.498357,150.000000,10.619995,-150.000000
0.758400,0.501222,150.000000,10.619995,-150.000000
0.758600,0.486047,150.000000,10.619995,-150.000000
0.758800,0.453643,150.000000,10.619995,-150.000000
0.759000,0.405294,150.000000,10.619995,-150.000000
0.759200,0.342728,150.000000,10.619995,-150.000000
0.759400,0.268069,150.000000,10.619995,-150.000000
0.759600,0.183788,150.000000,10.619995,-150.000000
0.759800,0.092636,150.000000,10.619995,-150.000000
0.760000,-0.002426,150.000000,10.619995,-150.000000
0.760200,-0.098299,150.000000,10.619995,-150.000000
0.760400,-0.191831,150.000000,10.619995,-150.000000
0.760600,-0.279897,150.000000,10.619995,-150.000000
0.760800,-0.359485,150.000000,10.619995,-150.000000
0.761000,-0.427772,150.000000,10.619995,-150.000000
0.761200,-0.482209,150.000000,10.619995,-150.000000
0.761400,-0.520589,150.000000,10.619995,-150.000000
0.761600,-0.541116,150.000000,10.619995,-150.000000
0.761800,-0.542460,150.000000,10.619995,-150.000000
0.762000,-0.523802,150.000000,10.619995,-150.000000
0.762200,-0.484868,150.000000,10.619995,-150.000000
0.762400,-0.425951,150.000000,10.619995,-150.000000
0.762600,-0.347918,150.000000,10.619995,-150.000000
0.762800,-0.252197,150.000000,10.619995,-150.000000
0.763000,-0.140759,150.000000,10.619995,-150.000000
0.763200,-0.016076,150.000000,10.619995,-150.000000
0.763400,0.118927,150.000000,10.619995,-150.000000
0.763600,0.260942,150.000000,10.619995,-150.000000
0.763800,0.406350,150.000000,10.619995,-150.000000
0.764000,0.551315,150.000000,10.619995,-150.000000
0.764200,0.691871,150.000000,10.619995,-150.000000
0.764400,0.824030,150.000000,10.619995,-150.000000
0.764600,0.943883,150.000000,10.619995,-150.000000
0.764800,1.047705,150.000000,10.619995,-150.000000
0.765000,1.132058,150.000000,10.619995,-150.000000
0.765200,1.193886,150.000000,10.619995,-150.000000
0.765400,1.230610,150.000000,10.619995,-150.000000
0.765600,1.240198,150.000000,10.619995,-150.000000
0.765800,1.221239,150.000000,10.619995,-150.000000
0.766000,1.172990,150.000000,10.619995,-150.000000
0.766200,1.095411,150.000000,10.619995,-150.000000
0.766400,0.989181,150.000000,10.619995,-150.000000
0.766600,0.855697,150.000000,10.619995,-150.000000
0.766800,0.697052,150.000000,10.619995,-150.000000
0.767000,0.515994,150.000000,10.619995,-150.000000
0.767200,0.315869,150.000000,10.619995,-150.000000
0.767400,0.100549,150.000000,10.619995,-150.000000
0.767600,-0.125663,150.000000,10.619995,-150.000000
0.767800,-0.358134,150.000000,10.619995,-150.000000
0.768000,-0.592007,150.000000,10.619995,-150.000000
0.768200,-0.822332,150.000000,10.619995,-150.000000
0.768400,-1.044178,150.000000,10.619995,-150.000000
0.768600,-1.252766,150.000000,10.619995,-150.000000
0.768800,-1.443587,150.000000,10.619995,-150.000000
0.769000,-1.612517,150.000000,10.619995,-150.000000
0.769200,-1.755925,150.000000,10.619995,-150.000000
0.769400,-1.870768,150.000000,10.619995,-150.000000
0.769600,-1.954668,150.000000,10.619995,-150.000000
0.769800,-2.005975,150.000000,10.619995,-150.000000
0.770000,-2.023809,150.000000,10.619995,-150.000000
0.770200,-2.008083,150.000000,10.619995,-150.000000
0.770400,-1.959507,150.000000,10.619995,-150.000000
0.770600,-1.879562,150.000000,10.619995,-150.000000
0.770800,-1.770463,150.000000,10.619995,-150.000000
0.771000,-1.635100,150.000000,10.619995,-150.000000
0.771200,-1.476953,150.000000,10.619995,-150.000000
0.771400,-1.300001,150.000000,10.619995,-150.000000
0.771600,-1.108614,150.000000,10.619995,-150.000000
0.771800,-0.907430,150.000000,10.619995,-150.000000
0.772000,-0.701235,150.000000,10.619995,-150.000000
0.772200,-0.494826,150.000000,10.619995,-150.000000
0.772400,-0.292889,150.000000,10.619995,-150.000000
0.772600,-0.099870,150.000000,10.619995,-150.000000
0.772800,0.080144,150.000000,10.619995,-150.000000
0.773000,0.243526,150.000000,10.619995,-150.000000
0.773200,0.387205,150.000000,10.619995,-150.000000
0.773400,0.508743,150.000000,10.619995,-150.000000
0.773600,0.606388,150.000000,10.619995,-150.000000
0.773800,0.679113,150.000000,10.619995,-150.000000
0.774000,0.726630,150.000000,10.619995,-150.000000
0.774200,0.749382,150.000000,10.619995,-150.000000
0.774400,0.748516,150.000000,10.619995,-150.000000
0.774600,0.725836,150.000000,10.619995,-150.000000
0.774800,0.683733,150.000000,10.619995,-150.000000
0.775000,0.625104,150.000000,10.619995,-150.000000
0.775200,0.553256,150.000000,10.619995,-150.000000
0.775400,0.471797,150.000000,10.619995,-150.000000
0.775600,0.384522,150.000000,10.619995,-150.000000
0.775800,0.295300,150.000000,10.619995,-150.000000
0.776000,0.207951,150.000000,10.619995,-150.000000
0.776200,0.126136,150.000000,10.619995,-150.000000
0.776400,0.053251,150.000000,10.619995,-150.000000
0.776600,-0.007668,150.000000,10.619995,-150.000000
0.776800,-0.054030,150.000000,10.619995,-150.000000
0.777000,-0.083753,150.000000,10.619995,-150.000000
0.777200,-0.095318,150.000000,10.619995,-150.000000
0.777400,-0.087799,150.000000,10.619995,-150.000000
0.777600,-0.060879,150.000000,10.619995,-150.000000
0.777800,-0.014845,150.000000,10.619995,-150.000000
0.778000,0.049430,150.000000,10.619995,-150.000000
0.778200,0.130527,150.000000,10.619995,-150.000000
0.778400,0.226532,150.000000,10.619995,-150.000000
0.778600,0.335097,150.000000,10.619995,-150.000000
0.778800,0.453516,150.000000,10.619995,-150.000000
0.779000,0.578807,150.000000,10.619995,-150.000000
0.779200,0.707792,150.000000,10.619995,-150.000000
0.779400,0.837189,150.000000,10.619995,-150.000000
0.779600,0.963699,150.000000,10.619995,-150.000000
0.779800,1.084090,150.000000,10.619995,-150.000000
0.780000,1.195274,150.000000,10.619995,-150.000000
0.780200,1.294384,150.000000,10.619995,-150.000000
0.780400,1.378838,150.000000,10.619995,-150.000000
0.780600,1.446395,150.000000,10.619995,-150.000000
0.780800,1.495205,150.000000,10.619995,-150.000000
0.781000,1.523842,150.000000,10.619995,-150.000000
0.781200,1.531334,150.000000,10.619995,-150.000000
0.781400,1.517178,150.000000,10.619995,-150.000000
0.781600,1.481353,150.000000,10.619995,-150.000000
0.781800,1.424311,150.000000,10.619995,-150.000000
0.782000,1.346975,150.000000,10.619995,-150.000000
0.782200,1.250713,150.000000,10.619995,-150.000000
0.782400,1.137321,150.000000,10.619995,-150.000000
0.782600,1.008985,150.000000,10.619995,-150.000000
0.782800,0.868243,150.000000,10.619995,-150.000000
0.783000,0.717943,150.000000,10.619995,-150.000000
0.783200,0.561188,150.000000,10.619995,-150.000000
0.783400,0.401284,150.000000,10.619995,-150.000000
0.783600,0.241677,150.000000,10.619995,-150.000000
0.783800,0.085884,150.000000,10.619995,-150.000000
0.784000,-0.062571,150.000000,10.619995,-150.000000
0.784200,-0.200233,150.000000,10.619995,-150.000000
0.784400,-0.323793,150.000000,10.619995,-150.000000
0.784600,-0.430163,150.000000,10.619995,-150.000000
0.784800,-0.516554,150.000000,10.619995,-150.000000
0.785000,-0.580551,150.000000,10.619995,-150.000000
0.785200,-0.620182,150.000000,10.619995,-150.000000
0.785400,-0.633986,150.000000,10.619995,-150.000000
0.785600,-0.621069,150.000000,10.619995,-150.000000
0.785800,-0.581149,150.000000,10.619995,-150.000000
0.786000,-0.514594,150.000000,10.619995,-150.000000
0.786200,-0.422436,150.000000,10.619995,-150.000000
0.786400,-0.306378,150.000000,10.619995,-150.000000
0.786600,-0.168772,150.000000,10.619995,-150.000000
0.786800,-0.012592,150.000000,10.619995,-150.000000
0.787000,0.158629,150.000000,10.619995,-150.000000
0.787200,0.340870,150.000000,10.619995,-150.000000
0.787400,0.529715,150.000000,10.619995,-150.000000
0.787600,0.720461,150.000000,10.619995,-150.000000
0.787800,0.908245,150.000000,10.619995,-150.000000
0.788000,1.088173,150.000000,10.619995,-150.000000
0.788200,1.255468,150.000000,10.619995,-150.000000
0.788400,1.405606,150.000000,10.619995,-150.000000
0.788600,1.534464,150.000000,10.619995,-150.000000
0.788800,1.638449,150.000000,10.619995,-150.000000
0.789000,1.714619,150.000000,10.619995,-150.000000
0.789200,1.760791,150.000000,10.619995,-150.000000
0.789400,1.775617,150.000000,10.619995,-150.000000
0.789600,1.758645,150.000000,10.619995,-150.000000
0.789800,1.710343,150.000000,10.619995,-150.000000
0.790000,1.632097,150.000000,10.619995,-150.000000
0.790200,1.526176,150.000000,10.619995,-150.000000
0.790400,1.395665,150.000000,10.619995,-150.000000
0.790600,1.244367,150.000000,10.619995,-150.000000
0.790800,1.076684,150.000000,10.619995,-150.000000
0.791000,0.897464,150.000000,10.619995,-150.000000
0.791200,0.711841,150.000000,10.619995,-150.000000
0.791400,0.525057,150.000000,10.619995,-150.000000
0.791600,0.342276,150.000000,10.619995,-150.000000
0.791800,0.168406,150.000000,10.619995,-150.000000
0.792000,0.007922,150.000000,10.619995,-150.000000
0.792200,-0.135285,150.000000,10.619995,-150.000000
0.792400,-0.258053,150.000000,10.619995,-150.000000
0.792600,-0.358051,150.000000,10.619995,-150.000000
0.792800,-0.433856,150.000000,10.619995,-150.000000
0.793000,-0.484995,150.000000,10.619995,-150.000000
0.793200,-0.511945,150.000000,10.619995,-150.000000
0.793400,-0.516097,150.000000,10.619995,-150.000000
0.793600,-0.499684,150.000000,10.619995,-150.000000
0.793800,-0.465667,150.000000,10.619995,-150.000000
0.794000,-0.417601,150.000000,10.619995,-150.000000
0.794200,-0.359468,150.000000,10.619995,-150.000000
0.794400,-0.295494,150.000000,10.619995,-150.000000
0.794600,-0.229954,150.000000,10.619995,-150.000000
0.794800,-0.166978,150.000000,10.619995,-150.000000
0.795000,-0.110361,150.000000,10.619995,-150.000000
0.795200,-0.063383,150.000000,10.619995,-150.000000
0.795400,-0.028658,150.000000,10.619995,-150.000000
0.795600,-0.008008,150.000000,10.619995,-150.000000
0.795800,-0.002374,150.000000,10.619995,-150.000000
0.796000,-0.011759,150.000000,10.619995,-150.000000
0.796200,-0.035227,150.000000,10.619995,-150.000000
0.796400,-0.070933,150.000000,10.619995,-150.000000
0.796600,-0.116197,150.000000,10.619995,-150.000000
0.796800,-0.167622,150.000000,10.619995,-150.000000
0.797000,-0.221246,150.000000,10.619995,-150.000000
0.797200,-0.272714,150.000000,10.619995,-150.000000
0.797400,-0.317486,150.000000,10.619995,-150.000000
0.797600,-0.351044,150.000000,10.619995,-150.000000
0.797800,-0.369111,150.000000,10.619995,-150.000000
0.798000,-0.367860,150.000000,10.619995,-150.000000
0.798200,-0.344111,150.000000,10.619995,-150.000000
0.798400,-0.295497,150.000000,10.619995,-150.000000
0.798600,-0.220606,150.000000,10.619995,-150.000000
0.798800,-0.119081,150.000000,10.619995,-150.000000
0.799000,0.008328,150.000000,10.619995,-150.000000
0.799200,0.159751,150.000000,10.619995,-150.000000
0.799400,0.332240,150.000000,10.619995,-150.000000
0.799600,0.521857,150.000000,10.619995,-150.000000
0.799800,0.723799,150.000000,10.619995,-150.000000
0.800000,0.932578,150.000000,10.619995,-150.000000
0.800200,1.142216,150.000000,10.619995,-150.000000
0.800400,1.346476,150.000000,10.619995,-150.000000
0.800600,1.539107,150.000000,10.619995,-150.000000
0.800800,1.714087,150.000000,10.619995,-150.000000
0.801000,1.865870,150.000000,10.619995,-150.000000
0.801200,1.989609,150.000000,10.619995,-150.000000
0.801400,2.081361,150.000000,10.619995,-150.000000
0.801600,2.138247,150.000000,10.619995,-150.000000
0.801800,2.158584,150.000000,10.619995,-150.000000
0.802000,2.141956,150.000000,10.619995,-150.000000
0.802200,2.089245,150.000000,10.619995,-150.000000
0.802400,2.002600,150.000000,10.619995,-150.000000
0.802600,1.885360,150.000000,10.619995,-150.000000
0.802800,1.741925,150.000000,10.619995,-150.000000
0.803000,1.577585,150.000000,10.619995,-150.000000
0.803200,1.398310,150.000000,10.619995,-150.000000
0.803400,1.210513,150.000000,10.619995,-150.000000
0.803600,1.020794,150.000000,10.619995,-150.000000
0.803800,0.835673,150.000000,10.619995,-150.000000
0.804000,0.661332,150.000000,10.619995,-150.000000
0.804200,0.503368,150.000000,10.619995,-150.000000
0.804400,0.366565,150.000000,10.619995,-150.000000
0.804600,0.254714,150.000000,10.619995,-150.000000
0.804800,0.170458,150.000000,10.619995,-150.000000
0.805000,0.115202,150.000000,10.619995,-150.000000
0.805200,0.089060,150.000000,10.619995,-150.000000
0.805400,0.090866,150.000000,10.619995,-150.000000
0.805600,0.118238,150.000000,10.619995,-150.000000
0.805800,0.167692,150.000000,10.619995,-150.000000
0.806000,0.234800,150.000000,10.619995,-150.000000
0.806200,0.314394,150.000000,10.619995,-150.000000
0.806400,0.400796,150.000000,10.619995,-150.000000
0.806600,0.488072,150.000000,10.619995,-150.000000
0.806800,0.570296,150.000000,10.619995,-150.000000
0.807000,0.641814,150.000000,10.619995,-150.000000
0.807200,0.697496,150.000000,10.619995,-150.000000
0.807400,0.732967,150.000000,10.619995,-150.000000
0.807600,0.744805,150.000000,10.619995,-150.000000
0.807800,0.730695,150.000000,10.619995,-150.000000
0.808000,0.689546,150.000000,10.619995,-150.000000
0.808200,0.621545,150.000000,10.619995,-150.000000
0.808400,0.528162,150.000000,10.619995,-150.000000
0.808600,0.412105,150.000000,10.619995,-150.000000
0.808800,0.277212,150.000000,10.619995,-150.000000
0.809000,0.128306,150.000000,10.619995,-150.000000
0.809200,-0.029000,150.000000,10.619995,-150.000000
0.809400,-0.188529,150.000000,10.619995,-150.000000
0.809600,-0.343787,150.000000,10.619995,-150.000000
0.809800,-0.488234,150.000000,10.619995,-150.000000
0.810000,-0.615550,150.000000,10.619995,-150.000000
0.810200,-0.719896,150.000000,10.619995,-150.000000
0.810400,-0.796159,150.000000,10.619995,-150.000000
0.810600,-0.840171,150.000000,10.619995,-150.000000
0.810800,-0.848886,150.000000,10.619995,-150.000000
0.811000,-0.820518,150.000000,10.619995,-150.000000
0.811200,-0.754635,150.000000,10.619995,-150.000000
0.811400,-0.652190,150.000000,10.619995,-150.000000
0.811600,-0.515509,150.000000,10.619995,-150.000000
0.811800,-0.348226,150.000000,10.619995,-150.000000
0.812000,-0.155160,150.000000,10.619995,-150.000000
0.812200,0.057840,150.000000,10.619995,-150.000000
0.812400,0.284094,150.000000,10.619995,-150.000000
0.812600,0.516326,150.000000,10.619995,-150.000000
0.812800,0.746905,150.000000,10.619995,-150.000000
0.813000,0.968116,150.000000,10.619995,-150.000000
0.813200,1.172417,150.000000,10.619995,-150.000000
0.813400,1.352699,150.000000,10.619995,-150.000000
0.813600,1.502525,150.000000,10.619995,-150.000000
0.813800,1.616344,150.000000,10.619995,-150.000000
0.814000,1.689673,150.000000,10.619995,-150.000000
0.814200,1.719241,150.000000,10.619995,-150.000000
0.814400,1.703093,150.000000,10.619995,-150.000000
0.814600,1.640640,150.000000,10.619995,-150.000000
0.814800,1.532678,150.000000,10.619995,-150.000000
0.815000,1.381345,150.000000,10.619995,-150.000000
0.815200,1.190051,150.000000,10.619995,-150.000000
0.815400,0.963355,150.000000,10.619995,-150.000000
0.815600,0.706819,150.000000,10.619995,-150.000000
0.815800,0.426829,150.000000,10.619995,-150.000000
0.816000,0.130394,150.000000,10.619995,-150.000000
0.816200,-0.175069,150.000000,10.619995,-150.000000
0.816400,-0.481949,150.000000,10.619995,-150.000000
0.816600,-0.782669,150.000000,10.619995,-150.000000
0.816800,-1.069891,150.000000,10.619995,-150.000000
0.817000,-1.336718,150.000000,10.619995,-150.000000
0.817200,-1.576876,150.000000,10.619995,-150.000000
0.817400,-1.784864,150.000000,10.619995,-150.000000
0.817600,-1.956089,150.000000,10.619995,-150.000000
0.817800,-2.086963,150.000000,10.619995,-150.000000
0.818000,-2.174971,150.000000,10.619995,-150.000000
0.818200,-2.218710,150.000000,10.619995,-150.000000
0.818400,-2.217898,150.000000,10.619995,-150.000000
0.818600,-2.173349,150.000000,10.619995,-150.000000
0.818800,-2.086925,150.000000,10.619995,-150.000000
0.819000,-1.961466,150.000000,10.619995,-150.000000
0.819200,-1.800695,150.000000,10.619995,-150.000000
0.819400,-1.609106,150.000000,10.619995,-150.000000
0.819600,-1.391840,150.000000,10.619995,-150.000000
0.819800,-1.154551,150.000000,10.619995,-150.000000
0.820000,-0.903263,150.000000,10.619995,-150.000000
0.820200,-0.644221,150.000000,10.619995,-150.000000
0.820400,-0.383752,150.000000,10.619995,-150.000000
0.820600,-0.128112,150.000000,10.619995,-150.000000
0.820800,0.116646,150.000000,10.619995,-150.000000
0.821000,0.344811,150.000000,10.619995,-150.000000
0.821200,0.551133,150.000000,10.619995,-150.000000
0.821400,0.730941,150.000000,10.619995,-150.000000
0.821600,0.880239,150.000000,10.619995,-150.000000
0.821800,0.995799,150.000000,10.619995,-150.000000
0.822000,1.075230,150.000000,10.619995,-150.000000
0.822200,1.117037,150.000000,10.619995,-150.000000
0.822400,1.120657,150.000000,10.619995,-150.000000
0.822600,1.086482,150.000000,10.619995,-150.000000
0.822800,1.015859,150.000000,10.619995,-150.000000
0.823000,0.911070,150.000000,10.619995,-150.000000
0.823200,0.775293,150.000000,10.619995,-150.000000
0.823400,0.612542,150.000000,10.619995,-150.000000
0.823600,0.427581,150.000000,10.619995,-150.000000
0.823800,0.225823,150.000000,10.619995,-150.000000
0.824000,0.013211,150.000000,10.619995,-150.000000
0.824200,-0.203925,150.000000,10.619995,-150.000000
0.824400,-0.419021,150.000000,10.619995,-150.000000
0.824600,-0.625447,150.000000,10.619995,-150.000000
0.824800,-0.816682,150.000000,10.619995,-150.000000
0.825000,-0.986493,150.000000,10.619995,-150.000000
0.825200,-1.129118,150.000000,10.619995,-150.000000
0.825400,-1.239436,150.000000,10.619995,-150.000000
0.825600,-1.313133,150.000000,10.619995,-150.000000
0.825800,-1.346848,150.000000,10.619995,-150.000000
0.826000,-1.338301,150.000000,10.619995,-150.000000
0.826200,-1.286388,150.000000,10.619995,-150.000000
0.826400,-1.191253,150.000000,10.619995,-150.000000
0.826600,-1.054318,150.000000,10.619995,-150.000000
0.826800,-0.878278,150.000000,10.619995,-150.000000
0.827000,-0.667058,150.000000,10.619995,-150.000000
0.827200,-0.425729,150.000000,10.619995,-150.000000
0.827400,-0.160383,150.000000,10.619995,-150.000000
0.827600,0.122025,150.000000,10.619995,-150.000000
0.827800,0.413873,150.000000,10.619995,-150.000000
0.828000,0.707087,150.000000,10.619995,-150.000000
0.828200,0.993388,150.000000,10.619995,-150.000000
0.828400,1.264548,150.000000,10.619995,-150.000000
0.828600,1.512650,150.000000,10.619995,-150.000000
0.828800,1.730349,150.000000,10.619995,-150.000000
0.829000,1.911119,150.000000,10.619995,-150.000000
0.829200,2.049484,150.000000,10.619995,-150.000000
0.829400,2.141209,150.000000,10.619995,-150.000000
0.829600,2.183470,150.000000,10.619995,-150.000000
0.829800,2.174967,150.000000,10.619995,-150.000000
0.830000,2.115991,150.000000,10.619995,-150.000000
0.830200,2.008447,150.000000,10.619995,-150.000000
0.830400,1.855812,150.000000,10.619995,-150.000000
0.830600,1.663042,150.000000,10.619995,-150.000000
0.830800,1.436431,150.000000,10.619995,-150.000000
0.831000,1.183414,150.000000,10.619995,-150.000000
0.831200,0.912336,150.000000,10.619995,-150.000000
0.831400,0.632177,150.000000,10.619995,-150.000000
0.831600,0.352255,150.000000,10.619995,-150.000000
0.831800,0.081919,150.000000,10.619995,-150.000000
0.832000,-0.169780,150.000000,10.619995,-150.000000
0.832200,-0.394392,150.000000,10.619995,-150.000000
0.832400,-0.584370,150.000000,10.619995,-150.000000
0.832600,-0.733334,150.000000,10.619995,-150.000000
0.832800,-0.836303,150.000000,10.619995,-150.000000
0.833000,-0.889879,150.000000,10.619995,-150.000000
0.833200,-0.892376,150.000000,10.619995,-150.000000
0.833400,-0.843893,150.000000,10.619995,-150.000000
0.833600,-0.746323,150.000000,10.619995,-150.000000
0.833800,-0.603299,150.000000,10.619995,-150.000000
0.834000,-0.420082,150.000000,10.619995,-150.000000
0.834200,-0.203388,150.000000,10.619995,-150.000000
0.834400,0.038839,150.000000,10.619995,-150.000000
0.834600,0.297692,150.000000,10.619995,-150.000000
0.834800,0.563605,150.000000,10.619995,-150.000000
0.835000,0.826685,150.000000,10.619995,-150.000000
0.835200,1.077052,150.000000,10.619995,-150.000000
0.835400,1.305179,150.000000,10.619995,-150.000000
0.835600,1.502229,150.000000,10.619995,-150.000000
0.835800,1.660358,150.000000,10.619995,-150.000000
0.836000,1.772993,150.000000,10.619995,-150.000000
0.836200,1.835066,150.000000,10.619995,-150.000000
0.836400,1.843188,150.000000,10.619995,-150.000000
0.836600,1.795778,150.000000,10.619995,-150.000000
0.836800,1.693118,150.000000,10.619995,-150.000000
0.837000,1.537353,150.000000,10.619995,-150.000000
0.837200,1.332423,150.000000,10.619995,-150.000000
0.837400,1.083933,150.000000,10.619995,-150.000000
0.837600,0.798970,150.000000,10.619995,-150.000000
0.837800,0.485869,150.000000,10.619995,-150.000000
0.838000,0.153936,150.000000,10.619995,-150.000000
0.838200,-0.186856,150.000000,10.619995,-150.000000
0.838400,-0.526197,150.000000,10.619995,-150.000000
0.838600,-0.853776,150.000000,10.619995,-150.000000
0.838800,-1.159615,150.000000,10.619995,-150.000000
0.839000,-1.434388,150.000000,10.619995,-150.000000
0.839200,-1.669719,150.000000,10.619995,-150.000000
0.839400,-1.858439,150.000000,10.619995,-150.000000
0.839600,-1.994812,150.000000,10.619995,-150.000000
0.839800,-2.074696,150.000000,10.619995,-150.000000
0.840000,-2.095662,150.000000,10.619995,-150.000000
0.840200,-2.057048,150.000000,10.619995,-150.000000
0.840400,-1.959962,150.000000,10.619995,-150.000000
0.840600,-1.807215,150.000000,10.619995,-150.000000
0.840800,-1.603217,150.000000,10.619995,-150.000000
0.841000,-1.353807,150.000000,10.619995,-150.000000
0.841200,-1.066049,150.000000,10.619995,-150.000000
0.841400,-0.747996,150.000000,10.619995,-150.000000
0.841600,-0.408415,150.000000,10.619995,-150.000000
0.841800,-0.056512,150.000000,10.619995,-150.000000
0.842000,0.298367,150.000000,10.619995,-150.000000
0.842200,0.647015,150.000000,10.619995,-150.000000
0.842400,0.980648,150.000000,10.619995,-150.000000
0.842600,1.291149,150.000000,10.619995,-150.000000
0.842800,1.571304,150.000000,10.619995,-150.000000
0.843000,1.814980,150.000000,10.619995,-150.000000
0.843200,2.017284,150.000000,10.619995,-150.000000
0.843400,2.174662,150.000000,10.619995,-150.000000
0.843600,2.284958,150.000000,10.619995,-150.000000
0.843800,2.347429,150.000000,10.619995,-150.000000
0.844000,2.362708,150.000000,10.619995,-150.000000
0.844200,2.332734,150.000000,10.619995,-150.000000
0.844400,2.260634,150.000000,10.619995,-150.000000
0.844600,2.150580,150.000000,10.619995,-150.000000
0.844800,2.007612,150.000000,10.619995,-150.000000
0.845000,1.837449,150.000000,10.619995,-150.000000
0.845200,1.646278,150.000000,10.619995,-150.000000
0.845400,1.440548,150.000000,10.619995,-150.000000
0.845600,1.226753,150.000000,10.619995,-150.000000
0.845800,1.011237,150.000000,10.619995,-150.000000
0.846000,0.799998,150.000000,10.619995,-150.000000
0.846200,0.598530,150.000000,10.619995,-150.000000
0.846400,0.411672,150.000000,10.619995,-150.000000
0.846600,0.243493,150.000000,10.619995,-150.000000
0.846800,0.097211,150.000000,10.619995,-150.000000
0.847000,-0.024866,150.000000,10.619995,-150.000000
0.847200,-0.121363,150.000000,10.619995,-150.000000
0.847400,-0.191830,150.000000,10.619995,-150.000000
0.847600,-0.236705,150.000000,10.619995,-150.000000
0.847800,-0.257257,150.000000,10.619995,-150.000000
0.848000,-0.255495,150.000000,10.619995,-150.000000
0.848200,-0.234071,150.000000,10.619995,-150.000000
0.848400,-0.196162,150.000000,10.619995,-150.000000
0.848600,-0.145335,150.000000,10.619995,-150.000000
0.848800,-0.085425,150.000000,10.619995,-150.000000
0.849000,-0.020390,150.000000,10.619995,-150.000000
0.849200,0.045818,150.000000,10.619995,-150.000000
0.849400,0.109378,150.000000,10.619995,-150.000000
0.849600,0.166718,150.000000,10.619995,-150.000000
0.849800,0.214622,150.000000,10.619995,-150.000000
0.850000,0.250318,150.000000,10.619995,-150.000000
0.850200,0.271550,150.000000,10.619995,-150.000000
0.850400,0.276636,150.000000,10.619995,-150.000000
0.850600,0.264510,150.000000,10.619995,-150.000000
0.850800,0.234732,150.000000,10.619995,-150.000000
0.851000,0.187502,150.000000,10.619995,-150.000000
0.851200,0.123634,150.000000,10.619995,-150.000000
0.851400,0.044530,150.000000,10.619995,-150.000000
0.851600,-0.047869,150.000000,10.619995,-150.000000
0.851800,-0.151141,150.000000,10.619995,-150.000000
0.852000,-0.262460,150.000000,10.619995,-150.000000
0.852200,-0.378671,150.000000,10.619995,-150.000000
0.852400,-0.496383,150.000000,10.619995,-150.000000
0.852600,-0.612063,150.000000,10.619995,-150.000000
0.852800,-0.722135,150.000000,10.619995,-150.000000
0.853000,-0.823075,150.000000,10.619995,-150.000000
0.853200,-0.911512,150.000000,10.619995,-150.000000
0.853400,-0.984323,150.000000,10.619995,-150.000000
0.853600,-1.038715,150.000000,10.619995,-150.000000
0.853800,-1.072313,150.000000,10.619995,-150.000000
0.854000,-1.083226,150.000000,10.619995,-150.000000
0.854200,-1.070106,150.000000,10.619995,-150.000000
0.854400,-1.032196,150.000000,10.619995,-150.000000
0.854600,-0.969355,150.000000,10.619995,-150.000000
0.854800,-0.882082,150.000000,10.619995,-150.000000
0.855000,-0.771504,150.000000,10.619995,-150.000000
0.855200,-0.639367,150.000000,10.619995,-150.000000
0.855400,-0.487993,150.000000,10.619995,-150.000000
0.855600,-0.320233,150.000000,10.619995,-150.000000
0.855800,-0.139398,150.000000,10.619995,-150.000000
0.856000,0.050816,150.000000,10.619995,-150.000000
0.856200,0.246427,150.000000,10.619995,-150.000000
0.856400,0.443263,150.000000,10.619995,-150.000000
0.856600,0.637069,150.000000,10.619995,-150.000000
0.856800,0.823619,150.000000,10.619995,-150.000000
0.857000,0.998825,150.000000,10.619995,-150.000000
0.857200,1.158843,150.000000,10.619995,-150.000000
0.857400,1.300177,150.000000,10.619995,-150.000000
0.857600,1.419762,150.000000,10.619995,-150.000000
0.857800,1.515049,150.000000,10.619995,-150.000000
0.858000,1.584062,150.000000,10.619995,-150.000000
0.858200,1.625444,150.000000,10.619995,-150.000000
0.858400,1.638486,150.000000,10.619995,-150.000000
0.858600,1.623128,150.000000,10.619995,-150.000000
0.858800,1.579951,150.000000,10.619995,-150.000000
0.859000,1.510146,150.000000,10.619995,-150.000000
0.859200,1.415459,150.000000,10.619995,-150.000000
0.859400,1.298135,150.000000,10.619995,-150.000000
0.859600,1.160835,150.000000,10.619995,-150.000000
0.859800,1.006550,150.000000,10.619995,-150.000000
0.860000,0.838513,150.000000,10.619995,-150.000000
0.860200,0.660094,150.000000,10.619995,-150.000000
0.860400,0.474715,150.000000,10.619995,-150.000000
0.860600,0.285752,150.000000,10.619995,-150.000000
0.860800,0.096452,150.000000,10.619995,-150.000000
0.861000,-0.090134,150.000000,10.619995,-150.000000
0.861200,-0.271219,150.000000,10.619995,-150.000000
0.861400,-0.444320,150.000000,10.619995,-150.000000
0.861600,-0.607296,150.000000,10.619995,-150.000000
0.861800,-0.758359,150.000000,10.619995,-150.000000
0.862000,-0.896078,150.000000,10.619995,-150.000000
0.862200,-1.019369,150.000000,10.619995,-150.000000
0.862400,-1.127469,150.000000,10.619995,-150.000000
0.862600,-1.219907,150.000000,10.619995,-150.000000
0.862800,-1.296464,150.000000,10.619995,-150.000000
0.863000,-1.357134,150.000000,10.619995,-150.000000
0.863200,-1.402078,150.000000,10.619995,-150.000000
0.863400,-1.431586,150.000000,10.619995,-150.000000
0.863600,-1.446043,150.000000,10.619995,-150.000000
0.863800,-1.445903,150.000000,10.619995,-150.000000
0.864000,-1.431665,150.000000,10.619995,-150.000000
0.864200,-1.403866,150.000000,10.619995,-150.000000
0.864400,-1.363083,150.000000,10.619995,-150.000000
0.864600,-1.309941,150.000000,10.619995,-150.000000
0.864800,-1.245130,150.000000,10.619995,-150.000000
0.865000,-1.169430,150.000000,10.619995,-150.000000
0.865200,-1.083741,150.000000,10.619995,-150.000000
0.865400,-0.989107,150.000000,10.619995,-150.000000
0.865600,-0.886752,150.000000,10.619995,-150.000000
0.865800,-0.778096,150.000000,10.619995,-150.000000
0.866000,-0.664776,150.000000,10.619995,-150.000000
0.866200,-0.548650,150.000000,10.619995,-150.000000
0.866400,-0.431790,150.000000,10.619995,-150.000000
0.866600,-0.316463,150.000000,10.619995,-150.000000
0.866800,-0.205100,150.000000,10.619995,-150.000000
0.867000,-0.100245,150.000000,10.619995,-150.000000
0.867200,-0.004491,150.000000,10.619995,-150.000000
0.867400,0.079584,150.000000,10.619995,-150.000000
0.867600,0.149509,150.000000,10.619995,-150.000000
0.867800,0.202999,150.000000,10.619995,-150.000000
0.868000,0.238050,150.000000,10.619995,-150.000000
0.868200,0.253022,150.000000,10.619995,-150.000000
0.868400,0.246723,150.000000,10.619995,-150.000000
0.868600,0.218477,150.000000,10.619995,-150.000000
0.868800,0.168179,150.000000,10.619995,-150.000000
0.869000,0.096334,150.000000,10.619995,-150.000000
0.869200,0.004075,150.000000,10.619995,-150.000000
0.869400,-0.106849,150.000000,10.619995,-150.000000
0.869600,-0.234096,150.000000,10.619995,-150.000000
0.869800,-0.374789,150.000000,10.619995,-150.000000
0.870000,-0.525586,150.000000,10.619995,-150.000000
0.870200,-0.682782,150.000000,10.619995,-150.000000
0.870400,-0.842415,150.000000,10.619995,-150.000000
0.870600,-1.000392,150.000000,10.619995,-150.000000
0.870800,-1.152623,150.000000,10.619995,-150.000000
0.871000,-1.295151,150.000000,10.619995,-150.000000
0.871200,-1.424284,150.000000,10.619995,-150.000000
0.871400,-1.536717,150.000000,10.619995,-150.000000
0.871600,-1.629640,150.000000,10.619995,-150.000000
0.871800,-1.700826,150.000000,10.619995,-150.000000
0.872000,-1.748697,150.000000,10.619995,-150.000000
0.872200,-1.772365,150.000000,10.619995,-150.000000
0.872400,-1.771645,150.000000,10.619995,-150.000000
0.872600,-1.747039,150.000000,10.619995,-150.000000
0.872800,-1.699696,150.000000,10.619995,-150.000000
0.873000,-1.631344,150.000000,10.619995,-150.000000
0.873200,-1.544199,150.000000,10.619995,-150.000000
0.873400,-1.440860,150.000000,10.619995,-150.000000
0.873600,-1.324188,150.000000,10.619995,-150.000000
0.873800,-1.197178,150.000000,10.619995,-150.000000
0.874000,-1.062835,150.000000,10.619995,-150.000000
0.874200,-0.924045,150.000000,10.619995,-150.000000
0.874400,-0.783465,150.000000,10.619995,-150.000000
0.874600,-0.643429,150.000000,10.619995,-150.000000
0.874800,-0.505870,150.000000,10.619995,-150.000000
0.875000,-0.372269,150.000000,10.619995,-150.000000
0.875200,-0.243632,150.000000,10.619995,-150.000000
0.875400,-0.120490,150.000000,10.619995,-150.000000
0.875600,-0.002932,150.000000,10.619995,-150.000000
0.875800,0.109341,150.000000,10.619995,-150.000000
0.876000,0.216937,150.000000,10.619995,-150.000000
0.876200,0.320681,150.000000,10.619995,-150.000000
0.876400,0.421501,150.000000,10.619995,-150.000000
0.876600,0.520315,150.000000,10.619995,-150.000000
0.876800,0.617918,150.000000,10.619995,-150.000000
0.877000,0.714867,150.000000,10.619995,-150.000000
0.877200,0.811386,150.000000,10.619995,-150.000000
0.877400,0.907288,150.000000,10.619995,-150.000000
0.877600,1.001919,150.000000,10.619995,-150.000000
0.877800,1.094127,150.000000,10.619995,-150.000000
0.878000,1.182266,150.000000,10.619995,-150.000000
0.878200,1.264230,150.000000,10.619995,-150.000000
0.878400,1.337513,150.000000,10.619995,-150.000000
0.878600,1.399302,150.000000,10.619995,-150.000000
0.878800,1.446600,150.000000,10.619995,-150.000000
0.879000,1.476359,150.000000,10.619995,-150.000000
0.879200,1.485636,150.000000,10.619995,-150.000000
0.879400,1.471756,150.000000,10.619995,-150.000000
0.879600,1.432472,150.000000,10.619995,-150.000000
0.879800,1.366122,150.000000,10.619995,-150.000000
0.880000,1.271765,150.000000,10.619995,-150.000000
0.880200,1.149303,150.000000,10.619995,-150.000000
0.880400,0.999563,150.000000,10.619995,-150.000000
0.880600,0.824355,150.000000,10.619995,-150.000000
0.880800,0.626483,150.000000,10.619995,-150.000000
0.881000,0.409721,150.000000,10.619995,-150.000000
0.881200,0.178740,150.000000,10.619995,-150.000000
0.881400,-0.060996,150.000000,10.619995,-150.000000
0.881600,-0.303383,150.000000,10.619995,-150.000000
0.881800,-0.541860,150.000000,10.619995,-150.000000
0.882000,-0.769612,150.000000,10.619995,-150.000000
0.882200,-0.979807,150.000000,10.619995,-150.000000
0.882400,-1.165830,150.000000,10.619995,-150.000000
0.882600,-1.321532,150.000000,10.619995,-150.000000
0.882800,-1.441459,150.000000,10.619995,-150.000000
0.883000,-1.521075,150.000000,10.619995,-150.000000
0.883200,-1.556952,150.000000,10.619995,-150.000000
0.883400,-1.546925,150.000000,10.619995,-150.000000
0.883600,-1.490211,150.000000,10.619995,-150.000000
0.883800,-1.387474,150.000000,10.619995,-150.000000
0.884000,-1.240843,150.000000,10.619995,-150.000000
0.884200,-1.053877,150.000000,10.619995,-150.000000
0.884400,-0.831474,150.000000,10.619995,-150.000000
0.884600,-0.579732,150.000000,10.619995,-150.000000
0.884800,-0.305766,150.000000,10.619995,-150.000000
0.885000,-0.017478,150.000000,10.619995,-150.000000
0.885200,0.276698,150.000000,10.619995,-150.000000
0.885400,0.568079,150.000000,10.619995,-150.000000
0.885600,0.848027,150.000000,10.619995,-150.000000
0.885800,1.108244,150.000000,10.619995,-150.000000
0.886000,1.341058,150.000000,10.619995,-150.000000
0.886200,1.539696,150.000000,10.619995,-150.000000
0.886400,1.698516,150.000000,10.619995,-150.000000
0.886600,1.813209,150.000000,10.619995,-150.000000
0.886800,1.880948,150.000000,10.619995,-150.000000
0.887000,1.900491,150.000000,10.619995,-150.000000
0.887200,1.872222,150.000000,10.619995,-150.000000
0.887400,1.798134,150.000000,10.619995,-150.000000
0.887600,1.681754,150.000000,10.619995,-150.000000
0.887800,1.528020,150.000000,10.619995,-150.000000
0.888000,1.343089,150.000000,10.619995,-150.000000
0.888200,1.134123,150.000000,10.619995,-150.000000
0.888400,0.909019,150.000000,10.619995,-150.000000
0.888600,0.676128,150.000000,10.619995,-150.000000
0.888800,0.443945,150.000000,10.619995,-150.000000
0.889000,0.220808,150.000000,10.619995,-150.000000
0.889200,0.014596,150.000000,10.619995,-150.000000
0.889400,-0.167556,150.000000,10.619995,-150.000000
0.889600,-0.319503,150.000000,10.619995,-150.000000
0.889800,-0.436310,150.000000,10.619995,-150.000000
0.890000,-0.514414,150.000000,10.619995,-150.000000
0.890200,-0.551739,150.000000,10.619995,-150.000000
0.890400,-0.547756,150.000000,10.619995,-150.000000
0.890600,-0.503477,150.000000,10.619995,-150.000000
0.890800,-0.421398,150.000000,10.619995,-150.000000
0.891000,-0.305379,150.000000,10.619995,-150.000000
0.891200,-0.160481,150.000000,10.619995,-150.000000
0.891400,0.007252,150.000000,10.619995,-150.000000
0.891600,0.191040,150.000000,10.619995,-150.000000
0.891800,0.383636,150.000000,10.619995,-150.000000
0.892000,0.577624,150.000000,10.619995,-150.000000
0.892200,0.765708,150.000000,10.619995,-150.000000
0.892400,0.941000,150.000000,10.619995,-150.000000
0.892600,1.097283,150.000000,10.619995,-150.000000
0.892800,1.229253,150.000000,10.619995,-150.000000
0.893000,1.332715,150.000000,10.619995,-150.000000
0.893200,1.404736,150.000000,10.619995,-150.000000
0.893400,1.443739,150.000000,10.619995,-150.000000
0.893600,1.449555,150.000000,10.619995,-150.000000
0.893800,1.423398,150.000000,10.619995,-150.000000
0.894000,1.367800,150.000000,10.619995,-150.000000
0.894200,1.286482,150.000000,10.619995,-150.000000
0.894400,1.184180,150.000000,10.619995,-150.000000
0.894600,1.066431,150.000000,10.619995,-150.000000
0.894800,0.939323,150.000000,10.619995,-150.000000
0.895000,0.809229,150.000000,10.619995,-150.000000
0.895200,0.682522,150.000000,10.619995,-150.000000
0.895400,0.565300,150.000000,10.619995,-150.000000
0.895600,0.463118,150.000000,10.619995,-150.000000
0.895800,0.380745,150.000000,10.619995,-150.000000
0.896000,0.321957,150.000000,10.619995,-150.000000
0.896200,0.289368,150.000000,10.619995,-150.000000
0.896400,0.284318,150.000000,10.619995,-150.000000
0.896600,0.306808,150.000000,10.619995,-150.000000
0.896800,0.355496,150.000000,10.619995,-150.000000
0.897000,0.427754,150.000000,10.619995,-150.000000
0.897200,0.519775,150.000000,10.619995,-150.000000
0.897400,0.626732,150.000000,10.619995,-150.000000
0.897600,0.742986,150.000000,10.619995,-150.000000
0.897800,0.862330,150.000000,10.619995,-150.000000
0.898000,0.978248,150.000000,10.619995,-150.000000
0.898200,1.084209,150.000000,10.619995,-150.000000
0.898400,1.173944,150.000000,10.619995,-150.000000
0.898600,1.241731,150.000000,10.619995,-150.000000
0.898800,1.282646,150.000000,10.619995,-150.000000
0.899000,1.292797,150.000000,10.619995,-150.000000
0.899200,1.269502,150.000000,10.619995,-150.000000
0.899400,1.211432,150.000000,10.619995,-150.000000
0.899600,1.118691,150.000000,10.619995,-150.000000
0.899800,0.992842,150.000000,10.619995,-150.000000
0.900000,0.836874,150.000000,10.619995,-150.000000
0.900200,0.655104,150.000000,10.619995,-150.000000
0.900400,0.453038,150.000000,10.619995,-150.000000
0.900600,0.237165,150.000000,10.619995,-150.000000
0.900800,0.014728,150.000000,10.619995,-150.000000
0.901000,-0.206546,150.000000,10.619995,-150.000000
0.901200,-0.418741,150.000000,10.619995,-150.000000
0.901400,-0.614042,150.000000,10.619995,-150.000000
0.901600,-0.785036,150.000000,10.619995,-150.000000
0.901800,-0.924990,150.000000,10.619995,-150.000000
0.902000,-1.028108,150.000000,10.619995,-150.000000
0.902200,-1.089751,150.000000,10.619995,-150.000000
0.902400,-1.106608,150.000000,10.619995,-150.000000
0.902600,-1.076826,150.000000,10.619995,-150.000000
0.902800,-1.000079,150.000000,10.619995,-150.000000
0.903000,-0.877576,150.000000,10.619995,-150.000000
0.903200,-0.712019,150.000000,10.619995,-150.000000
0.903400,-0.507503,150.000000,10.619995,-150.000000
0.903600,-0.269362,150.000000,10.619995,-150.000000
0.903800,-0.003981,150.000000,10.619995,-150.000000
0.904000,0.281440,150.000000,10.619995,-150.000000
0.904200,0.579138,150.000000,10.619995,-150.000000
0.904400,0.881060,150.000000,10.619995,-150.000000
0.904600,1.179139,150.000000,10.619995,-150.000000
0.904800,1.465562,150.000000,10.619995,-150.000000
0.905000,1.733031,150.000000,10.619995,-150.000000
0.905200,1.974986,150.000000,10.619995,-150.000000
0.905400,2.185801,150.000000,10.619995,-150.000000
0.905600,2.360945,150.000000,10.619995,-150.000000
0.905800,2.497087,150.000000,10.619995,-150.000000
0.906000,2.592164,150.000000,10.619995,-150.000000
0.906200,2.645393,150.000000,10.619995,-150.000000
0.906400,2.657243,150.000000,10.619995,-150.000000
0.906600,2.629358,150.000000,10.619995,-150.000000
0.906800,2.564444,150.000000,10.619995,-150.000000
0.907000,2.466121,150.000000,10.619995,-150.000000
0.907200,2.338751,150.000000,10.619995,-150.000000
0.907400,2.187249,150.000000,10.619995,-150.000000
0.907600,2.016882,150.000000,10.619995,-150.000000
0.907800,1.833068,150.000000,10.619995,-150.000000
0.908000,1.641186,150.000000,10.619995,-150.000000
0.908200,1.446393,150.000000,10.619995,-150.000000
0.908400,1.253468,150.000000,10.619995,-150.000000
0.908600,1.066681,150.000000,10.619995,-150.000000
0.908800,0.889686,150.000000,10.619995,-150.000000
0.909000,0.725450,150.000000,10.619995,-150.000000
0.909200,0.576219,150.000000,10.619995,-150.000000
0.909400,0.443502,150.000000,10.619995,-150.000000
0.909600,0.328100,150.000000,10.619995,-150.000000
0.909800,0.230150,150.000000,10.619995,-150.000000
0.910000,0.149200,150.000000,10.619995,-150.000000
0.910200,0.084290,150.000000,10.619995,-150.000000
0.910400,0.034060,150.000000,10.619995,-150.000000
0.910600,-0.003151,150.000000,10.619995,-150.000000
0.910800,-0.029192,150.000000,10.619995,-150.000000
0.911000,-0.045999,150.000000,10.619995,-150.000000
0.911200,-0.055500,150.000000,10.619995,-150.000000
0.911400,-0.059528,150.000000,10.619995,-150.000000
0.911600,-0.059754,150.000000,10.619995,-150.000000
0.911800,-0.057637,150.000000,10.619995,-150.000000
0.912000,-0.054383,150.000000,10.619995,-150.000000
0.912200,-0.050931,150.000000,10.619995,-150.000000
0.912400,-0.047950,150.000000,10.619995,-150.000000
0.912600,-0.045849,150.000000,10.619995,-150.000000
0.912800,-0.044804,150.000000,10.619995,-150.000000
0.913000,-0.044789,150.000000,10.619995,-150.000000
0.913200,-0.045616,150.000000,10.619995,-150.000000
0.913400,-0.046978,150.000000,10.619995,-150.000000
0.913600,-0.048487,150.000000,10.619995,-150.000000
0.913800,-0.049719,150.000000,10.619995,-150.000000
0.914000,-0.050243,150.000000,10.619995,-150.000000
0.914200,-0.049648,150.000000,10.619995,-150.000000
0.914400,-0.047569,150.000000,10.619995,-150.000000
0.914600,-0.043690,150.000000,10.619995,-150.000000
0.914800,-0.037752,150.000000,10.619995,-150.000000
0.915000,-0.029549,150.000000,10.619995,-150.000000
0.915200,-0.018915,150.000000,10.619995,-150.000000
0.915400,-0.005714,150.000000,10.619995,-150.000000
0.915600,0.010180,150.000000,10.619995,-150.000000
0.915800,0.028895,150.000000,10.619995,-150.000000
0.916000,0.050579,150.000000,10.619995,-150.000000
0.916200,0.075409,150.000000,10.619995,-150.000000
0.916400,0.103594,150.000000,10.619995,-150.000000
0.916600,0.135374,150.000000,10.619995,-150.000000
0.916800,0.171011,150.000000,10.619995,-150.000000
0.917000,0.210770,150.000000,10.619995,-150.000000
0.917200,0.254897,150.000000,10.619995,-150.000000
0.917400,0.303588,150.000000,10.619995,-150.000000
0.917600,0.356953,150.000000,10.619995,-150.000000
0.917800,0.414982,150.000000,10.619995,-150.000000
0.918000,0.477502,150.000000,10.619995,-150.000000
0.918200,0.544150,150.000000,10.619995,-150.000000
0.918400,0.614339,150.000000,10.619995,-150.000000
0.918600,0.687237,150.000000,10.619995,-150.000000
0.918800,0.761753,150.000000,10.619995,-150.000000
0.919000,0.836543,150.000000,10.619995,-150.000000
0.919200,0.910018,150.000000,10.619995,-150.000000
0.919400,0.980370,150.000000,10.619995,-150.000000
0.919600,1.045622,150.000000,10.619995,-150.000000
0.919800,1.103672,150.000000,10.619995,-150.000000
0.920000,1.152369,150.000000,10.619995,-150.000000
0.920200,1.189586,150.000000,10.619995,-150.000000
0.920400,1.213308,150.000000,10.619995,-150.000000
0.920600,1.221715,150.000000,10.619995,-150.000000
0.920800,1.213281,150.000000,10.619995,-150.000000
0.921000,1.186854,150.000000,10.619995,-150.000000
0.921200,1.141738,150.000000,10.619995,-150.000000
0.921400,1.077760,150.000000,10.619995,-150.000000
0.921600,0.995326,150.000000,10.619995,-150.000000
0.921800,0.895457,150.000000,10.619995,-150.000000
0.922000,0.779803,150.000000,10.619995,-150.000000
0.922200,0.650636,150.000000,10.619995,-150.000000
0.922400,0.510823,150.000000,10.619995,-150.000000
0.922600,0.363772,150.000000,10.619995,-150.000000
0.922800,0.213350,150.000000,10.619995,-150.000000
0.923000,0.063795,150.000000,10.619995,-150.000000
0.923200,-0.080407,150.000000,10.619995,-150.000000
0.923400,-0.214653,150.000000,10.619995,-150.000000
0.923600,-0.334359,150.000000,10.619995,-150.000000
0.923800,-0.435114,150.000000,10.619995,-150.000000
0.924000,-0.512831,150.000000,10.619995,-150.000000
0.924200,-0.563888,150.000000,10.619995,-150.000000
0.924400,-0.585269,150.000000,10.619995,-150.000000
0.924600,-0.574684,150.000000,10.619995,-150.000000
0.924800,-0.530677,150.000000,10.619995,-150.000000
0.925000,-0.452705,150.000000,10.619995,-150.000000
0.925200,-0.341191,150.000000,10.619995,-150.000000
0.925400,-0.197552,150.000000,10.619995,-150.000000
0.925600,-0.024194,150.000000,10.619995,-150.000000
0.925800,0.175526,150.000000,10.619995,-150.000000
0.926000,0.397365,150.000000,10.619995,-150.000000
0.926200,0.636291,150.000000,10.619995,-150.000000
0.926400,0.886608,150.000000,10.619995,-150.000000
0.926600,1.142100,150.000000,10.619995,-150.000000
0.926800,1.396197,150.000000,10.619995,-150.000000
0.927000,1.642156,150.000000,10.619995,-150.000000
0.927200,1.873249,150.000000,10.619995,-150.000000
0.927400,2.082954,150.000000,10.619995,-150.000000
0.927600,2.265145,150.000000,10.619995,-150.000000
0.927800,2.414270,150.000000,10.619995,-150.000000
0.928000,2.525516,150.000000,10.619995,-150.000000
0.928200,2.594956,150.000000,10.619995,-150.000000
0.928400,2.619671,150.000000,10.619995,-150.000000
0.928600,2.597839,150.000000,10.619995,-150.000000
0.928800,2.528803,150.000000,10.619995,-150.000000
0.929000,2.413094,150.000000,10.619995,-150.000000
0.929200,2.252432,150.000000,10.619995,-150.000000
0.929400,2.049683,150.000000,10.619995,-150.000000
0.929600,1.808788,150.000000,10.619995,-150.000000
0.929800,1.534665,150.000000,10.619995,-150.000000
0.930000,1.233073,150.000000,10.619995,-150.000000
0.930200,0.910463,150.000000,10.619995,-150.000000
0.930400,0.573805,150.000000,10.619995,-150.000000
0.930600,0.230400,150.000000,10.619995,-150.000000
0.930800,-0.112314,150.000000,10.619995,-150.000000
0.931000,-0.446958,150.000000,10.619995,-150.000000
0.931200,-0.766409,150.000000,10.619995,-150.000000
0.931400,-1.063982,150.000000,10.619995,-150.000000
0.931600,-1.333604,150.000000,10.619995,-150.000000
0.931800,-1.569967,150.000000,10.619995,-150.000000
0.932000,-1.768653,150.000000,10.619995,-150.000000
0.932200,-1.926239,150.000000,10.619995,-150.000000
0.932400,-2.040370,150.000000,10.619995,-150.000000
0.932600,-2.109801,150.000000,10.619995,-150.000000
0.932800,-2.134404,150.000000,10.619995,-150.000000
0.933000,-2.115146,150.000000,10.619995,-150.000000
0.933200,-2.054040,150.000000,10.619995,-150.000000
0.933400,-1.954057,150.000000,10.619995,-150.000000
0.933600,-1.819023,150.000000,10.619995,-150.000000
0.933800,-1.653486,150.000000,10.619995,-150.000000
0.934000,-1.462572,150.000000,10.619995,-150.000000
0.934200,-1.251817,150.000000,10.619995,-150.000000
0.934400,-1.027004,150.000000,10.619995,-150.000000
0.934600,-0.793990,150.000000,10.619995,-150.000000
0.934800,-0.558531,150.000000,10.619995,-150.000000
0.935000,-0.326127,150.000000,10.619995,-150.000000
0.935200,-0.101868,150.000000,10.619995,-150.000000
0.935400,0.109700,150.000000,10.619995,-150.000000
0.935600,0.304683,150.000000,10.619995,-150.000000
0.935800,0.479932,150.000000,10.619995,-150.000000
0.936000,0.633102,150.000000,10.619995,-150.000000
0.936200,0.762691,150.000000,10.619995,-150.000000
0.936400,0.868045,150.000000,10.619995,-150.000000
0.936600,0.949338,150.000000,10.619995,-150.000000
0.936800,1.007527,150.000000,10.619995,-150.000000
0.937000,1.044282,150.000000,10.619995,-150.000000
0.937200,1.061894,150.000000,10.619995,-150.000000
0.937400,1.063168,150.000000,10.619995,-150.000000
0.937600,1.051298,150.000000,10.619995,-150.000000
0.937800,1.029741,150.000000,10.619995,-150.000000
0.938000,1.002075,150.000000,10.619995,-150.000000
0.938200,0.971872,150.000000,10.619995,-150.000000
0.938400,0.942563,150.000000,10.619995,-150.000000
0.938600,0.917322,150.000000,10.619995,-150.000000
0.938800,0.898956,150.000000,10.619995,-150.000000
0.939000,0.889818,150.000000,10.619995,-150.000000
0.939200,0.891734,150.000000,10.619995,-150.000000
0.939400,0.905956,150.000000,10.619995,-150.000000
0.939600,0.933134,150.000000,10.619995,-150.000000
0.939800,0.973312,150.000000,10.619995,-150.000000
0.940000,1.025943,150.000000,10.619995,-150.000000
0.940200,1.089932,150.000000,10.619995,-150.000000
0.940400,1.163687,150.000000,10.619995,-150.000000
0.940600,1.245192,150.000000,10.619995,-150.000000
0.940800,1.332096,150.000000,10.619995,-150.000000
0.941000,1.421798,150.000000,10.619995,-150.000000
0.941200,1.511551,150.000000,10.619995,-150.000000
0.941400,1.598560,150.000000,10.619995,-150.000000
0.941600,1.680077,150.000000,10.619995,-150.000000
0.941800,1.753495,150.000000,10.619995,-150.000000
0.942000,1.816426,150.000000,10.619995,-150.000000
0.942200,1.866778,150.000000,10.619995,-150.000000
0.942400,1.902809,150.000000,10.619995,-150.000000
0.942600,1.923170,150.000000,10.619995,-150.000000
0.942800,1.926937,150.000000,10.619995,-150.000000
0.943000,1.913620,150.000000,10.619995,-150.000000
0.943200,1.883167,150.000000,10.619995,-150.000000
0.943400,1.835948,150.000000,10.619995,-150.000000
0.943600,1.772730,150.000000,10.619995,-150.000000
0.943800,1.694644,150.000000,10.619995,-150.000000
0.944000,1.603143,150.000000,10.619995,-150.000000
0.944200,1.499952,150.000000,10.619995,-150.000000
0.944400,1.387026,150.000000,10.619995,-150.000000
0.944600,1.266492,150.000000,10.619995,-150.000000
0.944800,1.140608,150.000000,10.619995,-150.000000
0.945000,1.011708,150.000000,10.619995,-150.000000
0.945200,0.882167,150.000000,10.619995,-150.000000
0.945400,0.754357,150.000000,10.619995,-150.000000
0.945600,0.630615,150.000000,10.619995,-150.000000
0.945800,0.513210,150.000000,10.619995,-150.000000
0.946000,0.404317,150.000000,10.619995,-150.000000
0.946200,0.305993,150.000000,10.619995,-150.000000
0.946400,0.220151,150.000000,10.619995,-150.000000
0.946600,0.148539,150.000000,10.619995,-150.000000
0.946800,0.092717,150.000000,10.619995,-150.000000
0.947000,0.054031,150.000000,10.619995,-150.000000
0.947200,0.033585,150.000000,10.619995,-150.000000
0.947400,0.032216,150.000000,10.619995,-150.000000
0.947600,0.050461,150.000000,10.619995,-150.000000
0.947800,0.088523,150.000000,10.619995,-150.000000
0.948000,0.146245,150.000000,10.619995,-150.000000
0.948200,0.223073,150.000000,10.619995,-150.000000
0.948400,0.318034,150.000000,10.619995,-150.000000
0.948600,0.429714,150.000000,10.619995,-150.000000
0.948800,0.556240,150.000000,10.619995,-150.000000
0.949000,0.695283,150.000000,10.619995,-150.000000
0.949200,0.844063,150.000000,10.619995,-150.000000
0.949400,0.999372,150.000000,10.619995,-150.000000
0.949600,1.157613,150.000000,10.619995,-150.000000
0.949800,1.314857,150.000000,10.619995,-150.000000
0.950000,1.466909,150.000000,10.619995,-150.000000
0.950200,1.609401,150.000000,10.619995,-150.000000
0.950400,1.737891,150.000000,10.619995,-150.000000
0.950600,1.847976,150.000000,10.619995,-150.000000
0.950800,1.935416,150.000000,10.619995,-150.000000
0.951000,1.996263,150.000000,10.619995,-150.000000
0.951200,2.026993,150.000000,10.619995,-150.000000
0.951400,2.024628,150.000000,10.619995,-150.000000
0.951600,1.986861,150.000000,10.619995,-150.000000
0.951800,1.912156,150.000000,10.619995,-150.000000
0.952000,1.799841,150.000000,10.619995,-150.000000
0.952200,1.650169,150.000000,10.619995,-150.000000
0.952400,1.464364,150.000000,10.619995,-150.000000
0.952600,1.244630,150.000000,10.619995,-150.000000
0.952800,0.994133,150.000000,10.619995,-150.000000
0.953000,0.716953,150.000000,10.619995,-150.000000
0.953200,0.418001,150.000000,10.619995,-150.000000
0.953400,0.102917,150.000000,10.619995,-150.000000
0.953600,-0.222075,150.000000,10.619995,-150.000000
0.953800,-0.550316,150.000000,10.619995,-150.000000
0.954000,-0.874893,150.000000,10.619995,-150.000000
0.954200,-1.188826,150.000000,10.619995,-150.000000
0.954400,-1.485260,150.000000,10.619995,-150.000000
0.954600,-1.757659,150.000000,10.619995,-150.000000
0.954800,-1.999996,150.000000,10.619995,-150.000000
0.955000,-2.206921,150.000000,10.619995,-150.000000
0.955200,-2.373917,150.000000,10.619995,-150.000000
0.955400,-2.497432,150.000000,10.619995,-150.000000
0.955600,-2.574973,150.000000,10.619995,-150.000000
0.955800,-2.605177,150.000000,10.619995,-150.000000
0.956000,-2.587844,150.000000,10.619995,-150.000000
0.956200,-2.523933,150.000000,10.619995,-150.000000
0.956400,-2.415522,150.000000,10.619995,-150.000000
0.956600,-2.265738,150.000000,10.619995,-150.000000
0.956800,-2.078652,150.000000,10.619995,-150.000000
0.957000,-1.859152,150.000000,10.619995,-150.000000
0.957200,-1.612786,150.000000,10.619995,-150.000000
0.957400,-1.345598,150.000000,10.619995,-150.000000
0.957600,-1.063944,150.000000,10.619995,-150.000000
0.957800,-0.774309,150.000000,10.619995,-150.000000
0.958000,-0.483127,150.000000,10.619995,-150.000000
0.958200,-0.196604,150.000000,10.619995,-150.000000
0.958400,0.079442,150.000000,10.619995,-150.000000
0.958600,0.339723,150.000000,10.619995,-150.000000
0.958800,0.579601,150.000000,10.619995,-150.000000
0.959000,0.795184,150.000000,10.619995,-150.000000
0.959200,0.983390,150.000000,10.619995,-150.000000
0.959400,1.141987,150.000000,10.619995,-150.000000
0.959600,1.269601,150.000000,10.619995,-150.000000
0.959800,1.365702,150.000000,10.619995,-150.000000
0.960000,1.430553,150.000000,10.619995,-150.000000
0.960200,1.465152,150.000000,10.619995,-150.000000
0.960400,1.471141,150.000000,10.619995,-150.000000
0.960600,1.450712,150.000000,10.619995,-150.000000
0.960800,1.406494,150.000000,10.619995,-150.000000
0.961000,1.341437,150.000000,10.619995,-150.000000
0.961200,1.258701,150.000000,10.619995,-150.000000
0.961400,1.161537,150.000000,10.619995,-150.000000
0.961600,1.053186,150.000000,10.619995,-150.000000
0.961800,0.936780,150.000000,10.619995,-150.000000
0.962000,0.815266,150.000000,10.619995,-150.000000
0.962200,0.691335,150.000000,10.619995,-150.000000
0.962400,0.567376,150.000000,10.619995,-150.000000
0.962600,0.445443,150.000000,10.619995,-150.000000
0.962800,0.327246,150.000000,10.619995,-150.000000
0.963000,0.214147,150.000000,10.619995,-150.000000
0.963200,0.107183,150.000000,10.619995,-150.000000
0.963400,0.007093,150.000000,10.619995,-150.000000
0.963600,-0.085642,150.000000,10.619995,-150.000000
0.963800,-0.170745,150.000000,10.619995,-150.000000
0.964000,-0.248098,150.000000,10.619995,-150.000000
0.964200,-0.317684,150.000000,10.619995,-150.000000
0.964400,-0.379538,150.000000,10.619995,-150.000000
0.964600,-0.433694,150.000000,10.619995,-150.000000
0.964800,-0.480150,150.000000,10.619995,-150.000000
0.965000,-0.518832,150.000000,10.619995,-150.000000
0.965200,-0.549575,150.000000,10.619995,-150.000000
0.965400,-0.572112,150.000000,10.619995,-150.000000
0.965600,-0.586072,150.000000,10.619995,-150.000000
0.965800,-0.590998,150.000000,10.619995,-150.000000
0.966000,-0.586367,150.000000,10.619995,-150.000000
0.966200,-0.571625,150.000000,10.619995,-150.000000
0.966400,-0.546223,150.000000,10.619995,-150.000000
0.966600,-0.509671,150.000000,10.619995,-150.000000
0.966800,-0.461578,150.000000,10.619995,-150.000000
0.967000,-0.401707,150.000000,10.619995,-150.000000
0.967200,-0.330021,150.000000,10.619995,-150.000000
0.967400,-0.246723,150.000000,10.619995,-150.000000
0.967600,-0.152292,150.000000,10.619995,-150.000000
0.967800,-0.047510,150.000000,10.619995,-150.000000
0.968000,0.066529,150.000000,10.619995,-150.000000
0.968200,0.188415,150.000000,10.619995,-150.000000
0.968400,0.316437,150.000000,10.619995,-150.000000
0.968600,0.448605,150.000000,10.619995,-150.000000
0.968800,0.582699,150.000000,10.619995,-150.000000
0.969000,0.716315,150.000000,10.619995,-150.000000
0.969200,0.846930,150.000000,10.619995,-150.000000
0.969400,0.971976,150.000000,10.619995,-150.000000
0.969600,1.088919,150.000000,10.619995,-150.000000
0.969800,1.195342,150.000000,10.619995,-150.000000
0.970000,1.289024,150.000000,10.619995,-150.000000
0.970200,1.368025,150.000000,10.619995,-150.000000
0.970400,1.430753,150.000000,10.619995,-150.000000
0.970600,1.476033,150.000000,10.619995,-150.000000
0.970800,1.503152,150.000000,10.619995,-150.000000
0.971000,1.511902,150.000000,10.619995,-150.000000
0.971200,1.502590,150.000000,10.619995,-150.000000
0.971400,1.476046,150.000000,10.619995,-150.000000
0.971600,1.433600,150.000000,10.619995,-150.000000
0.971800,1.377049,150.000000,10.619995,-150.000000
0.972000,1.308594,150.000000,10.619995,-150.000000
0.972200,1.230776,150.000000,10.619995,-150.000000
0.972400,1.146387,150.000000,10.619995,-150.000000
0.972600,1.058372,150.000000,10.619995,-150.000000
0.972800,0.969725,150.000000,10.619995,-150.000000
0.973000,0.883381,150.000000,10.619995,-150.000000
0.973200,0.802110,150.000000,10.619995,-150.000000
0.973400,0.728407,150.000000,10.619995,-150.000000
0.973600,0.664406,150.000000,10.619995,-150.000000
0.973800,0.611791,150.000000,10.619995,-150.000000
0.974000,0.571732,150.000000,10.619995,-150.000000
0.974200,0.544840,150.000000,10.619995,-150.000000
0.974400,0.531137,150.000000,10.619995,-150.000000
0.974600,0.530058,150.000000,10.619995,-150.000000
0.974800,0.540463,150.000000,10.619995,-150.000000
0.975000,0.560689,150.000000,10.619995,-150.000000
0.975200,0.588604,150.000000,10.619995,-150.000000
0.975400,0.621697,150.000000,10.619995,-150.000000
0.975600,0.657175,150.000000,10.619995,-150.000000
0.975800,0.692074,150.000000,10.619995,-150.000000
0.976000,0.723380,150.000000,10.619995,-150.000000
0.976200,0.748153,150.000000,10.619995,-150.000000
0.976400,0.763650,150.000000,10.619995,-150.000000
0.976600,0.767443,150.000000,10.619995,-150.000000
0.976800,0.757524,150.000000,10.619995,-150.000000
0.977000,0.732397,150.000000,10.619995,-150.000000
0.977200,0.691154,150.000000,10.619995,-150.000000
0.977400,0.633523,150.000000,10.619995,-150.000000
0.977600,0.559899,150.000000,10.619995,-150.000000
0.977800,0.471342,150.000000,10.619995,-150.000000
0.978000,0.369561,150.000000,10.619995,-150.000000
0.978200,0.256857,150.000000,10.619995,-150.000000
0.978400,0.136060,150.000000,10.619995,-150.000000
0.978600,0.010431,150.000000,10.619995,-150.000000
0.978800,-0.116447,150.000000,10.619995,-150.000000
0.979000,-0.240793,150.000000,10.619995,-150.000000
0.979200,-0.358760,150.000000,10.619995,-150.000000
0.979400,-0.466574,150.000000,10.619995,-150.000000
0.979600,-0.560669,150.000000,10.619995,-150.000000
0.979800,-0.637822,150.000000,10.619995,-150.000000
0.980000,-0.695270,150.000000,10.619995,-150.000000
0.980200,-0.730817,150.000000,10.619995,-150.000000
0.980400,-0.742923,150.000000,10.619995,-150.000000
0.980600,-0.730768,150.000000,10.619995,-150.000000
0.980800,-0.694292,150.000000,10.619995,-150.000000
0.981000,-0.634214,150.000000,10.619995,-150.000000
0.981200,-0.552019,150.000000,10.619995,-150.000000
0.981400,-0.449921,150.000000,10.619995,-150.000000
0.981600,-0.330804,150.000000,10.619995,-150.000000
0.981800,-0.198140,150.000000,10.619995,-150.000000
0.982000,-0.055881,150.000000,10.619995,-150.000000
0.982200,0.091654,150.000000,10.619995,-150.000000
0.982400,0.239912,150.000000,10.619995,-150.000000
0.982600,0.384244,150.000000,10.619995,-150.000000
0.982800,0.520047,150.000000,10.619995,-150.000000
0.983000,0.642898,150.000000,10.619995,-150.000000
0.983200,0.748694,150.000000,10.619995,-150.000000
0.983400,0.833771,150.000000,10.619995,-150.000000
0.983600,0.895010,150.000000,10.619995,-150.000000
0.983800,0.929933,150.000000,10.619995,-150.000000
0.984000,0.936771,150.000000,10.619995,-150.000000
0.984200,0.914511,150.000000,10.619995,-150.000000
0.984400,0.862928,150.000000,10.619995,-150.000000
0.984600,0.782580,150.000000,10.619995,-150.000000
0.984800,0.674792,150.000000,10.619995,-150.000000
0.985000,0.541612,150.000000,10.619995,-150.000000
0.985200,0.385744,150.000000,10.619995,-150.000000
0.985400,0.210474,150.000000,10.619995,-150.000000
0.985600,0.019563,150.000000,10.619995,-150.000000
0.985800,-0.182853,150.000000,10.619995,-150.000000
0.986000,-0.392385,150.000000,10.619995,-150.000000
0.986200,-0.604514,150.000000,10.619995,-150.000000
0.986400,-0.814716,150.000000,10.619995,-150.000000
0.986600,-1.018579,150.000000,10.619995,-150.000000
0.986800,-1.211925,150.000000,10.619995,-150.000000
0.987000,-1.390913,150.000000,10.619995,-150.000000
0.987200,-1.552137,150.000000,10.619995,-150.000000
0.987400,-1.692704,150.000000,10.619995,-150.000000
0.987600,-1.810303,150.000000,10.619995,-150.000000
0.987800,-1.903248,150.000000,10.619995,-150.000000
0.988000,-1.970507,150.000000,10.619995,-150.000000
0.988200,-2.011712,150.000000,10.619995,-150.000000
0.988400,-2.027151,150.000000,10.619995,-150.000000
0.988600,-2.017737,150.000000,10.619995,-150.000000
0.988800,-1.984964,150.000000,10.619995,-150.000000
0.989000,-1.930846,150.000000,10.619995,-150.000000
0.989200,-1.857844,150.000000,10.619995,-150.000000
0.989400,-1.768781,150.000000,10.619995,-150.000000
0.989600,-1.666749,150.000000,10.619995,-150.000000
0.989800,-1.555004,150.000000,10.619995,-150.000000
0.990000,-1.436874,150.000000,10.619995,-150.000000
0.990200,-1.315649,150.000000,10.619995,-150.000000
0.990400,-1.194484,150.000000,10.619995,-150.000000
0.990600,-1.076311,150.000000,10.619995,-150.000000
0.990800,-0.963748,150.000000,10.619995,-150.000000
0.991000,-0.859033,150.000000,10.619995,-150.000000
0.991200,-0.763957,150.000000,10.619995,-150.000000
0.991400,-0.679824,150.000000,10.619995,-150.000000
0.991600,-0.607420,150.000000,10.619995,-150.000000
0.991800,-0.546995,150.000000,10.619995,-150.000000
0.992000,-0.498276,150.000000,10.619995,-150.000000
0.992200,-0.460479,150.000000,10.619995,-150.000000
0.992400,-0.432351,150.000000,10.619995,-150.000000
0.992600,-0.412218,150.000000,10.619995,-150.000000
0.992800,-0.398050,150.000000,10.619995,-150.000000
0.993000,-0.387538,150.000000,10.619995,-150.000000
0.993200,-0.378174,150.000000,10.619995,-150.000000
0.993400,-0.367348,150.000000,10.619995,-150.000000
0.993600,-0.352434,150.000000,10.619995,-150.000000
0.993800,-0.330890,150.000000,10.619995,-150.000000
0.994000,-0.300347,150.000000,10.619995,-150.000000
0.994200,-0.258694,150.000000,10.619995,-150.000000
0.994400,-0.204161,150.000000,10.619995,-150.000000
0.994600,-0.135380,150.000000,10.619995,-150.000000
0.994800,-0.051445,150.000000,10.619995,-150.000000
0.995000,0.048048,150.000000,10.619995,-150.000000
0.995200,0.162979,150.000000,10.619995,-150.000000
0.995400,0.292691,150.000000,10.619995,-150.000000
0.995600,0.435999,150.000000,10.619995,-150.000000
0.995800,0.591215,150.000000,10.619995,-150.000000
0.996000,0.756187,150.000000,10.619995,-150.000000
0.996200,0.928355,150.000000,10.619995,-150.000000
0.996400,1.104813,150.000000,10.619995,-150.000000
0.996600,1.282391,150.000000,10.619995,-150.000000
0.996800,1.457739,150.000000,10.619995,-150.000000
0.997000,1.627415,150.000000,10.619995,-150.000000
0.997200,1.787984,150.000000,10.619995,-150.000000
0.997400,1.936109,150.000000,10.619995,-150.000000
0.997600,2.068642,150.000000,10.619995,-150.000000
0.997800,2.182711,150.000000,10.619995,-150.000000
0.998000,2.275797,150.000000,10.619995,-150.000000
0.998200,2.345803,150.000000,10.619995,-150.000000
0.998400,2.391111,150.000000,10.619995,-150.000000
0.998600,2.410625,150.000000,10.619995,-150.000000
0.998800,2.403797,150.000000,10.619995,-150.000000
0.999000,2.370649,150.000000,10.619995,-150.000000
0.999200,2.311762,150.000000,10.619995,-150.000000
0.999400,2.228272,150.000000,10.619995,-150.000000
0.999600,2.121833,150.000000,10.619995,-150.000000
0.999800,1.994577,150.000000,10.619995,-150.000000
1.000000,1.849063,150.000000,10.619995,-150.000000
1.000200,1.688208,150.000000,10.619995,-150.000000
1.000400,1.515223,150.000000,10.619995,-150.000000
1.000600,1.333525,150.000000,10.619995,-150.000000
1.000800,1.146664,150.000000,10.619995,-150.000000
1.001000,0.958229,150.000000,10.619995,-150.000000
1.001200,0.771772,150.000000,10.619995,-150.000000
1.001400,0.590716,150.000000,10.619995,-150.000000
1.001600,0.418283,150.000000,10.619995,-150.000000
1.001800,0.257414,150.000000,10.619995,-150.000000
1.002000,0.110704,150.000000,10.619995,-150.000000
1.002200,-0.019657,150.000000,10.619995,-150.000000
1.002400,-0.131931,150.000000,10.619995,-150.000000
1.002600,-0.224875,150.000000,10.619995,-150.000000
1.002800,-0.297764,150.000000,10.619995,-150.000000
1.003000,-0.350406,150.000000,10.619995,-150.000000
1.003200,-0.383143,150.000000,10.619995,-150.000000
1.003400,-0.396840,150.000000,10.619995,-150.000000
1.003600,-0.392862,150.000000,10.619995,-150.000000
1.003800,-0.373032,150.000000,10.619995,-150.000000
1.004000,-0.339587,150.000000,10.619995,-150.000000
1.004200,-0.295110,150.000000,10.619995,-150.000000
1.004400,-0.242466,150.000000,10.619995,-150.000000
1.004600,-0.184715,150.000000,10.619995,-150.000000
1.004800,-0.125025,150.000000,10.619995,-150.000000
1.005000,-0.066582,150.000000,10.619995,-150.000000
1.005200,-0.012489,150.000000,10.619995,-150.000000
1.005400,0.034331,150.000000,10.619995,-150.000000
1.005600,0.071228,150.000000,10.619995,-150.000000
1.005800,0.095920,150.000000,10.619995,-150.000000
1.006000,0.106575,150.000000,10.619995,-150.000000
1.006200,0.101885,150.000000,10.619995,-150.000000
1.006400,0.081125,150.000000,10.619995,-150.000000
1.006600,0.044198,150.000000,10.619995,-150.000000
1.006800,-0.008340,150.000000,10.619995,-150.000000
1.007000,-0.075271,150.000000,10.619995,-150.000000
1.007200,-0.154733,150.000000,10.619995,-150.000000
1.007400,-0.244257,150.000000,10.619995,-150.000000
1.007600,-0.340826,150.000000,10.619995,-150.000000
1.007800,-0.440955,150.000000,10.619995,-150.000000
1.008000,-0.540797,150.000000,10.619995,-150.000000
1.008200,-0.636256,150.000000,10.619995,-150.000000
1.008400,-0.723127,150.000000,10.619995,-150.000000
1.008600,-0.797235,150.000000,10.619995,-150.000000
1.008800,-0.854594,150.000000,10.619995,-150.000000
1.009000,-0.891554,150.000000,10.619995,-150.000000
1.009200,-0.904955,150.000000,10.619995,-150.000000
1.009400,-0.892266,150.000000,10.619995,-150.000000
1.009600,-0.851715,150.000000,10.619995,-150.000000
1.009800,-0.782390,150.000000,10.619995,-150.000000
1.010000,-0.684325,150.000000,10.619995,-150.000000
1.010200,-0.558554,150.000000,10.619995,-150.000000
1.010400,-0.407128,150.000000,10.619995,-150.000000
1.010600,-0.233106,150.000000,10.619995,-150.000000
1.010800,-0.040500,150.000000,10.619995,-150.000000
1.011000,0.165805,150.000000,10.619995,-150.000000
1.011200,0.380173,150.000000,10.619995,-150.000000
1.011400,0.596374,150.000000,10.619995,-150.000000
1.011600,0.807753,150.000000,10.619995,-150.000000
1.011800,1.007445,150.000000,10.619995,-150.000000
1.012000,1.188585,150.000000,10.619995,-150.000000
1.012200,1.344540,150.000000,10.619995,-150.000000
1.012400,1.469141,150.000000,10.619995,-150.000000
1.012600,1.556906,150.000000,10.619995,-150.000000
1.012800,1.603248,150.000000,10.619995,-150.000000
1.013000,1.604664,150.000000,10.619995,-150.000000
1.013200,1.558892,150.000000,10.619995,-150.000000
1.013400,1.465035,150.000000,10.619995,-150.000000
1.013600,1.323636,150.000000,10.619995,-150.000000
1.013800,1.136717,150.000000,10.619995,-150.000000
1.014000,0.907758,150.000000,10.619995,-150.000000
1.014200,0.641641,150.000000,10.619995,-150.000000
1.014400,0.344533,150.000000,10.619995,-150.000000
1.014600,0.023730,150.000000,10.619995,-150.000000
1.014800,-0.312541,150.000000,10.619995,-150.000000
1.015000,-0.655359,150.000000,10.619995,-150.000000
1.015200,-0.995365,150.000000,10.619995,-150.000000
1.015400,-1.323053,150.000000,10.619995,-150.000000
1.015600,-1.629053,150.000000,10.619995,-150.000000
1.015800,-1.904427,150.000000,10.619995,-150.000000
1.016000,-2.140956,150.000000,10.619995,-150.000000
1.016200,-2.331393,150.000000,10.619995,-150.000000
1.016400,-2.469711,150.000000,10.619995,-150.000000
1.016600,-2.551289,150.000000,10.619995,-150.000000
1.016800,-2.573073,150.000000,10.619995,-150.000000
1.017000,-2.533678,150.000000,10.619995,-150.000000
1.017200,-2.433440,150.000000,10.619995,-150.000000
1.017400,-2.274410,150.000000,10.619995,-150.000000
1.017600,-2.060295,150.000000,10.619995,-150.000000
1.017800,-1.796345,150.000000,10.619995,-150.000000
1.018000,-1.489188,150.000000,10.619995,-150.000000
1.018200,-1.146626,150.000000,10.619995,-150.000000
1.018400,-0.777388,150.000000,10.619995,-150.000000
1.018600,-0.390859,150.000000,10.619995,-150.000000
1.018800,0.003212,150.000000,10.619995,-150.000000
1.019000,0.395012,150.000000,10.619995,-150.000000
1.019200,0.774965,150.000000,10.619995,-150.000000
1.019400,1.134017,150.000000,10.619995,-150.000000
1.019600,1.463906,150.000000,10.619995,-150.000000
1.019800,1.757394,150.000000,10.619995,-150.000000
1.020000,2.008473,150.000000,10.619995,-150.000000
1.020200,2.212510,150.000000,10.619995,-150.000000
1.020400,2.366361,150.000000,10.619995,-150.000000
1.020600,2.468424,150.000000,10.619995,-150.000000
1.020800,2.518640,150.000000,10.619995,-150.000000
1.021000,2.518444,150.000000,10.619995,-150.000000
1.021200,2.470671,150.000000,10.619995,-150.000000
1.021400,2.379411,150.000000,10.619995,-150.000000
1.021600,2.249834,150.000000,10.619995,-150.000000
1.021800,2.087978,150.000000,10.619995,-150.000000
1.022000,1.900517,150.000000,10.619995,-150.000000
1.022200,1.694520,150.000000,10.619995,-150.000000
1.022400,1.477193,150.000000,10.619995,-150.000000
1.022600,1.255642,150.000000,10.619995,-150.000000
1.022800,1.036638,150.000000,10.619995,-150.000000
1.023000,0.826404,150.000000,10.619995,-150.000000
1.023200,0.630437,150.000000,10.619995,-150.000000
1.023400,0.453356,150.000000,10.619995,-150.000000
1.023600,0.298792,150.000000,10.619995,-150.000000
1.023800,0.169319,150.000000,10.619995,-150.000000
1.024000,0.066420,150.000000,10.619995,-150.000000
1.024200,-0.009495,150.000000,10.619995,-150.000000
1.024400,-0.059044,150.000000,10.619995,-150.000000
1.024600,-0.083785,150.000000,10.619995,-150.000000
1.024800,-0.086101,150.000000,10.619995,-150.000000
1.025000,-0.069060,150.000000,10.619995,-150.000000
1.025200,-0.036261,150.000000,10.619995,-150.000000
1.025400,0.008339,150.000000,10.619995,-150.000000
1.025600,0.060593,150.000000,10.619995,-150.000000
1.025800,0.116334,150.000000,10.619995,-150.000000
1.026000,0.171532,150.000000,10.619995,-150.000000
1.026200,0.222439,150.000000,10.619995,-150.000000
1.026400,0.265706,150.000000,10.619995,-150.000000
1.026600,0.298487,150.000000,10.619995,-150.000000
1.026800,0.318504,150.000000,10.619995,-150.000000
1.027000,0.324091,150.000000,10.619995,-150.000000
1.027200,0.314209,150.000000,10.619995,-150.000000
1.027400,0.288428,150.000000,10.619995,-150.000000
1.027600,0.246896,150.000000,10.619995,-150.000000
1.027800,0.190273,150.000000,10.619995,-150.000000
1.028000,0.119659,150.000000,10.619995,-150.000000
1.028200,0.036504,150.000000,10.619995,-150.000000
1.028400,-0.057491,150.000000,10.619995,-150.000000
1.028600,-0.160466,150.000000,10.619995,-150.000000
1.028800,-0.270501,150.000000,10.619995,-150.000000
1.029000,-0.385702,150.000000,10.619995,-150.000000
1.029200,-0.504277,150.000000,10.619995,-150.000000
1.029400,-0.624596,150.000000,10.619995,-150.000000
1.029600,-0.745233,150.000000,10.619995,-150.000000
1.029800,-0.864994,150.000000,10.619995,-150.000000
1.030000,-0.982920,150.000000,10.619995,-150.000000
1.030200,-1.098277,150.000000,10.619995,-150.000000
1.030400,-1.210529,150.000000,10.619995,-150.000000
1.030600,-1.319292,150.000000,10.619995,-150.000000
1.030800,-1.424289,150.000000,10.619995,-150.000000
1.031000,-1.525288,150.000000,10.619995,-150.000000
1.031200,-1.622040,150.000000,10.619995,-150.000000
1.031400,-1.714226,150.000000,10.619995,-150.000000
1.031600,-1.801401,150.000000,10.619995,-150.000000
1.031800,-1.882953,150.000000,10.619995,-150.000000
1.032000,-1.958072,150.000000,10.619995,-150.000000
1.032200,-2.025738,150.000000,10.619995,-150.000000
1.032400,-2.084723,150.000000,10.619995,-150.000000
1.032600,-2.133611,150.000000,10.619995,-150.000000
1.032800,-2.170835,150.000000,10.619995,-150.000000
1.033000,-2.194730,150.000000,10.619995,-150.000000
1.033200,-2.203601,150.000000,10.619995,-150.000000
1.033400,-2.195801,150.000000,10.619995,-150.000000
1.033600,-2.169815,150.000000,10.619995,-150.000000
1.033800,-2.124344,150.000000,10.619995,-150.000000
1.034000,-2.058396,150.000000,10.619995,-150.000000
1.034200,-1.971364,150.000000,10.619995,-150.000000
1.034400,-1.863094,150.000000,10.619995,-150.000000
1.034600,-1.733940,150.000000,10.619995,-150.000000
1.034800,-1.584807,150.000000,10.619995,-150.000000
1.035000,-1.417162,150.000000,10.619995,-150.000000
1.035200,-1.233035,150.000000,10.619995,-150.000000
1.035400,-1.034993,150.000000,10.619995,-150.000000
1.035600,-0.826087,150.000000,10.619995,-150.000000
1.035800,-0.609793,150.000000,10.619995,-150.000000
1.036000,-0.389914,150.000000,10.619995,-150.000000
1.036200,-0.170488,150.000000,10.619995,-150.000000
1.036400,0.044334,150.000000,10.619995,-150.000000
1.036600,0.250400,150.000000,10.619995,-150.000000
1.036800,0.443689,150.000000,10.619995,-150.000000
1.037000,0.620421,150.000000,10.619995,-150.000000
1.037200,0.777179,150.000000,10.619995,-150.000000
1.037400,0.911002,150.000000,10.619995,-150.000000
1.037600,1.019477,150.000000,10.619995,-150.000000
1.037800,1.100801,150.000000,10.619995,-150.000000
1.038000,1.153828,150.000000,10.619995,-150.000000
1.038200,1.178093,150.000000,10.619995,-150.000000
1.038400,1.173809,150.000000,10.619995,-150.000000
1.038600,1.141848,150.000000,10.619995,-150.000000
1.038800,1.083693,150.000000,10.619995,-150.000000
1.039000,1.001376,150.000000,10.619995,-150.000000
1.039200,0.897403,150.000000,10.619995,-150.000000
1.039400,0.774660,150.000000,10.619995,-150.000000
1.039600,0.636315,150.000000,10.619995,-150.000000
1.039800,0.485716,150.000000,10.619995,-150.000000
1.040000,0.326290,150.000000,10.619995,-150.000000
1.040200,0.161445,150.000000,10.619995,-150.000000
1.040400,-0.005522,150.000000,10.619995,-150.000000
1.040600,-0.171499,150.000000,10.619995,-150.000000
1.040800,-0.333626,150.000000,10.619995,-150.000000
1.041000,-0.489343,150.000000,10.619995,-150.000000
1.041200,-0.636425,150.000000,10.619995,-150.000000
1.041400,-0.772997,150.000000,10.619995,-150.000000
1.041600,-0.897536,150.000000,10.619995,-150.000000
1.041800,-1.008860,150.000000,10.619995,-150.000000
1.042000,-1.106101,150.000000,10.619995,-150.000000
1.042200,-1.188674,150.000000,10.619995,-150.000000
1.042400,-1.256234,150.000000,10.619995,-150.000000
1.042600,-1.308636,150.000000,10.619995,-150.000000
1.042800,-1.345892,150.000000,10.619995,-150.000000
1.043000,-1.368124,150.000000,10.619995,-150.000000
1.043200,-1.375537,150.000000,10.619995,-150.000000
1.043400,-1.368383,150.000000,10.619995,-150.000000
1.043600,-1.346944,150.000000,10.619995,-150.000000
1.043800,-1.311522,150.000000,10.619995,-150.000000
1.044000,-1.262438,150.000000,10.619995,-150.000000
1.044200,-1.200039,150.000000,10.619995,-150.000000
1.044400,-1.124715,150.000000,10.619995,-150.000000
1.044600,-1.036924,150.000000,10.619995,-150.000000
1.044800,-0.937217,150.000000,10.619995,-150.000000
1.045000,-0.826270,150.000000,10.619995,-150.000000
1.045200,-0.704910,150.000000,10.619995,-150.000000
1.045400,-0.574147,150.000000,10.619995,-150.000000
1.045600,-0.435188,150.000000,10.619995,-150.000000
1.045800,-0.289456,150.000000,10.619995,-150.000000
1.046000,-0.138590,150.000000,10.619995,-150.000000
1.046200,0.015559,150.000000,10.619995,-150.000000
1.046400,0.170947,150.000000,10.619995,-150.000000
1.046600,0.325365,150.000000,10.619995,-150.000000
1.046800,0.476481,150.000000,10.619995,-150.000000
1.047000,0.621890,150.000000,10.619995,-150.000000
1.047200,0.759170,150.000000,10.619995,-150.000000
1.047400,0.885946,150.000000,10.619995,-150.000000
1.047600,0.999959,150.000000,10.619995,-150.000000
1.047800,1.099131,150.000000,10.619995,-150.000000
1.048000,1.181632,150.000000,10.619995,-150.000000
1.048200,1.245942,150.000000,10.619995,-150.000000
1.048400,1.290901,150.000000,10.619995,-150.000000
1.048600,1.315752,150.000000,10.619995,-150.000000
1.048800,1.320172,150.000000,10.619995,-150.000000
1.049000,1.304290,150.000000,10.619995,-150.000000
1.049200,1.268690,150.000000,10.619995,-150.000000
1.049400,1.214398,150.000000,10.619995,-150.000000
1.049600,1.142856,150.000000,10.619995,-150.000000
1.049800,1.055882,150.000000,10.619995,-150.000000
1.050000,0.955621,150.000000,10.619995,-150.000000
1.050200,0.844480,150.000000,10.619995,-150.000000
1.050400,0.725061,150.000000,10.619995,-150.000000
1.050600,0.600085,150.000000,10.619995,-150.000000
1.050800,0.472314,150.000000,10.619995,-150.000000
1.051000,0.344475,150.000000,10.619995,-150.000000
1.051200,0.219185,150.000000,10.619995,-150.000000
1.051400,0.098879,150.000000,10.619995,-150.000000
1.051600,-0.014246,150.000000,10.619995,-150.000000
1.051800,-0.118292,150.000000,10.619995,-150.000000
1.052000,-0.211694,150.000000,10.619995,-150.000000
1.052200,-0.293259,150.000000,10.619995,-150.000000
1.052400,-0.362174,150.000000,10.619995,-150.000000
1.052600,-0.418023,150.000000,10.619995,-150.000000
1.052800,-0.460772,150.000000,10.619995,-150.000000
1.053000,-0.490759,150.000000,10.619995,-150.000000
1.053200,-0.508660,150.000000,10.619995,-150.000000
1.053400,-0.515460,150.000000,10.619995,-150.000000
1.053600,-0.512405,150.000000,10.619995,-150.000000
1.053800,-0.500954,150.000000,10.619995,-150.000000
1.054000,-0.482727,150.000000,10.619995,-150.000000
1.054200,-0.459452,150.000000,10.619995,-150.000000
1.054400,-0.432904,150.000000,10.619995,-150.000000
1.054600,-0.404858,150.000000,10.619995,-150.000000
1.054800,-0.377029,150.000000,10.619995,-150.000000
1.055000,-0.351028,150.000000,10.619995,-150.000000
1.055200,-0.328318,150.000000,10.619995,-150.000000
1.055400,-0.310171,150.000000,10.619995,-150.000000
1.055600,-0.297640,150.000000,10.619995,-150.000000
1.055800,-0.291528,150.000000,10.619995,-150.000000
1.056000,-0.292370,150.000000,10.619995,-150.000000
1.056200,-0.300420,150.000000,10.619995,-150.000000
1.056400,-0.315646,150.000000,10.619995,-150.000000
1.056600,-0.337725,150.000000,10.619995,-150.000000
1.056800,-0.366060,150.000000,10.619995,-150.000000
1.057000,-0.399787,150.000000,10.619995,-150.000000
1.057200,-0.437798,150.000000,10.619995,-150.000000
1.057400,-0.478769,150.000000,10.619995,-150.000000
1.057600,-0.521190,150.000000,10.619995,-150.000000
1.057800,-0.563406,150.000000,10.619995,-150.000000
1.058000,-0.603658,150.000000,10.619995,-150.000000
1.058200,-0.640127,150.000000,10.619995,-150.000000
1.058400,-0.670989,150.000000,10.619995,-150.000000
1.058600,-0.694459,150.000000,10.619995,-150.000000
1.058800,-0.708850,150.000000,10.619995,-150.000000
1.059000,-0.712622,150.000000,10.619995,-150.000000
1.059200,-0.704433,150.000000,10.619995,-150.000000
1.059400,-0.683187,150.000000,10.619995,-150.000000
1.059600,-0.648076,150.000000,10.619995,-150.000000
1.059800,-0.598619,150.000000,10.619995,-150.000000
1.060000,-0.534686,150.000000,10.619995,-150.000000
1.060200,-0.456527,150.000000,10.619995,-150.000000
1.060400,-0.364777,150.000000,10.619995,-150.000000
1.060600,-0.260455,150.000000,10.619995,-150.000000
1.060800,-0.144958,150.000000,10.619995,-150.000000
1.061000,-0.020033,150.000000,10.619995,-150.000000
1.061200,0.112259,150.000000,10.619995,-150.000000
1.061400,0.249583,150.000000,10.619995,-150.000000
1.061600,0.389395,150.000000,10.619995,-150.000000
1.061800,0.529002,150.000000,10.619995,-150.000000
1.062000,0.665634,150.000000,10.619995,-150.000000
1.062200,0.796531,150.000000,10.619995,-150.000000
1.062400,0.919013,150.000000,10.619995,-150.000000
1.062600,1.030570,150.000000,10.619995,-150.000000
1.062800,1.128937,150.000000,10.619995,-150.000000
1.063000,1.212172,150.000000,10.619995,-150.000000
1.063200,1.278716,150.000000,10.619995,-150.000000
1.063400,1.327455,150.000000,10.619995,-150.000000
1.063600,1.357762,150.000000,10.619995,-150.000000
1.063800,1.369524,150.000000,10.619995,-150.000000
1.064000,1.363156,150.000000,10.619995,-150.000000
1.064200,1.339597,150.000000,10.619995,-150.000000
1.064400,1.300290,150.000000,10.619995,-150.000000
1.064600,1.247141,150.000000,10.619995,-150.000000
1.064800,1.182467,150.000000,10.619995,-150.000000
1.065000,1.108925,150.000000,10.619995,-150.000000
1.065200,1.029435,150.000000,10.619995,-150.000000
1.065400,0.947081,150.000000,10.619995,-150.000000
1.065600,0.865018,150.000000,10.619995,-150.000000
1.065800,0.786366,150.000000,10.619995,-150.000000
1.066000,0.714110,150.000000,10.619995,-150.000000
1.066200,0.650997,150.000000,10.619995,-150.000000
1.066400,0.599443,150.000000,10.619995,-150.000000
1.066600,0.561450,150.000000,10.619995,-150.000000
1.066800,0.538538,150.000000,10.619995,-150.000000
1.067000,0.531685,150.000000,10.619995,-150.000000
1.067200,0.541294,150.000000,10.619995,-150.000000
1.067400,0.567174,150.000000,10.619995,-150.000000
1.067600,0.608541,150.000000,10.619995,-150.000000
1.067800,0.664040,150.000000,10.619995,-150.000000
1.068000,0.731788,150.000000,10.619995,-150.000000
1.068200,0.809432,150.000000,10.619995,-150.000000
1.068400,0.894224,150.000000,10.619995,-150.000000
1.068600,0.983115,150.000000,10.619995,-150.000000
1.068800,1.072850,150.000000,10.619995,-150.000000
1.069000,1.160079,150.000000,10.619995,-150.000000
1.069200,1.241467,150.000000,10.619995,-150.000000
1.069400,1.313805,150.000000,10.619995,-150.000000
1.069600,1.374117,150.000000,10.619995,-150.000000
1.069800,1.419759,150.000000,10.619995,-150.000000
1.070000,1.448505,150.000000,10.619995,-150.000000
1.070200,1.458625,150.000000,10.619995,-150.000000
1.070400,1.448937,150.000000,10.619995,-150.000000
1.070600,1.418846,150.000000,10.619995,-150.000000
1.070800,1.368366,150.000000,10.619995,-150.000000
1.071000,1.298111,150.000000,10.619995,-150.000000
1.071200,1.209276,150.000000,10.619995,-150.000000
1.071400,1.103594,150.000000,10.619995,-150.000000
1.071600,0.983276,150.000000,10.619995,-150.000000
1.071800,0.850932,150.000000,10.619995,-150.000000
1.072000,0.709485,150.000000,10.619995,-150.000000
1.072200,0.562070,150.000000,10.619995,-150.000000
1.072400,0.411930,150.000000,10.619995,-150.000000
1.072600,0.262308,150.000000,10.619995,-150.000000
1.072800,0.116342,150.000000,10.619995,-150.000000
1.073000,-0.023038,150.000000,10.619995,-150.000000
1.073200,-0.153204,150.000000,10.619995,-150.000000
1.073400,-0.271905,150.000000,10.619995,-150.000000
1.073600,-0.377340,150.000000,10.619995,-150.000000
1.073800,-0.468202,150.000000,10.619995,-150.000000
1.074000,-0.543713,150.000000,10.619995,-150.000000
1.074200,-0.603633,150.000000,10.619995,-150.000000
1.074400,-0.648255,150.000000,10.619995,-150.000000
1.074600,-0.678377,150.000000,10.619995,-150.000000
1.074800,-0.695260,150.000000,10.619995,-150.000000
1.075000,-0.700565,150.000000,10.619995,-150.000000
1.075200,-0.696285,150.000000,10.619995,-150.000000
1.075400,-0.684654,150.000000,10.619995,-150.000000
1.075600,-0.668062,150.000000,10.619995,-150.000000
1.075800,-0.648960,150.000000,10.619995,-150.000000
1.076000,-0.629757,150.000000,10.619995,-150.000000
1.076200,-0.612739,150.000000,10.619995,-150.000000
1.076400,-0.599973,150.000000,10.619995,-150.000000
1.076600,-0.593236,150.000000,10.619995,-150.000000
1.076800,-0.593950,150.000000,10.619995,-150.000000
1.077000,-0.603132,150.000000,10.619995,-150.000000
1.077200,-0.621359,150.000000,10.619995,-150.000000
1.077400,-0.648750,150.000000,10.619995,-150.000000
1.077600,-0.684969,150.000000,10.619995,-150.000000
1.077800,-0.729238,150.000000,10.619995,-150.000000
1.078000,-0.780375,150.000000,10.619995,-150.000000
1.078200,-0.836833,150.000000,10.619995,-150.000000
1.078400,-0.896766,150.000000,10.619995,-150.000000
1.078600,-0.958094,150.000000,10.619995,-150.000000
1.078800,-1.018583,150.000000,10.619995,-150.000000
1.079000,-1.075918,150.000000,10.619995,-150.000000
1.079200,-1.127793,150.000000,10.619995,-150.000000
1.079400,-1.171984,150.000000,10.619995,-150.000000
1.079600,-1.206426,150.000000,10.619995,-150.000000
1.079800,-1.229279,150.000000,10.619995,-150.000000
1.080000,-1.238985,150.000000,10.619995,-150.000000
1.080200,-1.234319,150.000000,10.619995,-150.000000
1.080400,-1.214415,150.000000,10.619995,-150.000000
1.080600,-1.178795,150.000000,10.619995,-150.000000
1.080800,-1.127369,150.000000,10.619995,-150.000000
1.081000,-1.060434,150.000000,10.619995,-150.000000
1.081200,-0.978655,150.000000,10.619995,-150.000000
1.081400,-0.883034,150.000000,10.619995,-150.000000
1.081600,-0.774875,150.000000,10.619995,-150.000000
1.081800,-0.655737,150.000000,10.619995,-150.000000
1.082000,-0.527383,150.000000,10.619995,-150.000000
1.082200,-0.391728,150.000000,10.619995,-150.000000
1.082400,-0.250787,150.000000,10.619995,-150.000000
1.082600,-0.106618,150.000000,10.619995,-150.000000
1.082800,0.038724,150.000000,10.619995,-150.000000
1.083000,0.183231,150.000000,10.619995,-150.000000
1.083200,0.324983,150.000000,10.619995,-150.000000
1.083400,0.462175,150.000000,10.619995,-150.000000
1.083600,0.593145,150.000000,10.619995,-150.000000
1.083800,0.716386,150.000000,10.619995,-150.000000
1.084000,0.830560,150.000000,10.619995,-150.000000
1.084200,0.934496,150.000000,10.619995,-150.000000
1.084400,1.027193,150.000000,10.619995,-150.000000
1.084600,1.107810,150.000000,10.619995,-150.000000
1.084800,1.175658,150.000000,10.619995,-150.000000
1.085000,1.230189,150.000000,10.619995,-150.000000
1.085200,1.270990,150.000000,10.619995,-150.000000
1.085400,1.297770,150.000000,10.619995,-150.000000
1.085600,1.310357,150.000000,10.619995,-150.000000
1.085800,1.308694,150.000000,10.619995,-150.000000
1.086000,1.292844,150.000000,10.619995,-150.000000
1.086200,1.262992,150.000000,10.619995,-150.000000
1.086400,1.219455,150.000000,10.619995,-150.000000
1.086600,1.162695,150.000000,10.619995,-150.000000
1.086800,1.093334,150.000000,10.619995,-150.000000
1.087000,1.012170,150.000000,10.619995,-150.000000
1.087200,0.920187,150.000000,10.619995,-150.000000
1.087400,0.818574,150.000000,10.619995,-150.000000
1.087600,0.708726,150.000000,10.619995,-150.000000
1.087800,0.592254,150.000000,10.619995,-150.000000
1.088000,0.470976,150.000000,10.619995,-150.000000
1.088200,0.346903,150.000000,10.619995,-150.000000
1.088400,0.222221,150.000000,10.619995,-150.000000
1.088600,0.099257,150.000000,10.619995,-150.000000
1.088800,-0.019563,150.000000,10.619995,-150.000000
1.089000,-0.131764,150.000000,10.619995,-150.000000
1.089200,-0.234880,150.000000,10.619995,-150.000000
1.089400,-0.326523,150.000000,10.619995,-150.000000
1.089600,-0.404449,150.000000,10.619995,-150.000000
1.089800,-0.466634,150.000000,10.619995,-150.000000
1.090000,-0.511345,150.000000,10.619995,-150.000000
1.090200,-0.537208,150.000000,10.619995,-150.000000
1.090400,-0.543274,150.000000,10.619995,-150.000000
1.090600,-0.529071,150.000000,10.619995,-150.000000
1.090800,-0.494645,150.000000,10.619995,-150.000000
1.091000,-0.440592,150.000000,10.619995,-150.000000
1.091200,-0.368064,150.000000,10.619995,-150.000000
1.091400,-0.278769,150.000000,10.619995,-150.000000
1.091600,-0.174945,150.000000,10.619995,-150.000000
1.091800,-0.059315,150.000000,10.619995,-150.000000
1.092000,0.064968,150.000000,10.619995,-150.000000
1.092200,0.194402,150.000000,10.619995,-150.000000
1.092400,0.325222,150.000000,10.619995,-150.000000
1.092600,0.453508,150.000000,10.619995,-150.000000
1.092800,0.575289,150.000000,10.619995,-150.000000
1.093000,0.686666,150.000000,10.619995,-150.000000
1.093200,0.783919,150.000000,10.619995,-150.000000
1.093400,0.863628,150.000000,10.619995,-150.000000
1.093600,0.922774,150.000000,10.619995,-150.000000
1.093800,0.958834,150.000000,10.619995,-150.000000
1.094000,0.969863,150.000000,10.619995,-150.000000
1.094200,0.954552,150.000000,10.619995,-150.000000
1.094400,0.912275,150.000000,10.619995,-150.000000
1.094600,0.843107,150.000000,10.619995,-150.000000
1.094800,0.747825,150.000000,10.619995,-150.000000
1.095000,0.627883,150.000000,10.619995,-150.000000
1.095200,0.485369,150.000000,10.619995,-150.000000
1.095400,0.322938,150.000000,10.619995,-150.000000
1.095600,0.143736,150.000000,10.619995,-150.000000
1.095800,-0.048700,150.000000,10.619995,-150.000000
1.096000,-0.250544,150.000000,10.619995,-150.000000
1.096200,-0.457797,150.000000,10.619995,-150.000000
1.096400,-0.666399,150.000000,10.619995,-150.000000
1.096600,-0.872341,150.000000,10.619995,-150.000000
1.096800,-1.071777,150.000000,10.619995,-150.000000
1.097000,-1.261119,150.000000,10.619995,-150.000000
1.097200,-1.437124,150.000000,10.619995,-150.000000
1.097400,-1.596968,150.000000,10.619995,-150.000000
1.097600,-1.738295,150.000000,10.619995,-150.000000
1.097800,-1.859259,150.000000,10.619995,-150.000000
1.098000,-1.958541,150.000000,10.619995,-150.000000
1.098200,-2.035350,150.000000,10.619995,-150.000000
1.098400,-2.089404,150.000000,10.619995,-150.000000
1.098600,-2.120905,150.000000,10.619995,-150.000000
1.098800,-2.130486,150.000000,10.619995,-150.000000
1.099000,-2.119166,150.000000,10.619995,-150.000000
1.099200,-2.088281,150.000000,10.619995,-150.000000
1.099400,-2.039422,150.000000,10.619995,-150.000000
1.099600,-1.974369,150.000000,10.619995,-150.000000
1.099800,-1.895019,150.000000,10.619995,-150.000000
1.100000,-1.803331,150.000000,10.619995,-150.000000
1.100200,-1.701269,150.000000,10.619995,-150.000000
1.100400,-1.590750,150.000000,10.619995,-150.000000
1.100600,-1.473611,150.000000,10.619995,-150.000000
1.100800,-1.351573,150.000000,10.619995,-150.000000
1.101000,-1.226228,150.000000,10.619995,-150.000000
1.101200,-1.099020,150.000000,10.619995,-150.000000
1.101400,-0.971247,150.000000,10.619995,-150.000000
1.101600,-0.844060,150.000000,10.619995,-150.000000
1.101800,-0.718470,150.000000,10.619995,-150.000000
1.102000,-0.595365,150.000000,10.619995,-150.000000
1.102200,-0.475513,150.000000,10.619995,-150.000000
1.102400,-0.359583,150.000000,10.619995,-150.000000
1.102600,-0.248152,150.000000,10.619995,-150.000000
1.102800,-0.141711,150.000000,10.619995,-150.000000
1.103000,-0.040678,150.000000,10.619995,-150.000000
1.103200,0.054607,150.000000,10.619995,-150.000000
1.103400,0.143878,150.000000,10.619995,-150.000000
1.103600,0.226949,150.000000,10.619995,-150.000000
1.103800,0.303720,150.000000,10.619995,-150.000000
1.104000,0.374180,150.000000,10.619995,-150.000000
1.104200,0.438417,150.000000,10.619995,-150.000000
1.104400,0.496616,150.000000,10.619995,-150.000000
1.104600,0.549067,150.000000,10.619995,-150.000000
1.104800,0.596155,150.000000,10.619995,-150.000000
1.105000,0.638352,150.000000,10.619995,-150.000000
1.105200,0.676207,150.000000,10.619995,-150.000000
1.105400,0.710317,150.000000,10.619995,-150.000000
1.105600,0.741309,150.000000,10.619995,-150.000000
1.105800,0.769803,150.000000,10.619995,-150.000000
1.106000,0.796383,150.000000,10.619995,-150.000000
1.106200,0.821554,150.000000,10.619995,-150.000000
1.106400,0.845713,150.000000,10.619995,-150.000000
1.106600,0.869114,150.000000,10.619995,-150.000000
1.106800,0.891835,150.000000,10.619995,-150.000000
1.107000,0.913762,150.000000,10.619995,-150.000000
1.107200,0.934573,150.000000,10.619995,-150.000000
1.107400,0.953741,150.000000,10.619995,-150.000000
1.107600,0.970536,150.000000,10.619995,-150.000000
1.107800,0.984057,150.000000,10.619995,-150.000000
1.108000,0.993260,150.000000,10.619995,-150.000000
1.108200,0.997010,150.000000,10.619995,-150.000000
1.108400,0.994137,150.000000,10.619995,-150.000000
1.108600,0.983501,150.000000,10.619995,-150.000000
1.108800,0.964065,150.000000,10.619995,-150.000000
1.109000,0.934968,150.000000,10.619995,-150.000000
1.109200,0.895596,150.000000,10.619995,-150.000000
1.109400,0.845646,150.000000,10.619995,-150.000000
1.109600,0.785191,150.000000,10.619995,-150.000000
1.109800,0.714716,150.000000,10.619995,-150.000000
1.110000,0.635153,150.000000,10.619995,-150.000000
1.110200,0.547883,150.000000,10.619995,-150.000000
1.110400,0.454735,150.000000,10.619995,-150.000000
1.110600,0.357944,150.000000,10.619995,-150.000000
1.110800,0.260106,150.000000,10.619995,-150.000000
1.111000,0.164094,150.000000,10.619995,-150.000000
1.111200,0.072975,150.000000,10.619995,-150.000000
1.111400,-0.010104,150.000000,10.619995,-150.000000
1.111600,-0.082031,150.000000,10.619995,-150.000000
1.111800,-0.139859,150.000000,10.619995,-150.000000
1.112000,-0.180926,150.000000,10.619995,-150.000000
1.112200,-0.202981,150.000000,10.619995,-150.000000
1.112400,-0.204296,150.000000,10.619995,-150.000000
1.112600,-0.183760,150.000000,10.619995,-150.000000
1.112800,-0.140958,150.000000,10.619995,-150.000000
1.113000,-0.076221,150.000000,10.619995,-150.000000
1.113200,0.009350,150.000000,10.619995,-150.000000
1.113400,0.113887,150.000000,10.619995,-150.000000
1.113600,0.234795,150.000000,10.619995,-150.000000
1.113800,0.368814,150.000000,10.619995,-150.000000
1.114000,0.512118,150.000000,10.619995,-150.000000
1.114200,0.660428,150.000000,10.619995,-150.000000
1.114400,0.809162,150.000000,10.619995,-150.000000
1.114600,0.953580,150.000000,10.619995,-150.000000
1.114800,1.088956,150.000000,10.619995,-150.000000
1.115000,1.210746,150.000000,10.619995,-150.000000
1.115200,1.314747,150.000000,10.619995,-150.000000
1.115400,1.397254,150.000000,10.619995,-150.000000
1.115600,1.455193,150.000000,10.619995,-150.000000
1.115800,1.486233,150.000000,10.619995,-150.000000
1.116000,1.488875,150.000000,10.619995,-150.000000
1.116200,1.462499,150.000000,10.619995,-150.000000
1.116400,1.407383,150.000000,10.619995,-150.000000
1.116600,1.324693,150.000000,10.619995,-150.000000
1.116800,1.216425,150.000000,10.619995,-150.000000
1.117000,1.085329,150.000000,10.619995,-150.000000
1.117200,0.934792,150.000000,10.619995,-150.000000
1.117400,0.768710,150.000000,10.619995,-150.000000
1.117600,0.591329,150.000000,10.619995,-150.000000
1.117800,0.407081,150.000000,10.619995,-150.000000
1.118000,0.220417,150.000000,10.619995,-150.000000
1.118200,0.035637,150.000000,10.619995,-150.000000
1.118400,-0.143265,150.000000,10.619995,-150.000000
1.118600,-0.312745,150.000000,10.619995,-150.000000
1.118800,-0.469829,150.000000,10.619995,-150.000000
1.119000,-0.612202,150.000000,10.619995,-150.000000
1.119200,-0.738277,150.000000,10.619995,-150.000000
1.119400,-0.847218,150.000000,10.619995,-150.000000
1.119600,-0.938942,150.000000,10.619995,-150.000000
1.119800,-1.014082,150.000000,10.619995,-150.000000
1.120000,-1.073917,150.000000,10.619995,-150.000000
1.120200,-1.120282,150.000000,10.619995,-150.000000
1.120400,-1.155451,150.000000,10.619995,-150.000000
1.120600,-1.182002,150.000000,10.619995,-150.000000
1.120800,-1.202674,150.000000,10.619995,-150.000000
1.121000,-1.220220,150.000000,10.619995,-150.000000
1.121200,-1.237261,150.000000,10.619995,-150.000000
1.121400,-1.256148,150.000000,10.619995,-150.000000
1.121600,-1.278845,150.000000,10.619995,-150.000000
1.121800,-1.306830,150.000000,10.619995,-150.000000
1.122000,-1.341014,150.000000,10.619995,-150.000000
1.122200,-1.381703,150.000000,10.619995,-150.000000
1.122400,-1.428577,150.000000,10.619995,-150.000000
1.122600,-1.480706,150.000000,10.619995,-150.000000
1.122800,-1.536596,150.000000,10.619995,-150.000000
1.123000,-1.594260,150.000000,10.619995,-150.000000
1.123200,-1.651318,150.000000,10.619995,-150.000000
1.123400,-1.705111,150.000000,10.619995,-150.000000
1.123600,-1.752833,150.000000,10.619995,-150.000000
1.123800,-1.791672,150.000000,10.619995,-150.000000
1.124000,-1.818956,150.000000,10.619995,-150.000000
1.124200,-1.832283,150.000000,10.619995,-150.000000
1.124400,-1.829658,150.000000,10.619995,-150.000000
1.124600,-1.809599,150.000000,10.619995,-150.000000
1.124800,-1.771233,150.000000,10.619995,-150.000000
1.125000,-1.714356,150.000000,10.619995,-150.000000
1.125200,-1.639474,150.000000,10.619995,-150.000000
1.125400,-1.547807,150.000000,10.619995,-150.000000
1.125600,-1.441266,150.000000,10.619995,-150.000000
1.125800,-1.322398,150.000000,10.619995,-150.000000
1.126000,-1.194301,150.000000,10.619995,-150.000000
1.126200,-1.060516,150.000000,10.619995,-150.000000
1.126400,-0.924899,150.000000,10.619995,-150.000000
1.126600,-0.791469,150.000000,10.619995,-150.000000
1.126800,-0.664259,150.000000,10.619995,-150.000000
1.127000,-0.547149,150.000000,10.619995,-150.000000
1.127200,-0.443712,150.000000,10.619995,-150.000000
1.127400,-0.357060,150.000000,10.619995,-150.000000
1.127600,-0.289715,150.000000,10.619995,-150.000000
1.127800,-0.243488,150.000000,10.619995,-150.000000
1.128000,-0.219394,150.000000,10.619995,-150.000000
1.128200,-0.217591,150.000000,10.619995,-150.000000
1.128400,-0.237351,150.000000,10.619995,-150.000000
1.128600,-0.277067,150.000000,10.619995,-150.000000
1.128800,-0.334289,150.000000,10.619995,-150.000000
1.129000,-0.405801,150.000000,10.619995,-150.000000
1.129200,-0.487723,150.000000,10.619995,-150.000000
1.129400,-0.575638,150.000000,10.619995,-150.000000
1.129600,-0.664751,150.000000,10.619995,-150.000000
1.129800,-0.750057,150.000000,10.619995,-150.000000
1.130000,-0.826526,150.000000,10.619995,-150.000000
1.130200,-0.889288,150.000000,10.619995,-150.000000
1.130400,-0.933824,150.000000,10.619995,-150.000000
1.130600,-0.956138,150.000000,10.619995,-150.000000
1.130800,-0.952923,150.000000,10.619995,-150.000000
1.131000,-0.921698,150.000000,10.619995,-150.000000
1.131200,-0.860923,150.000000,10.619995,-150.000000
1.131400,-0.770079,150.000000,10.619995,-150.000000
1.131600,-0.649719,150.000000,10.619995,-150.000000
1.131800,-0.501468,150.000000,10.619995,-150.000000
1.132000,-0.328003,150.000000,10.619995,-150.000000
1.132200,-0.132980,150.000000,10.619995,-150.000000
1.132400,0.079066,150.000000,10.619995,-150.000000
1.132600,0.302860,150.000000,10.619995,-150.000000
1.132800,0.532547,150.000000,10.619995,-150.000000
1.133000,0.761884,150.000000,10.619995,-150.000000
1.133200,0.984437,150.000000,10.619995,-150.000000
1.133400,1.193802,150.000000,10.619995,-150.000000
1.133600,1.383814,150.000000,10.619995,-150.000000
1.133800,1.548757,150.000000,10.619995,-150.000000
1.134000,1.683564,150.000000,10.619995,-150.000000
1.134200,1.783988,150.000000,10.619995,-150.000000
1.134400,1.846752,150.000000,10.619995,-150.000000
1.134600,1.869670,150.000000,10.619995,-150.000000
1.134800,1.851720,150.000000,10.619995,-150.000000
1.135000,1.793090,150.000000,10.619995,-150.000000
1.135200,1.695174,150.000000,10.619995,-150.000000
1.135400,1.560530,150.000000,10.619995,-150.000000
1.135600,1.392799,150.000000,10.619995,-150.000000
1.135800,1.196581,150.000000,10.619995,-150.000000
1.136000,0.977285,150.000000,10.619995,-150.000000
1.136200,0.740951,150.000000,10.619995,-150.000000
1.136400,0.494043,150.000000,10.619995,-150.000000
1.136600,0.243238,150.000000,10.619995,-150.000000
1.136800,-0.004794,150.000000,10.619995,-150.000000
1.137000,-0.243610,150.000000,10.619995,-150.000000
1.137200,-0.467199,150.000000,10.619995,-150.000000
1.137400,-0.670175,150.000000,10.619995,-150.000000
1.137600,-0.847939,150.000000,10.619995,-150.000000
1.137800,-0.996811,150.000000,10.619995,-150.000000
1.138000,-1.114135,150.000000,10.619995,-150.000000
1.138200,-1.198334,150.000000,10.619995,-150.000000
1.138400,-1.248929,150.000000,10.619995,-150.000000
1.138600,-1.266523,150.000000,10.619995,-150.000000
1.138800,-1.252733,150.000000,10.619995,-150.000000
1.139000,-1.210102,150.000000,10.619995,-150.000000
1.139200,-1.141962,150.000000,10.619995,-150.000000
1.139400,-1.052287,150.000000,10.619995,-150.000000
1.139600,-0.945511,150.000000,10.619995,-150.000000
1.139800,-0.826348,150.000000,10.619995,-150.000000
1.140000,-0.699592,150.000000,10.619995,-150.000000
1.140200,-0.569937,150.000000,10.619995,-150.000000
1.140400,-0.441792,150.000000,10.619995,-150.000000
1.140600,-0.319122,150.000000,10.619995,-150.000000
1.140800,-0.205315,150.000000,10.619995,-150.000000
1.141000,-0.103067,150.000000,10.619995,-150.000000
1.141200,-0.014316,150.000000,10.619995,-150.000000
1.141400,0.059807,150.000000,10.619995,-150.000000
1.141600,0.118974,150.000000,10.619995,-150.000000
1.141800,0.163633,150.000000,10.619995,-150.000000
1.142000,0.194941,150.000000,10.619995,-150.000000
1.142200,0.214670,150.000000,10.619995,-150.000000
1.142400,0.225090,150.000000,10.619995,-150.000000
1.142600,0.228828,150.000000,10.619995,-150.000000
1.142800,0.228718,150.000000,10.619995,-150.000000
1.143000,0.227648,150.000000,10.619995,-150.000000
1.143200,0.228403,150.000000,10.619995,-150.000000
1.143400,0.233524,150.000000,10.619995,-150.000000
1.143600,0.245173,150.000000,10.619995,-150.000000
1.143800,0.265030,150.000000,10.619995,-150.000000
1.144000,0.294205,150.000000,10.619995,-150.000000
1.144200,0.333190,150.000000,10.619995,-150.000000
1.144400,0.381829,150.000000,10.619995,-150.000000
1.144600,0.439333,150.000000,10.619995,-150.000000
1.144800,0.504316,150.000000,10.619995,-150.000000
1.145000,0.574866,150.000000,10.619995,-150.000000
1.145200,0.648639,150.000000,10.619995,-150.000000
1.145400,0.722968,150.000000,10.619995,-150.000000
1.145600,0.795000,150.000000,10.619995,-150.000000
1.145800,0.861827,150.000000,10.619995,-150.000000
1.146000,0.920627,150.000000,10.619995,-150.000000
1.146200,0.968802,150.000000,10.619995,-150.000000
1.146400,1.004098,150.000000,10.619995,-150.000000
1.146600,1.024715,150.000000,10.619995,-150.000000
1.146800,1.029394,150.000000,10.619995,-150.000000
1.147000,1.017473,150.000000,10.619995,-150.000000
1.147200,0.988922,150.000000,10.619995,-150.000000
1.147400,0.944347,150.000000,10.619995,-150.000000
1.147600,0.884960,150.000000,10.619995,-150.000000
1.147800,0.812525,150.000000,10.619995,-150.000000
1.148000,0.729278,150.000000,10.619995,-150.000000
1.148200,0.637827,150.000000,10.619995,-150.000000
1.148400,0.541028,150.000000,10.619995,-150.000000
1.148600,0.441865,150.000000,10.619995,-150.000000
1.148800,0.343310,150.000000,10.619995,-150.000000
1.149000,0.248192,150.000000,10.619995,-150.000000
1.149200,0.159078,150.000000,10.619995,-150.000000
1.149400,0.078160,150.000000,10.619995,-150.000000
1.149600,0.007165,150.000000,10.619995,-150.000000
1.149800,-0.052711,150.000000,10.619995,-150.000000
1.150000,-0.100845,150.000000,10.619995,-150.000000
1.150200,-0.137196,150.000000,10.619995,-150.000000
1.150400,-0.162294,150.000000,10.619995,-150.000000
1.150600,-0.177190,150.000000,10.619995,-150.000000
1.150800,-0.183393,150.000000,10.619995,-150.000000
1.151000,-0.182770,150.000000,10.619995,-150.000000
1.151200,-0.177447,150.000000,10.619995,-150.000000
1.151400,-0.169680,150.000000,10.619995,-150.000000
1.151600,-0.161735,150.000000,10.619995,-150.000000
1.151800,-0.155757,150.000000,10.619995,-150.000000
1.152000,-0.153656,150.000000,10.619995,-150.000000
1.152200,-0.156998,150.000000,10.619995,-150.000000
1.152400,-0.166919,150.000000,10.619995,-150.000000
1.152600,-0.184059,150.000000,10.619995,-150.000000
1.152800,-0.208528,150.000000,10.619995,-150.000000
1.153000,-0.239891,150.000000,10.619995,-150.000000
1.153200,-0.277194,150.000000,10.619995,-150.000000
1.153400,-0.319008,150.000000,10.619995,-150.000000
1.153600,-0.363509,150.000000,10.619995,-150.000000
1.153800,-0.408572,150.000000,10.619995,-150.000000
1.154000,-0.451890,150.000000,10.619995,-150.000000
1.154200,-0.491106,150.000000,10.619995,-150.000000
1.154400,-0.523943,150.000000,10.619995,-150.000000
1.154600,-0.548346,150.000000,10.619995,-150.000000
1.154800,-0.562606,150.000000,10.619995,-150.000000
1.155000,-0.565473,150.000000,10.619995,-150.000000
1.155200,-0.556253,150.000000,10.619995,-150.000000
1.155400,-0.534873,150.000000,10.619995,-150.000000
1.155600,-0.501918,150.000000,10.619995,-150.000000
1.155800,-0.458640,150.000000,10.619995,-150.000000
1.156000,-0.406925,150.000000,10.619995,-150.000000
1.156200,-0.349233,150.000000,10.619995,-150.000000
1.156400,-0.288504,150.000000,10.619995,-150.000000
1.156600,-0.228036,150.000000,10.619995,-150.000000
1.156800,-0.171339,150.000000,10.619995,-150.000000
1.157000,-0.121974,150.000000,10.619995,-150.000000
1.157200,-0.083384,150.000000,10.619995,-150.000000
1.157400,-0.058717,150.000000,10.619995,-150.000000
1.157600,-0.050662,150.000000,10.619995,-150.000000
1.157800,-0.061296,150.000000,10.619995,-150.000000
1.158000,-0.091955,150.000000,10.619995,-150.000000
1.158200,-0.143136,150.000000,10.619995,-150.000000
1.158400,-0.214425,150.000000,10.619995,-150.000000
1.158600,-0.304477,150.000000,10.619995,-150.000000
1.158800,-0.411029,150.000000,10.619995,-150.000000
1.159000,-0.530956,150.000000,10.619995,-150.000000
1.159200,-0.660372,150.000000,10.619995,-150.000000
1.159400,-0.794763,150.000000,10.619995,-150.000000
1.159600,-0.929165,150.000000,10.619995,-150.000000
1.159800,-1.058352,150.000000,10.619995,-150.000000
1.160000,-1.177058,150.000000,10.619995,-150.000000
1.160200,-1.280198,150.000000,10.619995,-150.000000
1.160400,-1.363098,150.000000,10.619995,-150.000000
1.160600,-1.421709,150.000000,10.619995,-150.000000
1.160800,-1.452804,150.000000,10.619995,-150.000000
1.161000,-1.454146,150.000000,10.619995,-150.000000
1.161200,-1.424618,150.000000,10.619995,-150.000000
1.161400,-1.364315,150.000000,10.619995,-150.000000
1.161600,-1.274579,150.000000,10.619995,-150.000000
1.161800,-1.157988,150.000000,10.619995,-150.000000
1.162000,-1.018296,150.000000,10.619995,-150.000000
1.162200,-0.860312,150.000000,10.619995,-150.000000
1.162400,-0.689743,150.000000,10.619995,-150.000000
1.162600,-0.512986,150.000000,10.619995,-150.000000
1.162800,-0.336891,150.000000,10.619995,-150.000000
1.163000,-0.168502,150.000000,10.619995,-150.000000
1.163200,-0.014773,150.000000,10.619995,-150.000000
1.163400,0.117705,150.000000,10.619995,-150.000000
1.163600,0.222984,150.000000,10.619995,-150.000000
1.163800,0.296004,150.000000,10.619995,-150.000000
1.164000,0.332821,150.000000,10.619995,-150.000000
1.164200,0.330784,150.000000,10.619995,-150.000000
1.164400,0.288671,150.000000,10.619995,-150.000000
1.164600,0.206770,150.000000,10.619995,-150.000000
1.164800,0.086895,150.000000,10.619995,-150.000000
1.165000,-0.067649,150.000000,10.619995,-150.000000
1.165200,-0.252172,150.000000,10.619995,-150.000000
1.165400,-0.460745,150.000000,10.619995,-150.000000
1.165600,-0.686415,150.000000,10.619995,-150.000000
1.165800,-0.921448,150.000000,10.619995,-150.000000
1.166000,-1.157619,150.000000,10.619995,-150.000000
1.166200,-1.386507,150.000000,10.619995,-150.000000
1.166400,-1.599823,150.000000,10.619995,-150.000000
1.166600,-1.789713,150.000000,10.619995,-150.000000
1.166800,-1.949068,150.000000,10.619995,-150.000000
1.167000,-2.071791,150.000000,10.619995,-150.000000
1.167200,-2.153036,150.000000,10.619995,-150.000000
1.167400,-2.189403,150.000000,10.619995,-150.000000
1.167600,-2.179066,150.000000,10.619995,-150.000000
1.167800,-2.121858,150.000000,10.619995,-150.000000
1.168000,-2.019282,150.000000,10.619995,-150.000000
1.168200,-1.874462,150.000000,10.619995,-150.000000
1.168400,-1.692036,150.000000,10.619995,-150.000000
1.168600,-1.477986,150.000000,10.619995,-150.000000
1.168800,-1.239425,150.000000,10.619995,-150.000000
1.169000,-0.984334,150.000000,10.619995,-150.000000
1.169200,-0.721275,150.000000,10.619995,-150.000000
1.169400,-0.459078,150.000000,10.619995,-150.000000
1.169600,-0.206523,150.000000,10.619995,-150.000000
1.169800,0.027978,150.000000,10.619995,-150.000000
1.170000,0.236678,150.000000,10.619995,-150.000000
1.170200,0.412774,150.000000,10.619995,-150.000000
1.170400,0.550638,150.000000,10.619995,-150.000000
1.170600,0.646012,150.000000,10.619995,-150.000000
1.170800,0.696148,150.000000,10.619995,-150.000000
1.171000,0.699891,150.000000,10.619995,-150.000000
1.171200,0.657705,150.000000,10.619995,-150.000000
1.171400,0.571638,150.000000,10.619995,-150.000000
1.171600,0.445233,150.000000,10.619995,-150.000000
1.171800,0.283384,150.000000,10.619995,-150.000000
1.172000,0.092150,150.000000,10.619995,-150.000000
1.172200,-0.121474,150.000000,10.619995,-150.000000
1.172400,-0.349810,150.000000,10.619995,-150.000000
1.172600,-0.584779,150.000000,10.619995,-150.000000
1.172800,-0.818181,150.000000,10.619995,-150.000000
1.173000,-1.041980,150.000000,10.619995,-150.000000
1.173200,-1.248581,150.000000,10.619995,-150.000000
1.173400,-1.431076,150.000000,10.619995,-150.000000
1.173600,-1.583475,150.000000,10.619995,-150.000000
1.173800,-1.700887,150.000000,10.619995,-150.000000
1.174000,-1.779674,150.000000,10.619995,-150.000000
1.174200,-1.817545,150.000000,10.619995,-150.000000
1.174400,-1.813612,150.000000,10.619995,-150.000000
1.174600,-1.768398,150.000000,10.619995,-150.000000
1.174800,-1.683790,150.000000,10.619995,-150.000000
1.175000,-1.562961,150.000000,10.619995,-150.000000
1.175200,-1.410237,150.000000,10.619995,-150.000000
1.175400,-1.230941,150.000000,10.619995,-150.000000
1.175600,-1.031207,150.000000,10.619995,-150.000000
1.175800,-0.817766,150.000000,10.619995,-150.000000
1.176000,-0.597726,150.000000,10.619995,-150.000000
1.176200,-0.378342,150.000000,10.619995,-150.000000
1.176400,-0.166787,150.000000,10.619995,-150.000000
1.176600,0.030065,150.000000,10.619995,-150.000000
1.176800,0.205850,150.000000,10.619995,-150.000000
1.177000,0.354893,150.000000,10.619995,-150.000000
1.177200,0.472368,150.000000,10.619995,-150.000000
1.177400,0.554432,150.000000,10.619995,-150.000000
1.177600,0.598316,150.000000,10.619995,-150.000000
1.177800,0.602392,150.000000,10.619995,-150.000000
1.178000,0.566202,150.000000,10.619995,-150.000000
1.178200,0.490446,150.000000,10.619995,-150.000000
1.178400,0.376949,150.000000,10.619995,-150.000000
1.178600,0.228582,150.000000,10.619995,-150.000000
1.178800,0.049170,150.000000,10.619995,-150.000000
1.179000,-0.156642,150.000000,10.619995,-150.000000
1.179200,-0.383526,150.000000,10.619995,-150.000000
1.179400,-0.625638,150.000000,10.619995,-150.000000
1.179600,-0.876789,150.000000,10.619995,-150.000000
1.179800,-1.130624,150.000000,10.619995,-150.000000
1.180000,-1.380802,150.000000,10.619995,-150.000000
1.180200,-1.621173,150.000000,10.619995,-150.000000
1.180400,-1.845943,150.000000,10.619995,-150.000000
1.180600,-2.049828,150.000000,10.619995,-150.000000
1.180800,-2.228193,150.000000,10.619995,-150.000000
1.181000,-2.377163,150.000000,10.619995,-150.000000
1.181200,-2.493716,150.000000,10.619995,-150.000000
1.181400,-2.575747,150.000000,10.619995,-150.000000
1.181600,-2.622106,150.000000,10.619995,-150.000000
1.181800,-2.632602,150.000000,10.619995,-150.000000
1.182000,-2.607991,150.000000,10.619995,-150.000000
1.182200,-2.549920,150.000000,10.619995,-150.000000
1.182400,-2.460859,150.000000,10.619995,-150.000000
1.182600,-2.344003,150.000000,10.619995,-150.000000
1.182800,-2.203156,150.000000,10.619995,-150.000000
1.183000,-2.042602,150.000000,10.619995,-150.000000
1.183200,-1.866957,150.000000,10.619995,-150.000000
1.183400,-1.681026,150.000000,10.619995,-150.000000
1.183600,-1.489644,150.000000,10.619995,-150.000000
1.183800,-1.297537,150.000000,10.619995,-150.000000
1.184000,-1.109175,150.000000,10.619995,-150.000000
1.184200,-0.928650,150.000000,10.619995,-150.000000
1.184400,-0.759566,150.000000,10.619995,-150.000000
1.184600,-0.604949,150.000000,10.619995,-150.000000
1.184800,-0.467183,150.000000,10.619995,-150.000000
1.185000,-0.347969,150.000000,10.619995,-150.000000
1.185200,-0.248309,150.000000,10.619995,-150.000000
1.185400,-0.168519,150.000000,10.619995,-150.000000
1.185600,-0.108263,150.000000,10.619995,-150.000000
1.185800,-0.066610,150.000000,10.619995,-150.000000
1.186000,-0.042113,150.000000,10.619995,-150.000000
1.186200,-0.032899,150.000000,10.619995,-150.000000
1.186400,-0.036776,150.000000,10.619995,-150.000000
1.186600,-0.051340,150.000000,10.619995,-150.000000
1.186800,-0.074088,150.000000,10.619995,-150.000000
1.187000,-0.102528,150.000000,10.619995,-150.000000
1.187200,-0.134277,150.000000,10.619995,-150.000000
1.187400,-0.167155,150.000000,10.619995,-150.000000
1.187600,-0.199254,150.000000,10.619995,-150.000000
1.187800,-0.228995,150.000000,10.619995,-150.000000
1.188000,-0.255167,150.000000,10.619995,-150.000000
1.188200,-0.276939,150.000000,10.619995,-150.000000
1.188400,-0.293859,150.000000,10.619995,-150.000000
1.188600,-0.305826,150.000000,10.619995,-150.000000
1.188800,-0.313057,150.000000,10.619995,-150.000000
1.189000,-0.316028,150.000000,10.619995,-150.000000
1.189200,-0.315413,150.000000,10.619995,-150.000000
1.189400,-0.312013,150.000000,10.619995,-150.000000
1.189600,-0.306685,150.000000,10.619995,-150.000000
1.189800,-0.300273,150.000000,10.619995,-150.000000
1.190000,-0.293547,150.000000,10.619995,-150.000000
1.190200,-0.287145,150.000000,10.619995,-150.000000
1.190400,-0.281539,150.000000,10.619995,-150.000000
1.190600,-0.277006,150.000000,10.619995,-150.000000
1.190800,-0.273617,150.000000,10.619995,-150.000000
1.191000,-0.271247,150.000000,10.619995,-150.000000
1.191200,-0.269598,150.000000,10.619995,-150.000000
1.191400,-0.268228,150.000000,10.619995,-150.000000
1.191600,-0.266605,150.000000,10.619995,-150.000000
1.191800,-0.264161,150.000000,10.619995,-150.000000
1.192000,-0.260347,150.000000,10.619995,-150.000000
1.192200,-0.254696,150.000000,10.619995,-150.000000
1.192400,-0.246882,150.000000,10.619995,-150.000000
1.192600,-0.236763,150.000000,10.619995,-150.000000
1.192800,-0.224423,150.000000,10.619995,-150.000000
1.193000,-0.210196,150.000000,10.619995,-150.000000
1.193200,-0.194676,150.000000,10.619995,-150.000000
1.193400,-0.178704,150.000000,10.619995,-150.000000
1.193600,-0.163351,150.000000,10.619995,-150.000000
1.193800,-0.149869,150.000000,10.619995,-150.000000
1.194000,-0.139639,150.000000,10.619995,-150.000000
1.194200,-0.134107,150.000000,10.619995,-150.000000
1.194400,-0.134700,150.000000,10.619995,-150.000000
1.194600,-0.142754,150.000000,10.619995,-150.000000
1.194800,-0.159428,150.000000,10.619995,-150.000000
1.195000,-0.185632,150.000000,10.619995,-150.000000
1.195200,-0.221956,150.000000,10.619995,-150.000000
1.195400,-0.268617,150.000000,10.619995,-150.000000
1.195600,-0.325422,150.000000,10.619995,-150.000000
1.195800,-0.391745,150.000000,10.619995,-150.000000
1.196000,-0.466526,150.000000,10.619995,-150.000000
1.196200,-0.548293,150.000000,10.619995,-150.000000
1.196400,-0.635205,150.000000,10.619995,-150.000000
1.196600,-0.725106,150.000000,10.619995,-150.000000
1.196800,-0.815607,150.000000,10.619995,-150.000000
1.197000,-0.904171,150.000000,10.619995,-150.000000
1.197200,-0.988212,150.000000,10.619995,-150.000000
1.197400,-1.065199,150.000000,10.619995,-150.000000
1.197600,-1.132757,150.000000,10.619995,-150.000000
1.197800,-1.188762,150.000000,10.619995,-150.000000
1.198000,-1.231431,150.000000,10.619995,-150.000000
1.198200,-1.259394,150.000000,10.619995,-150.000000
1.198400,-1.271748,150.000000,10.619995,-150.000000
1.198600,-1.268097,150.000000,10.619995,-150.000000
1.198800,-1.248560,150.000000,10.619995,-150.000000
1.199000,-1.213770,150.000000,10.619995,-150.000000
1.199200,-1.164838,150.000000,10.619995,-150.000000
1.199400,-1.103308,150.000000,10.619995,-150.000000
1.199600,-1.031089,150.000000,10.619995,-150.000000
1.199800,-0.950372,150.000000,10.619995,-150.000000
1.200000,-0.863543,150.000000,10.619995,-150.000000
1.200200,-0.773080,150.000000,10.619995,-150.000000
1.200400,-0.681461,150.000000,10.619995,-150.000000
1.200600,-0.591063,150.000000,10.619995,-150.000000
1.200800,-0.504082,150.000000,10.619995,-150.000000
1.201000,-0.422450,150.000000,10.619995,-150.000000
1.201200,-0.347778,150.000000,10.619995,-150.000000
1.201400,-0.281311,150.000000,10.619995,-150.000000
1.201600,-0.223900,150.000000,10.619995,-150.000000
1.201800,-0.175995,150.000000,10.619995,-150.000000
1.202000,-0.137658,150.000000,10.619995,-150.000000
1.202200,-0.108583,150.000000,10.619995,-150.000000
1.202400,-0.088145,150.000000,10.619995,-150.000000
1.202600,-0.075446,150.000000,10.619995,-150.000000
1.202800,-0.069382,150.000000,10.619995,-150.000000
1.203000,-0.068704,150.000000,10.619995,-150.000000
1.203200,-0.072087,150.000000,10.619995,-150.000000
1.203400,-0.078195,150.000000,10.619995,-150.000000
1.203600,-0.085736,150.000000,10.619995,-150.000000
1.203800,-0.093518,150.000000,10.619995,-150.000000
1.204000,-0.100483,150.000000,10.619995,-150.000000
1.204200,-0.105740,150.000000,10.619995,-150.000000
1.204400,-0.108580,150.000000,10.619995,-150.000000
1.204600,-0.108479,150.000000,10.619995,-150.000000
1.204800,-0.105091,150.000000,10.619995,-150.000000
1.205000,-0.098233,150.000000,10.619995,-150.000000
1.205200,-0.087862,150.000000,10.619995,-150.000000
1.205400,-0.074040,150.000000,10.619995,-150.000000
1.205600,-0.056912,150.000000,10.619995,-150.000000
1.205800,-0.036664,150.000000,10.619995,-150.000000
1.206000,-0.013503,150.000000,10.619995,-150.000000
1.206200,0.012373,150.000000,10.619995,-150.000000
1.206400,0.040789,150.000000,10.619995,-150.000000
1.206600,0.071605,150.000000,10.619995,-150.000000
1.206800,0.104717,150.000000,10.619995,-150.000000
1.207000,0.140053,150.000000,10.619995,-150.000000
1.207200,0.177555,150.000000,10.619995,-150.000000
1.207400,0.217162,150.000000,10.619995,-150.000000
1.207600,0.258790,150.000000,10.619995,-150.000000
1.207800,0.302297,150.000000,10.619995,-150.000000
1.208000,0.347467,150.000000,10.619995,-150.000000
1.208200,0.393981,150.000000,10.619995,-150.000000
1.208400,0.441398,150.000000,10.619995,-150.000000
1.208600,0.489151,150.000000,10.619995,-150.000000
1.208800,0.536537,150.000000,10.619995,-150.000000
1.209000,0.582727,150.000000,10.619995,-150.000000
1.209200,0.626785,150.000000,10.619995,-150.000000
1.209400,0.667694,150.000000,10.619995,-150.000000
1.209600,0.704392,150.000000,10.619995,-150.000000
1.209800,0.735816,150.000000,10.619995,-150.000000
1.210000,0.760957,150.000000,10.619995,-150.000000
1.210200,0.778905,150.000000,10.619995,-150.000000
1.210400,0.788909,150.000000,10.619995,-150.000000
1.210600,0.790426,150.000000,10.619995,-150.000000
1.210800,0.783164,150.000000,10.619995,-150.000000
1.211000,0.767121,150.000000,10.619995,-150.000000
1.211200,0.742608,150.000000,10.619995,-150.000000
1.211400,0.710262,150.000000,10.619995,-150.000000
1.211600,0.671046,150.000000,10.619995,-150.000000
1.211800,0.626224,150.000000,10.619995,-150.000000
1.212000,0.577337,150.000000,10.619995,-150.000000
1.212200,0.526146,150.000000,10.619995,-150.000000
1.212400,0.474578,150.000000,10.619995,-150.000000
1.212600,0.424651,150.000000,10.619995,-150.000000
1.212800,0.378397,150.000000,10.619995,-150.000000
1.213000,0.337774,150.000000,10.619995,-150.000000
1.213200,0.304585,150.000000,10.619995,-150.000000
1.213400,0.280394,150.000000,10.619995,-150.000000
1.213600,0.266452,150.000000,10.619995,-150.000000
1.213800,0.263629,150.000000,10.619995,-150.000000
1.214000,0.272362,150.000000,10.619995,-150.000000
1.214200,0.292622,150.000000,10.619995,-150.000000
1.214400,0.323889,150.000000,10.619995,-150.000000
1.214600,0.365156,150.000000,10.619995,-150.000000
1.214800,0.414948,150.000000,10.619995,-150.000000
1.215000,0.471356,150.000000,10.619995,-150.000000
1.215200,0.532097,150.000000,10.619995,-150.000000
1.215400,0.594584,150.000000,10.619995,-150.000000
1.215600,0.656010,150.000000,10.619995,-150.000000
1.215800,0.713441,150.000000,10.619995,-150.000000
1.216000,0.763919,150.000000,10.619995,-150.000000
1.216200,0.804568,150.000000,10.619995,-150.000000
1.216400,0.832691,150.000000,10.619995,-150.000000
1.216600,0.845875,150.000000,10.619995,-150.000000
1.216800,0.842074,150.000000,10.619995,-150.000000
1.217000,0.819696,150.000000,10.619995,-150.000000
1.217200,0.777658,150.000000,10.619995,-150.000000
1.217400,0.715443,150.000000,10.619995,-150.000000
1.217600,0.633121,150.000000,10.619995,-150.000000
1.217800,0.531369,150.000000,10.619995,-150.000000
1.218000,0.411458,150.000000,10.619995,-150.000000
1.218200,0.275224,150.000000,10.619995,-150.000000
1.218400,0.125032,150.000000,10.619995,-150.000000
1.218600,-0.036296,150.000000,10.619995,-150.000000
1.218800,-0.205544,150.000000,10.619995,-150.000000
1.219000,-0.379200,150.000000,10.619995,-150.000000
1.219200,-0.553542,150.000000,10.619995,-150.000000
1.219400,-0.724749,150.000000,10.619995,-150.000000
1.219600,-0.889000,150.000000,10.619995,-150.000000
1.219800,-1.042582,150.000000,10.619995,-150.000000
1.220000,-1.181991,150.000000,10.619995,-150.000000
1.220200,-1.304031,150.000000,10.619995,-150.000000
1.220400,-1.405903,150.000000,10.619995,-150.000000
1.220600,-1.485280,150.000000,10.619995,-150.000000
1.220800,-1.540372,150.000000,10.619995,-150.000000
1.221000,-1.569980,150.000000,10.619995,-150.000000
1.221200,-1.573526,150.000000,10.619995,-150.000000
1.221400,-1.551072,150.000000,10.619995,-150.000000
1.221600,-1.503321,150.000000,10.619995,-150.000000
1.221800,-1.431598,150.000000,10.619995,-150.000000
1.222000,-1.337813,150.000000,10.619995,-150.000000
1.222200,-1.224415,150.000000,10.619995,-150.000000
1.222400,-1.094319,150.000000,10.619995,-150.000000
1.222600,-0.950831,150.000000,10.619995,-150.000000
1.222800,-0.797552,150.000000,10.619995,-150.000000
1.223000,-0.638282,150.000000,10.619995,-150.000000
1.223200,-0.476909,150.000000,10.619995,-150.000000
1.223400,-0.317299,150.000000,10.619995,-150.000000
1.223600,-0.163189,150.000000,10.619995,-150.000000
1.223800,-0.018075,150.000000,10.619995,-150.000000
1.224000,0.114884,150.000000,10.619995,-150.000000
1.224200,0.232961,150.000000,10.619995,-150.000000
1.224400,0.333938,150.000000,10.619995,-150.000000
1.224600,0.416168,150.000000,10.619995,-150.000000
1.224800,0.478620,150.000000,10.619995,-150.000000
1.225000,0.520906,150.000000,10.619995,-150.000000
1.225200,0.543284,150.000000,10.619995,-150.000000
1.225400,0.546641,150.000000,10.619995,-150.000000
1.225600,0.532459,150.000000,10.619995,-150.000000
1.225800,0.502754,150.000000,10.619995,-150.000000
1.226000,0.460000,150.000000,10.619995,-150.000000
1.226200,0.407038,150.000000,10.619995,-150.000000
1.226400,0.346974,150.000000,10.619995,-150.000000
1.226600,0.283059,150.000000,10.619995,-150.000000
1.226800,0.218575,150.000000,10.619995,-150.000000
1.227000,0.156713,150.000000,10.619995,-150.000000
1.227200,0.100457,150.000000,10.619995,-150.000000
1.227400,0.052475,150.000000,10.619995,-150.000000
1.227600,0.015021,150.000000,10.619995,-150.000000
1.227800,-0.010142,150.000000,10.619995,-150.000000
1.228000,-0.021808,150.000000,10.619995,-150.000000
1.228200,-0.019368,150.000000,10.619995,-150.000000
1.228400,-0.002827,150.000000,10.619995,-150.000000
1.228600,0.027197,150.000000,10.619995,-150.000000
1.228800,0.069507,150.000000,10.619995,-150.000000
1.229000,0.122373,150.000000,10.619995,-150.000000
1.229200,0.183599,150.000000,10.619995,-150.000000
1.229400,0.250616,150.000000,10.619995,-150.000000
1.229600,0.320574,150.000000,10.619995,-150.000000
1.229800,0.390458,150.000000,10.619995,-150.000000
1.230000,0.457195,150.000000,10.619995,-150.000000
1.230200,0.517768,150.000000,10.619995,-150.000000
1.230400,0.569331,150.000000,10.619995,-150.000000
1.230600,0.609300,150.000000,10.619995,-150.000000
1.230800,0.635449,150.000000,10.619995,-150.000000
1.231000,0.645977,150.000000,10.619995,-150.000000
1.231200,0.639565,150.000000,10.619995,-150.000000
1.231400,0.615409,150.000000,10.619995,-150.000000
1.231600,0.573238,150.000000,10.619995,-150.000000
1.231800,0.513305,150.000000,10.619995,-150.000000
1.232000,0.436363,150.000000,10.619995,-150.000000
1.232200,0.343627,150.000000,10.619995,-150.000000
1.232400,0.236714,150.000000,10.619995,-150.000000
1.232600,0.117581,150.000000,10.619995,-150.000000
1.232800,-0.011558,150.000000,10.619995,-150.000000
1.233000,-0.148302,150.000000,10.619995,-150.000000
1.233200,-0.290154,150.000000,10.619995,-150.000000
1.233400,-0.434588,150.000000,10.619995,-150.000000
1.233600,-0.579132,150.000000,10.619995,-150.000000
1.233800,-0.721423,150.000000,10.619995,-150.000000
1.234000,-0.859269,150.000000,10.619995,-150.000000
1.234200,-0.990686,150.000000,10.619995,-150.000000
1.234400,-1.113929,150.000000,10.619995,-150.000000
1.234600,-1.227517,150.000000,10.619995,-150.000000
1.234800,-1.330231,150.000000,10.619995,-150.000000
1.235000,-1.421118,150.000000,10.619995,-150.000000
1.235200,-1.499477,150.000000,10.619995,-150.000000
1.235400,-1.564841,150.000000,10.619995,-150.000000
1.235600,-1.616958,150.000000,10.619995,-150.000000
1.235800,-1.655762,150.000000,10.619995,-150.000000
1.236000,-1.681352,150.000000,10.619995,-150.000000
1.236200,-1.693968,150.000000,10.619995,-150.000000
1.236400,-1.693970,150.000000,10.619995,-150.000000
1.236600,-1.681824,150.000000,10.619995,-150.000000
1.236800,-1.658086,150.000000,10.619995,-150.000000
1.237000,-1.623398,150.000000,10.619995,-150.000000
1.237200,-1.578483,150.000000,10.619995,-150.000000
1.237400,-1.524143,150.000000,10.619995,-150.000000
1.237600,-1.461261,150.000000,10.619995,-150.000000
1.237800,-1.390799,150.000000,10.619995,-150.000000
1.238000,-1.313801,150.000000,10.619995,-150.000000
1.238200,-1.231387,150.000000,10.619995,-150.000000
1.238400,-1.144749,150.000000,10.619995,-150.000000
1.238600,-1.055134,150.000000,10.619995,-150.000000
1.238800,-0.963832,150.000000,10.619995,-150.000000
1.239000,-0.872147,150.000000,10.619995,-150.000000
1.239200,-0.781374,150.000000,10.619995,-150.000000
1.239400,-0.692760,150.000000,10.619995,-150.000000
1.239600,-0.607473,150.000000,10.619995,-150.000000
1.239800,-0.526560,150.000000,10.619995,-150.000000
1.240000,-0.450912,150.000000,10.619995,-150.000000
1.240200,-0.381231,150.000000,10.619995,-150.000000
1.240400,-0.317997,150.000000,10.619995,-150.000000
1.240600,-0.261452,150.000000,10.619995,-150.000000
1.240800,-0.211583,150.000000,10.619995,-150.000000
1.241000,-0.168121,150.000000,10.619995,-150.000000
1.241200,-0.130557,150.000000,10.619995,-150.000000
1.241400,-0.098154,150.000000,10.619995,-150.000000
1.241600,-0.069993,150.000000,10.619995,-150.000000
1.241800,-0.045009,150.000000,10.619995,-150.000000
1.242000,-0.022052,150.000000,10.619995,-150.000000
1.242200,0.000053,150.000000,10.619995,-150.000000
1.242400,0.022443,150.000000,10.619995,-150.000000
1.242600,0.046145,150.000000,10.619995,-150.000000
1.242800,0.072018,150.000000,10.619995,-150.000000
1.243000,0.100689,150.000000,10.619995,-150.000000
1.243200,0.132505,150.000000,10.619995,-150.000000
1.243400,0.167503,150.000000,10.619995,-150.000000
1.243600,0.205380,150.000000,10.619995,-150.000000
1.243800,0.245494,150.000000,10.619995,-150.000000
1.244000,0.286878,150.000000,10.619995,-150.000000
1.244200,0.328267,150.000000,10.619995,-150.000000
1.244400,0.368154,150.000000,10.619995,-150.000000
1.244600,0.404853,150.000000,10.619995,-150.000000
1.244800,0.436576,150.000000,10.619995,-150.000000
1.245000,0.461523,150.000000,10.619995,-150.000000
1.245200,0.477978,150.000000,10.619995,-150.000000
1.245400,0.484406,150.000000,10.619995,-150.000000
1.245600,0.479547,150.000000,10.619995,-150.000000
1.245800,0.462502,150.000000,10.619995,-150.000000
1.246000,0.432808,150.000000,10.619995,-150.000000
1.246200,0.390499,150.000000,10.619995,-150.000000
1.246400,0.336142,150.000000,10.619995,-150.000000
1.246600,0.270856,150.000000,10.619995,-150.000000
1.246800,0.196309,150.000000,10.619995,-150.000000
1.247000,0.114681,150.000000,10.619995,-150.000000
1.247200,0.028617,150.000000,10.619995,-150.000000
1.247400,-0.058856,150.000000,10.619995,-150.000000
1.247600,-0.144420,150.000000,10.619995,-150.000000
1.247800,-0.224584,150.000000,10.619995,-150.000000
1.248000,-0.295803,150.000000,10.619995,-150.000000
1.248200,-0.354614,150.000000,10.619995,-150.000000
1.248400,-0.397767,150.000000,10.619995,-150.000000
1.248600,-0.422358,150.000000,10.619995,-150.000000
1.248800,-0.425949,150.000000,10.619995,-150.000000
1.249000,-0.406675,150.000000,10.619995,-150.000000
1.249200,-0.363336,150.000000,10.619995,-150.000000
1.249400,-0.295464,150.000000,10.619995,-150.000000
1.249600,-0.203365,150.000000,10.619995,-150.000000
1.249800,-0.088140,150.000000,10.619995,-150.000000
1.250000,0.048333,150.000000,10.619995,-150.000000
1.250200,0.203430,150.000000,10.619995,-150.000000
1.250400,0.373850,150.000000,10.619995,-150.000000
1.250600,0.555698,150.000000,10.619995,-150.000000
1.250800,0.744599,150.000000,10.619995,-150.000000
1.251000,0.935818,150.000000,10.619995,-150.000000
1.251200,1.124402,150.000000,10.619995,-150.000000
1.251400,1.305323,150.000000,10.619995,-150.000000
1.251600,1.473627,150.000000,10.619995,-150.000000
1.251800,1.624582,150.000000,10.619995,-150.000000
1.252000,1.753816,150.000000,10.619995,-150.000000
1.252200,1.857447,150.000000,10.619995,-150.000000
1.252400,1.932200,150.000000,10.619995,-150.000000
1.252600,1.975500,150.000000,10.619995,-150.000000
1.252800,1.985549,150.000000,10.619995,-150.000000
1.253000,1.961383,150.000000,10.619995,-150.000000
1.253200,1.902899,150.000000,10.619995,-150.000000
1.253400,1.810865,150.000000,10.619995,-150.000000
1.253600,1.686902,150.000000,10.619995,-150.000000
1.253800,1.533449,150.000000,10.619995,-150.000000
1.254000,1.353701,150.000000,10.619995,-150.000000
1.254200,1.151535,150.000000,10.619995,-150.000000
1.254400,0.931415,150.000000,10.619995,-150.000000
1.254600,0.698284,150.000000,10.619995,-150.000000
1.254800,0.457449,150.000000,10.619995,-150.000000
1.255000,0.214454,150.000000,10.619995,-150.000000
1.255200,-0.025053,150.000000,10.619995,-150.000000
1.255400,-0.255446,150.000000,10.619995,-150.000000
1.255600,-0.471260,150.000000,10.619995,-150.000000
1.255800,-0.667312,150.000000,10.619995,-150.000000
1.256000,-0.838830,150.000000,10.619995,-150.000000
1.256200,-0.981559,150.000000,10.619995,-150.000000
1.256400,-1.091869,150.000000,10.619995,-150.000000
1.256600,-1.166839,150.000000,10.619995,-150.000000
1.256800,-1.204338,150.000000,10.619995,-150.000000
1.257000,-1.203075,150.000000,10.619995,-150.000000
1.257200,-1.162644,150.000000,10.619995,-150.000000
1.257400,-1.083544,150.000000,10.619995,-150.000000
1.257600,-0.967177,150.000000,10.619995,-150.000000
1.257800,-0.815829,150.000000,10.619995,-150.000000
1.258000,-0.632628,150.000000,10.619995,-150.000000
1.258200,-0.421482,150.000000,10.619995,-150.000000
1.258400,-0.186999,150.000000,10.619995,-150.000000
1.258600,0.065615,150.000000,10.619995,-150.000000
1.258800,0.330676,150.000000,10.619995,-150.000000
1.259000,0.602149,150.000000,10.619995,-150.000000
1.259200,0.873794,150.000000,10.619995,-150.000000
1.259400,1.139320,150.000000,10.619995,-150.000000
1.259600,1.392542,150.000000,10.619995,-150.000000
1.259800,1.627535,150.000000,10.619995,-150.000000
1.260000,1.838791,150.000000,10.619995,-150.000000
1.260200,2.021368,150.000000,10.619995,-150.000000
1.260400,2.171015,150.000000,10.619995,-150.000000
1.260600,2.284299,150.000000,10.619995,-150.000000
1.260800,2.358689,150.000000,10.619995,-150.000000
1.261000,2.392639,150.000000,10.619995,-150.000000
1.261200,2.385622,150.000000,10.619995,-150.000000
1.261400,2.338154,150.000000,10.619995,-150.000000
1.261600,2.251771,150.000000,10.619995,-150.000000
1.261800,2.128988,150.000000,10.619995,-150.000000
1.262000,1.973226,150.000000,10.619995,-150.000000
1.262200,1.788702,150.000000,10.619995,-150.000000
1.262400,1.580308,150.000000,10.619995,-150.000000
1.262600,1.353462,150.000000,10.619995,-150.000000
1.262800,1.113939,150.000000,10.619995,-150.000000
1.263000,0.867702,150.000000,10.619995,-150.000000
1.263200,0.620718,150.000000,10.619995,-150.000000
1.263400,0.378780,150.000000,10.619995,-150.000000
1.263600,0.147335,150.000000,10.619995,-150.000000
1.263800,-0.068674,150.000000,10.619995,-150.000000
1.264000,-0.264949,150.000000,10.619995,-150.000000
1.264200,-0.437953,150.000000,10.619995,-150.000000
1.264400,-0.584998,150.000000,10.619995,-150.000000
1.264600,-0.704301,150.000000,10.619995,-150.000000
1.264800,-0.795015,150.000000,10.619995,-150.000000
1.265000,-0.857214,150.000000,10.619995,-150.000000
1.265200,-0.891859,150.000000,10.619995,-150.000000
1.265400,-0.900721,150.000000,10.619995,-150.000000
1.265600,-0.886287,150.000000,10.619995,-150.000000
1.265800,-0.851634,150.000000,10.619995,-150.000000
1.266000,-0.800290,150.000000,10.619995,-150.000000
1.266200,-0.736080,150.000000,10.619995,-150.000000
1.266400,-0.662964,150.000000,10.619995,-150.000000
1.266600,-0.584880,150.000000,10.619995,-150.000000
1.266800,-0.505586,150.000000,10.619995,-150.000000
1.267000,-0.428522,150.000000,10.619995,-150.000000
1.267200,-0.356682,150.000000,10.619995,-150.000000
1.267400,-0.292519,150.000000,10.619995,-150.000000
1.267600,-0.237863,150.000000,10.619995,-150.000000
1.267800,-0.193883,150.000000,10.619995,-150.000000
1.268000,-0.161065,150.000000,10.619995,-150.000000
1.268200,-0.139236,150.000000,10.619995,-150.000000
1.268400,-0.127601,150.000000,10.619995,-150.000000
1.268600,-0.124823,150.000000,10.619995,-150.000000
1.268800,-0.129114,150.000000,10.619995,-150.000000
1.269000,-0.138352,150.000000,10.619995,-150.000000
1.269200,-0.150210,150.000000,10.619995,-150.000000
1.269400,-0.162291,150.000000,10.619995,-150.000000
1.269600,-0.172266,150.000000,10.619995,-150.000000
1.269800,-0.178009,150.000000,10.619995,-150.000000
1.270000,-0.177713,150.000000,10.619995,-150.000000
1.270200,-0.170000,150.000000,10.619995,-150.000000
1.270400,-0.154001,150.000000,10.619995,-150.000000
1.270600,-0.129414,150.000000,10.619995,-150.000000
1.270800,-0.096535,150.000000,10.619995,-150.000000
1.271000,-0.056254,150.000000,10.619995,-150.000000
1.271200,-0.010024,150.000000,10.619995,-150.000000
1.271400,0.040199,150.000000,10.619995,-150.000000
1.271600,0.092043,150.000000,10.619995,-150.000000
1.271800,0.142835,150.000000,10.619995,-150.000000
1.272000,0.189727,150.000000,10.619995,-150.000000
1.272200,0.229840,150.000000,10.619995,-150.000000
1.272400,0.260418,150.000000,10.619995,-150.000000
1.272600,0.278970,150.000000,10.619995,-150.000000
1.272800,0.283422,150.000000,10.619995,-150.000000
1.273000,0.272240,150.000000,10.619995,-150.000000
1.273200,0.244540,150.000000,10.619995,-150.000000
1.273400,0.200179,150.000000,10.619995,-150.000000
1.273600,0.139800,150.000000,10.619995,-150.000000
1.273800,0.064859,150.000000,10.619995,-150.000000
1.274000,-0.022391,150.000000,10.619995,-150.000000
1.274200,-0.118954,150.000000,10.619995,-150.000000
1.274400,-0.221173,150.000000,10.619995,-150.000000
1.274600,-0.324855,150.000000,10.619995,-150.000000
1.274800,-0.425414,150.000000,10.619995,-150.000000
1.275000,-0.518048,150.000000,10.619995,-150.000000
1.275200,-0.597928,150.000000,10.619995,-150.000000
1.275400,-0.660394,150.000000,10.619995,-150.000000
1.275600,-0.701163,150.000000,10.619995,-150.000000
1.275800,-0.716524,150.000000,10.619995,-150.000000
1.276000,-0.703513,150.000000,10.619995,-150.000000
1.276200,-0.660083,150.000000,10.619995,-150.000000
1.276400,-0.585221,150.000000,10.619995,-150.000000
1.276600,-0.479051,150.000000,10.619995,-150.000000
1.276800,-0.342880,150.000000,10.619995,-150.000000
1.277000,-0.179206,150.000000,10.619995,-150.000000
1.277200,0.008321,150.000000,10.619995,-150.000000
1.277400,0.214985,150.000000,10.619995,-150.000000
1.277600,0.435137,150.000000,10.619995,-150.000000
1.277800,0.662362,150.000000,10.619995,-150.000000
1.278000,0.889694,150.000000,10.619995,-150.000000
1.278200,1.109842,150.000000,10.619995,-150.000000
1.278400,1.315452,150.000000,10.619995,-150.000000
1.278600,1.499372,150.000000,10.619995,-150.000000
1.278800,1.654912,150.000000,10.619995,-150.000000
1.279000,1.776107,150.000000,10.619995,-150.000000
1.279200,1.857951,150.000000,10.619995,-150.000000
1.279400,1.896598,150.000000,10.619995,-150.000000
1.279600,1.889534,150.000000,10.619995,-150.000000
1.279800,1.835696,150.000000,10.619995,-150.000000
1.280000,1.735543,150.000000,10.619995,-150.000000
1.280200,1.591068,150.000000,10.619995,-150.000000
1.280400,1.405756,150.000000,10.619995,-150.000000
1.280600,1.184486,150.000000,10.619995,-150.000000
1.280800,0.933379,150.000000,10.619995,-150.000000
1.281000,0.659597,150.000000,10.619995,-150.000000
1.281200,0.371099,150.000000,10.619995,-150.000000
1.281400,0.076375,150.000000,10.619995,-150.000000
1.281600,-0.215862,150.000000,10.619995,-150.000000
1.281800,-0.496971,150.000000,10.619995,-150.000000
1.282000,-0.758696,150.000000,10.619995,-150.000000
1.282200,-0.993458,150.000000,10.619995,-150.000000
1.282400,-1.194620,150.000000,10.619995,-150.000000
1.282600,-1.356729,150.000000,10.619995,-150.000000
1.282800,-1.475696,150.000000,10.619995,-150.000000
1.283000,-1.548943,150.000000,10.619995,-150.000000
1.283200,-1.575478,150.000000,10.619995,-150.000000
1.283400,-1.555919,150.000000,10.619995,-150.000000
1.283600,-1.492455,150.000000,10.619995,-150.000000
1.283800,-1.388744,150.000000,10.619995,-150.000000
1.284000,-1.249757,150.000000,10.619995,-150.000000
1.284200,-1.081579,150.000000,10.619995,-150.000000
1.284400,-0.891163,150.000000,10.619995,-150.000000
1.284600,-0.686053,150.000000,10.619995,-150.000000
1.284800,-0.474091,150.000000,10.619995,-150.000000
1.285000,-0.263120,150.000000,10.619995,-150.000000
1.285200,-0.060682,150.000000,10.619995,-150.000000
1.285400,0.126259,150.000000,10.619995,-150.000000
1.285600,0.291571,150.000000,10.619995,-150.000000
1.285800,0.430166,150.000000,10.619995,-150.000000
1.286000,0.538169,150.000000,10.619995,-150.000000
1.286200,0.613037,150.000000,10.619995,-150.000000
1.286400,0.653617,150.000000,10.619995,-150.000000
1.286600,0.660148,150.000000,10.619995,-150.000000
1.286800,0.634212,150.000000,10.619995,-150.000000
1.287000,0.578624,150.000000,10.619995,-150.000000
1.287200,0.497277,150.000000,10.619995,-150.000000
1.287400,0.394948,150.000000,10.619995,-150.000000
1.287600,0.277074,150.000000,10.619995,-150.000000
1.287800,0.149502,150.000000,10.619995,-150.000000
1.288000,0.018233,150.000000,10.619995,-150.000000
1.288200,-0.110834,150.000000,10.619995,-150.000000
1.288400,-0.232148,150.000000,10.619995,-150.000000
1.288600,-0.340726,150.000000,10.619995,-150.000000
1.288800,-0.432345,150.000000,10.619995,-150.000000
1.289000,-0.503694,150.000000,10.619995,-150.000000
1.289200,-0.552485,150.000000,10.619995,-150.000000
1.289400,-0.577512,150.000000,10.619995,-150.000000
1.289600,-0.578665,150.000000,10.619995,-150.000000
1.289800,-0.556893,150.000000,10.619995,-150.000000
1.290000,-0.514124,150.000000,10.619995,-150.000000
1.290200,-0.453145,150.000000,10.619995,-150.000000
1.290400,-0.377448,150.000000,10.619995,-150.000000
1.290600,-0.291048,150.000000,10.619995,-150.000000
1.290800,-0.198291,150.000000,10.619995,-150.000000
1.291000,-0.103644,150.000000,10.619995,-150.000000
1.291200,-0.011493,150.000000,10.619995,-150.000000
1.291400,0.074046,150.000000,10.619995,-150.000000
1.291600,0.149304,150.000000,10.619995,-150.000000
1.291800,0.211205,150.000000,10.619995,-150.000000
1.292000,0.257381,150.000000,10.619995,-150.000000
1.292200,0.286257,150.000000,10.619995,-150.000000
1.292400,0.297088,150.000000,10.619995,-150.000000
1.292600,0.289966,150.000000,10.619995,-150.000000
1.292800,0.265783,150.000000,10.619995,-150.000000
1.293000,0.226167,150.000000,10.619995,-150.000000
1.293200,0.173382,150.000000,10.619995,-150.000000
1.293400,0.110207,150.000000,10.619995,-150.000000
1.293600,0.039791,150.000000,10.619995,-150.000000
1.293800,-0.034493,150.000000,10.619995,-150.000000
1.294000,-0.109205,150.000000,10.619995,-150.000000
1.294200,-0.180991,150.000000,10.619995,-150.000000
1.294400,-0.246725,150.000000,10.619995,-150.000000
1.294600,-0.303632,150.000000,10.619995,-150.000000
1.294800,-0.349393,150.000000,10.619995,-150.000000
1.295000,-0.382228,150.000000,10.619995,-150.000000
1.295200,-0.400943,150.000000,10.619995,-150.000000
1.295400,-0.404961,150.000000,10.619995,-150.000000
1.295600,-0.394313,150.000000,10.619995,-150.000000
1.295800,-0.369609,150.000000,10.619995,-150.000000
1.296000,-0.331986,150.000000,10.619995,-150.000000
1.296200,-0.283034,150.000000,10.619995,-150.000000
1.296400,-0.224703,150.000000,10.619995,-150.000000
1.296600,-0.159205,150.000000,10.619995,-150.000000
1.296800,-0.088910,150.000000,10.619995,-150.000000
1.297000,-0.016236,150.000000,10.619995,-150.000000
1.297200,0.056454,150.000000,10.619995,-150.000000
1.297400,0.126942,150.000000,10.619995,-150.000000
1.297600,0.193238,150.000000,10.619995,-150.000000
1.297800,0.253647,150.000000,10.619995,-150.000000
1.298000,0.306816,150.000000,10.619995,-150.000000
1.298200,0.351766,150.000000,10.619995,-150.000000
1.298400,0.387903,150.000000,10.619995,-150.000000
1.298600,0.415012,150.000000,10.619995,-150.000000
1.298800,0.433231,150.000000,10.619995,-150.000000
1.299000,0.443021,150.000000,10.619995,-150.000000
1.299200,0.445114,150.000000,10.619995,-150.000000
1.299400,0.440455,150.000000,10.619995,-150.000000
1.299600,0.430141,150.000000,10.619995,-150.000000
1.299800,0.415360,150.000000,10.619995,-150.000000
1.300000,0.397321,150.000000,10.619995,-150.000000
1.300200,0.377203,150.000000,10.619995,-150.000000
1.300400,0.356094,150.000000,10.619995,-150.000000
1.300600,0.334952,150.000000,10.619995,-150.000000
1.300800,0.314564,150.000000,10.619995,-150.000000
1.301000,0.295528,150.000000,10.619995,-150.000000
1.301200,0.278231,150.000000,10.619995,-150.000000
1.301400,0.262852,150.000000,10.619995,-150.000000
1.301600,0.249366,150.000000,10.619995,-150.000000
1.301800,0.237559,150.000000,10.619995,-150.000000
1.302000,0.227052,150.000000,10.619995,-150.000000
1.302200,0.217332,150.000000,10.619995,-150.000000
1.302400,0.207786,150.000000,10.619995,-150.000000
1.302600,0.197736,150.000000,10.619995,-150.000000
1.302800,0.186485,150.000000,10.619995,-150.000000
1.303000,0.173345,150.000000,10.619995,-150.000000
1.303200,0.157686,150.000000,10.619995,-150.000000
1.303400,0.138961,150.000000,10.619995,-150.000000
1.303600,0.116743,150.000000,10.619995,-150.000000
1.303800,0.090747,150.000000,10.619995,-150.000000
1.304000,0.060853,150.000000,10.619995,-150.000000
1.304200,0.027120,150.000000,10.619995,-150.000000
1.304400,-0.010206,150.000000,10.619995,-150.000000
1.304600,-0.050692,150.000000,10.619995,-150.000000
1.304800,-0.093716,150.000000,10.619995,-150.000000
1.305000,-0.138487,150.000000,10.619995,-150.000000
1.305200,-0.184056,150.000000,10.619995,-150.000000
1.305400,-0.229340,150.000000,10.619995,-150.000000
1.305600,-0.273154,150.000000,10.619995,-150.000000
1.305800,-0.314243,150.000000,10.619995,-150.000000
1.306000,-0.351321,150.000000,10.619995,-150.000000
1.306200,-0.383112,150.000000,10.619995,-150.000000
1.306400,-0.408398,150.000000,10.619995,-150.000000
1.306600,-0.426060,150.000000,10.619995,-150.000000
1.306800,-0.435132,150.000000,10.619995,-150.000000
1.307000,-0.434839,150.000000,10.619995,-150.000000
1.307200,-0.424646,150.000000,10.619995,-150.000000
1.307400,-0.404289,150.000000,10.619995,-150.000000
1.307600,-0.373812,150.000000,10.619995,-150.000000
1.307800,-0.333589,150.000000,10.619995,-150.000000
1.308000,-0.284338,150.000000,10.619995,-150.000000
1.308200,-0.227124,150.000000,10.619995,-150.000000
1.308400,-0.163349,150.000000,10.619995,-150.000000
1.308600,-0.094737,150.000000,10.619995,-150.000000
1.308800,-0.023290,150.000000,10.619995,-150.000000
1.309000,0.048751,150.000000,10.619995,-150.000000
1.309200,0.118970,150.000000,10.619995,-150.000000
1.309400,0.184843,150.000000,10.619995,-150.000000
1.309600,0.243821,150.000000,10.619995,-150.000000
1.309800,0.293411,150.000000,10.619995,-150.000000
1.310000,0.331271,150.000000,10.619995,-150.000000
1.310200,0.355295,150.000000,10.619995,-150.000000
1.310400,0.363706,150.000000,10.619995,-150.000000
1.310600,0.355134,150.000000,10.619995,-150.000000
1.310800,0.328687,150.000000,10.619995,-150.000000
1.311000,0.284014,150.000000,10.619995,-150.000000
1.311200,0.221342,150.000000,10.619995,-150.000000
1.311400,0.141505,150.000000,10.619995,-150.000000
1.311600,0.045941,150.000000,10.619995,-150.000000
1.311800,-0.063321,150.000000,10.619995,-150.000000
1.312000,-0.183705,150.000000,10.619995,-150.000000
1.312200,-0.312148,150.000000,10.619995,-150.000000
1.312400,-0.445186,150.000000,10.619995,-150.000000
1.312600,-0.579051,150.000000,10.619995,-150.000000
1.312800,-0.709788,150.000000,10.619995,-150.000000
1.313000,-0.833377,150.000000,10.619995,-150.000000
1.313200,-0.945874,150.000000,10.619995,-150.000000
1.313400,-1.043536,150.000000,10.619995,-150.000000
1.313600,-1.122957,150.000000,10.619995,-150.000000
1.313800,-1.181191,150.000000,10.619995,-150.000000
1.314000,-1.215862,150.000000,10.619995,-150.000000
1.314200,-1.225257,150.000000,10.619995,-150.000000
1.314400,-1.208396,150.000000,10.619995,-150.000000
1.314600,-1.165083,150.000000,10.619995,-150.000000
1.314800,-1.095926,150.000000,10.619995,-150.000000
1.315000,-1.002332,150.000000,10.619995,-150.000000
1.315200,-0.886473,150.000000,10.619995,-150.000000
1.315400,-0.751228,150.000000,10.619995,-150.000000
1.315600,-0.600095,150.000000,10.619995,-150.000000
1.315800,-0.437091,150.000000,10.619995,-150.000000
1.316000,-0.266620,150.000000,10.619995,-150.000000
1.316200,-0.093342,150.000000,10.619995,-150.000000
1.316400,0.077981,150.000000,10.619995,-150.000000
1.316600,0.242631,150.000000,10.619995,-150.000000
1.316800,0.396083,150.000000,10.619995,-150.000000
1.317000,0.534152,150.000000,10.619995,-150.000000
1.317200,0.653121,150.000000,10.619995,-150.000000
1.317400,0.749856,150.000000,10.619995,-150.000000
1.317600,0.821905,150.000000,10.619995,-150.000000
1.317800,0.867565,150.000000,10.619995,-150.000000
1.318000,0.885935,150.000000,10.619995,-150.000000
1.318200,0.876933,150.000000,10.619995,-150.000000
1.318400,0.841294,150.000000,10.619995,-150.000000
1.318600,0.780539,150.000000,10.619995,-150.000000
1.318800,0.696915,150.000000,10.619995,-150.000000
1.319000,0.593322,150.000000,10.619995,-150.000000
1.319200,0.473212,150.000000,10.619995,-150.000000
1.319400,0.340480,150.000000,10.619995,-150.000000
1.319600,0.199332,150.000000,10.619995,-150.000000
1.319800,0.054159,150.000000,10.619995,-150.000000
1.320000,-0.090605,150.000000,10.619995,-150.000000
1.320200,-0.230613,150.000000,10.619995,-150.000000
1.320400,-0.361740,150.000000,10.619995,-150.000000
1.320600,-0.480201,150.000000,10.619995,-150.000000
1.320800,-0.582658,150.000000,10.619995,-150.000000
1.321000,-0.666315,150.000000,10.619995,-150.000000
1.321200,-0.728993,150.000000,10.619995,-150.000000
1.321400,-0.769178,150.000000,10.619995,-150.000000
1.321600,-0.786058,150.000000,10.619995,-150.000000
1.321800,-0.779531,150.000000,10.619995,-150.000000
1.322000,-0.750192,150.000000,10.619995,-150.000000
1.322200,-0.699298,150.000000,10.619995,-150.000000
1.322400,-0.628716,150.000000,10.619995,-150.000000
1.322600,-0.540846,150.000000,10.619995,-150.000000
1.322800,-0.438535,150.000000,10.619995,-150.000000
1.323000,-0.324970,150.000000,10.619995,-150.000000
1.323200,-0.203571,150.000000,10.619995,-150.000000
1.323400,-0.077866,150.000000,10.619995,-150.000000
1.323600,0.048630,150.000000,10.619995,-150.000000
1.323800,0.172533,150.000000,10.619995,-150.000000
1.324000,0.290710,150.000000,10.619995,-150.000000
1.324200,0.400386,150.000000,10.619995,-150.000000
1.324400,0.499237,150.000000,10.619995,-150.000000
1.324600,0.585471,150.000000,10.619995,-150.000000
1.324800,0.657886,150.000000,10.619995,-150.000000
1.325000,0.715915,150.000000,10.619995,-150.000000
1.325200,0.759635,150.000000,10.619995,-150.000000
1.325400,0.789766,150.000000,10.619995,-150.000000
1.325600,0.807635,150.000000,10.619995,-150.000000
1.325800,0.815125,150.000000,10.619995,-150.000000
1.326000,0.814594,150.000000,10.619995,-150.000000
1.326200,0.808778,150.000000,10.619995,-150.000000
1.326400,0.800678,150.000000,10.619995,-150.000000
1.326600,0.793434,150.000000,10.619995,-150.000000
1.326800,0.790185,150.000000,10.619995,-150.000000
1.327000,0.793929,150.000000,10.619995,-150.000000
1.327200,0.807390,150.000000,10.619995,-150.000000
1.327400,0.832878,150.000000,10.619995,-150.000000
1.327600,0.872179,150.000000,10.619995,-150.000000
1.327800,0.926446,150.000000,10.619995,-150.000000
1.328000,0.996119,150.000000,10.619995,-150.000000
1.328200,1.080878,150.000000,10.619995,-150.000000
1.328400,1.179611,150.000000,10.619995,-150.000000
1.328600,1.290422,150.000000,10.619995,-150.000000
1.328800,1.410672,150.000000,10.619995,-150.000000
1.329000,1.537045,150.000000,10.619995,-150.000000
1.329200,1.665649,150.000000,10.619995,-150.000000
1.329400,1.792143,150.000000,10.619995,-150.000000
1.329600,1.911883,150.000000,10.619995,-150.000000
1.329800,2.020090,150.000000,10.619995,-150.000000
1.330000,2.112030,150.000000,10.619995,-150.000000
1.330200,2.183191,150.000000,10.619995,-150.000000
1.330400,2.229466,150.000000,10.619995,-150.000000
1.330600,2.247322,150.000000,10.619995,-150.000000
1.330800,2.233952,150.000000,10.619995,-150.000000
1.331000,2.187405,150.000000,10.619995,-150.000000
1.331200,2.106686,150.000000,10.619995,-150.000000
1.331400,1.991822,150.000000,10.619995,-150.000000
1.331600,1.843890,150.000000,10.619995,-150.000000
1.331800,1.665011,150.000000,10.619995,-150.000000
1.332000,1.458294,150.000000,10.619995,-150.000000
1.332200,1.227756,150.000000,10.619995,-150.000000
1.332400,0.978195,150.000000,10.619995,-150.000000
1.332600,0.715036,150.000000,10.619995,-150.000000
1.332800,0.444156,150.000000,10.619995,-150.000000
1.333000,0.171684,150.000000,10.619995,-150.000000
1.333200,-0.096204,150.000000,10.619995,-150.000000
1.333400,-0.353497,150.000000,10.619995,-150.000000
1.333600,-0.594551,150.000000,10.619995,-150.000000
1.333800,-0.814282,150.000000,10.619995,-150.000000
1.334000,-1.008330,150.000000,10.619995,-150.000000
1.334200,-1.173206,150.000000,10.619995,-150.000000
1.334400,-1.306392,150.000000,10.619995,-150.000000
1.334600,-1.406419,150.000000,10.619995,-150.000000
1.334800,-1.472890,150.000000,10.619995,-150.000000
1.335000,-1.506469,150.000000,10.619995,-150.000000
1.335200,-1.508836,150.000000,10.619995,-150.000000
1.335400,-1.482592,150.000000,10.619995,-150.000000
1.335600,-1.431139,150.000000,10.619995,-150.000000
1.335800,-1.358535,150.000000,10.619995,-150.000000
1.336000,-1.269315,150.000000,10.619995,-150.000000
1.336200,-1.168314,150.000000,10.619995,-150.000000
1.336400,-1.060475,150.000000,10.619995,-150.000000
1.336600,-0.950655,150.000000,10.619995,-150.000000
1.336800,-0.843453,150.000000,10.619995,-150.000000
1.337000,-0.743044,150.000000,10.619995,-150.000000
1.337200,-0.653038,150.000000,10.619995,-150.000000
1.337400,-0.576368,150.000000,10.619995,-150.000000
1.337600,-0.515214,150.000000,10.619995,-150.000000
1.337800,-0.470949,150.000000,10.619995,-150.000000
1.338000,-0.444132,150.000000,10.619995,-150.000000
1.338200,-0.434527,150.000000,10.619995,-150.000000
1.338400,-0.441155,150.000000,10.619995,-150.000000
1.338600,-0.462375,150.000000,10.619995,-150.000000
1.338800,-0.495987,150.000000,10.619995,-150.000000
1.339000,-0.539352,150.000000,10.619995,-150.000000
1.339200,-0.589526,150.000000,10.619995,-150.000000
1.339400,-0.643395,150.000000,10.619995,-150.000000
1.339600,-0.697813,150.000000,10.619995,-150.000000
1.339800,-0.749730,150.000000,10.619995,-150.000000
1.340000,-0.796309,150.000000,10.619995,-150.000000
1.340200,-0.835025,150.000000,10.619995,-150.000000
1.340400,-0.863748,150.000000,10.619995,-150.000000
1.340600,-0.880793,150.000000,10.619995,-150.000000
1.340800,-0.884962,150.000000,10.619995,-150.000000
1.341000,-0.875545,150.000000,10.619995,-150.000000
1.341200,-0.852311,150.000000,10.619995,-150.000000
1.341400,-0.815476,150.000000,10.619995,-150.000000
1.341600,-0.765651,150.000000,10.619995,-150.000000
1.341800,-0.703778,150.000000,10.619995,-150.000000
1.342000,-0.631063,150.000000,10.619995,-150.000000
1.342200,-0.548893,150.000000,10.619995,-150.000000
1.342400,-0.458764,150.000000,10.619995,-150.000000
1.342600,-0.362210,150.000000,10.619995,-150.000000
1.342800,-0.260735,150.000000,10.619995,-150.000000
1.343000,-0.155764,150.000000,10.619995,-150.000000
1.343200,-0.048601,150.000000,10.619995,-150.000000
1.343400,0.059597,150.000000,10.619995,-150.000000
1.343600,0.167830,150.000000,10.619995,-150.000000
1.343800,0.275251,150.000000,10.619995,-150.000000
1.344000,0.381152,150.000000,10.619995,-150.000000
1.344200,0.484932,150.000000,10.619995,-150.000000
1.344400,0.586068,150.000000,10.619995,-150.000000
1.344600,0.684069,150.000000,10.619995,-150.000000
1.344800,0.778437,150.000000,10.619995,-150.000000
1.345000,0.868627,150.000000,10.619995,-150.000000
1.345200,0.954008,150.000000,10.619995,-150.000000
1.345400,1.033842,150.000000,10.619995,-150.000000
1.345600,1.107257,150.000000,10.619995,-150.000000
1.345800,1.173250,150.000000,10.619995,-150.000000
1.346000,1.230689,150.000000,10.619995,-150.000000
1.346200,1.278333,150.000000,10.619995,-150.000000
1.346400,1.314866,150.000000,10.619995,-150.000000
1.346600,1.338941,150.000000,10.619995,-150.000000
1.346800,1.349232,150.000000,10.619995,-150.000000
1.347000,1.344492,150.000000,10.619995,-150.000000
1.347200,1.323618,150.000000,10.619995,-150.000000
1.347400,1.285714,150.000000,10.619995,-150.000000
1.347600,1.230154,150.000000,10.619995,-150.000000
1.347800,1.156633,150.000000,10.619995,-150.000000
1.348000,1.065215,150.000000,10.619995,-150.000000
1.348200,0.956369,150.000000,10.619995,-150.000000
1.348400,0.830987,150.000000,10.619995,-150.000000
1.348600,0.690390,150.000000,10.619995,-150.000000
1.348800,0.536318,150.000000,10.619995,-150.000000
1.349000,0.370906,150.000000,10.619995,-150.000000
1.349200,0.196638,150.000000,10.619995,-150.000000
1.349400,0.016293,150.000000,10.619995,-150.000000
1.349600,-0.167120,150.000000,10.619995,-150.000000
1.349800,-0.350442,150.000000,10.619995,-150.000000
1.350000,-0.530446,150.000000,10.619995,-150.000000
1.350200,-0.703925,150.000000,10.619995,-150.000000
1.350400,-0.867781,150.000000,10.619995,-150.000000
1.350600,-1.019106,150.000000,10.619995,-150.000000
1.350800,-1.155263,150.000000,10.619995,-150.000000
1.351000,-1.273959,150.000000,10.619995,-150.000000
1.351200,-1.373298,150.000000,10.619995,-150.000000
1.351400,-1.451833,150.000000,10.619995,-150.000000
1.351600,-1.508596,150.000000,10.619995,-150.000000
1.351800,-1.543117,150.000000,10.619995,-150.000000
1.352000,-1.555426,150.000000,10.619995,-150.000000
1.352200,-1.546044,150.000000,10.619995,-150.000000
1.352400,-1.515953,150.000000,10.619995,-150.000000
1.352600,-1.466565,150.000000,10.619995,-150.000000
1.352800,-1.399672,150.000000,10.619995,-150.000000
1.353000,-1.317390,150.000000,10.619995,-150.000000
1.353200,-1.222099,150.000000,10.619995,-150.000000
1.353400,-1.116375,150.000000,10.619995,-150.000000
1.353600,-1.002925,150.000000,10.619995,-150.000000
1.353800,-0.884520,150.000000,10.619995,-150.000000
1.354000,-0.763928,150.000000,10.619995,-150.000000
1.354200,-0.643855,150.000000,10.619995,-150.000000
1.354400,-0.526888,150.000000,10.619995,-150.000000
1.354600,-0.415447,150.000000,10.619995,-150.000000
1.354800,-0.311741,150.000000,10.619995,-150.000000
1.355000,-0.217732,150.000000,10.619995,-150.000000
1.355200,-0.135111,150.000000,10.619995,-150.000000
1.355400,-0.065269,150.000000,10.619995,-150.000000
1.355600,-0.009295,150.000000,10.619995,-150.000000
1.355800,0.032042,150.000000,10.619995,-150.000000
1.356000,0.058286,150.000000,10.619995,-150.000000
1.356200,0.069294,150.000000,10.619995,-150.000000
1.356400,0.065220,150.000000,10.619995,-150.000000
1.356600,0.046508,150.000000,10.619995,-150.000000
1.356800,0.013866,150.000000,10.619995,-150.000000
1.357000,-0.031749,150.000000,10.619995,-150.000000
1.357200,-0.089167,150.000000,10.619995,-150.000000
1.357400,-0.157025,150.000000,10.619995,-150.000000
1.357600,-0.233803,150.000000,10.619995,-150.000000
1.357800,-0.317862,150.000000,10.619995,-150.000000
1.358000,-0.407476,150.000000,10.619995,-150.000000
1.358200,-0.500874,150.000000,10.619995,-150.000000
1.358400,-0.596281,150.000000,10.619995,-150.000000
1.358600,-0.691958,150.000000,10.619995,-150.000000
1.358800,-0.786248,150.000000,10.619995,-150.000000
1.359000,-0.877613,150.000000,10.619995,-150.000000
1.359200,-0.964672,150.000000,10.619995,-150.000000
1.359400,-1.046244,150.000000,10.619995,-150.000000
1.359600,-1.121373,150.000000,10.619995,-150.000000
1.359800,-1.189357,150.000000,10.619995,-150.000000
1.360000,-1.249768,150.000000,10.619995,-150.000000
1.360200,-1.302463,150.000000,10.619995,-150.000000
1.360400,-1.347584,150.000000,10.619995,-150.000000
1.360600,-1.385554,150.000000,10.619995,-150.000000
1.360800,-1.417054,150.000000,10.619995,-150.000000
1.361000,-1.443000,150.000000,10.619995,-150.000000
1.361200,-1.464501,150.000000,10.619995,-150.000000
1.361400,-1.482813,150.000000,10.619995,-150.000000
1.361600,-1.499282,150.000000,10.619995,-150.000000
1.361800,-1.515281,150.000000,10.619995,-150.000000
1.362000,-1.532145,150.000000,10.619995,-150.000000
1.362200,-1.551103,150.000000,10.619995,-150.000000
1.362400,-1.573208,150.000000,10.619995,-150.000000
1.362600,-1.599278,150.000000,10.619995,-150.000000
1.362800,-1.629832,150.000000,10.619995,-150.000000
1.363000,-1.665051,150.000000,10.619995,-150.000000
1.363200,-1.704736,150.000000,10.619995,-150.000000
1.363400,-1.748292,150.000000,10.619995,-150.000000
1.363600,-1.794722,150.000000,10.619995,-150.000000
1.363800,-1.842640,150.000000,10.619995,-150.000000
1.364000,-1.890306,150.000000,10.619995,-150.000000
1.364200,-1.935672,150.000000,10.619995,-150.000000
1.364400,-1.976449,150.000000,10.619995,-150.000000
1.364600,-2.010193,150.000000,10.619995,-150.000000
1.364800,-2.034393,150.000000,10.619995,-150.000000
1.365000,-2.046580,150.000000,10.619995,-150.000000
1.365200,-2.044433,150.000000,10.619995,-150.000000
1.365400,-2.025891,150.000000,10.619995,-150.000000
1.365600,-1.989257,150.000000,10.619995,-150.000000
1.365800,-1.933301,150.000000,10.619995,-150.000000
1.366000,-1.857344,150.000000,10.619995,-150.000000
1.366200,-1.761324,150.000000,10.619995,-150.000000
1.366400,-1.645849,150.000000,10.619995,-150.000000
1.366600,-1.512218,150.000000,10.619995,-150.000000
1.366800,-1.362421,150.000000,10.619995,-150.000000
1.367000,-1.199107,150.000000,10.619995,-150.000000
1.367200,-1.025531,150.000000,10.619995,-150.000000
1.367400,-0.845467,150.000000,10.619995,-150.000000
1.367600,-0.663101,150.000000,10.619995,-150.000000
1.367800,-0.482905,150.000000,10.619995,-150.000000
1.368000,-0.309485,150.000000,10.619995,-150.000000
1.368200,-0.147428,150.000000,10.619995,-150.000000
1.368400,-0.001137,150.000000,10.619995,-150.000000
1.368600,0.125335,150.000000,10.619995,-150.000000
1.368800,0.228438,150.000000,10.619995,-150.000000
1.369000,0.305275,150.000000,10.619995,-150.000000
1.369200,0.353722,150.000000,10.619995,-150.000000
1.369400,0.372530,150.000000,10.619995,-150.000000
1.369600,0.361395,150.000000,10.619995,-150.000000
1.369800,0.320997,150.000000,10.619995,-150.000000
1.370000,0.253005,150.000000,10.619995,-150.000000
1.370200,0.160036,150.000000,10.619995,-150.000000
1.370400,0.045592,150.000000,10.619995,-150.000000
1.370600,-0.086047,150.000000,10.619995,-150.000000
1.370800,-0.229957,150.000000,10.619995,-150.000000
1.371000,-0.380733,150.000000,10.619995,-150.000000
1.371200,-0.532669,150.000000,10.619995,-150.000000
1.371400,-0.679952,150.000000,10.619995,-150.000000
1.371600,-0.816870,150.000000,10.619995,-150.000000
1.371800,-0.938008,150.000000,10.619995,-150.000000
1.372000,-1.038442,150.000000,10.619995,-150.000000
1.372200,-1.113914,150.000000,10.619995,-150.000000
1.372400,-1.160987,150.000000,10.619995,-150.000000
1.372600,-1.177167,150.000000,10.619995,-150.000000
1.372800,-1.160992,150.000000,10.619995,-150.000000
1.373000,-1.112080,150.000000,10.619995,-150.000000
1.373200,-1.031147,150.000000,10.619995,-150.000000
1.373400,-0.919968,150.000000,10.619995,-150.000000
1.373600,-0.781317,150.000000,10.619995,-150.000000
1.373800,-0.618852,150.000000,10.619995,-150.000000
1.374000,-0.436983,150.000000,10.619995,-150.000000
1.374200,-0.240703,150.000000,10.619995,-150.000000
1.374400,-0.035403,150.000000,10.619995,-150.000000
1.374600,0.173328,150.000000,10.619995,-150.000000
1.374800,0.379908,150.000000,10.619995,-150.000000
1.375000,0.578959,150.000000,10.619995,-150.000000
1.375200,0.765505,150.000000,10.619995,-150.000000
1.375400,0.935134,150.000000,10.619995,-150.000000
1.375600,1.084149,150.000000,10.619995,-150.000000
1.375800,1.209683,150.000000,10.619995,-150.000000
1.376000,1.309776,150.000000,10.619995,-150.000000
1.376200,1.383421,150.000000,10.619995,-150.000000
1.376400,1.430558,150.000000,10.619995,-150.000000
1.376600,1.452046,150.000000,10.619995,-150.000000
1.376800,1.449586,150.000000,10.619995,-150.000000
1.377000,1.425614,150.000000,10.619995,-150.000000
1.377200,1.383164,150.000000,10.619995,-150.000000
1.377400,1.325720,150.000000,10.619995,-150.000000
1.377600,1.257036,150.000000,10.619995,-150.000000
1.377800,1.180961,150.000000,10.619995,-150.000000
1.378000,1.101262,150.000000,10.619995,-150.000000
1.378200,1.021452,150.000000,10.619995,-150.000000
1.378400,0.944639,150.000000,10.619995,-150.000000
1.378600,0.873394,150.000000,10.619995,-150.000000
1.378800,0.809646,150.000000,10.619995,-150.000000
1.379000,0.754612,150.000000,10.619995,-150.000000
1.379200,0.708760,150.000000,10.619995,-150.000000
1.379400,0.671812,150.000000,10.619995,-150.000000
1.379600,0.642778,150.000000,10.619995,-150.000000
1.379800,0.620025,150.000000,10.619995,-150.000000
1.380000,0.601387,150.000000,10.619995,-150.000000
1.380200,0.584281,150.000000,10.619995,-150.000000
1.380400,0.565867,150.000000,10.619995,-150.000000
1.380600,0.543202,150.000000,10.619995,-150.000000
1.380800,0.513412,150.000000,10.619995,-150.000000
1.381000,0.473857,150.000000,10.619995,-150.000000
1.381200,0.422291,150.000000,10.619995,-150.000000
1.381400,0.357002,150.000000,10.619995,-150.000000
1.381600,0.276932,150.000000,10.619995,-150.000000
1.381800,0.181768,150.000000,10.619995,-150.000000
1.382000,0.072002,150.000000,10.619995,-150.000000
1.382200,-0.051049,150.000000,10.619995,-150.000000
1.382400,-0.185254,150.000000,10.619995,-150.000000
1.382600,-0.327720,150.000000,10.619995,-150.000000
1.382800,-0.474877,150.000000,10.619995,-150.000000
1.383000,-0.622597,150.000000,10.619995,-150.000000
1.383200,-0.766342,150.000000,10.619995,-150.000000
1.383400,-0.901325,150.000000,10.619995,-150.000000
1.383600,-1.022699,150.000000,10.619995,-150.000000
1.383800,-1.125745,150.000000,10.619995,-150.000000
1.384000,-1.206064,150.000000,10.619995,-150.000000
1.384200,-1.259759,150.000000,10.619995,-150.000000
1.384400,-1.283604,150.000000,10.619995,-150.000000
1.384600,-1.275191,150.000000,10.619995,-150.000000
1.384800,-1.233049,150.000000,10.619995,-150.000000
1.385000,-1.156727,150.000000,10.619995,-150.000000
1.385200,-1.046842,150.000000,10.619995,-150.000000
1.385400,-0.905093,150.000000,10.619995,-150.000000
1.385600,-0.734224,150.000000,10.619995,-150.000000
1.385800,-0.537957,150.000000,10.619995,-150.000000
1.386000,-0.320883,150.000000,10.619995,-150.000000
1.386200,-0.088323,150.000000,10.619995,-150.000000
1.386400,0.153838,150.000000,10.619995,-150.000000
1.386600,0.399349,150.000000,10.619995,-150.000000
1.386800,0.641790,150.000000,10.619995,-150.000000
1.387000,0.874792,150.000000,10.619995,-150.000000
1.387200,1.092242,150.000000,10.619995,-150.000000
1.387400,1.288495,150.000000,10.619995,-150.000000
1.387600,1.458555,150.000000,10.619995,-150.000000
1.387800,1.598243,150.000000,10.619995,-150.000000
1.388000,1.704331,150.000000,10.619995,-150.000000
1.388200,1.774643,150.000000,10.619995,-150.000000
1.388400,1.808122,150.000000,10.619995,-150.000000
1.388600,1.804845,150.000000,10.619995,-150.000000
1.388800,1.766015,150.000000,10.619995,-150.000000
1.389000,1.693892,150.000000,10.619995,-150.000000
1.389200,1.591707,150.000000,10.619995,-150.000000
1.389400,1.463524,150.000000,10.619995,-150.000000
1.389600,1.314086,150.000000,10.619995,-150.000000
1.389800,1.148629,150.000000,10.619995,-150.000000
1.390000,0.972688,150.000000,10.619995,-150.000000
1.390200,0.791887,150.000000,10.619995,-150.000000
1.390400,0.611736,150.000000,10.619995,-150.000000
1.390600,0.437429,150.000000,10.619995,-150.000000
1.390800,0.273662,150.000000,10.619995,-150.000000
1.391000,0.124470,150.000000,10.619995,-150.000000
1.391200,-0.006906,150.000000,10.619995,-150.000000
1.391400,-0.118120,150.000000,10.619995,-150.000000
1.391600,-0.207784,150.000000,10.619995,-150.000000
1.391800,-0.275497,150.000000,10.619995,-150.000000
1.392000,-0.321825,150.000000,10.619995,-150.000000
1.392200,-0.348251,150.000000,10.619995,-150.000000
1.392400,-0.357087,150.000000,10.619995,-150.000000
1.392600,-0.351349,150.000000,10.619995,-150.000000
1.392800,-0.334610,150.000000,10.619995,-150.000000
1.393000,-0.310831,150.000000,10.619995,-150.000000
1.393200,-0.284172,150.000000,10.619995,-150.000000
1.393400,-0.258808,150.000000,10.619995,-150.000000
1.393600,-0.238736,150.000000,10.619995,-150.000000
1.393800,-0.227592,150.000000,10.619995,-150.000000
1.394000,-0.228494,150.000000,10.619995,-150.000000
1.394200,-0.243892,150.000000,10.619995,-150.000000
1.394400,-0.275463,150.000000,10.619995,-150.000000
1.394600,-0.324028,150.000000,10.619995,-150.000000
1.394800,-0.389508,150.000000,10.619995,-150.000000
1.395000,-0.470920,150.000000,10.619995,-150.000000
1.395200,-0.566414,150.000000,10.619995,-150.000000
1.395400,-0.673334,150.000000,10.619995,-150.000000
1.395600,-0.788330,150.000000,10.619995,-150.000000
1.395800,-0.907488,150.000000,10.619995,-150.000000
1.396000,-1.026484,150.000000,10.619995,-150.000000
1.396200,-1.140764,150.000000,10.619995,-150.000000
1.396400,-1.245726,150.000000,10.619995,-150.000000
1.396600,-1.336910,150.000000,10.619995,-150.000000
1.396800,-1.410177,150.000000,10.619995,-150.000000
1.397000,-1.461886,150.000000,10.619995,-150.000000
1.397200,-1.489045,150.000000,10.619995,-150.000000
1.397400,-1.489435,150.000000,10.619995,-150.000000
1.397600,-1.461710,150.000000,10.619995,-150.000000
1.397800,-1.405460,150.000000,10.619995,-150.000000
1.398000,-1.321242,150.000000,10.619995,-150.000000
1.398200,-1.210563,150.000000,10.619995,-150.000000
1.398400,-1.075841,150.000000,10.619995,-150.000000
1.398600,-0.920325,150.000000,10.619995,-150.000000
1.398800,-0.747980,150.000000,10.619995,-150.000000
1.399000,-0.563356,150.000000,10.619995,-150.000000
1.399200,-0.371427,150.000000,10.619995,-150.000000
1.399400,-0.177422,150.000000,10.619995,-150.000000
1.399600,0.013350,150.000000,10.619995,-150.000000
1.399800,0.195683,150.000000,10.619995,-150.000000
1.400000,0.364642,150.000000,10.619995,-150.000000
1.400200,0.515720,150.000000,10.619995,-150.000000
1.400400,0.644981,150.000000,10.619995,-150.000000
1.400600,0.749171,150.000000,10.619995,-150.000000
1.400800,0.825806,150.000000,10.619995,-150.000000
1.401000,0.873233,150.000000,10.619995,-150.000000
1.401200,0.890654,150.000000,10.619995,-150.000000
1.401400,0.878121,150.000000,10.619995,-150.000000
1.401600,0.836501,150.000000,10.619995,-150.000000
1.401800,0.767418,150.000000,10.619995,-150.000000
1.402000,0.673163,150.000000,10.619995,-150.000000
1.402200,0.556593,150.000000,10.619995,-150.000000
1.402400,0.421012,150.000000,10.619995,-150.000000
1.402600,0.270043,150.000000,10.619995,-150.000000
1.402800,0.107499,150.000000,10.619995,-150.000000
1.403000,-0.062748,150.000000,10.619995,-150.000000
1.403200,-0.236886,150.000000,10.619995,-150.000000
1.403400,-0.411272,150.000000,10.619995,-150.000000
1.403600,-0.582528,150.000000,10.619995,-150.000000
1.403800,-0.747619,150.000000,10.619995,-150.000000
1.404000,-0.903910,150.000000,10.619995,-150.000000
1.404200,-1.049200,150.000000,10.619995,-150.000000
1.404400,-1.181744,150.000000,10.619995,-150.000000
1.404600,-1.300248,150.000000,10.619995,-150.000000
1.404800,-1.403851,150.000000,10.619995,-150.000000
1.405000,-1.492095,150.000000,10.619995,-150.000000
1.405200,-1.564876,150.000000,10.619995,-150.000000
1.405400,-1.622396,150.000000,10.619995,-150.000000
1.405600,-1.665107,150.000000,10.619995,-150.000000
1.405800,-1.693652,150.000000,10.619995,-150.000000
1.406000,-1.708812,150.000000,10.619995,-150.000000
1.406200,-1.711456,150.000000,10.619995,-150.000000
1.406400,-1.702501,150.000000,10.619995,-150.000000
1.406600,-1.682874,150.000000,10.619995,-150.000000
1.406800,-1.653492,150.000000,10.619995,-150.000000
1.407000,-1.615245,150.000000,10.619995,-150.000000
1.407200,-1.568992,150.000000,10.619995,-150.000000
1.407400,-1.515561,150.000000,10.619995,-150.000000
1.407600,-1.455762,150.000000,10.619995,-150.000000
1.407800,-1.390395,150.000000,10.619995,-150.000000
1.408000,-1.320271,150.000000,10.619995,-150.000000
1.408200,-1.246222,150.000000,10.619995,-150.000000
1.408400,-1.169120,150.000000,10.619995,-150.000000
1.408600,-1.089881,150.000000,10.619995,-150.000000
1.408800,-1.009476,150.000000,10.619995,-150.000000
1.409000,-0.928921,150.000000,10.619995,-150.000000
1.409200,-0.849277,150.000000,10.619995,-150.000000
1.409400,-0.771627,150.000000,10.619995,-150.000000
1.409600,-0.697057,150.000000,10.619995,-150.000000
1.409800,-0.626629,150.000000,10.619995,-150.000000
1.410000,-0.561350,150.000000,10.619995,-150.000000
1.410200,-0.502142,150.000000,10.619995,-150.000000
1.410400,-0.449803,150.000000,10.619995,-150.000000
1.410600,-0.404986,150.000000,10.619995,-150.000000
1.410800,-0.368166,150.000000,10.619995,-150.000000
1.411000,-0.339623,150.000000,10.619995,-150.000000
1.411200,-0.319432,150.000000,10.619995,-150.000000
1.411400,-0.307455,150.000000,10.619995,-150.000000
1.411600,-0.303350,150.000000,10.619995,-150.000000
1.411800,-0.306583,150.000000,10.619995,-150.000000
1.412000,-0.316451,150.000000,10.619995,-150.000000
1.412200,-0.332110,150.000000,10.619995,-150.000000
1.412400,-0.352615,150.000000,10.619995,-150.000000
1.412600,-0.376953,150.000000,10.619995,-150.000000
1.412800,-0.404086,150.000000,10.619995,-150.000000
1.413000,-0.432990,150.000000,10.619995,-150.000000
1.413200,-0.462689,150.000000,10.619995,-150.000000
1.413400,-0.492290,150.000000,10.619995,-150.000000
1.413600,-0.521003,150.000000,10.619995,-150.000000
1.413800,-0.548156,150.000000,10.619995,-150.000000
1.414000,-0.573204,150.000000,10.619995,-150.000000
1.414200,-0.595725,150.000000,10.619995,-150.000000
1.414400,-0.615406,150.000000,10.619995,-150.000000
1.414600,-0.632027,150.000000,10.619995,-150.000000
1.414800,-0.645433,150.000000,10.619995,-150.000000
1.415000,-0.655502,150.000000,10.619995,-150.000000
1.415200,-0.662118,150.000000,10.619995,-150.000000
1.415400,-0.665136,150.000000,10.619995,-150.000000
1.415600,-0.664357,150.000000,10.619995,-150.000000
1.415800,-0.659506,150.000000,10.619995,-150.000000
1.416000,-0.650218,150.000000,10.619995,-150.000000
1.416200,-0.636037,150.000000,10.619995,-150.000000
1.416400,-0.616421,150.000000,10.619995,-150.000000
1.416600,-0.590766,150.000000,10.619995,-150.000000
1.416800,-0.558432,150.000000,10.619995,-150.000000
1.417000,-0.518788,150.000000,10.619995,-150.000000
1.417200,-0.471260,150.000000,10.619995,-150.000000
1.417400,-0.415386,150.000000,10.619995,-150.000000
1.417600,-0.350875,150.000000,10.619995,-150.000000
1.417800,-0.277664,150.000000,10.619995,-150.000000
1.418000,-0.195972,150.000000,10.619995,-150.000000
1.418200,-0.106344,150.000000,10.619995,-150.000000
1.418400,-0.009688,150.000000,10.619995,-150.000000
1.418600,0.092711,150.000000,10.619995,-150.000000
1.418800,0.199184,150.000000,10.619995,-150.000000
1.419000,0.307698,150.000000,10.619995,-150.000000
1.419200,0.415892,150.000000,10.619995,-150.000000
1.419400,0.521134,150.000000,10.619995,-150.000000
1.419600,0.620593,150.000000,10.619995,-150.000000
1.419800,0.711331,150.000000,10.619995,-150.000000
1.420000,0.790408,150.000000,10.619995,-150.000000
1.420200,0.854993,150.000000,10.619995,-150.000000
1.420400,0.902478,150.000000,10.619995,-150.000000
1.420600,0.930598,150.000000,10.619995,-150.000000
1.420800,0.937537,150.000000,10.619995,-150.000000
1.421000,0.922022,150.000000,10.619995,-150.000000
1.421200,0.883412,150.000000,10.619995,-150.000000
1.421400,0.821748,150.000000,10.619995,-150.000000
1.421600,0.737792,150.000000,10.619995,-150.000000
1.421800,0.633034,150.000000,10.619995,-150.000000
1.422000,0.509669,150.000000,10.619995,-150.000000
1.422200,0.370546,150.000000,10.619995,-150.000000
1.422400,0.219090,150.000000,10.619995,-150.000000
1.422600,0.059198,150.000000,10.619995,-150.000000
1.422800,-0.104886,150.000000,10.619995,-150.000000
1.423000,-0.268717,150.000000,10.619995,-150.000000
1.423200,-0.427797,150.000000,10.619995,-150.000000
1.423400,-0.577739,150.000000,10.619995,-150.000000
1.423600,-0.714425,150.000000,10.619995,-150.000000
1.423800,-0.834152,150.000000,10.619995,-150.000000
1.424000,-0.933772,150.000000,10.619995,-150.000000
1.424200,-1.010807,150.000000,10.619995,-150.000000
1.424400,-1.063538,150.000000,10.619995,-150.000000
1.424600,-1.091068,150.000000,10.619995,-150.000000
1.424800,-1.093355,150.000000,10.619995,-150.000000
1.425000,-1.071206,150.000000,10.619995,-150.000000
1.425200,-1.026248,150.000000,10.619995,-150.000000
1.425400,-0.960854,150.000000,10.619995,-150.000000
1.425600,-0.878057,150.000000,10.619995,-150.000000
1.425800,-0.781427,150.000000,10.619995,-150.000000
1.426000,-0.674933,150.000000,10.619995,-150.000000
1.426200,-0.562795,150.000000,10.619995,-150.000000
1.426400,-0.449322,150.000000,10.619995,-150.000000
1.426600,-0.338758,150.000000,10.619995,-150.000000
1.426800,-0.235121,150.000000,10.619995,-150.000000
1.427000,-0.142072,150.000000,10.619995,-150.000000
1.427200,-0.062782,150.000000,10.619995,-150.000000
1.427400,0.000160,150.000000,10.619995,-150.000000
1.427600,0.044833,150.000000,10.619995,-150.000000
1.427800,0.070022,150.000000,10.619995,-150.000000
1.428000,0.075246,150.000000,10.619995,-150.000000
1.428200,0.060740,150.000000,10.619995,-150.000000
1.428400,0.027422,150.000000,10.619995,-150.000000
1.428600,-0.023170,150.000000,10.619995,-150.000000
1.428800,-0.088963,150.000000,10.619995,-150.000000
1.429000,-0.167448,150.000000,10.619995,-150.000000
1.429200,-0.255796,150.000000,10.619995,-150.000000
1.429400,-0.350975,150.000000,10.619995,-150.000000
1.429600,-0.449874,150.000000,10.619995,-150.000000
1.429800,-0.549421,150.000000,10.619995,-150.000000
1.430000,-0.646689,150.000000,10.619995,-150.000000
1.430200,-0.739000,150.000000,10.619995,-150.000000
1.430400,-0.824001,150.000000,10.619995,-150.000000
1.430600,-0.899732,150.000000,10.619995,-150.000000
1.430800,-0.964665,150.000000,10.619995,-150.000000
1.431000,-1.017731,150.000000,10.619995,-150.000000
1.431200,-1.058320,150.000000,10.619995,-150.000000
1.431400,-1.086265,150.000000,10.619995,-150.000000
1.431600,-1.101810,150.000000,10.619995,-150.000000
1.431800,-1.105559,150.000000,10.619995,-150.000000
1.432000,-1.098419,150.000000,10.619995,-150.000000
1.432200,-1.081534,150.000000,10.619995,-150.000000
1.432400,-1.056208,150.000000,10.619995,-150.000000
1.432600,-1.023836,150.000000,10.619995,-150.000000
1.432800,-0.985833,150.000000,10.619995,-150.000000
1.433000,-0.943565,150.000000,10.619995,-150.000000
1.433200,-0.898294,150.000000,10.619995,-150.000000
1.433400,-0.851129,150.000000,10.619995,-150.000000
1.433600,-0.802986,150.000000,10.619995,-150.000000
1.433800,-0.754564,150.000000,10.619995,-150.000000
1.434000,-0.706330,150.000000,10.619995,-150.000000
1.434200,-0.658517,150.000000,10.619995,-150.000000
1.434400,-0.611130,150.000000,10.619995,-150.000000
1.434600,-0.563967,150.000000,10.619995,-150.000000
1.434800,-0.516643,150.000000,10.619995,-150.000000
1.435000,-0.468622,150.000000,10.619995,-150.000000
1.435200,-0.419257,150.000000,10.619995,-150.000000
1.435400,-0.367828,150.000000,10.619995,-150.000000
1.435600,-0.313586,150.000000,10.619995,-150.000000
1.435800,-0.255796,150.000000,10.619995,-150.000000
1.436000,-0.193775,150.000000,10.619995,-150.000000
1.436200,-0.126937,150.000000,10.619995,-150.000000
1.436400,-0.054820,150.000000,10.619995,-150.000000
1.436600,0.022873,150.000000,10.619995,-150.000000
1.436800,0.106254,150.000000,10.619995,-150.000000
1.437000,0.195222,150.000000,10.619995,-150.000000
1.437200,0.289451,150.000000,10.619995,-150.000000
1.437400,0.388371,150.000000,10.619995,-150.000000
1.437600,0.491169,150.000000,10.619995,-150.000000
1.437800,0.596783,150.000000,10.619995,-150.000000
1.438000,0.703910,150.000000,10.619995,-150.000000
1.438200,0.811017,150.000000,10.619995,-150.000000
1.438400,0.916359,150.000000,10.619995,-150.000000
1.438600,1.018001,150.000000,10.619995,-150.000000
1.438800,1.113857,150.000000,10.619995,-150.000000
1.439000,1.201721,150.000000,10.619995,-150.000000
1.439200,1.279316,150.000000,10.619995,-150.000000
1.439400,1.344345,150.000000,10.619995,-150.000000
1.439600,1.394550,150.000000,10.619995,-150.000000
1.439800,1.427774,150.000000,10.619995,-150.000000
1.440000,1.442026,150.000000,10.619995,-150.000000
1.440200,1.435551,150.000000,10.619995,-150.000000
1.440400,1.406899,150.000000,10.619995,-150.000000
1.440600,1.354992,150.000000,10.619995,-150.000000
1.440800,1.279183,150.000000,10.619995,-150.000000
1.441000,1.179316,150.000000,10.619995,-150.000000
1.441200,1.055770,150.000000,10.619995,-150.000000
1.441400,0.909489,150.000000,10.619995,-150.000000
1.441600,0.742006,150.000000,10.619995,-150.000000
1.441800,0.555441,150.000000,10.619995,-150.000000
1.442000,0.352486,150.000000,10.619995,-150.000000
1.442200,0.136368,150.000000,10.619995,-150.000000
1.442400,-0.089205,150.000000,10.619995,-150.000000
1.442600,-0.320118,150.000000,10.619995,-150.000000
1.442800,-0.551943,150.000000,10.619995,-150.000000
1.443000,-0.780050,150.000000,10.619995,-150.000000
1.443200,-0.999721,150.000000,10.619995,-150.000000
1.443400,-1.206291,150.000000,10.619995,-150.000000
1.443600,-1.395277,150.000000,10.619995,-150.000000
1.443800,-1.562517,150.000000,10.619995,-150.000000
1.444000,-1.704307,150.000000,10.619995,-150.000000
1.444200,-1.817517,150.000000,10.619995,-150.000000
1.444400,-1.899706,150.000000,10.619995,-150.000000
1.444600,-1.949211,150.000000,10.619995,-150.000000
1.444800,-1.965210,150.000000,10.619995,-150.000000
1.445000,-1.947768,150.000000,10.619995,-150.000000
1.445200,-1.897845,150.000000,10.619995,-150.000000
1.445400,-1.817278,150.000000,10.619995,-150.000000
1.445600,-1.708733,150.000000,10.619995,-150.000000
1.445800,-1.575625,150.000000,10.619995,-150.000000
1.446000,-1.422012,150.000000,10.619995,-150.000000
1.446200,-1.252467,150.000000,10.619995,-150.000000
1.446400,-1.071927,150.000000,10.619995,-150.000000
1.446600,-0.885530,150.000000,10.619995,-150.000000
1.446800,-0.698448,150.000000,10.619995,-150.000000
1.447000,-0.515706,150.000000,10.619995,-150.000000
1.447200,-0.342023,150.000000,10.619995,-150.000000
1.447400,-0.181650,150.000000,10.619995,-150.000000
1.447600,-0.038236,150.000000,10.619995,-150.000000
1.447800,0.085289,150.000000,10.619995,-150.000000
1.448000,0.186797,150.000000,10.619995,-150.000000
1.448200,0.265022,150.000000,10.619995,-150.000000
1.448400,0.319576,150.000000,10.619995,-150.000000
1.448600,0.350937,150.000000,10.619995,-150.000000
1.448800,0.360402,150.000000,10.619995,-150.000000
1.449000,0.350005,150.000000,10.619995,-150.000000
1.449200,0.322409,150.000000,10.619995,-150.000000
1.449400,0.280777,150.000000,10.619995,-150.000000
1.449600,0.228616,150.000000,10.619995,-150.000000
1.449800,0.169618,150.000000,10.619995,-150.000000
1.450000,0.107493,150.000000,10.619995,-150.000000
1.450200,0.045806,150.000000,10.619995,-150.000000
1.450400,-0.012178,150.000000,10.619995,-150.000000
1.450600,-0.063634,150.000000,10.619995,-150.000000
1.450800,-0.106285,150.000000,10.619995,-150.000000
1.451000,-0.138497,150.000000,10.619995,-150.000000
1.451200,-0.159326,150.000000,10.619995,-150.000000
1.451400,-0.168547,150.000000,10.619995,-150.000000
1.451600,-0.166637,150.000000,10.619995,-150.000000
1.451800,-0.154727,150.000000,10.619995,-150.000000
1.452000,-0.134527,150.000000,10.619995,-150.000000
1.452200,-0.108214,150.000000,10.619995,-150.000000
1.452400,-0.078305,150.000000,10.619995,-150.000000
1.452600,-0.047513,150.000000,10.619995,-150.000000
1.452800,-0.018583,150.000000,10.619995,-150.000000
1.453000,0.005860,150.000000,10.619995,-150.000000
1.453200,0.023469,150.000000,10.619995,-150.000000
1.453400,0.032315,150.000000,10.619995,-150.000000
1.453600,0.031008,150.000000,10.619995,-150.000000
1.453800,0.018797,150.000000,10.619995,-150.000000
1.454000,-0.004370,150.000000,10.619995,-150.000000
1.454200,-0.037809,150.000000,10.619995,-150.000000
1.454400,-0.080108,150.000000,10.619995,-150.000000
1.454600,-0.129168,150.000000,10.619995,-150.000000
1.454800,-0.182281,150.000000,10.619995,-150.000000
1.455000,-0.236236,150.000000,10.619995,-150.000000
1.455200,-0.287462,150.000000,10.619995,-150.000000
1.455400,-0.332188,150.000000,10.619995,-150.000000
1.455600,-0.366617,150.000000,10.619995,-150.000000
1.455800,-0.387114,150.000000,10.619995,-150.000000
1.456000,-0.390388,150.000000,10.619995,-150.000000
1.456200,-0.373670,150.000000,10.619995,-150.000000
1.456400,-0.334875,150.000000,10.619995,-150.000000
1.456600,-0.272733,150.000000,10.619995,-150.000000
1.456800,-0.186900,150.000000,10.619995,-150.000000
1.457000,-0.078023,150.000000,10.619995,-150.000000
1.457200,0.052226,150.000000,10.619995,-150.000000
1.457400,0.201165,150.000000,10.619995,-150.000000
1.457600,0.365159,150.000000,10.619995,-150.000000
1.457800,0.539712,150.000000,10.619995,-150.000000
1.458000,0.719607,150.000000,10.619995,-150.000000
1.458200,0.899075,150.000000,10.619995,-150.000000
1.458400,1.071989,150.000000,10.619995,-150.000000
1.458600,1.232089,150.000000,10.619995,-150.000000
1.458800,1.373206,150.000000,10.619995,-150.000000
1.459000,1.489500,150.000000,10.619995,-150.000000
1.459200,1.575692,150.000000,10.619995,-150.000000
1.459400,1.627272,150.000000,10.619995,-150.000000
1.459600,1.640694,150.000000,10.619995,-150.000000
1.459800,1.613542,150.000000,10.619995,-150.000000
1.460000,1.544643,150.000000,10.619995,-150.000000
1.460200,1.434160,150.000000,10.619995,-150.000000
1.460400,1.283618,150.000000,10.619995,-150.000000
1.460600,1.095901,150.000000,10.619995,-150.000000
1.460800,0.875181,150.000000,10.619995,-150.000000
1.461000,0.626822,150.000000,10.619995,-150.000000
1.461200,0.357222,150.000000,10.619995,-150.000000
1.461400,0.073631,150.000000,10.619995,-150.000000
1.461600,-0.216070,150.000000,10.619995,-150.000000
1.461800,-0.503613,150.000000,10.619995,-150.000000
1.462000,-0.780597,150.000000,10.619995,-150.000000
1.462200,-1.038760,150.000000,10.619995,-150.000000
1.462400,-1.270235,150.000000,10.619995,-150.000000
1.462600,-1.467808,150.000000,10.619995,-150.000000
1.462800,-1.625144,150.000000,10.619995,-150.000000
1.463000,-1.736997,150.000000,10.619995,-150.000000
1.463200,-1.799379,150.000000,10.619995,-150.000000
1.463400,-1.809688,150.000000,10.619995,-150.000000
1.463600,-1.766803,150.000000,10.619995,-150.000000
1.463800,-1.671118,150.000000,10.619995,-150.000000
1.464000,-1.524544,150.000000,10.619995,-150.000000
1.464200,-1.330455,150.000000,10.619995,-150.000000
1.464400,-1.093593,150.000000,10.619995,-150.000000
1.464600,-0.819933,150.000000,10.619995,-150.000000
1.464800,-0.516513,150.000000,10.619995,-150.000000
1.465000,-0.191235,150.000000,10.619995,-150.000000
1.465200,0.147362,150.000000,10.619995,-150.000000
1.465400,0.490343,150.000000,10.619995,-150.000000
1.465600,0.828619,150.000000,10.619995,-150.000000
1.465800,1.153204,150.000000,10.619995,-150.000000
1.466000,1.455454,150.000000,10.619995,-150.000000
1.466200,1.727299,150.000000,10.619995,-150.000000
1.466400,1.961458,150.000000,10.619995,-150.000000
1.466600,2.151617,150.000000,10.619995,-150.000000
1.466800,2.292596,150.000000,10.619995,-150.000000
1.467000,2.380468,150.000000,10.619995,-150.000000
1.467200,2.412651,150.000000,10.619995,-150.000000
1.467400,2.387958,150.000000,10.619995,-150.000000
1.467600,2.306617,150.000000,10.619995,-150.000000
1.467800,2.170248,150.000000,10.619995,-150.000000
1.468000,1.981806,150.000000,10.619995,-150.000000
1.468200,1.745495,150.000000,10.619995,-150.000000
1.468400,1.466652,150.000000,10.619995,-150.000000
1.468600,1.151603,150.000000,10.619995,-150.000000
1.468800,0.807496,150.000000,10.619995,-150.000000
1.469000,0.442126,150.000000,10.619995,-150.000000
1.469200,0.063735,150.000000,10.619995,-150.000000
1.469400,-0.319185,150.000000,10.619995,-150.000000
1.469600,-0.698096,150.000000,10.619995,-150.000000
1.469800,-1.064617,150.000000,10.619995,-150.000000
1.470000,-1.410720,150.000000,10.619995,-150.000000
1.470200,-1.728913,150.000000,10.619995,-150.000000
1.470400,-2.012409,150.000000,10.619995,-150.000000
1.470600,-2.255283,150.000000,10.619995,-150.000000
1.470800,-2.452601,150.000000,10.619995,-150.000000
1.471000,-2.600529,150.000000,10.619995,-150.000000
1.471200,-2.696412,150.000000,10.619995,-150.000000
1.471400,-2.738836,150.000000,10.619995,-150.000000
1.471600,-2.727649,150.000000,10.619995,-150.000000
1.471800,-2.663961,150.000000,10.619995,-150.000000
1.472000,-2.550113,150.000000,10.619995,-150.000000
1.472200,-2.389620,150.000000,10.619995,-150.000000
1.472400,-2.187079,150.000000,10.619995,-150.000000
1.472600,-1.948063,150.000000,10.619995,-150.000000
1.472800,-1.678981,150.000000,10.619995,-150.000000
1.473000,-1.386922,150.000000,10.619995,-150.000000
1.473200,-1.079486,150.000000,10.619995,-150.000000
1.473400,-0.764593,150.000000,10.619995,-150.000000
1.473600,-0.450288,150.000000,10.619995,-150.000000
1.473800,-0.144541,150.000000,10.619995,-150.000000
1.474000,0.144953,150.000000,10.619995,-150.000000
1.474200,0.410970,150.000000,10.619995,-150.000000
1.474400,0.646939,150.000000,10.619995,-150.000000
1.474600,0.847117,150.000000,10.619995,-150.000000
1.474800,1.006732,150.000000,10.619995,-150.000000
1.475000,1.122113,150.000000,10.619995,-150.000000
1.475200,1.190783,150.000000,10.619995,-150.000000
1.475400,1.211526,150.000000,10.619995,-150.000000
1.475600,1.184416,150.000000,10.619995,-150.000000
1.475800,1.110818,150.000000,10.619995,-150.000000
1.476000,0.993338,150.000000,10.619995,-150.000000
1.476200,0.835758,150.000000,10.619995,-150.000000
1.476400,0.642916,150.000000,10.619995,-150.000000
1.476600,0.420574,150.000000,10.619995,-150.000000
1.476800,0.175241,150.000000,10.619995,-150.000000
1.477000,-0.086012,150.000000,10.619995,-150.000000
1.477200,-0.355764,150.000000,10.619995,-150.000000
1.477400,-0.626465,150.000000,10.619995,-150.000000
1.477600,-0.890655,150.000000,10.619995,-150.000000
1.477800,-1.141191,150.000000,10.619995,-150.000000
1.478000,-1.371456,150.000000,10.619995,-150.000000
1.478200,-1.575553,150.000000,10.619995,-150.000000
1.478400,-1.748478,150.000000,10.619995,-150.000000
1.478600,-1.886265,150.000000,10.619995,-150.000000
1.478800,-1.986091,150.000000,10.619995,-150.000000
1.479000,-2.046346,150.000000,10.619995,-150.000000
1.479200,-2.066671,150.000000,10.619995,-150.000000
1.479400,-2.047941,150.000000,10.619995,-150.000000
1.479600,-1.992212,150.000000,10.619995,-150.000000
1.479800,-1.902636,150.000000,10.619995,-150.000000
1.480000,-1.783324,150.000000,10.619995,-150.000000
1.480200,-1.639195,150.000000,10.619995,-150.000000
1.480400,-1.475781,150.000000,10.619995,-150.000000
1.480600,-1.299024,150.000000,10.619995,-150.000000
1.480800,-1.115060,150.000000,10.619995,-150.000000
1.481000,-0.929991,150.000000,10.619995,-150.000000
1.481200,-0.749668,150.000000,10.619995,-150.000000
1.481400,-0.579482,150.000000,10.619995,-150.000000
1.481600,-0.424179,150.000000,10.619995,-150.000000
1.481800,-0.287695,150.000000,10.619995,-150.000000
1.482000,-0.173025,150.000000,10.619995,-150.000000
1.482200,-0.082136,150.000000,10.619995,-150.000000
1.482400,-0.015909,150.000000,10.619995,-150.000000
1.482600,0.025868,150.000000,10.619995,-150.000000
1.482800,0.044469,150.000000,10.619995,-150.000000
1.483000,0.042155,150.000000,10.619995,-150.000000
1.483200,0.022067,150.000000,10.619995,-150.000000
1.483400,-0.011922,150.000000,10.619995,-150.000000
1.483600,-0.055378,150.000000,10.619995,-150.000000
1.483800,-0.103496,150.000000,10.619995,-150.000000
1.484000,-0.151310,150.000000,10.619995,-150.000000
1.484200,-0.193899,150.000000,10.619995,-150.000000
1.484400,-0.226596,150.000000,10.619995,-150.000000
1.484600,-0.245185,150.000000,10.619995,-150.000000
1.484800,-0.246074,150.000000,10.619995,-150.000000
1.485000,-0.226450,150.000000,10.619995,-150.000000
1.485200,-0.184394,150.000000,10.619995,-150.000000
1.485400,-0.118967,150.000000,10.619995,-150.000000
1.485600,-0.030253,150.000000,10.619995,-150.000000
1.485800,0.080639,150.000000,10.619995,-150.000000
1.486000,0.211609,150.000000,10.619995,-150.000000
1.486200,0.359641,150.000000,10.619995,-150.000000
1.486400,0.520916,150.000000,10.619995,-150.000000
1.486600,0.690951,150.000000,10.619995,-150.000000
1.486800,0.864761,150.000000,10.619995,-150.000000
1.487000,1.037050,150.000000,10.619995,-150.000000
1.487200,1.202396,150.000000,10.619995,-150.000000
1.487400,1.355455,150.000000,10.619995,-150.000000
1.487600,1.491151,150.000000,10.619995,-150.000000
1.487800,1.604858,150.000000,10.619995,-150.000000
1.488000,1.692561,150.000000,10.619995,-150.000000
1.488200,1.751002,150.000000,10.619995,-150.000000
1.488400,1.777781,150.000000,10.619995,-150.000000
1.488600,1.771443,150.000000,10.619995,-150.000000
1.488800,1.731521,150.000000,10.619995,-150.000000
1.489000,1.658544,150.000000,10.619995,-150.000000
1.489200,1.554013,150.000000,10.619995,-150.000000
1.489400,1.420347,150.000000,10.619995,-150.000000
1.489600,1.260797,150.000000,10.619995,-150.000000
1.489800,1.079333,150.000000,10.619995,-150.000000
1.490000,0.880513,150.000000,10.619995,-150.000000
1.490200,0.669342,150.000000,10.619995,-150.000000
1.490400,0.451108,150.000000,10.619995,-150.000000
1.490600,0.231230,150.000000,10.619995,-150.000000
1.490800,0.015094,150.000000,10.619995,-150.000000
1.491000,-0.192091,150.000000,10.619995,-150.000000
1.491200,-0.385440,150.000000,10.619995,-150.000000
1.491400,-0.560511,150.000000,10.619995,-150.000000
1.491600,-0.713417,150.000000,10.619995,-150.000000
1.491800,-0.840904,150.000000,10.619995,-150.000000
1.492000,-0.940426,150.000000,10.619995,-150.000000
1.492200,-1.010180,150.000000,10.619995,-150.000000
1.492400,-1.049131,150.000000,10.619995,-150.000000
1.492600,-1.057015,150.000000,10.619995,-150.000000
1.492800,-1.034317,150.000000,10.619995,-150.000000
1.493000,-0.982241,150.000000,10.619995,-150.000000
1.493200,-0.902657,150.000000,10.619995,-150.000000
1.493400,-0.798045,150.000000,10.619995,-150.000000
1.493600,-0.671419,150.000000,10.619995,-150.000000
1.493800,-0.526254,150.000000,10.619995,-150.000000
1.494000,-0.366397,150.000000,10.619995,-150.000000
1.494200,-0.195983,150.000000,10.619995,-150.000000
1.494400,-0.019347,150.000000,10.619995,-150.000000
1.494600,0.159070,150.000000,10.619995,-150.000000
1.494800,0.334810,150.000000,10.619995,-150.000000
1.495000,0.503484,150.000000,10.619995,-150.000000
1.495200,0.660864,150.000000,10.619995,-150.000000
1.495400,0.802963,150.000000,10.619995,-150.000000
1.495600,0.926123,150.000000,10.619995,-150.000000
1.495800,1.027087,150.000000,10.619995,-150.000000
1.496000,1.103076,150.000000,10.619995,-150.000000
1.496200,1.151858,150.000000,10.619995,-150.000000
1.496400,1.171804,150.000000,10.619995,-150.000000
1.496600,1.161940,150.000000,10.619995,-150.000000
1.496800,1.121989,150.000000,10.619995,-150.000000
1.497000,1.052400,150.000000,10.619995,-150.000000
1.497200,0.954355,150.000000,10.619995,-150.000000
1.497400,0.829770,150.000000,10.619995,-150.000000
1.497600,0.681273,150.000000,10.619995,-150.000000
1.497800,0.512164,150.000000,10.619995,-150.000000
1.498000,0.326352,150.000000,10.619995,-150.000000
1.498200,0.128275,150.000000,10.619995,-150.000000
1.498400,-0.077196,150.000000,10.619995,-150.000000
1.498600,-0.284879,150.000000,10.619995,-150.000000
1.498800,-0.489410,150.000000,10.619995,-150.000000
1.499000,-0.685390,150.000000,10.619995,-150.000000
1.499200,-0.867538,150.000000,10.619995,-150.000000
1.499400,-1.030848,150.000000,10.619995,-150.000000
1.499600,-1.170742,150.000000,10.619995,-150.000000
1.499800,-1.283226,150.000000,10.619995,-150.000000
1.500000,-1.365021,150.000000,10.619995,-150.000000
1.500200,-1.413683,150.000000,10.619995,-150.000000
1.500400,-1.427702,150.000000,10.619995,-150.000000
1.500600,-1.406570,150.000000,10.619995,-150.000000
1.500800,-1.350819,150.000000,10.619995,-150.000000
1.501000,-1.262023,150.000000,10.619995,-150.000000
1.501200,-1.142772,150.000000,10.619995,-150.000000
1.501400,-0.996604,150.000000,10.619995,-150.000000
1.501600,-0.827900,150.000000,10.619995,-150.000000
1.501800,-0.641759,150.000000,10.619995,-150.000000
1.502000,-0.443835,150.000000,10.619995,-150.000000
1.502200,-0.240155,150.000000,10.619995,-150.000000
1.502400,-0.036918,150.000000,10.619995,-150.000000
1.502600,0.159708,150.000000,10.619995,-150.000000
1.502800,0.343801,150.000000,10.619995,-150.000000
1.503000,0.509885,150.000000,10.619995,-150.000000
1.503200,0.653123,150.000000,10.619995,-150.000000
1.503400,0.769488,150.000000,10.619995,-150.000000
1.503600,0.855901,150.000000,10.619995,-150.000000
1.503800,0.910343,150.000000,10.619995,-150.000000
1.504000,0.931926,150.000000,10.619995,-150.000000
1.504200,0.920921,150.000000,10.619995,-150.000000
1.504400,0.878751,150.000000,10.619995,-150.000000
1.504600,0.807935,150.000000,10.619995,-150.000000
1.504800,0.711996,150.000000,10.619995,-150.000000
1.505000,0.595332,150.000000,10.619995,-150.000000
1.505200,0.463052,150.000000,10.619995,-150.000000
1.505400,0.320792,150.000000,10.619995,-150.000000
1.505600,0.174508,150.000000,10.619995,-150.000000
1.505800,0.030258,150.000000,10.619995,-150.000000
1.506000,-0.106016,150.000000,10.619995,-150.000000
1.506200,-0.228701,150.000000,10.619995,-150.000000
1.506400,-0.332717,150.000000,10.619995,-150.000000
1.506600,-0.413696,150.000000,10.619995,-150.000000
1.506800,-0.468133,150.000000,10.619995,-150.000000
1.507000,-0.493510,150.000000,10.619995,-150.000000
1.507200,-0.488378,150.000000,10.619995,-150.000000
1.507400,-0.452401,150.000000,10.619995,-150.000000
1.507600,-0.386364,150.000000,10.619995,-150.000000
1.507800,-0.292134,150.000000,10.619995,-150.000000
1.508000,-0.172592,150.000000,10.619995,-150.000000
1.508200,-0.031519,150.000000,10.619995,-150.000000
1.508400,0.126537,150.000000,10.619995,-150.000000
1.508600,0.296427,150.000000,10.619995,-150.000000
1.508800,0.472579,150.000000,10.619995,-150.000000
1.509000,0.649190,150.000000,10.619995,-150.000000
1.509200,0.820427,150.000000,10.619995,-150.000000
1.509400,0.980619,150.000000,10.619995,-150.000000
1.509600,1.124443,150.000000,10.619995,-150.000000
1.509800,1.247096,150.000000,10.619995,-150.000000
1.510000,1.344443,150.000000,10.619995,-150.000000
1.510200,1.413140,150.000000,10.619995,-150.000000
1.510400,1.450737,150.000000,10.619995,-150.000000
1.510600,1.455734,150.000000,10.619995,-150.000000
1.510800,1.427622,150.000000,10.619995,-150.000000
1.511000,1.366876,150.000000,10.619995,-150.000000
1.511200,1.274931,150.000000,10.619995,-150.000000
1.511400,1.154115,150.000000,10.619995,-150.000000
1.511600,1.007566,150.000000,10.619995,-150.000000
1.511800,0.839122,150.000000,10.619995,-150.000000
1.512000,0.653191,150.000000,10.619995,-150.000000
1.512200,0.454608,150.000000,10.619995,-150.000000
1.512400,0.248484,150.000000,10.619995,-150.000000
1.512600,0.040051,150.000000,10.619995,-150.000000
1.512800,-0.165496,150.000000,10.619995,-150.000000
1.513000,-0.363149,150.000000,10.619995,-150.000000
1.513200,-0.548225,150.000000,10.619995,-150.000000
1.513400,-0.716497,150.000000,10.619995,-150.000000
1.513600,-0.864303,150.000000,10.619995,-150.000000
1.513800,-0.988636,150.000000,10.619995,-150.000000
1.514000,-1.087214,150.000000,10.619995,-150.000000
1.514200,-1.158529,150.000000,10.619995,-150.000000
1.514400,-1.201867,150.000000,10.619995,-150.000000
1.514600,-1.217311,150.000000,10.619995,-150.000000
1.514800,-1.205714,150.000000,10.619995,-150.000000
1.515000,-1.168657,150.000000,10.619995,-150.000000
1.515200,-1.108382,150.000000,10.619995,-150.000000
1.515400,-1.027711,150.000000,10.619995,-150.000000
1.515600,-0.929945,150.000000,10.619995,-150.000000
1.515800,-0.818759,150.000000,10.619995,-150.000000
1.516000,-0.698081,150.000000,10.619995,-150.000000
1.516200,-0.571970,150.000000,10.619995,-150.000000
1.516400,-0.444490,150.000000,10.619995,-150.000000
1.516600,-0.319591,150.000000,10.619995,-150.000000
1.516800,-0.200988,150.000000,10.619995,-150.000000
1.517000,-0.092059,150.000000,10.619995,-150.000000
1.517200,0.004254,150.000000,10.619995,-150.000000
1.517400,0.085520,150.000000,10.619995,-150.000000
1.517600,0.149886,150.000000,10.619995,-150.000000
1.517800,0.196115,150.000000,10.619995,-150.000000
1.518000,0.223610,150.000000,10.619995,-150.000000
1.518200,0.232417,150.000000,10.619995,-150.000000
1.518400,0.223202,150.000000,10.619995,-150.000000
1.518600,0.197212,150.000000,10.619995,-150.000000
1.518800,0.156215,150.000000,10.619995,-150.000000
1.519000,0.102427,150.000000,10.619995,-150.000000
1.519200,0.038421,150.000000,10.619995,-150.000000
1.519400,-0.032977,150.000000,10.619995,-150.000000
1.519600,-0.108789,150.000000,10.619995,-150.000000
1.519800,-0.186002,150.000000,10.619995,-150.000000
1.520000,-0.261674,150.000000,10.619995,-150.000000
1.520200,-0.333044,150.000000,10.619995,-150.000000
1.520400,-0.397624,150.000000,10.619995,-150.000000
1.520600,-0.453286,150.000000,10.619995,-150.000000
1.520800,-0.498332,150.000000,10.619995,-150.000000
1.521000,-0.531545,150.000000,10.619995,-150.000000
1.521200,-0.552220,150.000000,10.619995,-150.000000
1.521400,-0.560175,150.000000,10.619995,-150.000000
1.521600,-0.555740,150.000000,10.619995,-150.000000
1.521800,-0.539730,150.000000,10.619995,-150.000000
1.522000,-0.513391,150.000000,10.619995,-150.000000
1.522200,-0.478336,150.000000,10.619995,-150.000000
1.522400,-0.436466,150.000000,10.619995,-150.000000
1.522600,-0.389879,150.000000,10.619995,-150.000000
1.522800,-0.340772,150.000000,10.619995,-150.000000
1.523000,-0.291346,150.000000,10.619995,-150.000000
1.523200,-0.243710,150.000000,10.619995,-150.000000
1.523400,-0.199789,150.000000,10.619995,-150.000000
1.523600,-0.161247,150.000000,10.619995,-150.000000
1.523800,-0.129422,150.000000,10.619995,-150.000000
1.524000,-0.105276,150.000000,10.619995,-150.000000
1.524200,-0.089367,150.000000,10.619995,-150.000000
1.524400,-0.081836,150.000000,10.619995,-150.000000
1.524600,-0.082416,150.000000,10.619995,-150.000000
1.524800,-0.090459,150.000000,10.619995,-150.000000
1.525000,-0.104986,150.000000,10.619995,-150.000000
1.525200,-0.124739,150.000000,10.619995,-150.000000
1.525400,-0.148257,150.000000,10.619995,-150.000000
1.525600,-0.173954,150.000000,10.619995,-150.000000
1.525800,-0.200201,150.000000,10.619995,-150.000000
1.526000,-0.225410,150.000000,10.619995,-150.000000
1.526200,-0.248107,150.000000,10.619995,-150.000000
1.526400,-0.267009,150.000000,10.619995,-150.000000
1.526600,-0.281071,150.000000,10.619995,-150.000000
1.526800,-0.289537,150.000000,10.619995,-150.000000
1.527000,-0.291960,150.000000,10.619995,-150.000000
1.527200,-0.288213,150.000000,10.619995,-150.000000
1.527400,-0.278474,150.000000,10.619995,-150.000000
1.527600,-0.263203,150.000000,10.619995,-150.000000
1.527800,-0.243093,150.000000,10.619995,-150.000000
1.528000,-0.219019,150.000000,10.619995,-150.000000
1.528200,-0.191967,150.000000,10.619995,-150.000000
1.528400,-0.162965,150.000000,10.619995,-150.000000
1.528600,-0.133006,150.000000,10.619995,-150.000000
1.528800,-0.102979,150.000000,10.619995,-150.000000
1.529000,-0.073603,150.000000,10.619995,-150.000000
1.529200,-0.045377,150.000000,10.619995,-150.000000
1.529400,-0.018532,150.000000,10.619995,-150.000000
1.529600,0.006982,150.000000,10.619995,-150.000000
1.529800,0.031506,150.000000,10.619995,-150.000000
1.530000,0.055657,150.000000,10.619995,-150.000000
1.530200,0.080290,150.000000,10.619995,-150.000000
1.530400,0.106449,150.000000,10.619995,-150.000000
1.530600,0.135298,150.000000,10.619995,-150.000000
1.530800,0.168040,150.000000,10.619995,-150.000000
1.531000,0.205831,150.000000,10.619995,-150.000000
1.531200,0.249683,150.000000,10.619995,-150.000000
1.531400,0.300375,150.000000,10.619995,-150.000000
1.531600,0.358370,150.000000,10.619995,-150.000000
1.531800,0.423732,150.000000,10.619995,-150.000000
1.532000,0.496078,150.000000,10.619995,-150.000000
1.532200,0.574526,150.000000,10.619995,-150.000000
1.532400,0.657687,150.000000,10.619995,-150.000000
1.532600,0.743665,150.000000,10.619995,-150.000000
1.532800,0.830094,150.000000,10.619995,-150.000000
1.533000,0.914191,150.000000,10.619995,-150.000000
1.533200,0.992838,150.000000,10.619995,-150.000000
1.533400,1.062686,150.000000,10.619995,-150.000000
1.533600,1.120272,150.000000,10.619995,-150.000000
1.533800,1.162152,150.000000,10.619995,-150.000000
1.534000,1.185044,150.000000,10.619995,-150.000000
1.534200,1.185963,150.000000,10.619995,-150.000000
1.534400,1.162364,150.000000,10.619995,-150.000000
1.534600,1.112269,150.000000,10.619995,-150.000000
1.534800,1.034376,150.000000,10.619995,-150.000000
1.535000,0.928150,150.000000,10.619995,-150.000000
1.535200,0.793886,150.000000,10.619995,-150.000000
1.535400,0.632750,150.000000,10.619995,-150.000000
1.535600,0.446775,150.000000,10.619995,-150.000000
1.535800,0.238842,150.000000,10.619995,-150.000000
1.536000,0.012614,150.000000,10.619995,-150.000000
1.536200,-0.227552,150.000000,10.619995,-150.000000
1.536400,-0.476721,150.000000,10.619995,-150.000000
1.536600,-0.729523,150.000000,10.619995,-150.000000
1.536800,-0.980315,150.000000,10.619995,-150.000000
1.537000,-1.223347,150.000000,10.619995,-150.000000
1.537200,-1.452949,150.000000,10.619995,-150.000000
1.537400,-1.663707,150.000000,10.619995,-150.000000
1.537600,-1.850638,150.000000,10.619995,-150.000000
1.537800,-2.009353,150.000000,10.619995,-150.000000
1.538000,-2.136196,150.000000,10.619995,-150.000000
1.538200,-2.228370,150.000000,10.619995,-150.000000
1.538400,-2.284022,150.000000,10.619995,-150.000000
1.538600,-2.302311,150.000000,10.619995,-150.000000
1.538800,-2.283434,150.000000,10.619995,-150.000000
1.539000,-2.228620,150.000000,10.619995,-150.000000
1.539200,-2.140093,150.000000,10.619995,-150.000000
1.539400,-2.021000,150.000000,10.619995,-150.000000
1.539600,-1.875314,150.000000,10.619995,-150.000000
1.539800,-1.707702,150.000000,10.619995,-150.000000
1.540000,-1.523385,150.000000,10.619995,-150.000000
1.540200,-1.327968,150.000000,10.619995,-150.000000
1.540400,-1.127269,150.000000,10.619995,-150.000000
1.540600,-0.927136,150.000000,10.619995,-150.000000
1.540800,-0.733269,150.000000,10.619995,-150.000000
1.541000,-0.551042,150.000000,10.619995,-150.000000
1.541200,-0.385349,150.000000,10.619995,-150.000000
1.541400,-0.240448,150.000000,10.619995,-150.000000
1.541600,-0.119843,150.000000,10.619995,-150.000000
1.541800,-0.026179,150.000000,10.619995,-150.000000
1.542000,0.038830,150.000000,10.619995,-150.000000
1.542200,0.074448,150.000000,10.619995,-150.000000
1.542400,0.080932,150.000000,10.619995,-150.000000
1.542600,0.059516,150.000000,10.619995,-150.000000
1.542800,0.012371,150.000000,10.619995,-150.000000
1.543000,-0.057470,150.000000,10.619995,-150.000000
1.543200,-0.146207,150.000000,10.619995,-150.000000
1.543400,-0.249391,150.000000,10.619995,-150.000000
1.543600,-0.362064,150.000000,10.619995,-150.000000
1.543800,-0.478909,150.000000,10.619995,-150.000000
1.544000,-0.594417,150.000000,10.619995,-150.000000
1.544200,-0.703049,150.000000,10.619995,-150.000000
1.544400,-0.799412,150.000000,10.619995,-150.000000
1.544600,-0.878419,150.000000,10.619995,-150.000000
1.544800,-0.935452,150.000000,10.619995,-150.000000
1.545000,-0.966501,150.000000,10.619995,-150.000000
1.545200,-0.968296,150.000000,10.619995,-150.000000
1.545400,-0.938409,150.000000,10.619995,-150.000000
1.545600,-0.875342,150.000000,10.619995,-150.000000
1.545800,-0.778579,150.000000,10.619995,-150.000000
1.546000,-0.648619,150.000000,10.619995,-150.000000
1.546200,-0.486975,150.000000,10.619995,-150.000000
1.546400,-0.296140,150.000000,10.619995,-150.000000
1.546600,-0.079535,150.000000,10.619995,-150.000000
1.546800,0.158580,150.000000,10.619995,-150.000000
1.547000,0.413217,150.000000,10.619995,-150.000000
1.547200,0.678791,150.000000,10.619995,-150.000000
1.547400,0.949274,150.000000,10.619995,-150.000000
1.547600,1.218359,150.000000,10.619995,-150.000000
1.547800,1.479637,150.000000,10.619995,-150.000000
1.548000,1.726773,150.000000,10.619995,-150.000000
1.548200,1.953692,150.000000,10.619995,-150.000000
1.548400,2.154744,150.000000,10.619995,-150.000000
1.548600,2.324870,150.000000,10.619995,-150.000000
1.548800,2.459746,150.000000,10.619995,-150.000000
1.549000,2.555905,150.000000,10.619995,-150.000000
1.549200,2.610835,150.000000,10.619995,-150.000000
1.549400,2.623053,150.000000,10.619995,-150.000000
1.549600,2.592142,150.000000,10.619995,-150.000000
1.549800,2.518761,150.000000,10.619995,-150.000000
1.550000,2.404622,150.000000,10.619995,-150.000000
1.550200,2.252435,150.000000,10.619995,-150.000000
1.550400,2.065825,150.000000,10.619995,-150.000000
1.550600,1.849224,150.000000,10.619995,-150.000000
1.550800,1.607735,150.000000,10.619995,-150.000000
1.551000,1.346985,150.000000,10.619995,-150.000000
1.551200,1.072960,150.000000,10.619995,-150.000000
1.551400,0.791835,150.000000,10.619995,-150.000000
1.551600,0.509799,150.000000,10.619995,-150.000000
1.551800,0.232889,150.000000,10.619995,-150.000000
1.552000,-0.033172,150.000000,10.619995,-150.000000
1.552200,-0.283121,150.000000,10.619995,-150.000000
1.552400,-0.512279,150.000000,10.619995,-150.000000
1.552600,-0.716657,150.000000,10.619995,-150.000000
1.552800,-0.893034,150.000000,10.619995,-150.000000
1.553000,-1.039010,150.000000,10.619995,-150.000000
1.553200,-1.153028,150.000000,10.619995,-150.000000
1.553400,-1.234370,150.000000,10.619995,-150.000000
1.553600,-1.283128,150.000000,10.619995,-150.000000
1.553800,-1.300153,150.000000,10.619995,-150.000000
1.554000,-1.286972,150.000000,10.619995,-150.000000
1.554200,-1.245704,150.000000,10.619995,-150.000000
1.554400,-1.178949,150.000000,10.619995,-150.000000
1.554600,-1.089678,150.000000,10.619995,-150.000000
1.554800,-0.981115,150.000000,10.619995,-150.000000
1.555000,-0.856618,150.000000,10.619995,-150.000000
1.555200,-0.719573,150.000000,10.619995,-150.000000
1.555400,-0.573286,150.000000,10.619995,-150.000000
1.555600,-0.420897,150.000000,10.619995,-150.000000
1.555800,-0.265308,150.000000,10.619995,-150.000000
1.556000,-0.109117,150.000000,10.619995,-150.000000
1.556200,0.045412,150.000000,10.619995,-150.000000
1.556400,0.196378,150.000000,10.619995,-150.000000
1.556600,0.342245,150.000000,10.619995,-150.000000
1.556800,0.481829,150.000000,10.619995,-150.000000
1.557000,0.614276,150.000000,10.619995,-150.000000
1.557200,0.739021,150.000000,10.619995,-150.000000
1.557400,0.855748,150.000000,10.619995,-150.000000
1.557600,0.964332,150.000000,10.619995,-150.000000
1.557800,1.064792,150.000000,10.619995,-150.000000
1.558000,1.157234,150.000000,10.619995,-150.000000
1.558200,1.241805,150.000000,10.619995,-150.000000
1.558400,1.318646,150.000000,10.619995,-150.000000
1.558600,1.387858,150.000000,10.619995,-150.000000
1.558800,1.449476,150.000000,10.619995,-150.000000
1.559000,1.503452,150.000000,10.619995,-150.000000
1.559200,1.549650,150.000000,10.619995,-150.000000
1.559400,1.587848,150.000000,10.619995,-150.000000
1.559600,1.617752,150.000000,10.619995,-150.000000
1.559800,1.639017,150.000000,10.619995,-150.000000
1.560000,1.651277,150.000000,10.619995,-150.000000
1.560200,1.654169,150.000000,10.619995,-150.000000
1.560400,1.647377,150.000000,10.619995,-150.000000
1.560600,1.630657,150.000000,10.619995,-150.000000
1.560800,1.603872,150.000000,10.619995,-150.000000
1.561000,1.567019,150.000000,10.619995,-150.000000
1.561200,1.520254,150.000000,10.619995,-150.000000
1.561400,1.463902,150.000000,10.619995,-150.000000
1.561600,1.398468,150.000000,10.619995,-150.000000
1.561800,1.324637,150.000000,10.619995,-150.000000
1.562000,1.243263,150.000000,10.619995,-150.000000
1.562200,1.155353,150.000000,10.619995,-150.000000
1.562400,1.062045,150.000000,10.619995,-150.000000
1.562600,0.964577,150.000000,10.619995,-150.000000
1.562800,0.864255,150.000000,10.619995,-150.000000
1.563000,0.762414,150.000000,10.619995,-150.000000
1.563200,0.660385,150.000000,10.619995,-150.000000
1.563400,0.559455,150.000000,10.619995,-150.000000
1.563600,0.460832,150.000000,10.619995,-150.000000
1.563800,0.365617,150.000000,10.619995,-150.000000
1.564000,0.274779,150.000000,10.619995,-150.000000
1.564200,0.189135,150.000000,10.619995,-150.000000
1.564400,0.109336,150.000000,10.619995,-150.000000
1.564600,0.035868,150.000000,10.619995,-150.000000
1.564800,-0.030951,150.000000,10.619995,-150.000000
1.565000,-0.090960,150.000000,10.619995,-150.000000
1.565200,-0.144139,150.000000,10.619995,-150.000000
1.565400,-0.190585,150.000000,10.619995,-150.000000
1.565600,-0.230495,150.000000,10.619995,-150.000000
1.565800,-0.264133,150.000000,10.619995,-150.000000
1.566000,-0.291804,150.000000,10.619995,-150.000000
1.566200,-0.313828,150.000000,10.619995,-150.000000
1.566400,-0.330513,150.000000,10.619995,-150.000000
1.566600,-0.342135,150.000000,10.619995,-150.000000
1.566800,-0.348923,150.000000,10.619995,-150.000000
1.567000,-0.351046,150.000000,10.619995,-150.000000
1.567200,-0.348613,150.000000,10.619995,-150.000000
1.567400,-0.341670,150.000000,10.619995,-150.000000
1.567600,-0.330215,150.000000,10.619995,-150.000000
1.567800,-0.314213,150.000000,10.619995,-150.000000
1.568000,-0.293616,150.000000,10.619995,-150.000000
1.568200,-0.268390,150.000000,10.619995,-150.000000
1.568400,-0.238547,150.000000,10.619995,-150.000000
1.568600,-0.204172,150.000000,10.619995,-150.000000
1.568800,-0.165458,150.000000,10.619995,-150.000000
1.569000,-0.122729,150.000000,10.619995,-150.000000
1.569200,-0.076472,150.000000,10.619995,-150.000000
1.569400,-0.027350,150.000000,10.619995,-150.000000
1.569600,0.023782,150.000000,10.619995,-150.000000
1.569800,0.075878,150.000000,10.619995,-150.000000
1.570000,0.127704,150.000000,10.619995,-150.000000
1.570200,0.177855,150.000000,10.619995,-150.000000
1.570400,0.224787,150.000000,10.619995,-150.000000
1.570600,0.266847,150.000000,10.619995,-150.000000
1.570800,0.302326,150.000000,10.619995,-150.000000
1.571000,0.329510,150.000000,10.619995,-150.000000
1.571200,0.346743,150.000000,10.619995,-150.000000
1.571400,0.352490,150.000000,10.619995,-150.000000
1.571600,0.345408,150.000000,10.619995,-150.000000
1.571800,0.324405,150.000000,10.619995,-150.000000
1.572000,0.288710,150.000000,10.619995,-150.000000
1.572200,0.237923,150.000000,10.619995,-150.000000
1.572400,0.172061,150.000000,10.619995,-150.000000
1.572600,0.091597,150.000000,10.619995,-150.000000
1.572800,-0.002526,150.000000,10.619995,-150.000000
1.573000,-0.108889,150.000000,10.619995,-150.000000
1.573200,-0.225608,150.000000,10.619995,-150.000000
1.573400,-0.350366,150.000000,10.619995,-150.000000
1.573600,-0.480463,150.000000,10.619995,-150.000000
1.573800,-0.612877,150.000000,10.619995,-150.000000
1.574000,-0.744346,150.000000,10.619995,-150.000000
1.574200,-0.871461,150.000000,10.619995,-150.000000
1.574400,-0.990767,150.000000,10.619995,-150.000000
1.574600,-1.098871,150.000000,10.619995,-150.000000
1.574800,-1.192558,150.000000,10.619995,-150.000000
1.575000,-1.268899,150.000000,10.619995,-150.000000
1.575200,-1.325355,150.000000,10.619995,-150.000000
1.575400,-1.359878,150.000000,10.619995,-150.000000
1.575600,-1.370988,150.000000,10.619995,-150.000000
1.575800,-1.357841,150.000000,10.619995,-150.000000
1.576000,-1.320276,150.000000,10.619995,-150.000000
1.576200,-1.258835,150.000000,10.619995,-150.000000
1.576400,-1.174765,150.000000,10.619995,-150.000000
1.576600,-1.069995,150.000000,10.619995,-150.000000
1.576800,-0.947082,150.000000,10.619995,-150.000000
1.577000,-0.809143,150.000000,10.619995,-150.000000
1.577200,-0.659761,150.000000,10.619995,-150.000000
1.577400,-0.502873,150.000000,10.619995,-150.000000
1.577600,-0.342646,150.000000,10.619995,-150.000000
1.577800,-0.183344,150.000000,10.619995,-150.000000
1.578000,-0.029184,150.000000,10.619995,-150.000000
1.578200,0.115799,150.000000,10.619995,-150.000000
1.578400,0.247892,150.000000,10.619995,-150.000000
1.578600,0.363825,150.000000,10.619995,-150.000000
1.578800,0.460881,150.000000,10.619995,-150.000000
1.579000,0.536987,150.000000,10.619995,-150.000000
1.579200,0.590783,150.000000,10.619995,-150.000000
1.579400,0.621661,150.000000,10.619995,-150.000000
1.579600,0.629783,150.000000,10.619995,-150.000000
1.579800,0.616067,150.000000,10.619995,-150.000000
1.580000,0.582148,150.000000,10.619995,-150.000000
1.580200,0.530311,150.000000,10.619995,-150.000000
1.580400,0.463398,150.000000,10.619995,-150.000000
1.580600,0.384703,150.000000,10.619995,-150.000000
1.580800,0.297841,150.000000,10.619995,-150.000000
1.581000,0.206613,150.000000,10.619995,-150.000000
1.581200,0.114860,150.000000,10.619995,-150.000000
1.581400,0.026315,150.000000,10.619995,-150.000000
1.581600,-0.055529,150.000000,10.619995,-150.000000
1.581800,-0.127558,150.000000,10.619995,-150.000000
1.582000,-0.187144,150.000000,10.619995,-150.000000
1.582200,-0.232244,150.000000,10.619995,-150.000000
1.582400,-0.261471,150.000000,10.619995,-150.000000
1.582600,-0.274139,150.000000,10.619995,-150.000000
1.582800,-0.270279,150.000000,10.619995,-150.000000
1.583000,-0.250631,150.000000,10.619995,-150.000000
1.583200,-0.216601,150.000000,10.619995,-150.000000
1.583400,-0.170198,150.000000,10.619995,-150.000000
1.583600,-0.113942,150.000000,10.619995,-150.000000
1.583800,-0.050755,150.000000,10.619995,-150.000000
1.584000,0.016168,150.000000,10.619995,-150.000000
1.584200,0.083497,150.000000,10.619995,-150.000000
1.584400,0.147908,150.000000,10.619995,-150.000000
1.584600,0.206231,150.000000,10.619995,-150.000000
1.584800,0.255589,150.000000,10.619995,-150.000000
1.585000,0.293524,150.000000,10.619995,-150.000000
1.585200,0.318109,150.000000,10.619995,-150.000000
1.585400,0.328039,150.000000,10.619995,-150.000000
1.585600,0.322697,150.000000,10.619995,-150.000000
1.585800,0.302195,150.000000,10.619995,-150.000000
1.586000,0.267379,150.000000,10.619995,-150.000000
1.586200,0.219810,150.000000,10.619995,-150.000000
1.586400,0.161714,150.000000,10.619995,-150.000000
1.586600,0.095903,150.000000,10.619995,-150.000000
1.586800,0.025669,150.000000,10.619995,-150.000000
1.587000,-0.045342,150.000000,10.619995,-150.000000
1.587200,-0.113272,150.000000,10.619995,-150.000000
1.587400,-0.174210,150.000000,10.619995,-150.000000
1.587600,-0.224348,150.000000,10.619995,-150.000000
1.587800,-0.260152,150.000000,10.619995,-150.000000
1.588000,-0.278507,150.000000,10.619995,-150.000000
1.588200,-0.276868,150.000000,10.619995,-150.000000
1.588400,-0.253379,150.000000,10.619995,-150.000000
1.588600,-0.206975,150.000000,10.619995,-150.000000
1.588800,-0.137456,150.000000,10.619995,-150.000000
1.589000,-0.045526,150.000000,10.619995,-150.000000
1.589200,0.067201,150.000000,10.619995,-150.000000
1.589400,0.198228,150.000000,10.619995,-150.000000
1.589600,0.344241,150.000000,10.619995,-150.000000
1.589800,0.501204,150.000000,10.619995,-150.000000
1.590000,0.664489,150.000000,10.619995,-150.000000
1.590200,0.829029,150.000000,10.619995,-150.000000
1.590400,0.989497,150.000000,10.619995,-150.000000
1.590600,1.140492,150.000000,10.619995,-150.000000
1.590800,1.276748,150.000000,10.619995,-150.000000
1.591000,1.393326,150.000000,10.619995,-150.000000
1.591200,1.485816,150.000000,10.619995,-150.000000
1.591400,1.550513,150.000000,10.619995,-150.000000
1.591600,1.584580,150.000000,10.619995,-150.000000
1.591800,1.586181,150.000000,10.619995,-150.000000
1.592000,1.554573,150.000000,10.619995,-150.000000
1.592200,1.490176,150.000000,10.619995,-150.000000
1.592400,1.394584,150.000000,10.619995,-150.000000
1.592600,1.270545,150.000000,10.619995,-150.000000
1.592800,1.121893,150.000000,10.619995,-150.000000
1.593000,0.953437,150.000000,10.619995,-150.000000
1.593200,0.770813,150.000000,10.619995,-150.000000
1.593400,0.580303,150.000000,10.619995,-150.000000
1.593600,0.388620,150.000000,10.619995,-150.000000
1.593800,0.202675,150.000000,10.619995,-150.000000
1.594000,0.029337,150.000000,10.619995,-150.000000
1.594200,-0.124824,150.000000,10.619995,-150.000000
1.594400,-0.253781,150.000000,10.619995,-150.000000
1.594600,-0.352280,150.000000,10.619995,-150.000000
1.594800,-0.416047,150.000000,10.619995,-150.000000
1.595000,-0.441972,150.000000,10.619995,-150.000000
1.595200,-0.428241,150.000000,10.619995,-150.000000
1.595400,-0.374434,150.000000,10.619995,-150.000000
1.595600,-0.281574,150.000000,10.619995,-150.000000
1.595800,-0.152120,150.000000,10.619995,-150.000000
1.596000,0.010091,150.000000,10.619995,-150.000000
1.596200,0.199947,150.000000,10.619995,-150.000000
1.596400,0.411218,150.000000,10.619995,-150.000000
1.596600,0.636752,150.000000,10.619995,-150.000000
1.596800,0.868709,150.000000,10.619995,-150.000000
1.597000,1.098824,150.000000,10.619995,-150.000000
1.597200,1.318687,150.000000,10.619995,-150.000000
1.597400,1.520030,150.000000,10.619995,-150.000000
1.597600,1.695023,150.000000,10.619995,-150.000000
1.597800,1.836541,150.000000,10.619995,-150.000000
1.598000,1.938431,150.000000,10.619995,-150.000000
1.598200,1.995726,150.000000,10.619995,-150.000000
1.598400,2.004837,150.000000,10.619995,-150.000000
1.598600,1.963688,150.000000,10.619995,-150.000000
1.598800,1.871803,150.000000,10.619995,-150.000000
1.599000,1.730342,150.000000,10.619995,-150.000000
1.599200,1.542069,150.000000,10.619995,-150.000000
1.599400,1.311279,150.000000,10.619995,-150.000000
1.599600,1.043660,150.000000,10.619995,-150.000000
1.599800,0.746112,150.000000,10.619995,-150.000000
1.600000,0.426524,150.000000,10.619995,-150.000000
1.600200,0.093515,150.000000,10.619995,-150.000000
1.600400,-0.243852,150.000000,10.619995,-150.000000
1.600600,-0.576364,150.000000,10.619995,-150.000000
1.600800,-0.894966,150.000000,10.619995,-150.000000
1.601000,-1.191053,150.000000,10.619995,-150.000000
1.601200,-1.456754,150.000000,10.619995,-150.000000
1.601400,-1.685184,150.000000,10.619995,-150.000000
1.601600,-1.870663,150.000000,10.619995,-150.000000
1.601800,-2.008893,150.000000,10.619995,-150.000000
1.602000,-2.097082,150.000000,10.619995,-150.000000
1.602200,-2.134024,150.000000,10.619995,-150.000000
1.602400,-2.120113,150.000000,10.619995,-150.000000
1.602600,-2.057312,150.000000,10.619995,-150.000000
1.602800,-1.949063,150.000000,10.619995,-150.000000
1.603000,-1.800148,150.000000,10.619995,-150.000000
1.603200,-1.616509,150.000000,10.619995,-150.000000
1.603400,-1.405028,150.000000,10.619995,-150.000000
1.603600,-1.173275,150.000000,10.619995,-150.000000
1.603800,-0.929243,150.000000,10.619995,-150.000000
1.604000,-0.681071,150.000000,10.619995,-150.000000
1.604200,-0.436759,150.000000,10.619995,-150.000000
1.604400,-0.203904,150.000000,10.619995,-150.000000
1.604600,0.010551,150.000000,10.619995,-150.000000
1.604800,0.200541,150.000000,10.619995,-150.000000
1.605000,0.361065,150.000000,10.619995,-150.000000
1.605200,0.488332,150.000000,10.619995,-150.000000
1.605400,0.579860,150.000000,10.619995,-150.000000
1.605600,0.634530,150.000000,10.619995,-150.000000
1.605800,0.652584,150.000000,10.619995,-150.000000
1.606000,0.635581,150.000000,10.619995,-150.000000
1.606200,0.586302,150.000000,10.619995,-150.000000
1.606400,0.508611,150.000000,10.619995,-150.000000
1.606600,0.407289,150.000000,10.619995,-150.000000
1.606800,0.287825,150.000000,10.619995,-150.000000
1.607000,0.156197,150.000000,10.619995,-150.000000
1.607200,0.018631,150.000000,10.619995,-150.000000
1.607400,-0.118635,150.000000,10.619995,-150.000000
1.607600,-0.249591,150.000000,10.619995,-150.000000
1.607800,-0.368676,150.000000,10.619995,-150.000000
1.608000,-0.470980,150.000000,10.619995,-150.000000
1.608200,-0.552414,150.000000,10.619995,-150.000000
1.608400,-0.609845,150.000000,10.619995,-150.000000
1.608600,-0.641200,150.000000,10.619995,-150.000000
1.608800,-0.645511,150.000000,10.619995,-150.000000
1.609000,-0.622933,150.000000,10.619995,-150.000000
1.609200,-0.574707,150.000000,10.619995,-150.000000
1.609400,-0.503084,150.000000,10.619995,-150.000000
1.609600,-0.411214,150.000000,10.619995,-150.000000
1.609800,-0.302995,150.000000,10.619995,-150.000000
1.610000,-0.182900,150.000000,10.619995,-150.000000
1.610200,-0.055784,150.000000,10.619995,-150.000000
1.610400,0.073326,150.000000,10.619995,-150.000000
1.610600,0.199436,150.000000,10.619995,-150.000000
1.610800,0.317797,150.000000,10.619995,-150.000000
1.611000,0.424091,150.000000,10.619995,-150.000000
1.611200,0.514607,150.000000,10.619995,-150.000000
1.611400,0.586384,150.000000,10.619995,-150.000000
1.611600,0.637324,150.000000,10.619995,-150.000000
1.611800,0.666262,150.000000,10.619995,-150.000000
1.612000,0.673007,150.000000,10.619995,-150.000000
1.612200,0.658331,150.000000,10.619995,-150.000000
1.612400,0.623926,150.000000,10.619995,-150.000000
1.612600,0.572316,150.000000,10.619995,-150.000000
1.612800,0.506741,150.000000,10.619995,-150.000000
1.613000,0.431009,150.000000,10.619995,-150.000000
1.613200,0.349327,150.000000,10.619995,-150.000000
1.613400,0.266114,150.000000,10.619995,-150.000000
1.613600,0.185812,150.000000,10.619995,-150.000000
1.613800,0.112692,150.000000,10.619995,-150.000000
1.614000,0.050676,150.000000,10.619995,-150.000000
1.614200,0.003169,150.000000,10.619995,-150.000000
1.614400,-0.027082,150.000000,10.619995,-150.000000
1.614600,-0.038098,150.000000,10.619995,-150.000000
1.614800,-0.028744,150.000000,10.619995,-150.000000
1.615000,0.001228,150.000000,10.619995,-150.000000
1.615200,0.051182,150.000000,10.619995,-150.000000
1.615400,0.119632,150.000000,10.619995,-150.000000
1.615600,0.204317,150.000000,10.619995,-150.000000
1.615800,0.302313,150.000000,10.619995,-150.000000
1.616000,0.410159,150.000000,10.619995,-150.000000
1.616200,0.524024,150.000000,10.619995,-150.000000
1.616400,0.639871,150.000000,10.619995,-150.000000
1.616600,0.753639,150.000000,10.619995,-150.000000
1.616800,0.861422,150.000000,10.619995,-150.000000
1.617000,0.959634,150.000000,10.619995,-150.000000
1.617200,1.045161,150.000000,10.619995,-150.000000
1.617400,1.115494,150.000000,10.619995,-150.000000
1.617600,1.168823,150.000000,10.619995,-150.000000
1.617800,1.204106,150.000000,10.619995,-150.000000
1.618000,1.221100,150.000000,10.619995,-150.000000
1.618200,1.220356,150.000000,10.619995,-150.000000
1.618400,1.203173,150.000000,10.619995,-150.000000
1.618600,1.171525,150.000000,10.619995,-150.000000
1.618800,1.127955,150.000000,10.619995,-150.000000
1.619000,1.075441,150.000000,10.619995,-150.000000
1.619200,1.017250,150.000000,10.619995,-150.000000
1.619400,0.956775,150.000000,10.619995,-150.000000
1.619600,0.897370,150.000000,10.619995,-150.000000
1.619800,0.842196,150.000000,10.619995,-150.000000
1.620000,0.794065,150.000000,10.619995,-150.000000
1.620200,0.755313,150.000000,10.619995,-150.000000
1.620400,0.727697,150.000000,10.619995,-150.000000
1.620600,0.712315,150.000000,10.619995,-150.000000
1.620800,0.709567,150.000000,10.619995,-150.000000
1.621000,0.719140,150.000000,10.619995,-150.000000
1.621200,0.740038,150.000000,10.619995,-150.000000
1.621400,0.770637,150.000000,10.619995,-150.000000
1.621600,0.808774,150.000000,10.619995,-150.000000
1.621800,0.851857,150.000000,10.619995,-150.000000
1.622000,0.897002,150.000000,10.619995,-150.000000
1.622200,0.941174,150.000000,10.619995,-150.000000
1.622400,0.981337,150.000000,10.619995,-150.000000
1.622600,1.014606,150.000000,10.619995,-150.000000
1.622800,1.038385,150.000000,10.619995,-150.000000
1.623000,1.050494,150.000000,10.619995,-150.000000
1.623200,1.049269,150.000000,10.619995,-150.000000
1.623400,1.033642,150.000000,10.619995,-150.000000
1.623600,1.003185,150.000000,10.619995,-150.000000
1.623800,0.958131,150.000000,10.619995,-150.000000
1.624000,0.899350,150.000000,10.619995,-150.000000
1.624200,0.828308,150.000000,10.619995,-150.000000
1.624400,0.746989,150.000000,10.619995,-150.000000
1.624600,0.657794,150.000000,10.619995,-150.000000
1.624800,0.563422,150.000000,10.619995,-150.000000
1.625000,0.466739,150.000000,10.619995,-150.000000
1.625200,0.370639,150.000000,10.619995,-150.000000
1.625400,0.277901,150.000000,10.619995,-150.000000
1.625600,0.191066,150.000000,10.619995,-150.000000
1.625800,0.112311,150.000000,10.619995,-150.000000
1.626000,0.043355,150.000000,10.619995,-150.000000
1.626200,-0.014619,150.000000,10.619995,-150.000000
1.626400,-0.061009,150.000000,10.619995,-150.000000
1.626600,-0.095814,150.000000,10.619995,-150.000000
1.626800,-0.119621,150.000000,10.619995,-150.000000
1.627000,-0.133566,150.000000,10.619995,-150.000000
1.627200,-0.139265,150.000000,10.619995,-150.000000
1.627400,-0.138723,150.000000,10.619995,-150.000000
1.627600,-0.134224,150.000000,10.619995,-150.000000
1.627800,-0.128205,150.000000,10.619995,-150.000000
1.628000,-0.123130,150.000000,10.619995,-150.000000
1.628200,-0.121352,150.000000,10.619995,-150.000000
1.628400,-0.124990,150.000000,10.619995,-150.000000
1.628600,-0.135809,150.000000,10.619995,-150.000000
1.628800,-0.155125,150.000000,10.619995,-150.000000
1.629000,-0.183723,150.000000,10.619995,-150.000000
1.629200,-0.221804,150.000000,10.619995,-150.000000
1.629400,-0.268958,150.000000,10.619995,-150.000000
1.629600,-0.324165,150.000000,10.619995,-150.000000
1.629800,-0.385824,150.000000,10.619995,-150.000000
1.630000,-0.451808,150.000000,10.619995,-150.000000
1.630200,-0.519542,150.000000,10.619995,-150.000000
1.630400,-0.586102,150.000000,10.619995,-150.000000
1.630600,-0.648333,150.000000,10.619995,-150.000000
1.630800,-0.702969,150.000000,10.619995,-150.000000
1.631000,-0.746769,150.000000,10.619995,-150.000000
1.631200,-0.776645,150.000000,10.619995,-150.000000
1.631400,-0.789788,150.000000,10.619995,-150.000000
1.631600,-0.783785,150.000000,10.619995,-150.000000
1.631800,-0.756715,150.000000,10.619995,-150.000000
1.632000,-0.707237,150.000000,10.619995,-150.000000
1.632200,-0.634648,150.000000,10.619995,-150.000000
1.632400,-0.538917,150.000000,10.619995,-150.000000
1.632600,-0.420708,150.000000,10.619995,-150.000000
1.632800,-0.281361,150.000000,10.619995,-150.000000
1.633000,-0.122865,150.000000,10.619995,-150.000000
1.633200,0.052199,150.000000,10.619995,-150.000000
1.633400,0.240728,150.000000,10.619995,-150.000000
1.633600,0.439187,150.000000,10.619995,-150.000000
1.633800,0.643707,150.000000,10.619995,-150.000000
1.634000,0.850197,150.000000,10.619995,-150.000000
1.634200,1.054453,150.000000,10.619995,-150.000000
1.634400,1.252277,150.000000,10.619995,-150.000000
1.634600,1.439587,150.000000,10.619995,-150.000000
1.634800,1.612523,150.000000,10.619995,-150.000000
1.635000,1.767548,150.000000,10.619995,-150.000000
1.635200,1.901534,150.000000,10.619995,-150.000000
1.635400,2.011841,150.000000,10.619995,-150.000000
1.635600,2.096373,150.000000,10.619995,-150.000000
1.635800,2.153635,150.000000,10.619995,-150.000000
1.636000,2.182754,150.000000,10.619995,-150.000000
1.636200,2.183509,150.000000,10.619995,-150.000000
1.636400,2.156319,150.000000,10.619995,-150.000000
1.636600,2.102245,150.000000,10.619995,-150.000000
1.636800,2.022952,150.000000,10.619995,-150.000000
1.637000,1.920674,150.000000,10.619995,-150.000000
1.637200,1.798163,150.000000,10.619995,-150.000000
1.637400,1.658625,150.000000,10.619995,-150.000000
1.637600,1.505643,150.000000,10.619995,-150.000000
1.637800,1.343101,150.000000,10.619995,-150.000000
1.638000,1.175087,150.000000,10.619995,-150.000000
1.638200,1.005804,150.000000,10.619995,-150.000000
1.638400,0.839461,150.000000,10.619995,-150.000000
1.638600,0.680179,150.000000,10.619995,-150.000000
1.638800,0.531877,150.000000,10.619995,-150.000000
1.639000,0.398177,150.000000,10.619995,-150.000000
1.639200,0.282299,150.000000,10.619995,-150.000000
1.639400,0.186972,150.000000,10.619995,-150.000000
1.639600,0.114346,150.000000,10.619995,-150.000000
1.639800,0.065922,150.000000,10.619995,-150.000000
1.640000,0.042489,150.000000,10.619995,-150.000000
1.640200,0.044087,150.000000,10.619995,-150.000000
1.640400,0.069977,150.000000,10.619995,-150.000000
1.640600,0.118640,150.000000,10.619995,-150.000000
1.640800,0.187794,150.000000,10.619995,-150.000000
1.641000,0.274437,150.000000,10.619995,-150.000000
1.641200,0.374907,150.000000,10.619995,-150.000000
1.641400,0.484970,150.000000,10.619995,-150.000000
1.641600,0.599925,150.000000,10.619995,-150.000000
1.641800,0.714728,150.000000,10.619995,-150.000000
1.642000,0.824135,150.000000,10.619995,-150.000000
1.642200,0.922853,150.000000,10.619995,-150.000000
1.642400,1.005700,150.000000,10.619995,-150.000000
1.642600,1.067769,150.000000,10.619995,-150.000000
1.642800,1.104587,150.000000,10.619995,-150.000000
1.643000,1.112270,150.000000,10.619995,-150.000000
1.643200,1.087660,150.000000,10.619995,-150.000000
1.643400,1.028450,150.000000,10.619995,-150.000000
1.643600,0.933282,150.000000,10.619995,-150.000000
1.643800,0.801819,150.000000,10.619995,-150.000000
1.644000,0.634786,150.000000,10.619995,-150.000000
1.644200,0.433980,150.000000,10.619995,-150.000000
1.644400,0.202246,150.000000,10.619995,-150.000000
1.644600,-0.056579,150.000000,10.619995,-150.000000
1.644800,-0.337763,150.000000,10.619995,-150.000000
1.645000,-0.635792,150.000000,10.619995,-150.000000
1.645200,-0.944523,150.000000,10.619995,-150.000000
1.645400,-1.257353,150.000000,10.619995,-150.000000
1.645600,-1.567407,150.000000,10.619995,-150.000000
1.645800,-1.867734,150.000000,10.619995,-150.000000
1.646000,-2.151512,150.000000,10.619995,-150.000000
1.646200,-2.412252,150.000000,10.619995,-150.000000
1.646400,-2.643983,150.000000,10.619995,-150.000000
1.646600,-2.841435,150.000000,10.619995,-150.000000
1.646800,-3.000192,150.000000,10.619995,-150.000000
1.647000,-3.116823,150.000000,10.619995,-150.000000
1.647200,-3.188978,150.000000,10.619995,-150.000000
1.647400,-3.215457,150.000000,10.619995,-150.000000
1.647600,-3.196235,150.000000,10.619995,-150.000000
1.647800,-3.132456,150.000000,10.619995,-150.000000
1.648000,-3.026391,150.000000,10.619995,-150.000000
1.648200,-2.881355,150.000000,10.619995,-150.000000
1.648400,-2.701604,150.000000,10.619995,-150.000000
1.648600,-2.492190,150.000000,10.619995,-150.000000
1.648800,-2.258811,150.000000,10.619995,-150.000000
1.649000,-2.007625,150.000000,10.619995,-150.000000
1.649200,-1.745069,150.000000,10.619995,-150.000000
1.649400,-1.477664,150.000000,10.619995,-150.000000
1.649600,-1.211825,150.000000,10.619995,-150.000000
1.649800,-0.953680,150.000000,10.619995,-150.000000
1.650000,-0.708901,150.000000,10.619995,-150.000000
1.650200,-0.482553,150.000000,10.619995,-150.000000
1.650400,-0.278969,150.000000,10.619995,-150.000000
1.650600,-0.101649,150.000000,10.619995,-150.000000
1.650800,0.046809,150.000000,10.619995,-150.000000
1.651000,0.164753,150.000000,10.619995,-150.000000
1.651200,0.251480,150.000000,10.619995,-150.000000
1.651400,0.307224,150.000000,10.619995,-150.000000
1.651600,0.333099,150.000000,10.619995,-150.000000
1.651800,0.331028,150.000000,10.619995,-150.000000
1.652000,0.303647,150.000000,10.619995,-150.000000
1.652200,0.254187,150.000000,10.619995,-150.000000
1.652400,0.186345,150.000000,10.619995,-150.000000
1.652600,0.104149,150.000000,10.619995,-150.000000
1.652800,0.011807,150.000000,10.619995,-150.000000
1.653000,-0.086426,150.000000,10.619995,-150.000000
1.653200,-0.186392,150.000000,10.619995,-150.000000
1.653400,-0.284159,150.000000,10.619995,-150.000000
1.653600,-0.376132,150.000000,10.619995,-150.000000
1.653800,-0.459156,150.000000,10.619995,-150.000000
1.654000,-0.530597,150.000000,10.619995,-150.000000
1.654200,-0.588403,150.000000,10.619995,-150.000000
1.654400,-0.631143,150.000000,10.619995,-150.000000
1.654600,-0.658029,150.000000,10.619995,-150.000000
1.654800,-0.668908,150.000000,10.619995,-150.000000
1.655000,-0.664243,150.000000,10.619995,-150.000000
1.655200,-0.645074,150.000000,10.619995,-150.000000
1.655400,-0.612953,150.000000,10.619995,-150.000000
1.655600,-0.569881,150.000000,10.619995,-150.000000
1.655800,-0.518220,150.000000,10.619995,-150.000000
1.656000,-0.460605,150.000000,10.619995,-150.000000
1.656200,-0.399846,150.000000,10.619995,-150.000000
1.656400,-0.338829,150.000000,10.619995,-150.000000
1.656600,-0.280423,150.000000,10.619995,-150.000000
1.656800,-0.227381,150.000000,10.619995,-150.000000
1.657000,-0.182253,150.000000,10.619995,-150.000000
1.657200,-0.147307,150.000000,10.619995,-150.000000
1.657400,-0.124459,150.000000,10.619995,-150.000000
1.657600,-0.115214,150.000000,10.619995,-150.000000
1.657800,-0.120621,150.000000,10.619995,-150.000000
1.658000,-0.141240,150.000000,10.619995,-150.000000
1.658200,-0.177125,150.000000,10.619995,-150.000000
1.658400,-0.227820,150.000000,10.619995,-150.000000
1.658600,-0.292369,150.000000,10.619995,-150.000000
1.658800,-0.369335,150.000000,10.619995,-150.000000
1.659000,-0.456845,150.000000,10.619995,-150.000000
1.659200,-0.552627,150.000000,10.619995,-150.000000
1.659400,-0.654074,150.000000,10.619995,-150.000000
1.659600,-0.758306,150.000000,10.619995,-150.000000
1.659800,-0.862247,150.000000,10.619995,-150.000000
1.660000,-0.962700,150.000000,10.619995,-150.000000
1.660200,-1.056430,150.000000,10.619995,-150.000000
1.660400,-1.140252,150.000000,10.619995,-150.000000
1.660600,-1.211110,150.000000,10.619995,-150.000000
1.660800,-1.266162,150.000000,10.619995,-150.000000
1.661000,-1.302858,150.000000,10.619995,-150.000000
1.661200,-1.319014,150.000000,10.619995,-150.000000
1.661400,-1.312874,150.000000,10.619995,-150.000000
1.661600,-1.283171,150.000000,10.619995,-150.000000
1.661800,-1.229168,150.000000,10.619995,-150.000000
1.662000,-1.150697,150.000000,10.619995,-150.000000
1.662200,-1.048175,150.000000,10.619995,-150.000000
1.662400,-0.922617,150.000000,10.619995,-150.000000
1.662600,-0.775625,150.000000,10.619995,-150.000000
1.662800,-0.609366,150.000000,10.619995,-150.000000
1.663000,-0.426539,150.000000,10.619995,-150.000000
1.663200,-0.230325,150.000000,10.619995,-150.000000
1.663400,-0.024321,150.000000,10.619995,-150.000000
1.663600,0.187532,150.000000,10.619995,-150.000000
1.663800,0.401037,150.000000,10.619995,-150.000000
1.664000,0.611829,150.000000,10.619995,-150.000000
1.664200,0.815480,150.000000,10.619995,-150.000000
1.664400,1.007603,150.000000,10.619995,-150.000000
1.664600,1.183949,150.000000,10.619995,-150.000000
1.664800,1.340516,150.000000,10.619995,-150.000000
1.665000,1.473646,150.000000,10.619995,-150.000000
1.665200,1.580113,150.000000,10.619995,-150.000000
1.665400,1.657205,150.000000,10.619995,-150.000000
1.665600,1.702793,150.000000,10.619995,-150.000000
1.665800,1.715386,150.000000,10.619995,-150.000000
1.666000,1.694167,150.000000,10.619995,-150.000000
1.666200,1.639016,150.000000,10.619995,-150.000000
1.666400,1.550513,150.000000,10.619995,-150.000000
1.666600,1.429928,150.000000,10.619995,-150.000000
1.666800,1.279185,150.000000,10.619995,-150.000000
1.667000,1.100818,150.000000,10.619995,-150.000000
1.667200,0.897912,150.000000,10.619995,-150.000000
1.667400,0.674024,150.000000,10.619995,-150.000000
1.667600,0.433102,150.000000,10.619995,-150.000000
1.667800,0.179397,150.000000,10.619995,-150.000000
1.668000,-0.082639,150.000000,10.619995,-150.000000
1.668200,-0.348447,150.000000,10.619995,-150.000000
1.668400,-0.613458,150.000000,10.619995,-150.000000
1.668600,-0.873184,150.000000,10.619995,-150.000000
1.668800,-1.123304,150.000000,10.619995,-150.000000
1.669000,-1.359745,150.000000,10.619995,-150.000000
1.669200,-1.578744,150.000000,10.619995,-150.000000
1.669400,-1.776907,150.000000,10.619995,-150.000000
1.669600,-1.951250,150.000000,10.619995,-150.000000
1.669800,-2.099234,150.000000,10.619995,-150.000000
1.670000,-2.218782,150.000000,10.619995,-150.000000
1.670200,-2.308291,150.000000,10.619995,-150.000000
1.670400,-2.366629,150.000000,10.619995,-150.000000
1.670600,-2.393126,150.000000,10.619995,-150.000000
1.670800,-2.387559,150.000000,10.619995,-150.000000
1.671000,-2.350135,150.000000,10.619995,-150.000000
1.671200,-2.281463,150.000000,10.619995,-150.000000
1.671400,-2.182534,150.000000,10.619995,-150.000000
1.671600,-2.054697,150.000000,10.619995,-150.000000
1.671800,-1.899630,150.000000,10.619995,-150.000000
1.672000,-1.719328,150.000000,10.619995,-150.000000
1.672200,-1.516075,150.000000,10.619995,-150.000000
1.672400,-1.292431,150.000000,10.619995,-150.000000
1.672600,-1.051214,150.000000,10.619995,-150.000000
1.672800,-0.795483,150.000000,10.619995,-150.000000
1.673000,-0.528517,150.000000,10.619995,-150.000000
1.673200,-0.253798,150.000000,10.619995,-150.000000
1.673400,0.025018,150.000000,10.619995,-150.000000
1.673600,0.304135,150.000000,10.619995,-150.000000
1.673800,0.579653,150.000000,10.619995,-150.000000
1.674000,0.847616,150.000000,10.619995,-150.000000
1.674200,1.104075,150.000000,10.619995,-150.000000
1.674400,1.345148,150.000000,10.619995,-150.000000
1.674600,1.567099,150.000000,10.619995,-150.000000
1.674800,1.766418,150.000000,10.619995,-150.000000
1.675000,1.939908,150.000000,10.619995,-150.000000
1.675200,2.084779,150.000000,10.619995,-150.000000
1.675400,2.198732,150.000000,10.619995,-150.000000
1.675600,2.280048,150.000000,10.619995,-150.000000
1.675800,2.327667,150.000000,10.619995,-150.000000
1.676000,2.341252,150.000000,10.619995,-150.000000
1.676200,2.321237,150.000000,10.619995,-150.000000
1.676400,2.268865,150.000000,10.619995,-150.000000
1.676600,2.186189,150.000000,10.619995,-150.000000
1.676800,2.076058,150.000000,10.619995,-150.000000
1.677000,1.942076,150.000000,10.619995,-150.000000
1.677200,1.788529,150.000000,10.619995,-150.000000
1.677400,1.620285,150.000000,10.619995,-150.000000
1.677600,1.442677,150.000000,10.619995,-150.000000
1.677800,1.261355,150.000000,10.619995,-150.000000
1.678000,1.082123,150.000000,10.619995,-150.000000
1.678200,0.910760,150.000000,10.619995,-150.000000
1.678400,0.752838,150.000000,10.619995,-150.000000
1.678600,0.613536,150.000000,10.619995,-150.000000
1.678800,0.497456,150.000000,10.619995,-150.000000
1.679000,0.408458,150.000000,10.619995,-150.000000
1.679200,0.349514,150.000000,10.619995,-150.000000
1.679400,0.322577,150.000000,10.619995,-150.000000
1.679600,0.328498,150.000000,10.619995,-150.000000
1.679800,0.366966,150.000000,10.619995,-150.000000
1.680000,0.436495,150.000000,10.619995,-150.000000
1.680200,0.534449,150.000000,10.619995,-150.000000
1.680400,0.657109,150.000000,10.619995,-150.000000
1.680600,0.799783,150.000000,10.619995,-150.000000
1.680800,0.956951,150.000000,10.619995,-150.000000
1.681000,1.122449,150.000000,10.619995,-150.000000
1.681200,1.289674,150.000000,10.619995,-150.000000
1.681400,1.451814,150.000000,10.619995,-150.000000
1.681600,1.602087,150.000000,10.619995,-150.000000
1.681800,1.733993,150.000000,10.619995,-150.000000
1.682000,1.841545,150.000000,10.619995,-150.000000
1.682200,1.919503,150.000000,10.619995,-150.000000
1.682400,1.963572,150.000000,10.619995,-150.000000
1.682600,1.970578,150.000000,10.619995,-150.000000
1.682800,1.938598,150.000000,10.619995,-150.000000
1.683000,1.867051,150.000000,10.619995,-150.000000
1.683200,1.756745,150.000000,10.619995,-150.000000
1.683400,1.609864,150.000000,10.619995,-150.000000
1.683600,1.429915,150.000000,10.619995,-150.000000
1.683800,1.221616,150.000000,10.619995,-150.000000
1.684000,0.990751,150.000000,10.619995,-150.000000
1.684200,0.743971,150.000000,10.619995,-150.000000
1.684400,0.488571,150.000000,10.619995,-150.000000
1.684600,0.232235,150.000000,10.619995,-150.000000
1.684800,-0.017230,150.000000,10.619995,-150.000000
1.685000,-0.252172,150.000000,10.619995,-150.000000
1.685200,-0.465367,150.000000,10.619995,-150.000000
1.685400,-0.650279,150.000000,10.619995,-150.000000
1.685600,-0.801295,150.000000,10.619995,-150.000000
1.685800,-0.913936,150.000000,10.619995,-150.000000
1.686000,-0.985016,150.000000,10.619995,-150.000000
1.686200,-1.012769,150.000000,10.619995,-150.000000
1.686400,-0.996915,150.000000,10.619995,-150.000000
1.686600,-0.938681,150.000000,10.619995,-150.000000
1.686800,-0.840762,150.000000,10.619995,-150.000000
1.687000,-0.707236,150.000000,10.619995,-150.000000
1.687200,-0.543417,150.000000,10.619995,-150.000000
1.687400,-0.355682,150.000000,10.619995,-150.000000
1.687600,-0.151240,150.000000,10.619995,-150.000000
1.687800,0.062118,150.000000,10.619995,-150.000000
1.688000,0.276291,150.000000,10.619995,-150.000000
1.688200,0.483157,150.000000,10.619995,-150.000000
1.688400,0.674857,150.000000,10.619995,-150.000000
1.688600,0.844079,150.000000,10.619995,-150.000000
1.688800,0.984309,150.000000,10.619995,-150.000000
1.689000,1.090072,150.000000,10.619995,-150.000000
1.689200,1.157119,150.000000,10.619995,-150.000000
1.689400,1.182582,150.000000,10.619995,-150.000000
1.689600,1.165075,150.000000,10.619995,-150.000000
1.689800,1.104744,150.000000,10.619995,-150.000000
1.690000,1.003264,150.000000,10.619995,-150.000000
1.690200,0.863774,150.000000,10.619995,-150.000000
1.690400,0.690773,150.000000,10.619995,-150.000000
1.690600,0.489953,150.000000,10.619995,-150.000000
1.690800,0.268003,150.000000,10.619995,-150.000000
1.691000,0.032368,150.000000,10.619995,-150.000000
1.691200,-0.209015,150.000000,10.619995,-150.000000
1.691400,-0.447999,150.000000,10.619995,-150.000000
1.691600,-0.676514,150.000000,10.619995,-150.000000
1.691800,-0.886855,150.000000,10.619995,-150.000000
1.692000,-1.071953,150.000000,10.619995,-150.000000
1.692200,-1.225625,150.000000,10.619995,-150.000000
1.692400,-1.342791,150.000000,10.619995,-150.000000
1.692600,-1.419651,150.000000,10.619995,-150.000000
1.692800,-1.453818,150.000000,10.619995,-150.000000
1.693000,-1.444396,150.000000,10.619995,-150.000000
1.693200,-1.392011,150.000000,10.619995,-150.000000
1.693400,-1.298778,150.000000,10.619995,-150.000000
1.693600,-1.168228,150.000000,10.619995,-150.000000
1.693800,-1.005171,150.000000,10.619995,-150.000000
1.694000,-0.815523,150.000000,10.619995,-150.000000
1.694200,-0.606092,150.000000,10.619995,-150.000000
1.694400,-0.384331,150.000000,10.619995,-150.000000
1.694600,-0.158072,150.000000,10.619995,-150.000000
1.694800,0.064752,150.000000,10.619995,-150.000000
1.695000,0.276390,150.000000,10.619995,-150.000000
1.695200,0.469544,150.000000,10.619995,-150.000000
1.695400,0.637622,150.000000,10.619995,-150.000000
1.695600,0.774967,150.000000,10.619995,-150.000000
1.695800,0.877047,150.000000,10.619995,-150.000000
1.696000,0.940604,150.000000,10.619995,-150.000000
1.696200,0.963758,150.000000,10.619995,-150.000000
1.696400,0.946056,150.000000,10.619995,-150.000000
1.696600,0.888477,150.000000,10.619995,-150.000000
1.696800,0.793379,150.000000,10.619995,-150.000000
1.697000,0.664401,150.000000,10.619995,-150.000000
1.697200,0.506320,150.000000,10.619995,-150.000000
1.697400,0.324871,150.000000,10.619995,-150.000000
1.697600,0.126535,150.000000,10.619995,-150.000000
1.697800,-0.081696,150.000000,10.619995,-150.000000
1.698000,-0.292567,150.000000,10.619995,-150.000000
1.698200,-0.498814,150.000000,10.619995,-150.000000
1.698400,-0.693411,150.000000,10.619995,-150.000000
1.698600,-0.869807,150.000000,10.619995,-150.000000
1.698800,-1.022135,150.000000,10.619995,-150.000000
1.699000,-1.145402,150.000000,10.619995,-150.000000
1.699200,-1.235635,150.000000,10.619995,-150.000000
1.699400,-1.289995,150.000000,10.619995,-150.000000
1.699600,-1.306842,150.000000,10.619995,-150.000000
1.699800,-1.285767,150.000000,10.619995,-150.000000
1.700000,-1.227574,150.000000,10.619995,-150.000000
1.700200,-1.134223,150.000000,10.619995,-150.000000
1.700400,-1.008742,150.000000,10.619995,-150.000000
1.700600,-0.855101,150.000000,10.619995,-150.000000
1.700800,-0.678063,150.000000,10.619995,-150.000000
1.701000,-0.483014,150.000000,10.619995,-150.000000
1.701200,-0.275782,150.000000,10.619995,-150.000000
1.701400,-0.062452,150.000000,10.619995,-150.000000
1.701600,0.150827,150.000000,10.619995,-150.000000
1.701800,0.358017,150.000000,10.619995,-150.000000
1.702000,0.553358,150.000000,10.619995,-150.000000
1.702200,0.731520,150.000000,10.619995,-150.000000
1.702400,0.887728,150.000000,10.619995,-150.000000
1.702600,1.017870,150.000000,10.619995,-150.000000
1.702800,1.118572,150.000000,10.619995,-150.000000
1.703000,1.187254,150.000000,10.619995,-150.000000
1.703200,1.222158,150.000000,10.619995,-150.000000
1.703400,1.222350,150.000000,10.619995,-150.000000
1.703600,1.187707,150.000000,10.619995,-150.000000
1.703800,1.118876,150.000000,10.619995,-150.000000
1.704000,1.017228,150.000000,10.619995,-150.000000
1.704200,0.884792,150.000000,10.619995,-150.000000
1.704400,0.724181,150.000000,10.619995,-150.000000
1.704600,0.538515,150.000000,10.619995,-150.000000
1.704800,0.331340,150.000000,10.619995,-150.000000
1.705000,0.106544,150.000000,10.619995,-150.000000
1.705200,-0.131724,150.000000,10.619995,-150.000000
1.705400,-0.379132,150.000000,10.619995,-150.000000
1.705600,-0.631242,150.000000,10.619995,-150.000000
1.705800,-0.883579,150.000000,10.619995,-150.000000
1.706000,-1.131703,150.000000,10.619995,-150.000000
1.706200,-1.371271,150.000000,10.619995,-150.000000
1.706400,-1.598097,150.000000,10.619995,-150.000000
1.706600,-1.808215,150.000000,10.619995,-150.000000
1.706800,-1.997930,150.000000,10.619995,-150.000000
1.707000,-2.163876,150.000000,10.619995,-150.000000
1.707200,-2.303067,150.000000,10.619995,-150.000000
1.707400,-2.412947,150.000000,10.619995,-150.000000
1.707600,-2.491434,150.000000,10.619995,-150.000000
1.707800,-2.536965,150.000000,10.619995,-150.000000
1.708000,-2.548533,150.000000,10.619995,-150.000000
1.708200,-2.525712,150.000000,10.619995,-150.000000
1.708400,-2.468685,150.000000,10.619995,-150.000000
1.708600,-2.378248,150.000000,10.619995,-150.000000
1.708800,-2.255812,150.000000,10.619995,-150.000000
1.709000,-2.103389,150.000000,10.619995,-150.000000
1.709200,-1.923562,150.000000,10.619995,-150.000000
1.709400,-1.719444,150.000000,10.619995,-150.000000
1.709600,-1.494617,150.000000,10.619995,-150.000000
1.709800,-1.253064,150.000000,10.619995,-150.000000
1.710000,-0.999082,150.000000,10.619995,-150.000000
1.710200,-0.737190,150.000000,10.619995,-150.000000
1.710400,-0.472023,150.000000,10.619995,-150.000000
1.710600,-0.208230,150.000000,10.619995,-150.000000
1.710800,0.049643,150.000000,10.619995,-150.000000
1.711000,0.297257,150.000000,10.619995,-150.000000
1.711200,0.530580,150.000000,10.619995,-150.000000
1.711400,0.745985,150.000000,10.619995,-150.000000
1.711600,0.940331,150.000000,10.619995,-150.000000
1.711800,1.111023,150.000000,10.619995,-150.000000
1.712000,1.256072,150.000000,10.619995,-150.000000
1.712200,1.374114,150.000000,10.619995,-150.000000
1.712400,1.464429,150.000000,10.619995,-150.000000
1.712600,1.526927,150.000000,10.619995,-150.000000
1.712800,1.562126,150.000000,10.619995,-150.000000
1.713000,1.571101,150.000000,10.619995,-150.000000
1.713200,1.555431,150.000000,10.619995,-150.000000
1.713400,1.517124,150.000000,10.619995,-150.000000
1.713600,1.458537,150.000000,10.619995,-150.000000
1.713800,1.382295,150.000000,10.619995,-150.000000
1.714000,1.291201,150.000000,10.619995,-150.000000
1.714200,1.188152,150.000000,10.619995,-150.000000
1.714400,1.076061,150.000000,10.619995,-150.000000
1.714600,0.957785,150.000000,10.619995,-150.000000
1.714800,0.836063,150.000000,10.619995,-150.000000
1.715000,0.713468,150.000000,10.619995,-150.000000
1.715200,0.592369,150.000000,10.619995,-150.000000
1.715400,0.474908,150.000000,10.619995,-150.000000
1.715600,0.362988,150.000000,10.619995,-150.000000
1.715800,0.258271,150.000000,10.619995,-150.000000
1.716000,0.162189,150.000000,10.619995,-150.000000
1.716200,0.075955,150.000000,10.619995,-150.000000
1.716400,0.000591,150.000000,10.619995,-150.000000
1.716600,-0.063057,150.000000,10.619995,-150.000000
1.716800,-0.114290,150.000000,10.619995,-150.000000
1.717000,-0.152541,150.000000,10.619995,-150.000000
1.717200,-0.177355,150.000000,10.619995,-150.000000
1.717400,-0.188377,150.000000,10.619995,-150.000000
1.717600,-0.185352,150.000000,10.619995,-150.000000
1.717800,-0.168124,150.000000,10.619995,-150.000000
1.718000,-0.136646,150.000000,10.619995,-150.000000
1.718200,-0.090991,150.000000,10.619995,-150.000000
1.718400,-0.031372,150.000000,10.619995,-150.000000
1.718600,0.041839,150.000000,10.619995,-150.000000
1.718800,0.128088,150.000000,10.619995,-150.000000
1.719000,0.226628,150.000000,10.619995,-150.000000
1.719200,0.336499,150.000000,10.619995,-150.000000
1.719400,0.456523,150.000000,10.619995,-150.000000
1.719600,0.585302,150.000000,10.619995,-150.000000
1.719800,0.721232,150.000000,10.619995,-150.000000
1.720000,0.862516,150.000000,10.619995,-150.000000
1.720200,1.007196,150.000000,10.619995,-150.000000
1.720400,1.153191,150.000000,10.619995,-150.000000
1.720600,1.298341,150.000000,10.619995,-150.000000
1.720800,1.440460,150.000000,10.619995,-150.000000
1.721000,1.577393,150.000000,10.619995,-150.000000
1.721200,1.707075,150.000000,10.619995,-150.000000
1.721400,1.827590,150.000000,10.619995,-150.000000
1.721600,1.937221,150.000000,10.619995,-150.000000
1.721800,2.034503,150.000000,10.619995,-150.000000
1.722000,2.118261,150.000000,10.619995,-150.000000
1.722200,2.187639,150.000000,10.619995,-150.000000
1.722400,2.242120,150.000000,10.619995,-150.000000
1.722600,2.281526,150.000000,10.619995,-150.000000
1.722800,2.306017,150.000000,10.619995,-150.000000
1.723000,2.316065,150.000000,10.619995,-150.000000
1.723200,2.312427,150.000000,10.619995,-150.000000
1.723400,2.296103,150.000000,10.619995,-150.000000
1.723600,2.268285,150.000000,10.619995,-150.000000
1.723800,2.230310,150.000000,10.619995,-150.000000
1.724000,2.183601,150.000000,10.619995,-150.000000
1.724200,2.129613,150.000000,10.619995,-150.000000
1.724400,2.069785,150.000000,10.619995,-150.000000
1.724600,2.005496,150.000000,10.619995,-150.000000
1.724800,1.938025,150.000000,10.619995,-150.000000
1.725000,1.868527,150.000000,10.619995,-150.000000
1.725200,1.798013,150.000000,10.619995,-150.000000
1.725400,1.727348,150.000000,10.619995,-150.000000
1.725600,1.657251,150.000000,10.619995,-150.000000
1.725800,1.588309,150.000000,10.619995,-150.000000
1.726000,1.520996,150.000000,10.619995,-150.000000
1.726200,1.455698,150.000000,10.619995,-150.000000
1.726400,1.392742,150.000000,10.619995,-150.000000
1.726600,1.332421,150.000000,10.619995,-150.000000
1.726800,1.275025,150.000000,10.619995,-150.000000
1.727000,1.220852,150.000000,10.619995,-150.000000
1.727200,1.170233,150.000000,10.619995,-150.000000
1.727400,1.123530,150.000000,10.619995,-150.000000
1.727600,1.081134,150.000000,10.619995,-150.000000
1.727800,1.043455,150.000000,10.619995,-150.000000
1.728000,1.010895,150.000000,10.619995,-150.000000
1.728200,0.983819,150.000000,10.619995,-150.000000
1.728400,0.962523,150.000000,10.619995,-150.000000
1.728600,0.947185,150.000000,10.619995,-150.000000
1.728800,0.937832,150.000000,10.619995,-150.000000
1.729000,0.934296,150.000000,10.619995,-150.000000
1.729200,0.936181,150.000000,10.619995,-150.000000
1.729400,0.942836,150.000000,10.619995,-150.000000
1.729600,0.953342,150.000000,10.619995,-150.000000
1.729800,0.966507,150.000000,10.619995,-150.000000
1.730000,0.980884,150.000000,10.619995,-150.000000
1.730200,0.994792,150.000000,10.619995,-150.000000
1.730400,1.006368,150.000000,10.619995,-150.000000
1.730600,1.013620,150.000000,10.619995,-150.000000
1.730800,1.014500,150.000000,10.619995,-150.000000
1.731000,1.006990,150.000000,10.619995,-150.000000
1.731200,0.989183,150.000000,10.619995,-150.000000
1.731400,0.959382,150.000000,10.619995,-150.000000
1.731600,0.916185,150.000000,10.619995,-150.000000
1.731800,0.858569,150.000000,10.619995,-150.000000
1.732000,0.785967,150.000000,10.619995,-150.000000
1.732200,0.698323,150.000000,10.619995,-150.000000
1.732400,0.596131,150.000000,10.619995,-150.000000
1.732600,0.480460,150.000000,10.619995,-150.000000
1.732800,0.352939,150.000000,10.619995,-150.000000
1.733000,0.215739,150.000000,10.619995,-150.000000
1.733200,0.071512,150.000000,10.619995,-150.000000
1.733400,-0.076683,150.000000,10.619995,-150.000000
1.733600,-0.225473,150.000000,10.619995,-150.000000
1.733800,-0.371290,150.000000,10.619995,-150.000000
1.734000,-0.510492,150.000000,10.619995,-150.000000
1.734200,-0.639497,150.000000,10.619995,-150.000000
1.734400,-0.754919,150.000000,10.619995,-150.000000
1.734600,-0.853699,150.000000,10.619995,-150.000000
1.734800,-0.933222,150.000000,10.619995,-150.000000
1.735000,-0.991425,150.000000,10.619995,-150.000000
1.735200,-1.026883,150.000000,10.619995,-150.000000
1.735400,-1.038869,150.000000,10.619995,-150.000000
1.735600,-1.027385,150.000000,10.619995,-150.000000
1.735800,-0.993172,150.000000,10.619995,-150.000000
1.736000,-0.937680,150.000000,10.619995,-150.000000
1.736200,-0.863018,150.000000,10.619995,-150.000000
1.736400,-0.771875,150.000000,10.619995,-150.000000
1.736600,-0.667411,150.000000,10.619995,-150.000000
1.736800,-0.553140,150.000000,10.619995,-150.000000
1.737000,-0.432792,150.000000,10.619995,-150.000000
1.737200,-0.310169,150.000000,10.619995,-150.000000
1.737400,-0.188999,150.000000,10.619995,-150.000000
1.737600,-0.072796,150.000000,10.619995,-150.000000
1.737800,0.035271,150.000000,10.619995,-150.000000
1.738000,0.132494,150.000000,10.619995,-150.000000
1.738200,0.216718,150.000000,10.619995,-150.000000
1.738400,0.286410,150.000000,10.619995,-150.000000
1.738600,0.340702,150.000000,10.619995,-150.000000
1.738800,0.379405,150.000000,10.619995,-150.000000
1.739000,0.402988,150.000000,10.619995,-150.000000
1.739200,0.412541,150.000000,10.619995,-150.000000
1.739400,0.409705,150.000000,10.619995,-150.000000
1.739600,0.396579,150.000000,10.619995,-150.000000
1.739800,0.375617,150.000000,10.619995,-150.000000
1.740000,0.349505,150.000000,10.619995,-150.000000
1.740200,0.321039,150.000000,10.619995,-150.000000
1.740400,0.292993,150.000000,10.619995,-150.000000
1.740600,0.268002,150.000000,10.619995,-150.000000
1.740800,0.248448,150.000000,10.619995,-150.000000
1.741000,0.236362,150.000000,10.619995,-150.000000
1.741200,0.233345,150.000000,10.619995,-150.000000
1.741400,0.240513,150.000000,10.619995,-150.000000
1.741600,0.258460,150.000000,10.619995,-150.000000
1.741800,0.287248,150.000000,10.619995,-150.000000
1.742000,0.326420,150.000000,10.619995,-150.000000
1.742200,0.375036,150.000000,10.619995,-150.000000
1.742400,0.431726,150.000000,10.619995,-150.000000
1.742600,0.494759,150.000000,10.619995,-150.000000
1.742800,0.562125,150.000000,10.619995,-150.000000
1.743000,0.631627,150.000000,10.619995,-150.000000
1.743200,0.700974,150.000000,10.619995,-150.000000
1.743400,0.767871,150.000000,10.619995,-150.000000
1.743600,0.830108,150.000000,10.619995,-150.000000
1.743800,0.885638,150.000000,10.619995,-150.000000
1.744000,0.932642,150.000000,10.619995,-150.000000
1.744200,0.969582,150.000000,10.619995,-150.000000
1.744400,0.995238,150.000000,10.619995,-150.000000
1.744600,1.008730,150.000000,10.619995,-150.000000
1.744800,1.009520,150.000000,10.619995,-150.000000
1.745000,0.997407,150.000000,10.619995,-150.000000
1.745200,0.972502,150.000000,10.619995,-150.000000
1.745400,0.935201,150.000000,10.619995,-150.000000
1.745600,0.886141,150.000000,10.619995,-150.000000
1.745800,0.826162,150.000000,10.619995,-150.000000
1.746000,0.756262,150.000000,10.619995,-150.000000
1.746200,0.677556,150.000000,10.619995,-150.000000
1.746400,0.591237,150.000000,10.619995,-150.000000
1.746600,0.498547,150.000000,10.619995,-150.000000
1.746800,0.400753,150.000000,10.619995,-150.000000
1.747000,0.299133,150.000000,10.619995,-150.000000
1.747200,0.194969,150.000000,10.619995,-150.000000
1.747400,0.089551,150.000000,10.619995,-150.000000
1.747600,-0.015816,150.000000,10.619995,-150.000000
1.747800,-0.119800,150.000000,10.619995,-150.000000
1.748000,-0.221025,150.000000,10.619995,-150.000000
1.748200,-0.318058,150.000000,10.619995,-150.000000
1.748400,-0.409395,150.000000,10.619995,-150.000000
1.748600,-0.493458,150.000000,10.619995,-150.000000
1.748800,-0.568593,150.000000,10.619995,-150.000000
1.749000,-0.633085,150.000000,10.619995,-150.000000
1.749200,-0.685179,150.000000,10.619995,-150.000000
1.749400,-0.723113,150.000000,10.619995,-150.000000
1.749600,-0.745168,150.000000,10.619995,-150.000000
1.749800,-0.749719,150.000000,10.619995,-150.000000
1.750000,-0.735302,150.000000,10.619995,-150.000000
1.750200,-0.700687,150.000000,10.619995,-150.000000
1.750400,-0.644947,150.000000,10.619995,-150.000000
1.750600,-0.567537,150.000000,10.619995,-150.000000
1.750800,-0.468358,150.000000,10.619995,-150.000000
1.751000,-0.347821,150.000000,10.619995,-150.000000
1.751200,-0.206894,150.000000,10.619995,-150.000000
1.751400,-0.047134,150.000000,10.619995,-150.000000
1.751600,0.129301,150.000000,10.619995,-150.000000
1.751800,0.319654,150.000000,10.619995,-150.000000
1.752000,0.520608,150.000000,10.619995,-150.000000
1.752200,0.728333,150.000000,10.619995,-150.000000
1.752400,0.938566,150.000000,10.619995,-150.000000
1.752600,1.146709,150.000000,10.619995,-150.000000
1.752800,1.347942,150.000000,10.619995,-150.000000
1.753000,1.537359,150.000000,10.619995,-150.000000
1.753200,1.710108,150.000000,10.619995,-150.000000
1.753400,1.861537,150.000000,10.619995,-150.000000
1.753600,1.987346,150.000000,10.619995,-150.000000
1.753800,2.083729,150.000000,10.619995,-150.000000
1.754000,2.147503,150.000000,10.619995,-150.000000
1.754200,2.176227,150.000000,10.619995,-150.000000
1.754400,2.168295,150.000000,10.619995,-150.000000
1.754600,2.123004,150.000000,10.619995,-150.000000
1.754800,2.040597,150.000000,10.619995,-150.000000
1.755000,1.922274,150.000000,10.619995,-150.000000
1.755200,1.770164,150.000000,10.619995,-150.000000
1.755400,1.587282,150.000000,10.619995,-150.000000
1.755600,1.377439,150.000000,10.619995,-150.000000
1.755800,1.145134,150.000000,10.619995,-150.000000
1.756000,0.895423,150.000000,10.619995,-150.000000
1.756200,0.633766,150.000000,10.619995,-150.000000
1.756400,0.365862,150.000000,10.619995,-150.000000
1.756600,0.097476,150.000000,10.619995,-150.000000
1.756800,-0.165734,150.000000,10.619995,-150.000000
1.757000,-0.418387,150.000000,10.619995,-150.000000
1.757200,-0.655533,150.000000,10.619995,-150.000000
1.757400,-0.872799,150.000000,10.619995,-150.000000
1.757600,-1.066505,150.000000,10.619995,-150.000000
1.757800,-1.233759,150.000000,10.619995,-150.000000
1.758000,-1.372522,150.000000,10.619995,-150.000000
1.758200,-1.481645,150.000000,10.619995,-150.000000
1.758400,-1.560870,150.000000,10.619995,-150.000000
1.758600,-1.610805,150.000000,10.619995,-150.000000
1.758800,-1.632868,150.000000,10.619995,-150.000000
1.759000,-1.629206,150.000000,10.619995,-150.000000
1.759200,-1.602588,150.000000,10.619995,-150.000000
1.759400,-1.556283,150.000000,10.619995,-150.000000
1.759600,-1.493925,150.000000,10.619995,-150.000000
1.759800,-1.419369,150.000000,10.619995,-150.000000
1.760000,-1.336542,150.000000,10.619995,-150.000000
1.760200,-1.249303,150.000000,10.619995,-150.000000
1.760400,-1.161306,150.000000,10.619995,-150.000000
1.760600,-1.075881,150.000000,10.619995,-150.000000
1.760800,-0.995928,150.000000,10.619995,-150.000000
1.761000,-0.923836,150.000000,10.619995,-150.000000
1.761200,-0.861419,150.000000,10.619995,-150.000000
1.761400,-0.809883,150.000000,10.619995,-150.000000
1.761600,-0.769818,150.000000,10.619995,-150.000000
1.761800,-0.741208,150.000000,10.619995,-150.000000
1.762000,-0.723468,150.000000,10.619995,-150.000000
1.762200,-0.715510,150.000000,10.619995,-150.000000
1.762400,-0.715809,150.000000,10.619995,-150.000000
1.762600,-0.722504,150.000000,10.619995,-150.000000
1.762800,-0.733491,150.000000,10.619995,-150.000000
1.763000,-0.746537,150.000000,10.619995,-150.000000
1.763200,-0.759385,150.000000,10.619995,-150.000000
1.763400,-0.769860,150.000000,10.619995,-150.000000
1.763600,-0.775973,150.000000,10.619995,-150.000000
1.763800,-0.776003,150.000000,10.619995,-150.000000
1.764000,-0.768578,150.000000,10.619995,-150.000000
1.764200,-0.752730,150.000000,10.619995,-150.000000
1.764400,-0.727939,150.000000,10.619995,-150.000000
1.764600,-0.694149,150.000000,10.619995,-150.000000
1.764800,-0.651774,150.000000,10.619995,-150.000000
1.765000,-0.601679,150.000000,10.619995,-150.000000
1.765200,-0.545143,150.000000,10.619995,-150.000000
1.765400,-0.483806,150.000000,10.619995,-150.000000
1.765600,-0.419605,150.000000,10.619995,-150.000000
1.765800,-0.354697,150.000000,10.619995,-150.000000
1.766000,-0.291371,150.000000,10.619995,-150.000000
1.766200,-0.231962,150.000000,10.619995,-150.000000
1.766400,-0.178761,150.000000,10.619995,-150.000000
1.766600,-0.133923,150.000000,10.619995,-150.000000
1.766800,-0.099394,150.000000,10.619995,-150.000000
1.767000,-0.076832,150.000000,10.619995,-150.000000
1.767200,-0.067552,150.000000,10.619995,-150.000000
1.767400,-0.072473,150.000000,10.619995,-150.000000
1.767600,-0.092095,150.000000,10.619995,-150.000000
1.767800,-0.126478,150.000000,10.619995,-150.000000
1.768000,-0.175245,150.000000,10.619995,-150.000000
1.768200,-0.237601,150.000000,10.619995,-150.000000
1.768400,-0.312363,150.000000,10.619995,-150.000000
1.768600,-0.398008,150.000000,10.619995,-150.000000
1.768800,-0.492729,150.000000,10.619995,-150.000000
1.769000,-0.594502,150.000000,10.619995,-150.000000
1.769200,-0.701153,150.000000,10.619995,-150.000000
1.769400,-0.810441,150.000000,10.619995,-150.000000
1.769600,-0.920126,150.000000,10.619995,-150.000000
1.769800,-1.028040,150.000000,10.619995,-150.000000
1.770000,-1.132157,150.000000,10.619995,-150.000000
1.770200,-1.230646,150.000000,10.619995,-150.000000
1.770400,-1.321918,150.000000,10.619995,-150.000000
1.770600,-1.404660,150.000000,10.619995,-150.000000
1.770800,-1.477857,150.000000,10.619995,-150.000000
1.771000,-1.540794,150.000000,10.619995,-150.000000
1.771200,-1.593057,150.000000,10.619995,-150.000000
1.771400,-1.634507,150.000000,10.619995,-150.000000
1.771600,-1.665252,150.000000,10.619995,-150.000000
1.771800,-1.685608,150.000000,10.619995,-150.000000
1.772000,-1.696049,150.000000,10.619995,-150.000000
1.772200,-1.697154,150.000000,10.619995,-150.000000
1.772400,-1.689560,150.000000,10.619995,-150.000000
1.772600,-1.673902,150.000000,10.619995,-150.000000
1.772800,-1.650769,150.000000,10.619995,-150.000000
1.773000,-1.620663,150.000000,10.619995,-150.000000
1.773200,-1.583963,150.000000,10.619995,-150.000000
1.773400,-1.540910,150.000000,10.619995,-150.000000
1.773600,-1.491591,150.000000,10.619995,-150.000000
1.773800,-1.435949,150.000000,10.619995,-150.000000
1.774000,-1.373797,150.000000,10.619995,-150.000000
1.774200,-1.304848,150.000000,10.619995,-150.000000
1.774400,-1.228758,150.000000,10.619995,-150.000000
1.774600,-1.145172,150.000000,10.619995,-150.000000
1.774800,-1.053784,150.000000,10.619995,-150.000000
1.775000,-0.954396,150.000000,10.619995,-150.000000
1.775200,-0.846979,150.000000,10.619995,-150.000000
1.775400,-0.731729,150.000000,10.619995,-150.000000
1.775600,-0.609119,150.000000,10.619995,-150.000000
1.775800,-0.479939,150.000000,10.619995,-150.000000
1.776000,-0.345329,150.000000,10.619995,-150.000000
1.776200,-0.206782,150.000000,10.619995,-150.000000
1.776400,-0.066152,150.000000,10.619995,-150.000000
1.776600,0.074379,150.000000,10.619995,-150.000000
1.776800,0.212336,150.000000,10.619995,-150.000000
1.777000,0.345015,150.000000,10.619995,-150.000000
1.777200,0.469555,150.000000,10.619995,-150.000000
1.777400,0.583031,150.000000,10.619995,-150.000000
1.777600,0.682556,150.000000,10.619995,-150.000000
1.777800,0.765390,150.000000,10.619995,-150.000000
1.778000,0.829051,150.000000,10.619995,-150.000000
1.778200,0.871431,150.000000,10.619995,-150.000000
1.778400,0.890895,150.000000,10.619995,-150.000000
1.778600,0.886382,150.000000,10.619995,-150.000000
1.778800,0.857474,150.000000,10.619995,-150.000000
1.779000,0.804464,150.000000,10.619995,-150.000000
1.779200,0.728385,150.000000,10.619995,-150.000000
1.779400,0.631017,150.000000,10.619995,-150.000000
1.779600,0.514875,150.000000,10.619995,-150.000000
1.779800,0.383155,150.000000,10.619995,-150.000000
1.780000,0.239659,150.000000,10.619995,-150.000000
1.780200,0.088697,150.000000,10.619995,-150.000000
1.780400,-0.065043,150.000000,10.619995,-150.000000
1.780600,-0.216637,150.000000,10.619995,-150.000000
1.780800,-0.361090,150.000000,10.619995,-150.000000
1.781000,-0.493498,150.000000,10.619995,-150.000000
1.781200,-0.609227,150.000000,10.619995,-150.000000
1.781400,-0.704081,150.000000,10.619995,-150.000000
1.781600,-0.774460,150.000000,10.619995,-150.000000
1.781800,-0.817503,150.000000,10.619995,-150.000000
1.782000,-0.831214,150.000000,10.619995,-150.000000
1.782200,-0.814551,150.000000,10.619995,-150.000000
1.782400,-0.767489,150.000000,10.619995,-150.000000
1.782600,-0.691050,150.000000,10.619995,-150.000000
1.782800,-0.587292,150.000000,10.619995,-150.000000
1.783000,-0.459262,150.000000,10.619995,-150.000000
1.783200,-0.310912,150.000000,10.619995,-150.000000
1.783400,-0.146981,150.000000,10.619995,-150.000000
1.783600,0.027152,150.000000,10.619995,-150.000000
1.783800,0.205645,150.000000,10.619995,-150.000000
1.784000,0.382392,150.000000,10.619995,-150.000000
1.784200,0.551221,150.000000,10.619995,-150.000000
1.784400,0.706121,150.000000,10.619995,-150.000000
1.784600,0.841446,150.000000,10.619995,-150.000000
1.784800,0.952124,150.000000,10.619995,-150.000000
1.785000,1.033838,150.000000,10.619995,-150.000000
1.785200,1.083195,150.000000,10.619995,-150.000000
1.785400,1.097850,150.000000,10.619995,-150.000000
1.785600,1.076609,150.000000,10.619995,-150.000000
1.785800,1.019484,150.000000,10.619995,-150.000000
1.786000,0.927706,150.000000,10.619995,-150.000000
1.786200,0.803698,150.000000,10.619995,-150.000000
1.786400,0.651007,150.000000,10.619995,-150.000000
1.786600,0.474189,150.000000,10.619995,-150.000000
1.786800,0.278669,150.000000,10.619995,-150.000000
1.787000,0.070555,150.000000,10.619995,-150.000000
1.787200,-0.143559,150.000000,10.619995,-150.000000
1.787400,-0.356821,150.000000,10.619995,-150.000000
1.787600,-0.562347,150.000000,10.619995,-150.000000
1.787800,-0.753456,150.000000,10.619995,-150.000000
1.788000,-0.923900,150.000000,10.619995,-150.000000
1.788200,-1.068076,150.000000,10.619995,-150.000000
1.788400,-1.181211,150.000000,10.619995,-150.000000
1.788600,-1.259529,150.000000,10.619995,-150.000000
1.788800,-1.300375,150.000000,10.619995,-150.000000
1.789000,-1.302302,150.000000,10.619995,-150.000000
1.789200,-1.265111,150.000000,10.619995,-150.000000
1.789400,-1.189857,150.000000,10.619995,-150.000000
1.789600,-1.078803,150.000000,10.619995,-150.000000
1.789800,-0.935331,150.000000,10.619995,-150.000000
1.790000,-0.763821,150.000000,10.619995,-150.000000
1.790200,-0.569490,150.000000,10.619995,-150.000000
1.790400,-0.358205,150.000000,10.619995,-150.000000
1.790600,-0.136274,150.000000,10.619995,-150.000000
1.790800,0.089776,150.000000,10.619995,-150.000000
1.791000,0.313426,150.000000,10.619995,-150.000000
1.791200,0.528390,150.000000,10.619995,-150.000000
1.791400,0.728831,150.000000,10.619995,-150.000000
1.791600,0.909553,150.000000,10.619995,-150.000000
1.791800,1.066174,150.000000,10.619995,-150.000000
1.792000,1.195259,150.000000,10.619995,-150.000000
1.792200,1.294429,150.000000,10.619995,-150.000000
1.792400,1.362416,150.000000,10.619995,-150.000000
1.792600,1.399089,150.000000,10.619995,-150.000000
1.792800,1.405430,150.000000,10.619995,-150.000000
1.793000,1.383477,150.000000,10.619995,-150.000000
1.793200,1.336222,150.000000,10.619995,-150.000000
1.793400,1.267480,150.000000,10.619995,-150.000000
1.793600,1.181731,150.000000,10.619995,-150.000000
1.793800,1.083937,150.000000,10.619995,-150.000000
1.794000,0.979347,150.000000,10.619995,-150.000000
1.794200,0.873292,150.000000,10.619995,-150.000000
1.794400,0.770984,150.000000,10.619995,-150.000000
1.794600,0.677323,150.000000,10.619995,-150.000000
1.794800,0.596714,150.000000,10.619995,-150.000000
1.795000,0.532912,150.000000,10.619995,-150.000000
1.795200,0.488891,150.000000,10.619995,-150.000000
1.795400,0.466745,150.000000,10.619995,-150.000000
1.795600,0.467624,150.000000,10.619995,-150.000000
1.795800,0.491704,150.000000,10.619995,-150.000000
1.796000,0.538199,150.000000,10.619995,-150.000000
1.796200,0.605405,150.000000,10.619995,-150.000000
1.796400,0.690777,150.000000,10.619995,-150.000000
1.796600,0.791038,150.000000,10.619995,-150.000000
1.796800,0.902312,150.000000,10.619995,-150.000000
1.797000,1.020280,150.000000,10.619995,-150.000000
1.797200,1.140344,150.000000,10.619995,-150.000000
1.797400,1.257805,150.000000,10.619995,-150.000000
1.797600,1.368036,150.000000,10.619995,-150.000000
1.797800,1.466655,150.000000,10.619995,-150.000000
1.798000,1.549683,150.000000,10.619995,-150.000000
1.798200,1.613684,150.000000,10.619995,-150.000000
1.798400,1.655888,150.000000,10.619995,-150.000000
1.798600,1.674283,150.000000,10.619995,-150.000000
1.798800,1.667683,150.000000,10.619995,-150.000000
1.799000,1.635763,150.000000,10.619995,-150.000000
1.799200,1.579067,150.000000,10.619995,-150.000000
1.799400,1.498982,150.000000,10.619995,-150.000000
1.799600,1.397688,150.000000,10.619995,-150.000000
1.799800,1.278079,150.000000,10.619995,-150.000000
1.800000,1.143665,150.000000,10.619995,-150.000000
1.800200,0.998450,150.000000,10.619995,-150.000000
1.800400,0.846806,150.000000,10.619995,-150.000000
1.800600,0.693327,150.000000,10.619995,-150.000000
1.800800,0.542685,150.000000,10.619995,-150.000000
1.801000,0.399490,150.000000,10.619995,-150.000000
1.801200,0.268143,150.000000,10.619995,-150.000000
1.801400,0.152711,150.000000,10.619995,-150.000000
1.801600,0.056811,150.000000,10.619995,-150.000000
1.801800,-0.016495,150.000000,10.619995,-150.000000
1.802000,-0.064781,150.000000,10.619995,-150.000000
1.802200,-0.086317,150.000000,10.619995,-150.000000
1.802400,-0.080115,150.000000,10.619995,-150.000000
1.802600,-0.045945,150.000000,10.619995,-150.000000
1.802800,0.015664,150.000000,10.619995,-150.000000
1.803000,0.103445,150.000000,10.619995,-150.000000
1.803200,0.215436,150.000000,10.619995,-150.000000
1.803400,0.349035,150.000000,10.619995,-150.000000
1.803600,0.501071,150.000000,10.619995,-150.000000
1.803800,0.667894,150.000000,10.619995,-150.000000
1.804000,0.845461,150.000000,10.619995,-150.000000
1.804200,1.029450,150.000000,10.619995,-150.000000
1.804400,1.215355,150.000000,10.619995,-150.000000
1.804600,1.398606,150.000000,10.619995,-150.000000
1.804800,1.574672,150.000000,10.619995,-150.000000
1.805000,1.739170,150.000000,10.619995,-150.000000
1.805200,1.887968,150.000000,10.619995,-150.000000
1.805400,2.017281,150.000000,10.619995,-150.000000
1.805600,2.123759,150.000000,10.619995,-150.000000
1.805800,2.204563,150.000000,10.619995,-150.000000
1.806000,2.257431,150.000000,10.619995,-150.000000
1.806200,2.280732,150.000000,10.619995,-150.000000
1.806400,2.273503,150.000000,10.619995,-150.000000
1.806600,2.235475,150.000000,10.619995,-150.000000
1.806800,2.167078,150.000000,10.619995,-150.000000
1.807000,2.069435,150.000000,10.619995,-150.000000
1.807200,1.944337,150.000000,10.619995,-150.000000
1.807400,1.794203,150.000000,10.619995,-150.000000
1.807600,1.622019,150.000000,10.619995,-150.000000
1.807800,1.431276,150.000000,10.619995,-150.000000
1.808000,1.225875,150.000000,10.619995,-150.000000
1.808200,1.010038,150.000000,10.619995,-150.000000
1.808400,0.788198,150.000000,10.619995,-150.000000
1.808600,0.564888,150.000000,10.619995,-150.000000
1.808800,0.344619,150.000000,10.619995,-150.000000
1.809000,0.131766,150.000000,10.619995,-150.000000
1.809200,-0.069555,150.000000,10.619995,-150.000000
1.809400,-0.255594,150.000000,10.619995,-150.000000
1.809600,-0.423071,150.000000,10.619995,-150.000000
1.809800,-0.569270,150.000000,10.619995,-150.000000
1.810000,-0.692109,150.000000,10.619995,-150.000000
1.810200,-0.790198,150.000000,10.619995,-150.000000
1.810400,-0.862877,150.000000,10.619995,-150.000000
1.810600,-0.910225,150.000000,10.619995,-150.000000
1.810800,-0.933054,150.000000,10.619995,-150.000000
1.811000,-0.932874,150.000000,10.619995,-150.000000
1.811200,-0.911832,150.000000,10.619995,-150.000000
1.811400,-0.872639,150.000000,10.619995,-150.000000
1.811600,-0.818470,150.000000,10.619995,-150.000000
1.811800,-0.752846,150.000000,10.619995,-150.000000
1.812000,-0.679513,150.000000,10.619995,-150.000000
1.812200,-0.602301,150.000000,10.619995,-150.000000
1.812400,-0.524992,150.000000,10.619995,-150.000000
1.812600,-0.451176,150.000000,10.619995,-150.000000
1.812800,-0.384129,150.000000,10.619995,-150.000000
1.813000,-0.326689,150.000000,10.619995,-150.000000
1.813200,-0.281157,150.000000,10.619995,-150.000000
1.813400,-0.249217,150.000000,10.619995,-150.000000
1.813600,-0.231877,150.000000,10.619995,-150.000000
1.813800,-0.229440,150.000000,10.619995,-150.000000
1.814000,-0.241502,150.000000,10.619995,-150.000000
1.814200,-0.266973,150.000000,10.619995,-150.000000
1.814400,-0.304137,150.000000,10.619995,-150.000000
1.814600,-0.350722,150.000000,10.619995,-150.000000
1.814800,-0.404009,150.000000,10.619995,-150.000000
1.815000,-0.460942,150.000000,10.619995,-150.000000
1.815200,-0.518267,150.000000,10.619995,-150.000000
1.815400,-0.572669,150.000000,10.619995,-150.000000
1.815600,-0.620917,150.000000,10.619995,-150.000000
1.815800,-0.660001,150.000000,10.619995,-150.000000
1.816000,-0.687266,150.000000,10.619995,-150.000000
1.816200,-0.700519,150.000000,10.619995,-150.000000
1.816400,-0.698132,150.000000,10.619995,-150.000000
1.816600,-0.679104,150.000000,10.619995,-150.000000
1.816800,-0.643113,150.000000,10.619995,-150.000000
1.817000,-0.590521,150.000000,10.619995,-150.000000
1.817200,-0.522365,150.000000,10.619995,-150.000000
1.817400,-0.440305,150.000000,10.619995,-150.000000
1.817600,-0.346556,150.000000,10.619995,-150.000000
1.817800,-0.243790,150.000000,10.619995,-150.000000
1.818000,-0.135014,150.000000,10.619995,-150.000000
1.818200,-0.023442,150.000000,10.619995,-150.000000
1.818400,0.087650,150.000000,10.619995,-150.000000
1.818600,0.195065,150.000000,10.619995,-150.000000
1.818800,0.295835,150.000000,10.619995,-150.000000
1.819000,0.387345,150.000000,10.619995,-150.000000
1.819200,0.467452,150.000000,10.619995,-150.000000
1.819400,0.534583,150.000000,10.619995,-150.000000
1.819600,0.587804,150.000000,10.619995,-150.000000
1.819800,0.626862,150.000000,10.619995,-150.000000
1.820000,0.652196,150.000000,10.619995,-150.000000
1.820200,0.664918,150.000000,10.619995,-150.000000
1.820400,0.666765,150.000000,10.619995,-150.000000
1.820600,0.660017,150.000000,10.619995,-150.000000
1.820800,0.647394,150.000000,10.619995,-150.000000
1.821000,0.631937,150.000000,10.619995,-150.000000
1.821200,0.616861,150.000000,10.619995,-150.000000
1.821400,0.605411,150.000000,10.619995,-150.000000
1.821600,0.600712,150.000000,10.619995,-150.000000
1.821800,0.605619,150.000000,10.619995,-150.000000
1.822000,0.622581,150.000000,10.619995,-150.000000
1.822200,0.653521,150.000000,10.619995,-150.000000
1.822400,0.699740,150.000000,10.619995,-150.000000
1.822600,0.761842,150.000000,10.619995,-150.000000
1.822800,0.839689,150.000000,10.619995,-150.000000
1.823000,0.932397,150.000000,10.619995,-150.000000
1.823200,1.038349,150.000000,10.619995,-150.000000
1.823400,1.155249,150.000000,10.619995,-150.000000
1.823600,1.280201,150.000000,10.619995,-150.000000
1.823800,1.409817,150.000000,10.619995,-150.000000
1.824000,1.540339,150.000000,10.619995,-150.000000
1.824200,1.667783,150.000000,10.619995,-150.000000
1.824400,1.788089,150.000000,10.619995,-150.000000
1.824600,1.897274,150.000000,10.619995,-150.000000
1.824800,1.991585,150.000000,10.619995,-150.000000
1.825000,2.067633,150.000000,10.619995,-150.000000
1.825200,2.122527,150.000000,10.619995,-150.000000
1.825400,2.153970,150.000000,10.619995,-150.000000
1.825600,2.160343,150.000000,10.619995,-150.000000
1.825800,2.140755,150.000000,10.619995,-150.000000
1.826000,2.095070,150.000000,10.619995,-150.000000
1.826200,2.023894,150.000000,10.619995,-150.000000
1.826400,1.928547,150.000000,10.619995,-150.000000
1.826600,1.810996,150.000000,10.619995,-150.000000
1.826800,1.673772,150.000000,10.619995,-150.000000
1.827000,1.519868,150.000000,10.619995,-150.000000
1.827200,1.352616,150.000000,10.619995,-150.000000
1.827400,1.175566,150.000000,10.619995,-150.000000
1.827600,0.992352,150.000000,10.619995,-150.000000
1.827800,0.806570,150.000000,10.619995,-150.000000
1.828000,0.621651,150.000000,10.619995,-150.000000
1.828200,0.440766,150.000000,10.619995,-150.000000
1.828400,0.266725,150.000000,10.619995,-150.000000
1.828600,0.101919,150.000000,10.619995,-150.000000
1.828800,-0.051735,150.000000,10.619995,-150.000000
1.829000,-0.192814,150.000000,10.619995,-150.000000
1.829200,-0.320387,150.000000,10.619995,-150.000000
1.829400,-0.434000,150.000000,10.619995,-150.000000
1.829600,-0.533627,150.000000,10.619995,-150.000000
1.829800,-0.619614,150.000000,10.619995,-150.000000
1.830000,-0.692611,150.000000,10.619995,-150.000000
1.830200,-0.753488,150.000000,10.619995,-150.000000
1.830400,-0.803251,150.000000,10.619995,-150.000000
1.830600,-0.842958,150.000000,10.619995,-150.000000
1.830800,-0.873641,150.000000,10.619995,-150.000000
1.831000,-0.896233,150.000000,10.619995,-150.000000
1.831200,-0.911512,150.000000,10.619995,-150.000000
1.831400,-0.920054,150.000000,10.619995,-150.000000
1.831600,-0.922208,150.000000,10.619995,-150.000000
1.831800,-0.918086,150.000000,10.619995,-150.000000
1.832000,-0.907570,150.000000,10.619995,-150.000000
1.832200,-0.890340,150.000000,10.619995,-150.000000
1.832400,-0.865908,150.000000,10.619995,-150.000000
1.832600,-0.833675,150.000000,10.619995,-150.000000
1.832800,-0.792989,150.000000,10.619995,-150.000000
1.833000,-0.743214,150.000000,10.619995,-150.000000
1.833200,-0.683800,150.000000,10.619995,-150.000000
1.833400,-0.614347,150.000000,10.619995,-150.000000
1.833600,-0.534671,150.000000,10.619995,-150.000000
1.833800,-0.444854,150.000000,10.619995,-150.000000
1.834000,-0.345288,150.000000,10.619995,-150.000000
1.834200,-0.236704,150.000000,10.619995,-150.000000
1.834400,-0.120180,150.000000,10.619995,-150.000000
1.834600,0.002858,150.000000,10.619995,-150.000000
1.834800,0.130657,150.000000,10.619995,-150.000000
1.835000,0.261171,150.000000,10.619995,-150.000000
1.835200,0.392113,150.000000,10.619995,-150.000000
1.835400,0.521012,150.000000,10.619995,-150.000000
1.835600,0.645285,150.000000,10.619995,-150.000000
1.835800,0.762311,150.000000,10.619995,-150.000000
1.836000,0.869512,150.000000,10.619995,-150.000000
1.836200,0.964430,150.000000,10.619995,-150.000000
1.836400,1.044805,150.000000,10.619995,-150.000000
1.836600,1.108641,150.000000,10.619995,-150.000000
1.836800,1.154267,150.000000,10.619995,-150.000000
1.837000,1.180390,150.000000,10.619995,-150.000000
1.837200,1.186125,150.000000,10.619995,-150.000000
1.837400,1.171025,150.000000,10.619995,-150.000000
1.837600,1.135087,150.000000,10.619995,-150.000000
1.837800,1.078750,150.000000,10.619995,-150.000000
1.838000,1.002875,150.000000,10.619995,-150.000000
1.838200,0.908719,150.000000,10.619995,-150.000000
1.838400,0.797895,150.000000,10.619995,-150.000000
1.838600,0.672325,150.000000,10.619995,-150.000000
1.838800,0.534188,150.000000,10.619995,-150.000000
1.839000,0.385864,150.000000,10.619995,-150.000000
1.839200,0.229871,150.000000,10.619995,-150.000000
1.839400,0.068815,150.000000,10.619995,-150.000000
1.839600,-0.094676,150.000000,10.619995,-150.000000
1.839800,-0.257996,150.000000,10.619995,-150.000000
1.840000,-0.418614,150.000000,10.619995,-150.000000
1.840200,-0.574113,150.000000,10.619995,-150.000000
1.840400,-0.722228,150.000000,10.619995,-150.000000
1.840600,-0.860874,150.000000,10.619995,-150.000000
1.840800,-0.988170,150.000000,10.619995,-150.000000
1.841000,-1.102457,150.000000,10.619995,-150.000000
1.841200,-1.202310,150.000000,10.619995,-150.000000
1.841400,-1.286549,150.000000,10.619995,-150.000000
1.841600,-1.354239,150.000000,10.619995,-150.000000
1.841800,-1.404695,150.000000,10.619995,-150.000000
1.842000,-1.437483,150.000000,10.619995,-150.000000
1.842200,-1.452414,150.000000,10.619995,-150.000000
1.842400,-1.449547,150.000000,10.619995,-150.000000
1.842600,-1.429179,150.000000,10.619995,-150.000000
1.842800,-1.391847,150.000000,10.619995,-150.000000
1.843000,-1.338317,150.000000,10.619995,-150.000000
1.843200,-1.269582,150.000000,10.619995,-150.000000
1.843400,-1.186851,150.000000,10.619995,-150.000000
1.843600,-1.091539,150.000000,10.619995,-150.000000
1.843800,-0.985256,150.000000,10.619995,-150.000000
1.844000,-0.869788,150.000000,10.619995,-150.000000
1.844200,-0.747077,150.000000,10.619995,-150.000000
1.844400,-0.619201,150.000000,10.619995,-150.000000
1.844600,-0.488342,150.000000,10.619995,-150.000000
1.844800,-0.356754,150.000000,10.619995,-150.000000
1.845000,-0.226730,150.000000,10.619995,-150.000000
1.845200,-0.100560,150.000000,10.619995,-150.000000
1.845400,0.019508,150.000000,10.619995,-150.000000
1.845600,0.131313,150.000000,10.619995,-150.000000
1.845800,0.232823,150.000000,10.619995,-150.000000
1.846000,0.322177,150.000000,10.619995,-150.000000
1.846200,0.397726,150.000000,10.619995,-150.000000
1.846400,0.458069,150.000000,10.619995,-150.000000
1.846600,0.502085,150.000000,10.619995,-150.000000
1.846800,0.528956,150.000000,10.619995,-150.000000
1.847000,0.538189,150.000000,10.619995,-150.000000
1.847200,0.529626,150.000000,10.619995,-150.000000
1.847400,0.503443,150.000000,10.619995,-150.000000
1.847600,0.460150,150.000000,10.619995,-150.000000
1.847800,0.400573,150.000000,10.619995,-150.000000
1.848000,0.325831,150.000000,10.619995,-150.000000
1.848200,0.237314,150.000000,10.619995,-150.000000
1.848400,0.136640,150.000000,10.619995,-150.000000
1.848600,0.025623,150.000000,10.619995,-150.000000
1.848800,-0.093774,150.000000,10.619995,-150.000000
1.849000,-0.219482,150.000000,10.619995,-150.000000
1.849200,-0.349368,150.000000,10.619995,-150.000000
1.849400,-0.481284,150.000000,10.619995,-150.000000
1.849600,-0.613100,150.000000,10.619995,-150.000000
1.849800,-0.742749,150.000000,10.619995,-150.000000
1.850000,-0.868252,150.000000,10.619995,-150.000000
1.850200,-0.987751,150.000000,10.619995,-150.000000
1.850400,-1.099523,150.000000,10.619995,-150.000000
1.850600,-1.202003,150.000000,10.619995,-150.000000
1.850800,-1.293788,150.000000,10.619995,-150.000000
1.851000,-1.373644,150.000000,10.619995,-150.000000
1.851200,-1.440505,150.000000,10.619995,-150.000000
1.851400,-1.493469,150.000000,10.619995,-150.000000
1.851600,-1.531794,150.000000,10.619995,-150.000000
1.851800,-1.554892,150.000000,10.619995,-150.000000
1.852000,-1.562316,150.000000,10.619995,-150.000000
1.852200,-1.553763,150.000000,10.619995,-150.000000
1.852400,-1.529059,150.000000,10.619995,-150.000000
1.852600,-1.488167,150.000000,10.619995,-150.000000
1.852800,-1.431179,150.000000,10.619995,-150.000000
1.853000,-1.358326,150.000000,10.619995,-150.000000
1.853200,-1.269982,150.000000,10.619995,-150.000000
1.853400,-1.166671,150.000000,10.619995,-150.000000
1.853600,-1.049081,150.000000,10.619995,-150.000000
1.853800,-0.918069,150.000000,10.619995,-150.000000
1.854000,-0.774680,150.000000,10.619995,-150.000000
1.854200,-0.620145,150.000000,10.619995,-150.000000
1.854400,-0.455892,150.000000,10.619995,-150.000000
1.854600,-0.283544,150.000000,10.619995,-150.000000
1.854800,-0.104914,150.000000,10.619995,-150.000000
1.855000,0.078011,150.000000,10.619995,-150.000000
1.855200,0.263087,150.000000,10.619995,-150.000000
1.855400,0.448042,150.000000,10.619995,-150.000000
1.855600,0.630513,150.000000,10.619995,-150.000000
1.855800,0.808088,150.000000,10.619995,-150.000000
1.856000,0.978358,150.000000,10.619995,-150.000000
1.856200,1.138971,150.000000,10.619995,-150.000000
1.856400,1.287689,150.000000,10.619995,-150.000000
1.856600,1.422447,150.000000,10.619995,-150.000000
1.856800,1.541413,150.000000,10.619995,-150.000000
1.857000,1.643045,150.000000,10.619995,-150.000000
1.857200,1.726134,150.000000,10.619995,-150.000000
1.857400,1.789850,150.000000,10.619995,-150.000000
1.857600,1.833770,150.000000,10.619995,-150.000000
1.857800,1.857896,150.000000,10.619995,-150.000000
1.858000,1.862663,150.000000,10.619995,-150.000000
1.858200,1.848924,150.000000,10.619995,-150.000000
1.858400,1.817931,150.000000,10.619995,-150.000000
1.858600,1.771292,150.000000,10.619995,-150.000000
1.858800,1.710922,150.000000,10.619995,-150.000000
1.859000,1.638981,150.000000,10.619995,-150.000000
1.859200,1.557797,150.000000,10.619995,-150.000000
1.859400,1.469789,150.000000,10.619995,-150.000000
1.859600,1.377388,150.000000,10.619995,-150.000000
1.859800,1.282947,150.000000,10.619995,-150.000000
1.860000,1.188669,150.000000,10.619995,-150.000000
1.860200,1.096528,150.000000,10.619995,-150.000000
1.860400,1.008213,150.000000,10.619995,-150.000000
1.860600,0.925070,150.000000,10.619995,-150.000000
1.860800,0.848076,150.000000,10.619995,-150.000000
1.861000,0.777814,150.000000,10.619995,-150.000000
1.861200,0.714480,150.000000,10.619995,-150.000000
1.861400,0.657894,150.000000,10.619995,-150.000000
1.861600,0.607541,150.000000,10.619995,-150.000000
1.861800,0.562619,150.000000,10.619995,-150.000000
1.862000,0.522109,150.000000,10.619995,-150.000000
1.862200,0.484841,150.000000,10.619995,-150.000000
1.862400,0.449586,150.000000,10.619995,-150.000000
1.862600,0.415137,150.000000,10.619995,-150.000000
1.862800,0.380397,150.000000,10.619995,-150.000000
1.863000,0.344454,150.000000,10.619995,-150.000000
1.863200,0.306656,150.000000,10.619995,-150.000000
1.863400,0.266665,150.000000,10.619995,-150.000000
1.863600,0.224501,150.000000,10.619995,-150.000000
1.863800,0.180563,150.000000,10.619995,-150.000000
1.864000,0.135632,150.000000,10.619995,-150.000000
1.864200,0.090854,150.000000,10.619995,-150.000000
1.864400,0.047698,150.000000,10.619995,-150.000000
1.864600,0.007898,150.000000,10.619995,-150.000000
1.864800,-0.026619,150.000000,10.619995,-150.000000
1.865000,-0.053829,150.000000,10.619995,-150.000000
1.865200,-0.071704,150.000000,10.619995,-150.000000
1.865400,-0.078323,150.000000,10.619995,-150.000000
1.865600,-0.071977,150.000000,10.619995,-150.000000
1.865800,-0.051269,150.000000,10.619995,-150.000000
1.866000,-0.015212,150.000000,10.619995,-150.000000
1.866200,0.036695,150.000000,10.619995,-150.000000
1.866400,0.104406,150.000000,10.619995,-150.000000
1.866600,0.187285,150.000000,10.619995,-150.000000
1.866800,0.284090,150.000000,10.619995,-150.000000
1.867000,0.392984,150.000000,10.619995,-150.000000
1.867200,0.511572,150.000000,10.619995,-150.000000
1.867400,0.636955,150.000000,10.619995,-150.000000
1.867600,0.765823,150.000000,10.619995,-150.000000
1.867800,0.894553,150.000000,10.619995,-150.000000
1.868000,1.019334,150.000000,10.619995,-150.000000
1.868200,1.136298,150.000000,10.619995,-150.000000
1.868400,1.241664,150.000000,10.619995,-150.000000
1.868600,1.331877,150.000000,10.619995,-150.000000
1.868800,1.403744,150.000000,10.619995,-150.000000
1.869000,1.454564,150.000000,10.619995,-150.000000
1.869200,1.482234,150.000000,10.619995,-150.000000
1.869400,1.485344,150.000000,10.619995,-150.000000
1.869600,1.463241,150.000000,10.619995,-150.000000
1.869800,1.416066,150.000000,10.619995,-150.000000
1.870000,1.344766,150.000000,10.619995,-150.000000
1.870200,1.251074,150.000000,10.619995,-150.000000
1.870400,1.137457,150.000000,10.619995,-150.000000
1.870600,1.007038,150.000000,10.619995,-150.000000
1.870800,0.863500,150.000000,10.619995,-150.000000
1.871000,0.710956,150.000000,10.619995,-150.000000
1.871200,0.553815,150.000000,10.619995,-150.000000
1.871400,0.396633,150.000000,10.619995,-150.000000
1.871600,0.243953,150.000000,10.619995,-150.000000
1.871800,0.100159,150.000000,10.619995,-150.000000
1.872000,-0.030675,150.000000,10.619995,-150.000000
1.872200,-0.144919,150.000000,10.619995,-150.000000
1.872400,-0.239503,150.000000,10.619995,-150.000000
1.872600,-0.312013,150.000000,10.619995,-150.000000
1.872800,-0.360763,150.000000,10.619995,-150.000000
1.873000,-0.384837,150.000000,10.619995,-150.000000
1.873200,-0.384105,150.000000,10.619995,-150.000000
1.873400,-0.359212,150.000000,10.619995,-150.000000
1.873600,-0.311534,150.000000,10.619995,-150.000000
1.873800,-0.243119,150.000000,10.619995,-150.000000
1.874000,-0.156592,150.000000,10.619995,-150.000000
1.874200,-0.055058,150.000000,10.619995,-150.000000
1.874400,0.058024,150.000000,10.619995,-150.000000
1.874600,0.178967,150.000000,10.619995,-150.000000
1.874800,0.303989,150.000000,10.619995,-150.000000
1.875000,0.429343,150.000000,10.619995,-150.000000
1.875200,0.551443,150.000000,10.619995,-150.000000
1.875400,0.666983,150.000000,10.619995,-150.000000
1.875600,0.773031,150.000000,10.619995,-150.000000
1.875800,0.867120,150.000000,10.619995,-150.000000
1.876000,0.947305,150.000000,10.619995,-150.000000
1.876200,1.012214,150.000000,10.619995,-150.000000
1.876400,1.061059,150.000000,10.619995,-150.000000
1.876600,1.093644,150.000000,10.619995,-150.000000
1.876800,1.110336,150.000000,10.619995,-150.000000
1.877000,1.112029,150.000000,10.619995,-150.000000
1.877200,1.100083,150.000000,10.619995,-150.000000
1.877400,1.076256,150.000000,10.619995,-150.000000
1.877600,1.042618,150.000000,10.619995,-150.000000
1.877800,1.001468,150.000000,10.619995,-150.000000
1.878000,0.955237,150.000000,10.619995,-150.000000
1.878200,0.906395,150.000000,10.619995,-150.000000
1.878400,0.857368,150.000000,10.619995,-150.000000
1.878600,0.810450,150.000000,10.619995,-150.000000
1.878800,0.767730,150.000000,10.619995,-150.000000
1.879000,0.731033,150.000000,10.619995,-150.000000
1.879200,0.701861,150.000000,10.619995,-150.000000
1.879400,0.681365,150.000000,10.619995,-150.000000
1.879600,0.670317,150.000000,10.619995,-150.000000
1.879800,0.669098,150.000000,10.619995,-150.000000
1.880000,0.677710,150.000000,10.619995,-150.000000
1.880200,0.695784,150.000000,10.619995,-150.000000
1.880400,0.722611,150.000000,10.619995,-150.000000
1.880600,0.757180,150.000000,10.619995,-150.000000
1.880800,0.798221,150.000000,10.619995,-150.000000
1.881000,0.844257,150.000000,10.619995,-150.000000
1.881200,0.893656,150.000000,10.619995,-150.000000
1.881400,0.944690,150.000000,10.619995,-150.000000
1.881600,0.995595,150.000000,10.619995,-150.000000
1.881800,1.044619,150.000000,10.619995,-150.000000
1.882000,1.090083,150.000000,10.619995,-150.000000
1.882200,1.130425,150.000000,10.619995,-150.000000
1.882400,1.164245,150.000000,10.619995,-150.000000
1.882600,1.190341,150.000000,10.619995,-150.000000
1.882800,1.207744,150.000000,10.619995,-150.000000
1.883000,1.215735,150.000000,10.619995,-150.000000
1.883200,1.213867,150.000000,10.619995,-150.000000
1.883400,1.201968,150.000000,10.619995,-150.000000
1.883600,1.180146,150.000000,10.619995,-150.000000
1.883800,1.148782,150.000000,10.619995,-150.000000
1.884000,1.108514,150.000000,10.619995,-150.000000
1.884200,1.060221,150.000000,10.619995,-150.000000
1.884400,1.004996,150.000000,10.619995,-150.000000
1.884600,0.944117,150.000000,10.619995,-150.000000
1.884800,0.879009,150.000000,10.619995,-150.000000
1.885000,0.811209,150.000000,10.619995,-150.000000
1.885200,0.742324,150.000000,10.619995,-150.000000
1.885400,0.673987,150.000000,10.619995,-150.000000
1.885600,0.607814,150.000000,10.619995,-150.000000
1.885800,0.545362,150.000000,10.619995,-150.000000
1.886000,0.488082,150.000000,10.619995,-150.000000
1.886200,0.437284,150.000000,10.619995,-150.000000
1.886400,0.394098,150.000000,10.619995,-150.000000
1.886600,0.359437,150.000000,10.619995,-150.000000
1.886800,0.333974,150.000000,10.619995,-150.000000
1.887000,0.318117,150.000000,10.619995,-150.000000
1.887200,0.311991,150.000000,10.619995,-150.000000
1.887400,0.315431,150.000000,10.619995,-150.000000
1.887600,0.327977,150.000000,10.619995,-150.000000
1.887800,0.348883,150.000000,10.619995,-150.000000
1.888000,0.377124,150.000000,10.619995,-150.000000
1.888200,0.411422,150.000000,10.619995,-150.000000
1.888400,0.450271,150.000000,10.619995,-150.000000
1.888600,0.491970,150.000000,10.619995,-150.000000
1.888800,0.534662,150.000000,10.619995,-150.000000
1.889000,0.576384,150.000000,10.619995,-150.000000
1.889200,0.615114,150.000000,10.619995,-150.000000
1.889400,0.648821,150.000000,10.619995,-150.000000
1.889600,0.675524,150.000000,10.619995,-150.000000
1.889800,0.693345,150.000000,10.619995,-150.000000
1.890000,0.700566,150.000000,10.619995,-150.000000
1.890200,0.695680,150.000000,10.619995,-150.000000
1.890400,0.677441,150.000000,10.619995,-150.000000
1.890600,0.644911,150.000000,10.619995,-150.000000
1.890800,0.597497,150.000000,10.619995,-150.000000
1.891000,0.534988,150.000000,10.619995,-150.000000
1.891200,0.457571,150.000000,10.619995,-150.000000
1.891400,0.365854,150.000000,10.619995,-150.000000
1.891600,0.260870,150.000000,10.619995,-150.000000
1.891800,0.144069,150.000000,10.619995,-150.000000
1.892000,0.017304,150.000000,10.619995,-150.000000
1.892200,-0.117195,150.000000,10.619995,-150.000000
1.892400,-0.256860,150.000000,10.619995,-150.000000
1.892600,-0.398835,150.000000,10.619995,-150.000000
1.892800,-0.540031,150.000000,10.619995,-150.000000
1.893000,-0.677200,150.000000,10.619995,-150.000000
1.893200,-0.807005,150.000000,10.619995,-150.000000
1.893400,-0.926108,150.000000,10.619995,-150.000000
1.893600,-1.031257,150.000000,10.619995,-150.000000
1.893800,-1.119376,150.000000,10.619995,-150.000000
1.894000,-1.187657,150.000000,10.619995,-150.000000
1.894200,-1.233649,150.000000,10.619995,-150.000000
1.894400,-1.255347,150.000000,10.619995,-150.000000
1.894600,-1.251266,150.000000,10.619995,-150.000000
1.894800,-1.220511,150.000000,10.619995,-150.000000
1.895000,-1.162835,150.000000,10.619995,-150.000000
1.895200,-1.078674,150.000000,10.619995,-150.000000
1.895400,-0.969175,150.000000,10.619995,-150.000000
1.895600,-0.836195,150.000000,10.619995,-150.000000
1.895800,-0.682289,150.000000,10.619995,-150.000000
1.896000,-0.510666,150.000000,10.619995,-150.000000
1.896200,-0.325132,150.000000,10.619995,-150.000000
1.896400,-0.130004,150.000000,10.619995,-150.000000
1.896600,0.069989,150.000000,10.619995,-150.000000
1.896800,0.269827,150.000000,10.619995,-150.000000
1.897000,0.464338,150.000000,10.619995,-150.000000
1.897200,0.648344,150.000000,10.619995,-150.000000
1.897400,0.816814,150.000000,10.619995,-150.000000
1.897600,0.965028,150.000000,10.619995,-150.000000
1.897800,1.088729,150.000000,10.619995,-150.000000
1.898000,1.184274,150.000000,10.619995,-150.000000
1.898200,1.248770,150.000000,10.619995,-150.000000
1.898400,1.280194,150.000000,10.619995,-150.000000
1.898600,1.277487,150.000000,10.619995,-150.000000
1.898800,1.240619,150.000000,10.619995,-150.000000
1.899000,1.170633,150.000000,10.619995,-150.000000
1.899200,1.069641,150.000000,10.619995,-150.000000
1.899400,0.940797,150.000000,10.619995,-150.000000
1.899600,0.788226,150.000000,10.619995,-150.000000
1.899800,0.616924,150.000000,10.619995,-150.000000
1.900000,0.432621,150.000000,10.619995,-150.000000
1.900200,0.241618,150.000000,10.619995,-150.000000
1.900400,0.050594,150.000000,10.619995,-150.000000
1.900600,-0.133595,150.000000,10.619995,-150.000000
1.900800,-0.304146,150.000000,10.619995,-150.000000
1.901000,-0.454525,150.000000,10.619995,-150.000000
1.901200,-0.578698,150.000000,10.619995,-150.000000
1.901400,-0.671337,150.000000,10.619995,-150.000000
1.901600,-0.728020,150.000000,10.619995,-150.000000
1.901800,-0.745397,150.000000,10.619995,-150.000000
1.902000,-0.721326,150.000000,10.619995,-150.000000
1.902200,-0.654977,150.000000,10.619995,-150.000000
1.902400,-0.546886,150.000000,10.619995,-150.000000
1.902600,-0.398972,150.000000,10.619995,-150.000000
1.902800,-0.214502,150.000000,10.619995,-150.000000
1.903000,0.001984,150.000000,10.619995,-150.000000
1.903200,0.244797,150.000000,10.619995,-150.000000
1.903400,0.507253,150.000000,10.619995,-150.000000
1.903600,0.781875,150.000000,10.619995,-150.000000
1.903800,1.060614,150.000000,10.619995,-150.000000
1.904000,1.335093,150.000000,10.619995,-150.000000
1.904200,1.596862,150.000000,10.619995,-150.000000
1.904400,1.837665,150.000000,10.619995,-150.000000
1.904600,2.049687,150.000000,10.619995,-150.000000
1.904800,2.225806,150.000000,10.619995,-150.000000
1.905000,2.359803,150.000000,10.619995,-150.000000
1.905200,2.446563,150.000000,10.619995,-150.000000
1.905400,2.482225,150.000000,10.619995,-150.000000
1.905600,2.464297,150.000000,10.619995,-150.000000
1.905800,2.391730,150.000000,10.619995,-150.000000
1.906000,2.264943,150.000000,10.619995,-150.000000
1.906200,2.085801,150.000000,10.619995,-150.000000
1.906400,1.857552,150.000000,10.619995,-150.000000
1.906600,1.584722,150.000000,10.619995,-150.000000
1.906800,1.272967,150.000000,10.619995,-150.000000
1.907000,0.928903,150.000000,10.619995,-150.000000
1.907200,0.559904,150.000000,10.619995,-150.000000
1.907400,0.173884,150.000000,10.619995,-150.000000
1.907600,-0.220928,150.000000,10.619995,-150.000000
1.907800,-0.616221,150.000000,10.619995,-150.000000
1.908000,-1.003824,150.000000,10.619995,-150.000000
1.908200,-1.375918,150.000000,10.619995,-150.000000
1.908400,-1.725230,150.000000,10.619995,-150.000000
1.908600,-2.045204,150.000000,10.619995,-150.000000
1.908800,-2.330139,150.000000,10.619995,-150.000000
1.909000,-2.575299,150.000000,10.619995,-150.000000
1.909200,-2.776990,150.000000,10.619995,-150.000000
1.909400,-2.932602,150.000000,10.619995,-150.000000
1.909600,-3.040620,150.000000,10.619995,-150.000000
1.909800,-3.100597,150.000000,10.619995,-150.000000
1.910000,-3.113111,150.000000,10.619995,-150.000000
1.910200,-3.079686,150.000000,10.619995,-150.000000
1.910400,-3.002694,150.000000,10.619995,-150.000000
1.910600,-2.885254,150.000000,10.619995,-150.000000
1.910800,-2.731097,150.000000,10.619995,-150.000000
1.911000,-2.544450,150.000000,10.619995,-150.000000
1.911200,-2.329898,150.000000,10.619995,-150.000000
1.911400,-2.092265,150.000000,10.619995,-150.000000
1.911600,-1.836488,150.000000,10.619995,-150.000000
1.911800,-1.567508,150.000000,10.619995,-150.000000
1.912000,-1.290174,150.000000,10.619995,-150.000000
1.912200,-1.009155,150.000000,10.619995,-150.000000
1.912400,-0.728871,150.000000,10.619995,-150.000000
1.912600,-0.453436,150.000000,10.619995,-150.000000
1.912800,-0.186616,150.000000,10.619995,-150.000000
1.913000,0.068202,150.000000,10.619995,-150.000000
1.913200,0.308023,150.000000,10.619995,-150.000000
1.913400,0.530257,150.000000,10.619995,-150.000000
1.913600,0.732712,150.000000,10.619995,-150.000000
1.913800,0.913593,150.000000,10.619995,-150.000000
1.914000,1.071483,150.000000,10.619995,-150.000000
1.914200,1.205337,150.000000,10.619995,-150.000000
1.914400,1.314457,150.000000,10.619995,-150.000000
1.914600,1.398478,150.000000,10.619995,-150.000000
1.914800,1.457357,150.000000,10.619995,-150.000000
1.915000,1.491346,150.000000,10.619995,-150.000000
1.915200,1.500989,150.000000,10.619995,-150.000000
1.915400,1.487097,150.000000,10.619995,-150.000000
1.915600,1.450741,150.000000,10.619995,-150.000000
1.915800,1.393235,150.000000,10.619995,-150.000000
1.916000,1.316119,150.000000,10.619995,-150.000000
1.916200,1.221145,150.000000,10.619995,-150.000000
1.916400,1.110257,150.000000,10.619995,-150.000000
1.916600,0.985566,150.000000,10.619995,-150.000000
1.916800,0.849330,150.000000,10.619995,-150.000000
1.917000,0.703922,150.000000,10.619995,-150.000000
1.917200,0.551799,150.000000,10.619995,-150.000000
1.917400,0.395471,150.000000,10.619995,-150.000000
1.917600,0.237462,150.000000,10.619995,-150.000000
1.917800,0.080271,150.000000,10.619995,-150.000000
1.918000,-0.073662,150.000000,10.619995,-150.000000
1.918200,-0.221999,150.000000,10.619995,-150.000000
1.918400,-0.362538,150.000000,10.619995,-150.000000
1.918600,-0.493247,150.000000,10.619995,-150.000000
1.918800,-0.612298,150.000000,10.619995,-150.000000
1.919000,-0.718091,150.000000,10.619995,-150.000000
1.919200,-0.809276,150.000000,10.619995,-150.000000
1.919400,-0.884772,150.000000,10.619995,-150.000000
1.919600,-0.943776,150.000000,10.619995,-150.000000
1.919800,-0.985771,150.000000,10.619995,-150.000000
1.920000,-1.010522,150.000000,10.619995,-150.000000
1.920200,-1.018075,150.000000,10.619995,-150.000000
1.920400,-1.008742,150.000000,10.619995,-150.000000
1.920600,-0.983094,150.000000,10.619995,-150.000000
1.920800,-0.941938,150.000000,10.619995,-150.000000
1.921000,-0.886301,150.000000,10.619995,-150.000000
1.921200,-0.817405,150.000000,10.619995,-150.000000
1.921400,-0.736649,150.000000,10.619995,-150.000000
1.921600,-0.645583,150.000000,10.619995,-150.000000
1.921800,-0.545882,150.000000,10.619995,-150.000000
1.922000,-0.439330,150.000000,10.619995,-150.000000
1.922200,-0.327789,150.000000,10.619995,-150.000000
1.922400,-0.213181,150.000000,10.619995,-150.000000
1.922600,-0.097461,150.000000,10.619995,-150.000000
1.922800,0.017400,150.000000,10.619995,-150.000000
1.923000,0.129449,150.000000,10.619995,-150.000000
1.923200,0.236764,150.000000,10.619995,-150.000000
1.923400,0.337491,150.000000,10.619995,-150.000000
1.923600,0.429862,150.000000,10.619995,-150.000000
1.923800,0.512232,150.000000,10.619995,-150.000000
1.924000,0.583104,150.000000,10.619995,-150.000000
1.924200,0.641161,150.000000,10.619995,-150.000000
1.924400,0.685298,150.000000,10.619995,-150.000000
1.924600,0.714654,150.000000,10.619995,-150.000000
1.924800,0.728639,150.000000,10.619995,-150.000000
1.925000,0.726964,150.000000,10.619995,-150.000000
1.925200,0.709664,150.000000,10.619995,-150.000000
1.925400,0.677114,150.000000,10.619995,-150.000000
1.925600,0.630043,150.000000,10.619995,-150.000000
1.925800,0.569536,150.000000,10.619995,-150.000000
1.926000,0.497032,150.000000,10.619995,-150.000000
1.926200,0.414304,150.000000,10.619995,-150.000000
1.926400,0.323437,150.000000,10.619995,-150.000000
1.926600,0.226789,150.000000,10.619995,-150.000000
1.926800,0.126948,150.000000,10.619995,-150.000000
1.927000,0.026668,150.000000,10.619995,-150.000000
1.927200,-0.071195,150.000000,10.619995,-150.000000
1.927400,-0.163755,150.000000,10.619995,-150.000000
1.927600,-0.248179,150.000000,10.619995,-150.000000
1.927800,-0.321772,150.000000,10.619995,-150.000000
1.928000,-0.382057,150.000000,10.619995,-150.000000
1.928200,-0.426862,150.000000,10.619995,-150.000000
1.928400,-0.454400,150.000000,10.619995,-150.000000
1.928600,-0.463334,150.000000,10.619995,-150.000000
1.928800,-0.452839,150.000000,10.619995,-150.000000
1.929000,-0.422654,150.000000,10.619995,-150.000000
1.929200,-0.373107,150.000000,10.619995,-150.000000
1.929400,-0.305134,150.000000,10.619995,-150.000000
1.929600,-0.220272,150.000000,10.619995,-150.000000
1.929800,-0.120642,150.000000,10.619995,-150.000000
1.930000,-0.008898,150.000000,10.619995,-150.000000
1.930200,0.111824,150.000000,10.619995,-150.000000
1.930400,0.237991,150.000000,10.619995,-150.000000
1.930600,0.365764,150.000000,10.619995,-150.000000
1.930800,0.491103,150.000000,10.619995,-150.000000
1.931000,0.609885,150.000000,10.619995,-150.000000
1.931200,0.718026,150.000000,10.619995,-150.000000
1.931400,0.811605,150.000000,10.619995,-150.000000
1.931600,0.886990,150.000000,10.619995,-150.000000
1.931800,0.940956,150.000000,10.619995,-150.000000
1.932000,0.970793,150.000000,10.619995,-150.000000
1.932200,0.974407,150.000000,10.619995,-150.000000
1.932400,0.950397,150.000000,10.619995,-150.000000
1.932600,0.898119,150.000000,10.619995,-150.000000
1.932800,0.817727,150.000000,10.619995,-150.000000
1.933000,0.710190,150.000000,10.619995,-150.000000
1.933200,0.577287,150.000000,10.619995,-150.000000
1.933400,0.421579,150.000000,10.619995,-150.000000
1.933600,0.246351,150.000000,10.619995,-150.000000
1.933800,0.055544,150.000000,10.619995,-150.000000
1.934000,-0.146345,150.000000,10.619995,-150.000000
1.934200,-0.354374,150.000000,10.619995,-150.000000
1.934400,-0.563284,150.000000,10.619995,-150.000000
1.934600,-0.767635,150.000000,10.619995,-150.000000
1.934800,-0.961952,150.000000,10.619995,-150.000000
1.935000,-1.140871,150.000000,10.619995,-150.000000
1.935200,-1.299286,150.000000,10.619995,-150.000000
1.935400,-1.432489,150.000000,10.619995,-150.000000
1.935600,-1.536302,150.000000,10.619995,-150.000000
1.935800,-1.607188,150.000000,10.619995,-150.000000
1.936000,-1.642362,150.000000,10.619995,-150.000000
1.936200,-1.639863,150.000000,10.619995,-150.000000
1.936400,-1.598617,150.000000,10.619995,-150.000000
1.936600,-1.518477,150.000000,10.619995,-150.000000
1.936800,-1.400229,150.000000,10.619995,-150.000000
1.937000,-1.245586,150.000000,10.619995,-150.000000
1.937200,-1.057147,150.000000,10.619995,-150.000000
1.937400,-0.838343,150.000000,10.619995,-150.000000
1.937600,-0.593353,150.000000,10.619995,-150.000000
1.937800,-0.327007,150.000000,10.619995,-150.000000
1.938000,-0.044673,150.000000,10.619995,-150.000000
1.938200,0.247874,150.000000,10.619995,-150.000000
1.938400,0.544587,150.000000,10.619995,-150.000000
1.938600,0.839290,150.000000,10.619995,-150.000000
1.938800,1.125826,150.000000,10.619995,-150.000000
1.939000,1.398198,150.000000,10.619995,-150.000000
1.939200,1.650705,150.000000,10.619995,-150.000000
1.939400,1.878077,150.000000,10.619995,-150.000000
1.939600,2.075589,150.000000,10.619995,-150.000000
1.939800,2.239165,150.000000,10.619995,-150.000000
1.940000,2.365466,150.000000,10.619995,-150.000000
1.940200,2.451954,150.000000,10.619995,-150.000000
1.940400,2.496945,150.000000,10.619995,-150.000000
1.940600,2.499630,150.000000,10.619995,-150.000000
1.940800,2.460088,150.000000,10.619995,-150.000000
1.941000,2.379267,150.000000,10.619995,-150.000000
1.941200,2.258953,150.000000,10.619995,-150.000000
1.941400,2.101716,150.000000,10.619995,-150.000000
1.941600,1.910843,150.000000,10.619995,-150.000000
1.941800,1.690254,150.000000,10.619995,-150.000000
1.942000,1.444405,150.000000,10.619995,-150.000000
1.942200,1.178184,150.000000,10.619995,-150.000000
1.942400,0.896801,150.000000,10.619995,-150.000000
1.942600,0.605665,150.000000,10.619995,-150.000000
1.942800,0.310272,150.000000,10.619995,-150.000000
1.943000,0.016083,150.000000,10.619995,-150.000000
1.943200,-0.271587,150.000000,10.619995,-150.000000
1.943400,-0.547678,150.000000,10.619995,-150.000000
1.943600,-0.807488,150.000000,10.619995,-150.000000
1.943800,-1.046758,150.000000,10.619995,-150.000000
1.944000,-1.261753,150.000000,10.619995,-150.000000
1.944200,-1.449333,150.000000,10.619995,-150.000000
1.944400,-1.606999,150.000000,10.619995,-150.000000
1.944600,-1.732934,150.000000,10.619995,-150.000000
1.944800,-1.826027,150.000000,10.619995,-150.000000
1.945000,-1.885880,150.000000,10.619995,-150.000000
1.945200,-1.912803,150.000000,10.619995,-150.000000
1.945400,-1.907792,150.000000,10.619995,-150.000000
1.945600,-1.872493,150.000000,10.619995,-150.000000
1.945800,-1.809153,150.000000,10.619995,-150.000000
1.946000,-1.720563,150.000000,10.619995,-150.000000
1.946200,-1.609982,150.000000,10.619995,-150.000000
1.946400,-1.481059,150.000000,10.619995,-150.000000
1.946600,-1.337743,150.000000,10.619995,-150.000000
1.946800,-1.184187,150.000000,10.619995,-150.000000
1.947000,-1.024651,150.000000,10.619995,-150.000000
1.947200,-0.863398,150.000000,10.619995,-150.000000
1.947400,-0.704595,150.000000,10.619995,-150.000000
1.947600,-0.552213,150.000000,10.619995,-150.000000
1.947800,-0.409937,150.000000,10.619995,-150.000000
1.948000,-0.281072,150.000000,10.619995,-150.000000
1.948200,-0.168476,150.000000,10.619995,-150.000000
1.948400,-0.074485,150.000000,10.619995,-150.000000
1.948600,-0.000871,150.000000,10.619995,-150.000000
1.948800,0.051203,150.000000,10.619995,-150.000000
1.949000,0.081195,150.000000,10.619995,-150.000000
1.949200,0.089191,150.000000,10.619995,-150.000000
1.949400,0.075888,150.000000,10.619995,-150.000000
1.949600,0.042555,150.000000,10.619995,-150.000000
1.949800,-0.009010,150.000000,10.619995,-150.000000
1.950000,-0.076555,150.000000,10.619995,-150.000000
1.950200,-0.157449,150.000000,10.619995,-150.000000
1.950400,-0.248780,150.000000,10.619995,-150.000000
1.950600,-0.347453,150.000000,10.619995,-150.000000
1.950800,-0.450297,150.000000,10.619995,-150.000000
1.951000,-0.554176,150.000000,10.619995,-150.000000
1.951200,-0.656092,150.000000,10.619995,-150.000000
1.951400,-0.753285,150.000000,10.619995,-150.000000
1.951600,-0.843325,150.000000,10.619995,-150.000000
1.951800,-0.924186,150.000000,10.619995,-150.000000
1.952000,-0.994303,150.000000,10.619995,-150.000000
1.952200,-1.052619,150.000000,10.619995,-150.000000
1.952400,-1.098597,150.000000,10.619995,-150.000000
1.952600,-1.132221,150.000000,10.619995,-150.000000
1.952800,-1.153967,150.000000,10.619995,-150.000000
1.953000,-1.164761,150.000000,10.619995,-150.000000
1.953200,-1.165914,150.000000,10.619995,-150.000000
1.953400,-1.159032,150.000000,10.619995,-150.000000
1.953600,-1.145933,150.000000,10.619995,-150.000000
1.953800,-1.128530,150.000000,10.619995,-150.000000
1.954000,-1.108734,150.000000,10.619995,-150.000000
1.954200,-1.088339,150.000000,10.619995,-150.000000
1.954400,-1.068926,150.000000,10.619995,-150.000000
1.954600,-1.051771,150.000000,10.619995,-150.000000
1.954800,-1.037771,150.000000,10.619995,-150.000000
1.955000,-1.027389,150.000000,10.619995,-150.000000
1.955200,-1.020623,150.000000,10.619995,-150.000000
1.955400,-1.016997,150.000000,10.619995,-150.000000
1.955600,-1.015580,150.000000,10.619995,-150.000000
1.955800,-1.015032,150.000000,10.619995,-150.000000
1.956000,-1.013667,150.000000,10.619995,-150.000000
1.956200,-1.009544,150.000000,10.619995,-150.000000
1.956400,-1.000574,150.000000,10.619995,-150.000000
1.956600,-0.984632,150.000000,10.619995,-150.000000
1.956800,-0.959690,150.000000,10.619995,-150.000000
1.957000,-0.923934,150.000000,10.619995,-150.000000
1.957200,-0.875887,150.000000,10.619995,-150.000000
1.957400,-0.814518,150.000000,10.619995,-150.000000
1.957600,-0.739325,150.000000,10.619995,-150.000000
1.957800,-0.650409,150.000000,10.619995,-150.000000
1.958000,-0.548507,150.000000,10.619995,-150.000000
1.958200,-0.435007,150.000000,10.619995,-150.000000
1.958400,-0.311920,150.000000,10.619995,-150.000000
1.958600,-0.181833,150.000000,10.619995,-150.000000
1.958800,-0.047820,150.000000,10.619995,-150.000000
1.959000,0.086664,150.000000,10.619995,-150.000000
1.959200,0.217917,150.000000,10.619995,-150.000000
1.959400,0.342142,150.000000,10.619995,-150.000000
1.959600,0.455602,150.000000,10.619995,-150.000000
1.959800,0.554783,150.000000,10.619995,-150.000000
1.960000,0.636554,150.000000,10.619995,-150.000000
1.960200,0.698308,150.000000,10.619995,-150.000000
1.960400,0.738087,150.000000,10.619995,-150.000000
1.960600,0.754683,150.000000,10.619995,-150.000000
1.960800,0.747704,150.000000,10.619995,-150.000000
1.961000,0.717605,150.000000,10.619995,-150.000000
1.961200,0.665681,150.000000,10.619995,-150.000000
1.961400,0.594029,150.000000,10.619995,-150.000000
1.961600,0.505463,150.000000,10.619995,-150.000000
1.961800,0.403403,150.000000,10.619995,-150.000000
1.962000,0.291731,150.000000,10.619995,-150.000000
1.962200,0.174630,150.000000,10.619995,-150.000000
1.962400,0.056399,150.000000,10.619995,-150.000000
1.962600,-0.058724,150.000000,10.619995,-150.000000
1.962800,-0.166756,150.000000,10.619995,-150.000000
1.963000,-0.264132,150.000000,10.619995,-150.000000
1.963200,-0.347866,150.000000,10.619995,-150.000000
1.963400,-0.415674,150.000000,10.619995,-150.000000
1.963600,-0.466068,150.000000,10.619995,-150.000000
1.963800,-0.498415,150.000000,10.619995,-150.000000
1.964000,-0.512951,150.000000,10.619995,-150.000000
1.964200,-0.510756,150.000000,10.619995,-150.000000
1.964400,-0.493688,150.000000,10.619995,-150.000000
1.964600,-0.464282,150.000000,10.619995,-150.000000
1.964800,-0.425608,150.000000,10.619995,-150.000000
1.965000,-0.381118,150.000000,10.619995,-150.000000
1.965200,-0.334460,150.000000,10.619995,-150.000000
1.965400,-0.289290,150.000000,10.619995,-150.000000
1.965600,-0.249085,150.000000,10.619995,-150.000000
1.965800,-0.216962,150.000000,10.619995,-150.000000
1.966000,-0.195516,150.000000,10.619995,-150.000000
1.966200,-0.186688,150.000000,10.619995,-150.000000
1.966400,-0.191659,150.000000,10.619995,-150.000000
1.966600,-0.210789,150.000000,10.619995,-150.000000
1.966800,-0.243595,150.000000,10.619995,-150.000000
1.967000,-0.288774,150.000000,10.619995,-150.000000
1.967200,-0.344262,150.000000,10.619995,-150.000000
1.967400,-0.407341,150.000000,10.619995,-150.000000
1.967600,-0.474773,150.000000,10.619995,-150.000000
1.967800,-0.542965,150.000000,10.619995,-150.000000
1.968000,-0.608152,150.000000,10.619995,-150.000000
1.968200,-0.666590,150.000000,10.619995,-150.000000
1.968400,-0.714754,150.000000,10.619995,-150.000000
1.968600,-0.749520,150.000000,10.619995,-150.000000
1.968800,-0.768334,150.000000,10.619995,-150.000000
1.969000,-0.769353,150.000000,10.619995,-150.000000
1.969200,-0.751551,150.000000,10.619995,-150.000000
1.969400,-0.714787,150.000000,10.619995,-150.000000
1.969600,-0.659832,150.000000,10.619995,-150.000000
1.969800,-0.588346,150.000000,10.619995,-150.000000
1.970000,-0.502818,150.000000,10.619995,-150.000000
1.970200,-0.406461,150.000000,10.619995,-150.000000
1.970400,-0.303074,150.000000,10.619995,-150.000000
1.970600,-0.196869,150.000000,10.619995,-150.000000
1.970800,-0.092287,150.000000,10.619995,-150.000000
1.971000,0.006209,150.000000,10.619995,-150.000000
1.971200,0.094333,150.000000,10.619995,-150.000000
1.971400,0.168180,150.000000,10.619995,-150.000000
1.971600,0.224397,150.000000,10.619995,-150.000000
1.971800,0.260346,150.000000,10.619995,-150.000000
1.972000,0.274218,150.000000,10.619995,-150.000000
1.972200,0.265122,150.000000,10.619995,-150.000000
1.972400,0.233118,150.000000,10.619995,-150.000000
1.972600,0.179219,150.000000,10.619995,-150.000000
1.972800,0.105337,150.000000,10.619995,-150.000000
1.973000,0.014197,150.000000,10.619995,-150.000000
1.973200,-0.090795,150.000000,10.619995,-150.000000
1.973400,-0.205707,150.000000,10.619995,-150.000000
1.973600,-0.326268,150.000000,10.619995,-150.000000
1.973800,-0.448063,150.000000,10.619995,-150.000000
1.974000,-0.566735,150.000000,10.619995,-150.000000
1.974200,-0.678186,150.000000,10.619995,-150.000000
1.974400,-0.778762,150.000000,10.619995,-150.000000
1.974600,-0.865415,150.000000,10.619995,-150.000000
1.974800,-0.935838,150.000000,10.619995,-150.000000
1.975000,-0.988565,150.000000,10.619995,-150.000000
1.975200,-1.023023,150.000000,10.619995,-150.000000
1.975400,-1.039557,150.000000,10.619995,-150.000000
1.975600,-1.039395,150.000000,10.619995,-150.000000
1.975800,-1.024583,150.000000,10.619995,-150.000000
1.976000,-0.997877,150.000000,10.619995,-150.000000
1.976200,-0.962607,150.000000,10.619995,-150.000000
1.976400,-0.922509,150.000000,10.619995,-150.000000
1.976600,-0.881539,150.000000,10.619995,-150.000000
1.976800,-0.843684,150.000000,10.619995,-150.000000
1.977000,-0.812764,150.000000,10.619995,-150.000000
1.977200,-0.792244,150.000000,10.619995,-150.000000
1.977400,-0.785063,150.000000,10.619995,-150.000000
1.977600,-0.793486,150.000000,10.619995,-150.000000
1.977800,-0.818984,150.000000,10.619995,-150.000000
1.978000,-0.862151,150.000000,10.619995,-150.000000
1.978200,-0.922654,150.000000,10.619995,-150.000000
1.978400,-0.999231,150.000000,10.619995,-150.000000
1.978600,-1.089718,150.000000,10.619995,-150.000000
1.978800,-1.191127,150.000000,10.619995,-150.000000
1.979000,-1.299741,150.000000,10.619995,-150.000000
1.979200,-1.411254,150.000000,10.619995,-150.000000
1.979400,-1.520931,150.000000,10.619995,-150.000000
1.979600,-1.623779,150.000000,10.619995,-150.000000
1.979800,-1.714735,150.000000,10.619995,-150.000000
1.980000,-1.788858,150.000000,10.619995,-150.000000
1.980200,-1.841506,150.000000,10.619995,-150.000000
1.980400,-1.868519,150.000000,10.619995,-150.000000
1.980600,-1.866366,150.000000,10.619995,-150.000000
1.980800,-1.832284,150.000000,10.619995,-150.000000
1.981000,-1.764382,150.000000,10.619995,-150.000000
1.981200,-1.661720,150.000000,10.619995,-150.000000
1.981400,-1.524347,150.000000,10.619995,-150.000000
1.981600,-1.353321,150.000000,10.619995,-150.000000
1.981800,-1.150684,150.000000,10.619995,-150.000000
1.982000,-0.919409,150.000000,10.619995,-150.000000
1.982200,-0.663329,150.000000,10.619995,-150.000000
1.982400,-0.387026,150.000000,10.619995,-150.000000
1.982600,-0.095711,150.000000,10.619995,-150.000000
1.982800,0.204914,150.000000,10.619995,-150.000000
1.983000,0.508813,150.000000,10.619995,-150.000000
1.983200,0.809771,150.000000,10.619995,-150.000000
1.983400,1.101555,150.000000,10.619995,-150.000000
1.983600,1.378075,150.000000,10.619995,-150.000000
1.983800,1.633536,150.000000,10.619995,-150.000000
1.984000,1.862581,150.000000,10.619995,-150.000000
1.984200,2.060422,150.000000,10.619995,-150.000000
1.984400,2.222956,150.000000,10.619995,-150.000000
1.984600,2.346865,150.000000,10.619995,-150.000000
1.984800,2.429688,150.000000,10.619995,-150.000000
1.985000,2.469888,150.000000,10.619995,-150.000000
1.985200,2.466883,150.000000,10.619995,-150.000000
1.985400,2.421065,150.000000,10.619995,-150.000000
1.985600,2.333792,150.000000,10.619995,-150.000000
1.985800,2.207361,150.000000,10.619995,-150.000000
1.986000,2.044960,150.000000,10.619995,-150.000000
1.986200,1.850599,150.000000,10.619995,-150.000000
1.986400,1.629025,150.000000,10.619995,-150.000000
1.986600,1.385613,150.000000,10.619995,-150.000000
1.986800,1.126254,150.000000,10.619995,-150.000000
1.987000,0.857210,150.000000,10.619995,-150.000000
1.987200,0.584980,150.000000,10.619995,-150.000000
1.987400,0.316141,150.000000,10.619995,-150.000000
1.987600,0.057195,150.000000,10.619995,-150.000000
1.987800,-0.185597,150.000000,10.619995,-150.000000
1.988000,-0.406362,150.000000,10.619995,-150.000000
1.988200,-0.599778,150.000000,10.619995,-150.000000
1.988400,-0.761201,150.000000,10.619995,-150.000000
1.988600,-0.886802,150.000000,10.619995,-150.000000
1.988800,-0.973668,150.000000,10.619995,-150.000000
1.989000,-1.019887,150.000000,10.619995,-150.000000
1.989200,-1.024611,150.000000,10.619995,-150.000000
1.989400,-0.988087,150.000000,10.619995,-150.000000
1.989600,-0.911654,150.000000,10.619995,-150.000000
1.989800,-0.797718,150.000000,10.619995,-150.000000
1.990000,-0.649688,150.000000,10.619995,-150.000000
1.990200,-0.471884,150.000000,10.619995,-150.000000
1.990400,-0.269414,150.000000,10.619995,-150.000000
1.990600,-0.048033,150.000000,10.619995,-150.000000
1.990800,0.186035,150.000000,10.619995,-150.000000
1.991000,0.426270,150.000000,10.619995,-150.000000
1.991200,0.666064,150.000000,10.619995,-150.000000
1.991400,0.898914,150.000000,10.619995,-150.000000
1.991600,1.118623,150.000000,10.619995,-150.000000
1.991800,1.319488,150.000000,10.619995,-150.000000
1.992000,1.496476,150.000000,10.619995,-150.000000
1.992200,1.645373,150.000000,10.619995,-150.000000
1.992400,1.762908,150.000000,10.619995,-150.000000
1.992600,1.846842,150.000000,10.619995,-150.000000
1.992800,1.896025,150.000000,10.619995,-150.000000
1.993000,1.910410,150.000000,10.619995,-150.000000
1.993200,1.891028,150.000000,10.619995,-150.000000
1.993400,1.839928,150.000000,10.619995,-150.000000
1.993600,1.760077,150.000000,10.619995,-150.000000
1.993800,1.655225,150.000000,10.619995,-150.000000
1.994000,1.529752,150.000000,10.619995,-150.000000
1.994200,1.388482,150.000000,10.619995,-150.000000
1.994400,1.236488,150.000000,10.619995,-150.000000
1.994600,1.078892,150.000000,10.619995,-150.000000
1.994800,0.920665,150.000000,10.619995,-150.000000
1.995000,0.766435,150.000000,10.619995,-150.000000
1.995200,0.620316,150.000000,10.619995,-150.000000
1.995400,0.485759,150.000000,10.619995,-150.000000
1.995600,0.365435,150.000000,10.619995,-150.000000
1.995800,0.261151,150.000000,10.619995,-150.000000
1.996000,0.173811,150.000000,10.619995,-150.000000
1.996200,0.103411,150.000000,10.619995,-150.000000
1.996400,0.049077,150.000000,10.619995,-150.000000
1.996600,0.009142,150.000000,10.619995,-150.000000
1.996800,-0.018743,150.000000,10.619995,-150.000000
1.997000,-0.037467,150.000000,10.619995,-150.000000
1.997200,-0.050291,150.000000,10.619995,-150.000000
1.997400,-0.060668,150.000000,10.619995,-150.000000
1.997600,-0.072055,150.000000,10.619995,-150.000000
1.997800,-0.087717,150.000000,10.619995,-150.000000
1.998000,-0.110553,150.000000,10.619995,-150.000000
1.998200,-0.142924,150.000000,10.619995,-150.000000
1.998400,-0.186521,150.000000,10.619995,-150.000000
1.998600,-0.242254,150.000000,10.619995,-150.000000
1.998800,-0.310177,150.000000,10.619995,-150.000000
1.999000,-0.389462,150.000000,10.619995,-150.000000
1.999200,-0.478401,150.000000,10.619995,-150.000000
1.999400,-0.574466,150.000000,10.619995,-150.000000
1.999600,-0.674393,150.000000,10.619995,-150.000000
1.999800,-0.774312,150.000000,10.619995,-150.000000
2.000000,-0.869909,150.000000,10.619995,-150.000000
2.000200,-0.956606,150.000000,10.619995,-150.000000
2.000400,-1.029764,150.000000,10.619995,-150.000000
2.000600,-1.084893,150.000000,10.619995,-150.000000
2.000800,-1.117860,150.000000,10.619995,-150.000000
2.001000,-1.125091,150.000000,10.619995,-150.000000
2.001200,-1.103752,150.000000,10.619995,-150.000000
2.001400,-1.051908,150.000000,10.619995,-150.000000
2.001600,-0.968646,150.000000,10.619995,-150.000000
2.001800,-0.854161,150.000000,10.619995,-150.000000
2.002000,-0.709798,150.000000,10.619995,-150.000000
2.002200,-0.538057,150.000000,10.619995,-150.000000
2.002400,-0.342537,150.000000,10.619995,-150.000000
2.002600,-0.127856,150.000000,10.619995,-150.000000
2.002800,0.100489,150.000000,10.619995,-150.000000
2.003000,0.336282,150.000000,10.619995,-150.000000
2.003200,0.572790,150.000000,10.619995,-150.000000
2.003400,0.802984,150.000000,10.619995,-150.000000
2.003600,1.019768,150.000000,10.619995,-150.000000
2.003800,1.216223,150.000000,10.619995,-150.000000
2.004000,1.385847,150.000000,10.619995,-150.000000
2.004200,1.522772,150.000000,10.619995,-150.000000
2.004400,1.621974,150.000000,10.619995,-150.000000
2.004600,1.679448,150.000000,10.619995,-150.000000
2.004800,1.692350,150.000000,10.619995,-150.000000
2.005000,1.659098,150.000000,10.619995,-150.000000
2.005200,1.579435,150.000000,10.619995,-150.000000
2.005400,1.454439,150.000000,10.619995,-150.000000
2.005600,1.286500,150.000000,10.619995,-150.000000
2.005800,1.079240,150.000000,10.619995,-150.000000
2.006000,0.837403,150.000000,10.619995,-150.000000
2.006200,0.566707,150.000000,10.619995,-150.000000
2.006400,0.273658,150.000000,10.619995,-150.000000
2.006600,-0.034645,150.000000,10.619995,-150.000000
2.006800,-0.350736,150.000000,10.619995,-150.000000
2.007000,-0.667003,150.000000,10.619995,-150.000000
2.007200,-0.975923,150.000000,10.619995,-150.000000
2.007400,-1.270277,150.000000,10.619995,-150.000000
2.007600,-1.543356,150.000000,10.619995,-150.000000
2.007800,-1.789148,150.000000,10.619995,-150.000000
2.008000,-2.002498,150.000000,10.619995,-150.000000
2.008200,-2.179226,150.000000,10.619995,-150.000000
2.008400,-2.316230,150.000000,10.619995,-150.000000
2.008600,-2.411536,150.000000,10.619995,-150.000000
2.008800,-2.464315,150.000000,10.619995,-150.000000
2.009000,-2.474874,150.000000,10.619995,-150.000000
2.009200,-2.444597,150.000000,10.619995,-150.000000
2.009400,-2.375866,150.000000,10.619995,-150.000000
2.009600,-2.271950,150.000000,10.619995,-150.000000
2.009800,-2.136874,150.000000,10.619995,-150.000000
2.010000,-1.975267,150.000000,10.619995,-150.000000
2.010200,-1.792203,150.000000,10.619995,-150.000000
2.010400,-1.593033,150.000000,10.619995,-150.000000
2.010600,-1.383217,150.000000,10.619995,-150.000000
2.010800,-1.168160,150.000000,10.619995,-150.000000
2.011000,-0.953064,150.000000,10.619995,-150.000000
2.011200,-0.742786,150.000000,10.619995,-150.000000
2.011400,-0.541720,150.000000,10.619995,-150.000000
2.011600,-0.353694,150.000000,10.619995,-150.000000
2.011800,-0.181900,150.000000,10.619995,-150.000000
2.012000,-0.028836,150.000000,10.619995,-150.000000
2.012200,0.103723,150.000000,10.619995,-150.000000
2.012400,0.214726,150.000000,10.619995,-150.000000
2.012600,0.303828,150.000000,10.619995,-150.000000
2.012800,0.371357,150.000000,10.619995,-150.000000
2.013000,0.418255,150.000000,10.619995,-150.000000
2.013200,0.446003,150.000000,10.619995,-150.000000
2.013400,0.456546,150.000000,10.619995,-150.000000
2.013600,0.452190,150.000000,10.619995,-150.000000
2.013800,0.435513,150.000000,10.619995,-150.000000
2.014000,0.409262,150.000000,10.619995,-150.000000
2.014200,0.376254,150.000000,10.619995,-150.000000
2.014400,0.339282,150.000000,10.619995,-150.000000
2.014600,0.301028,150.000000,10.619995,-150.000000
2.014800,0.263987,150.000000,10.619995,-150.000000
2.015000,0.230395,150.000000,10.619995,-150.000000
2.015200,0.202175,150.000000,10.619995,-150.000000
2.015400,0.180900,150.000000,10.619995,-150.000000
2.015600,0.167760,150.000000,10.619995,-150.000000
2.015800,0.163549,150.000000,10.619995,-150.000000
2.016000,0.168667,150.000000,10.619995,-150.000000
2.016200,0.183131,150.000000,10.619995,-150.000000
2.016400,0.206599,150.000000,10.619995,-150.000000
2.016600,0.238404,150.000000,10.619995,-150.000000
2.016800,0.277599,150.000000,10.619995,-150.000000
2.017000,0.323005,150.000000,10.619995,-150.000000
2.017200,0.373269,150.000000,10.619995,-150.000000
2.017400,0.426920,150.000000,10.619995,-150.000000
2.017600,0.482426,150.000000,10.619995,-150.000000
2.017800,0.538257,150.000000,10.619995,-150.000000
2.018000,0.592936,150.000000,10.619995,-150.000000
2.018200,0.645092,150.000000,10.619995,-150.000000
2.018400,0.693502,150.000000,10.619995,-150.000000
2.018600,0.737131,150.000000,10.619995,-150.000000
2.018800,0.775159,150.000000,10.619995,-150.000000
2.019000,0.807000,150.000000,10.619995,-150.000000
2.019200,0.832314,150.000000,10.619995,-150.000000
2.019400,0.851005,150.000000,10.619995,-150.000000
2.019600,0.863217,150.000000,10.619995,-150.000000
2.019800,0.869313,150.000000,10.619995,-150.000000
2.020000,0.869849,150.000000,10.619995,-150.000000
2.020200,0.865546,150.000000,10.619995,-150.000000
2.020400,0.857250,150.000000,10.619995,-150.000000
2.020600,0.845890,150.000000,10.619995,-150.000000
2.020800,0.832437,150.000000,10.619995,-150.000000
2.021000,0.817857,150.000000,10.619995,-150.000000
2.021200,0.803070,150.000000,10.619995,-150.000000
2.021400,0.788908,150.000000,10.619995,-150.000000
2.021600,0.776080,150.000000,10.619995,-150.000000
2.021800,0.765141,150.000000,10.619995,-150.000000
2.022000,0.756469,150.000000,10.619995,-150.000000
2.022200,0.750247,150.000000,10.619995,-150.000000
2.022400,0.746460,150.000000,10.619995,-150.000000
2.022600,0.744892,150.000000,10.619995,-150.000000
2.022800,0.745140,150.000000,10.619995,-150.000000
2.023000,0.746629,150.000000,10.619995,-150.000000
2.023200,0.748643,150.000000,10.619995,-150.000000
2.023400,0.750355,150.000000,10.619995,-150.000000
2.023600,0.750866,150.000000,10.619995,-150.000000
2.023800,0.749253,150.000000,10.619995,-150.000000
2.024000,0.744607,150.000000,10.619995,-150.000000
2.024200,0.736088,150.000000,10.619995,-150.000000
2.024400,0.722964,150.000000,10.619995,-150.000000
2.024600,0.704659,150.000000,10.619995,-150.000000
2.024800,0.680789,150.000000,10.619995,-150.000000
2.025000,0.651194,150.000000,10.619995,-150.000000
2.025200,0.615964,150.000000,10.619995,-150.000000
2.025400,0.575455,150.000000,10.619995,-150.000000
2.025600,0.530295,150.000000,10.619995,-150.000000
2.025800,0.481379,150.000000,10.619995,-150.000000
2.026000,0.429856,150.000000,10.619995,-150.000000
2.026200,0.377105,150.000000,10.619995,-150.000000
2.026400,0.324700,150.000000,10.619995,-150.000000
2.026600,0.274363,150.000000,10.619995,-150.000000
2.026800,0.227919,150.000000,10.619995,-150.000000
2.027000,0.187235,150.000000,10.619995,-150.000000
2.027200,0.154159,150.000000,10.619995,-150.000000
2.027400,0.130452,150.000000,10.619995,-150.000000
2.027600,0.117732,150.000000,10.619995,-150.000000
2.027800,0.117403,150.000000,10.619995,-150.000000
2.028000,0.130599,150.000000,10.619995,-150.000000
2.028200,0.158137,150.000000,10.619995,-150.000000
2.028400,0.200464,150.000000,10.619995,-150.000000
2.028600,0.257632,150.000000,10.619995,-150.000000
2.028800,0.329273,150.000000,10.619995,-150.000000
2.029000,0.414589,150.000000,10.619995,-150.000000
2.029200,0.512361,150.000000,10.619995,-150.000000
2.029400,0.620964,150.000000,10.619995,-150.000000
2.029600,0.738403,150.000000,10.619995,-150.000000
2.029800,0.862359,150.000000,10.619995,-150.000000
2.030000,0.990247,150.000000,10.619995,-150.000000
2.030200,1.119285,150.000000,10.619995,-150.000000
2.030400,1.246575,150.000000,10.619995,-150.000000
2.030600,1.369181,150.000000,10.619995,-150.000000
2.030800,1.484225,150.000000,10.619995,-150.000000
2.031000,1.588967,150.000000,10.619995,-150.000000
2.031200,1.680899,150.000000,10.619995,-150.000000
2.031400,1.757818,150.000000,10.619995,-150.000000
2.031600,1.817903,150.000000,10.619995,-150.000000
2.031800,1.859778,150.000000,10.619995,-150.000000
2.032000,1.882555,150.000000,10.619995,-150.000000
2.032200,1.885868,150.000000,10.619995,-150.000000
2.032400,1.869890,150.000000,10.619995,-150.000000
2.032600,1.835331,150.000000,10.619995,-150.000000
2.032800,1.783417,150.000000,10.619995,-150.000000
2.033000,1.715850,150.000000,10.619995,-150.000000
2.033200,1.634759,150.000000,10.619995,-150.000000
2.033400,1.542627,150.000000,10.619995,-150.000000
2.033600,1.442210,150.000000,10.619995,-150.000000
2.033800,1.336447,150.000000,10.619995,-150.000000
2.034000,1.228363,150.000000,10.619995,-150.000000
2.034200,1.120966,150.000000,10.619995,-150.000000
2.034400,1.017153,150.000000,10.619995,-150.000000
2.034600,0.919608,150.000000,10.619995,-150.000000
2.034800,0.830724,150.000000,10.619995,-150.000000
2.035000,0.752520,150.000000,10.619995,-150.000000
2.035200,0.686585,150.000000,10.619995,-150.000000
2.035400,0.634033,150.000000,10.619995,-150.000000
2.035600,0.595474,150.000000,10.619995,-150.000000
2.035800,0.571013,150.000000,10.619995,-150.000000
2.036000,0.560255,150.000000,10.619995,-150.000000
2.036200,0.562341,150.000000,10.619995,-150.000000
2.036400,0.575992,150.000000,10.619995,-150.000000
2.036600,0.599575,150.000000,10.619995,-150.000000
2.036800,0.631171,150.000000,10.619995,-150.000000
2.037000,0.668667,150.000000,10.619995,-150.000000
2.037200,0.709835,150.000000,10.619995,-150.000000
2.037400,0.752427,150.000000,10.619995,-150.000000
2.037600,0.794259,150.000000,10.619995,-150.000000
2.037800,0.833289,150.000000,10.619995,-150.000000
2.038000,0.867695,150.000000,10.619995,-150.000000
2.038200,0.895921,150.000000,10.619995,-150.000000
2.038400,0.916732,150.000000,10.619995,-150.000000
2.038600,0.929231,150.000000,10.619995,-150.000000
2.038800,0.932874,150.000000,10.619995,-150.000000
2.039000,0.927462,150.000000,10.619995,-150.000000
2.039200,0.913115,150.000000,10.619995,-150.000000
2.039400,0.890241,150.000000,10.619995,-150.000000
2.039600,0.859479,150.000000,10.619995,-150.000000
2.039800,0.821647,150.000000,10.619995,-150.000000
2.040000,0.777679,150.000000,10.619995,-150.000000
2.040200,0.728557,150.000000,10.619995,-150.000000
2.040400,0.675252,150.000000,10.619995,-150.000000
2.040600,0.618666,150.000000,10.619995,-150.000000
2.040800,0.559583,150.000000,10.619995,-150.000000
2.041000,0.498634,150.000000,10.619995,-150.000000
2.041200,0.436272,150.000000,10.619995,-150.000000
2.041400,0.372766,150.000000,10.619995,-150.000000
2.041600,0.308206,150.000000,10.619995,-150.000000
2.041800,0.242527,150.000000,10.619995,-150.000000
2.042000,0.175543,150.000000,10.619995,-150.000000
2.042200,0.106994,150.000000,10.619995,-150.000000
2.042400,0.036600,150.000000,10.619995,-150.000000
2.042600,-0.035873,150.000000,10.619995,-150.000000
2.042800,-0.110557,150.000000,10.619995,-150.000000
2.043000,-0.187419,150.000000,10.619995,-150.000000
2.043200,-0.266208,150.000000,10.619995,-150.000000
2.043400,-0.346410,150.000000,10.619995,-150.000000
2.043600,-0.427224,150.000000,10.619995,-150.000000
2.043800,-0.507542,150.000000,10.619995,-150.000000
2.044000,-0.585958,150.000000,10.619995,-150.000000
2.044200,-0.660789,150.000000,10.619995,-150.000000
2.044400,-0.730119,150.000000,10.619995,-150.000000
2.044600,-0.791862,150.000000,10.619995,-150.000000
2.044800,-0.843835,150.000000,10.619995,-150.000000
2.045000,-0.883853,150.000000,10.619995,-150.000000
2.045200,-0.909828,150.000000,10.619995,-150.000000
2.045400,-0.919873,150.000000,10.619995,-150.000000
2.045600,-0.912408,150.000000,10.619995,-150.000000
2.045800,-0.886266,150.000000,10.619995,-150.000000
2.046000,-0.840774,150.000000,10.619995,-150.000000
2.046200,-0.775842,150.000000,10.619995,-150.000000
2.046400,-0.692011,150.000000,10.619995,-150.000000
2.046600,-0.590490,150.000000,10.619995,-150.000000
2.046800,-0.473167,150.000000,10.619995,-150.000000
2.047000,-0.342587,150.000000,10.619995,-150.000000
2.047200,-0.201908,150.000000,10.619995,-150.000000
2.047400,-0.054824,150.000000,10.619995,-150.000000
2.047600,0.094532,150.000000,10.619995,-150.000000
2.047800,0.241715,150.000000,10.619995,-150.000000
2.048000,0.382105,150.000000,10.619995,-150.000000
2.048200,0.511066,150.000000,10.619995,-150.000000
2.048400,0.624108,150.000000,10.619995,-150.000000
2.048600,0.717048,150.000000,10.619995,-150.000000
2.048800,0.786178,150.000000,10.619995,-150.000000
2.049000,0.828404,150.000000,10.619995,-150.000000
2.049200,0.841386,150.000000,10.619995,-150.000000
2.049400,0.823641,150.000000,10.619995,-150.000000
2.049600,0.774625,150.000000,10.619995,-150.000000
2.049800,0.694780,150.000000,10.619995,-150.000000
2.050000,0.585551,150.000000,10.619995,-150.000000
2.050200,0.449362,150.000000,10.619995,-150.000000
2.050400,0.289560,150.000000,10.619995,-150.000000
2.050600,0.110322,150.000000,10.619995,-150.000000
2.050800,-0.083468,150.000000,10.619995,-150.000000
2.051000,-0.286370,150.000000,10.619995,-150.000000
2.051200,-0.492560,150.000000,10.619995,-150.000000
2.051400,-0.696024,150.000000,10.619995,-150.000000
2.051600,-0.890753,150.000000,10.619995,-150.000000
2.051800,-1.070948,150.000000,10.619995,-150.000000
2.052000,-1.231219,150.000000,10.619995,-150.000000
2.052200,-1.366764,150.000000,10.619995,-150.000000
2.052400,-1.473545,150.000000,10.619995,-150.000000
2.052600,-1.548423,150.000000,10.619995,-150.000000
2.052800,-1.589268,150.000000,10.619995,-150.000000
2.053000,-1.595042,150.000000,10.619995,-150.000000
2.053200,-1.565833,150.000000,10.619995,-150.000000
2.053400,-1.502853,150.000000,10.619995,-150.000000
2.053600,-1.408404,150.000000,10.619995,-150.000000
2.053800,-1.285794,150.000000,10.619995,-150.000000
2.054000,-1.139224,150.000000,10.619995,-150.000000
2.054200,-0.973647,150.000000,10.619995,-150.000000
2.054400,-0.794590,150.000000,10.619995,-150.000000
2.054600,-0.607963,150.000000,10.619995,-150.000000
2.054800,-0.419856,150.000000,10.619995,-150.000000
2.055000,-0.236322,150.000000,10.619995,-150.000000
2.055200,-0.063166,150.000000,10.619995,-150.000000
2.055400,0.094253,150.000000,10.619995,-150.000000
2.055600,0.231214,150.000000,10.619995,-150.000000
2.055800,0.343794,150.000000,10.619995,-150.000000
2.056000,0.429003,150.000000,10.619995,-150.000000
2.056200,0.484887,150.000000,10.619995,-150.000000
2.056400,0.510587,150.000000,10.619995,-150.000000
2.056600,0.506368,150.000000,10.619995,-150.000000
2.056800,0.473597,150.000000,10.619995,-150.000000
2.057000,0.414689,150.000000,10.619995,-150.000000
2.057200,0.333014,150.000000,10.619995,-150.000000
2.057400,0.232758,150.000000,10.619995,-150.000000
2.057600,0.118774,150.000000,10.619995,-150.000000
2.057800,-0.003610,150.000000,10.619995,-150.000000
2.058000,-0.128792,150.000000,10.619995,-150.000000
2.058200,-0.251105,150.000000,10.619995,-150.000000
2.058400,-0.365034,150.000000,10.619995,-150.000000
2.058600,-0.465428,150.000000,10.619995,-150.000000
2.058800,-0.547691,150.000000,10.619995,-150.000000
2.059000,-0.607961,150.000000,10.619995,-150.000000
2.059200,-0.643257,150.000000,10.619995,-150.000000
2.059400,-0.651594,150.000000,10.619995,-150.000000
2.059600,-0.632063,150.000000,10.619995,-150.000000
2.059800,-0.584866,150.000000,10.619995,-150.000000
2.060000,-0.511312,150.000000,10.619995,-150.000000
2.060200,-0.413769,150.000000,10.619995,-150.000000
2.060400,-0.295578,150.000000,10.619995,-150.000000
2.060600,-0.160922,150.000000,10.619995,-150.000000
2.060800,-0.014672,150.000000,10.619995,-150.000000
2.061000,0.137807,150.000000,10.619995,-150.000000
2.061200,0.290860,150.000000,10.619995,-150.000000
2.061400,0.438764,150.000000,10.619995,-150.000000
2.061600,0.575960,150.000000,10.619995,-150.000000
2.061800,0.697270,150.000000,10.619995,-150.000000
2.062000,0.798113,150.000000,10.619995,-150.000000
2.062200,0.874691,150.000000,10.619995,-150.000000
2.062400,0.924156,150.000000,10.619995,-150.000000
2.062600,0.944735,150.000000,10.619995,-150.000000
2.062800,0.935820,150.000000,10.619995,-150.000000
2.063000,0.898013,150.000000,10.619995,-150.000000
2.063200,0.833119,150.000000,10.619995,-150.000000
2.063400,0.744104,150.000000,10.619995,-150.000000
2.063600,0.634996,150.000000,10.619995,-150.000000
2.063800,0.510750,150.000000,10.619995,-150.000000
2.064000,0.377071,150.000000,10.619995,-150.000000
2.064200,0.240206,150.000000,10.619995,-150.000000
2.064400,0.106715,150.000000,10.619995,-150.000000
2.064600,-0.016784,150.000000,10.619995,-150.000000
2.064800,-0.123863,150.000000,10.619995,-150.000000
2.065000,-0.208546,150.000000,10.619995,-150.000000
2.065200,-0.265546,150.000000,10.619995,-150.000000
2.065400,-0.290486,150.000000,10.619995,-150.000000
2.065600,-0.280092,150.000000,10.619995,-150.000000
2.065800,-0.232344,150.000000,10.619995,-150.000000
2.066000,-0.146587,150.000000,10.619995,-150.000000
2.066200,-0.023591,150.000000,10.619995,-150.000000
2.066400,0.134437,150.000000,10.619995,-150.000000
2.066600,0.323900,150.000000,10.619995,-150.000000
2.066800,0.539902,150.000000,10.619995,-150.000000
2.067000,0.776397,150.000000,10.619995,-150.000000
2.067200,1.026372,150.000000,10.619995,-150.000000
2.067400,1.282076,150.000000,10.619995,-150.000000
2.067600,1.535279,150.000000,10.619995,-150.000000
2.067800,1.777545,150.000000,10.619995,-150.000000
2.068000,2.000529,150.000000,10.619995,-150.000000
2.068200,2.196259,150.000000,10.619995,-150.000000
2.068400,2.357422,150.000000,10.619995,-150.000000
2.068600,2.477627,150.000000,10.619995,-150.000000
2.068800,2.551630,150.000000,10.619995,-150.000000
2.069000,2.575534,150.000000,10.619995,-150.000000
2.069200,2.546934,150.000000,10.619995,-150.000000
2.069400,2.465017,150.000000,10.619995,-150.000000
2.069600,2.330601,150.000000,10.619995,-150.000000
2.069800,2.146128,150.000000,10.619995,-150.000000
2.070000,1.915585,150.000000,10.619995,-150.000000
2.070200,1.644391,150.000000,10.619995,-150.000000
2.070400,1.339215,150.000000,10.619995,-150.000000
2.070600,1.007766,150.000000,10.619995,-150.000000
2.070800,0.658536,150.000000,10.619995,-150.000000
2.071000,0.300526,150.000000,10.619995,-150.000000
2.071200,-0.057052,150.000000,10.619995,-150.000000
2.071400,-0.405076,150.000000,10.619995,-150.000000
2.071600,-0.734808,150.000000,10.619995,-150.000000
2.071800,-1.038175,150.000000,10.619995,-150.000000
2.072000,-1.308027,150.000000,10.619995,-150.000000
2.072200,-1.538351,150.000000,10.619995,-150.000000
2.072400,-1.724453,150.000000,10.619995,-150.000000
2.072600,-1.863089,150.000000,10.619995,-150.000000
2.072800,-1.952538,150.000000,10.619995,-150.000000
2.073000,-1.992625,150.000000,10.619995,-150.000000
2.073200,-1.984688,150.000000,10.619995,-150.000000
2.073400,-1.931495,150.000000,10.619995,-150.000000
2.073600,-1.837100,150.000000,10.619995,-150.000000
2.073800,-1.706673,150.000000,10.619995,-150.000000
2.074000,-1.546277,150.000000,10.619995,-150.000000
2.074200,-1.362629,150.000000,10.619995,-150.000000
2.074400,-1.162837,150.000000,10.619995,-150.000000
2.074600,-0.954131,150.000000,10.619995,-150.000000
2.074800,-0.743596,150.000000,10.619995,-150.000000
2.075000,-0.537916,150.000000,10.619995,-150.000000
2.075200,-0.343147,150.000000,10.619995,-150.000000
2.075400,-0.164511,150.000000,10.619995,-150.000000
2.075600,-0.006237,150.000000,10.619995,-150.000000
2.075800,0.128560,150.000000,10.619995,-150.000000
2.076000,0.237950,150.000000,10.619995,-150.000000
2.076200,0.321208,150.000000,10.619995,-150.000000
2.076400,0.378786,150.000000,10.619995,-150.000000
2.076600,0.412238,150.000000,10.619995,-150.000000
2.076800,0.424097,150.000000,10.619995,-150.000000
2.077000,0.417721,150.000000,10.619995,-150.000000
2.077200,0.397099,150.000000,10.619995,-150.000000
2.077400,0.366644,150.000000,10.619995,-150.000000
2.077600,0.330964,150.000000,10.619995,-150.000000
2.077800,0.294632,150.000000,10.619995,-150.000000
2.078000,0.261968,150.000000,10.619995,-150.000000
2.078200,0.236824,150.000000,10.619995,-150.000000
2.078400,0.222403,150.000000,10.619995,-150.000000
2.078600,0.221106,150.000000,10.619995,-150.000000
2.078800,0.234414,150.000000,10.619995,-150.000000
2.079000,0.262819,150.000000,10.619995,-150.000000
2.079200,0.305796,150.000000,10.619995,-150.000000
2.079400,0.361820,150.000000,10.619995,-150.000000
2.079600,0.428432,150.000000,10.619995,-150.000000
2.079800,0.502346,150.000000,10.619995,-150.000000
2.080000,0.579593,150.000000,10.619995,-150.000000
2.080200,0.655699,150.000000,10.619995,-150.000000
2.080400,0.725888,150.000000,10.619995,-150.000000
2.080600,0.785295,150.000000,10.619995,-150.000000
2.080800,0.829195,150.000000,10.619995,-150.000000
2.081000,0.853220,150.000000,10.619995,-150.000000
2.081200,0.853571,150.000000,10.619995,-150.000000
2.081400,0.827207,150.000000,10.619995,-150.000000
2.081600,0.772002,150.000000,10.619995,-150.000000
2.081800,0.686873,150.000000,10.619995,-150.000000
2.082000,0.571862,150.000000,10.619995,-150.000000
2.082200,0.428175,150.000000,10.619995,-150.000000
2.082400,0.258173,150.000000,10.619995,-150.000000
2.082600,0.065318,150.000000,10.619995,-150.000000
2.082800,-0.145924,150.000000,10.619995,-150.000000
2.083000,-0.370229,150.000000,10.619995,-150.000000
2.083200,-0.601584,150.000000,10.619995,-150.000000
2.083400,-0.833499,150.000000,10.619995,-150.000000
2.083600,-1.059231,150.000000,10.619995,-150.000000
2.083800,-1.272027,150.000000,10.619995,-150.000000
2.084000,-1.465361,150.000000,10.619995,-150.000000
2.084200,-1.633179,150.000000,10.619995,-150.000000
2.084400,-1.770115,150.000000,10.619995,-150.000000
2.084600,-1.871693,150.000000,10.619995,-150.000000
2.084800,-1.934492,150.000000,10.619995,-150.000000
2.085000,-1.956278,150.000000,10.619995,-150.000000
2.085200,-1.936088,150.000000,10.619995,-150.000000
2.085400,-1.874273,150.000000,10.619995,-150.000000
2.085600,-1.772492,150.000000,10.619995,-150.000000
2.085800,-1.633656,150.000000,10.619995,-150.000000
2.086000,-1.461829,150.000000,10.619995,-150.000000
2.086200,-1.262090,150.000000,10.619995,-150.000000
2.086400,-1.040356,150.000000,10.619995,-150.000000
2.086600,-0.803172,150.000000,10.619995,-150.000000
2.086800,-0.557490,150.000000,10.619995,-150.000000
2.087000,-0.310424,150.000000,10.619995,-150.000000
2.087200,-0.069004,150.000000,10.619995,-150.000000
2.087400,0.160059,150.000000,10.619995,-150.000000
2.087600,0.370604,150.000000,10.619995,-150.000000
2.087800,0.557223,150.000000,10.619995,-150.000000
2.088000,0.715438,150.000000,10.619995,-150.000000
2.088200,0.841840,150.000000,10.619995,-150.000000
2.088400,0.934191,150.000000,10.619995,-150.000000
2.088600,0.991481,150.000000,10.619995,-150.000000
2.088800,1.013938,150.000000,10.619995,-150.000000
2.089000,1.003002,150.000000,10.619995,-150.000000
2.089200,0.961246,150.000000,10.619995,-150.000000
2.089400,0.892261,150.000000,10.619995,-150.000000
2.089600,0.800511,150.000000,10.619995,-150.000000
2.089800,0.691153,150.000000,10.619995,-150.000000
2.090000,0.569837,150.000000,10.619995,-150.000000
2.090200,0.442495,150.000000,10.619995,-150.000000
2.090400,0.315120,150.000000,10.619995,-150.000000
2.090600,0.193552,150.000000,10.619995,-150.000000
2.090800,0.083268,150.000000,10.619995,-150.000000
2.091000,-0.010808,150.000000,10.619995,-150.000000
2.091200,-0.084463,150.000000,10.619995,-150.000000
2.091400,-0.134338,150.000000,10.619995,-150.000000
2.091600,-0.158024,150.000000,10.619995,-150.000000
2.091800,-0.154130,150.000000,10.619995,-150.000000
2.092000,-0.122303,150.000000,10.619995,-150.000000
2.092200,-0.063218,150.000000,10.619995,-150.000000
2.092400,0.021470,150.000000,10.619995,-150.000000
2.092600,0.129217,150.000000,10.619995,-150.000000
2.092800,0.256700,150.000000,10.619995,-150.000000
2.093000,0.399959,150.000000,10.619995,-150.000000
2.093200,0.554555,150.000000,10.619995,-150.000000
2.093400,0.715747,150.000000,10.619995,-150.000000
2.093600,0.878661,150.000000,10.619995,-150.000000
2.093800,1.038475,150.000000,10.619995,-150.000000
2.094000,1.190585,150.000000,10.619995,-150.000000
2.094200,1.330760,150.000000,10.619995,-150.000000
2.094400,1.455279,150.000000,10.619995,-150.000000
2.094600,1.561043,150.000000,10.619995,-150.000000
2.094800,1.645662,150.000000,10.619995,-150.000000
2.095000,1.707508,150.000000,10.619995,-150.000000
2.095200,1.745743,150.000000,10.619995,-150.000000
2.095400,1.760312,150.000000,10.619995,-150.000000
2.095600,1.751912,150.000000,10.619995,-150.000000
2.095800,1.721929,150.000000,10.619995,-150.000000
2.096000,1.672357,150.000000,10.619995,-150.000000
2.096200,1.605695,150.000000,10.619995,-150.000000
2.096400,1.524832,150.000000,10.619995,-150.000000
2.096600,1.432922,150.000000,10.619995,-150.000000
2.096800,1.333255,150.000000,10.619995,-150.000000
2.097000,1.229136,150.000000,10.619995,-150.000000
2.097200,1.123757,150.000000,10.619995,-150.000000
2.097400,1.020098,150.000000,10.619995,-150.000000
2.097600,0.920827,150.000000,10.619995,-150.000000
2.097800,0.828228,150.000000,10.619995,-150.000000
2.098000,0.744144,150.000000,10.619995,-150.000000
2.098200,0.669945,150.000000,10.619995,-150.000000
2.098400,0.606510,150.000000,10.619995,-150.000000
2.098600,0.554241,150.000000,10.619995,-150.000000
2.098800,0.513083,150.000000,10.619995,-150.000000
2.099000,0.482569,150.000000,10.619995,-150.000000
2.099200,0.461881,150.000000,10.619995,-150.000000
2.099400,0.449907,150.000000,10.619995,-150.000000
2.099600,0.445323,150.000000,10.619995,-150.000000
2.099800,0.446667,150.000000,10.619995,-150.000000
2.100000,0.452411,150.000000,10.619995,-150.000000
2.100200,0.461038,150.000000,10.619995,-150.000000
2.100400,0.471105,150.000000,10.619995,-150.000000
2.100600,0.481295,150.000000,10.619995,-150.000000
2.100800,0.490467,150.000000,10.619995,-150.000000
2.101000,0.497682,150.000000,10.619995,-150.000000
2.101200,0.502225,150.000000,10.619995,-150.000000
2.101400,0.503611,150.000000,10.619995,-150.000000
2.101600,0.501576,150.000000,10.619995,-150.000000
2.101800,0.496064,150.000000,10.619995,-150.000000
2.102000,0.487195,150.000000,10.619995,-150.000000
2.102200,0.475240,150.000000,10.619995,-150.000000
2.102400,0.460577,150.000000,10.619995,-150.000000
2.102600,0.443655,150.000000,10.619995,-150.000000
2.102800,0.424956,150.000000,10.619995,-150.000000
2.103000,0.404952,150.000000,10.619995,-150.000000
2.103200,0.384081,150.000000,10.619995,-150.000000
2.103400,0.362712,150.000000,10.619995,-150.000000
2.103600,0.341131,150.000000,10.619995,-150.000000
2.103800,0.319525,150.000000,10.619995,-150.000000
2.104000,0.297981,150.000000,10.619995,-150.000000
2.104200,0.276484,150.000000,10.619995,-150.000000
2.104400,0.254932,150.000000,10.619995,-150.000000
2.104600,0.233148,150.000000,10.619995,-150.000000
2.104800,0.210899,150.000000,10.619995,-150.000000
2.105000,0.187924,150.000000,10.619995,-150.000000
2.105200,0.163950,150.000000,10.619995,-150.000000
2.105400,0.138726,150.000000,10.619995,-150.000000
2.105600,0.112036,150.000000,10.619995,-150.000000
2.105800,0.083724,150.000000,10.619995,-150.000000
2.106000,0.053705,150.000000,10.619995,-150.000000
2.106200,0.021979,150.000000,10.619995,-150.000000
2.106400,-0.011367,150.000000,10.619995,-150.000000
2.106600,-0.046158,150.000000,10.619995,-150.000000
2.106800,-0.082138,150.000000,10.619995,-150.000000
2.107000,-0.118981,150.000000,10.619995,-150.000000
2.107200,-0.156302,150.000000,10.619995,-150.000000
2.107400,-0.193681,150.000000,10.619995,-150.000000
2.107600,-0.230674,150.000000,10.619995,-150.000000
2.107800,-0.266840,150.000000,10.619995,-150.000000
2.108000,-0.301755,150.000000,10.619995,-150.000000
2.108200,-0.335033,150.000000,10.619995,-150.000000
2.108400,-0.366338,150.000000,10.619995,-150.000000
2.108600,-0.395399,150.000000,10.619995,-150.000000
2.108800,-0.422012,150.000000,10.619995,-150.000000
2.109000,-0.446049,150.000000,10.619995,-150.000000
2.109200,-0.467453,150.000000,10.619995,-150.000000
2.109400,-0.486232,150.000000,10.619995,-150.000000
2.109600,-0.502454,150.000000,10.619995,-150.000000
2.109800,-0.516234,150.000000,10.619995,-150.000000
2.110000,-0.527719,150.000000,10.619995,-150.000000
2.110200,-0.537073,150.000000,10.619995,-150.000000
2.110400,-0.544464,150.000000,10.619995,-150.000000
2.110600,-0.550048,150.000000,10.619995,-150.000000
2.110800,-0.553958,150.000000,10.619995,-150.000000
2.111000,-0.556294,150.000000,10.619995,-150.000000
2.111200,-0.557116,150.000000,10.619995,-150.000000
2.111400,-0.556439,150.000000,10.619995,-150.000000
2.111600,-0.554240,150.000000,10.619995,-150.000000
2.111800,-0.550455,150.000000,10.619995,-150.000000
2.112000,-0.544994,150.000000,10.619995,-150.000000
2.112200,-0.537750,150.000000,10.619995,-150.000000
2.112400,-0.528612,150.000000,10.619995,-150.000000
2.112600,-0.517486,150.000000,10.619995,-150.000000
2.112800,-0.504309,150.000000,10.619995,-150.000000
2.113000,-0.489068,150.000000,10.619995,-150.000000
2.113200,-0.471820,150.000000,10.619995,-150.000000
2.113400,-0.452703,150.000000,10.619995,-150.000000
2.113600,-0.431955,150.000000,10.619995,-150.000000
2.113800,-0.409918,150.000000,10.619995,-150.000000
2.114000,-0.387050,150.000000,10.619995,-150.000000
2.114200,-0.363925,150.000000,10.619995,-150.000000
2.114400,-0.341226,150.000000,10.619995,-150.000000
2.114600,-0.319744,150.000000,10.619995,-150.000000
2.114800,-0.300357,150.000000,10.619995,-150.000000
2.115000,-0.284020,150.000000,10.619995,-150.000000
2.115200,-0.271735,150.000000,10.619995,-150.000000
2.115400,-0.264527,150.000000,10.619995,-150.000000
2.115600,-0.263415,150.000000,10.619995,-150.000000
2.115800,-0.269377,150.000000,10.619995,-150.000000
2.116000,-0.283312,150.000000,10.619995,-150.000000
2.116200,-0.306008,150.000000,10.619995,-150.000000
2.116400,-0.338104,150.000000,10.619995,-150.000000
2.116600,-0.380055,150.000000,10.619995,-150.000000
2.116800,-0.432099,150.000000,10.619995,-150.000000
2.117000,-0.494229,150.000000,10.619995,-150.000000
2.117200,-0.566170,150.000000,10.619995,-150.000000
2.117400,-0.647359,150.000000,10.619995,-150.000000
2.117600,-0.736937,150.000000,10.619995,-150.000000
2.117800,-0.833747,150.000000,10.619995,-150.000000
2.118000,-0.936339,150.000000,10.619995,-150.000000
2.118200,-1.042987,150.000000,10.619995,-150.000000
2.118400,-1.151717,150.000000,10.619995,-150.000000
2.118600,-1.260343,150.000000,10.619995,-150.000000
2.118800,-1.366513,150.000000,10.619995,-150.000000
2.119000,-1.467765,150.000000,10.619995,-150.000000
2.119200,-1.561589,150.000000,10.619995,-150.000000
2.119400,-1.645502,150.000000,10.619995,-150.000000
2.119600,-1.717115,150.000000,10.619995,-150.000000
2.119800,-1.774218,150.000000,10.619995,-150.000000
2.120000,-1.814857,150.000000,10.619995,-150.000000
2.120200,-1.837402,150.000000,10.619995,-150.000000
2.120400,-1.840627,150.000000,10.619995,-150.000000
2.120600,-1.823762,150.000000,10.619995,-150.000000
2.120800,-1.786549,150.000000,10.619995,-150.000000
2.121000,-1.729277,150.000000,10.619995,-150.000000
2.121200,-1.652798,150.000000,10.619995,-150.000000
2.121400,-1.558533,150.000000,10.619995,-150.000000
2.121600,-1.448452,150.000000,10.619995,-150.000000
2.121800,-1.325036,150.000000,10.619995,-150.000000
2.122000,-1.191218,150.000000,10.619995,-150.000000
2.122200,-1.050308,150.000000,10.619995,-150.000000
2.122400,-0.905897,150.000000,10.619995,-150.000000
2.122600,-0.761747,150.000000,10.619995,-150.000000
2.122800,-0.621673,150.000000,10.619995,-150.000000
2.123000,-0.489412,150.000000,10.619995,-150.000000
2.123200,-0.368495,150.000000,10.619995,-150.000000
2.123400,-0.262117,150.000000,10.619995,-150.000000
2.123600,-0.173017,150.000000,10.619995,-150.000000
2.123800,-0.103370,150.000000,10.619995,-150.000000
2.124000,-0.054693,150.000000,10.619995,-150.000000
2.124200,-0.027780,150.000000,10.619995,-150.000000
2.124400,-0.022657,150.000000,10.619995,-150.000000
2.124600,-0.038564,150.000000,10.619995,-150.000000
2.124800,-0.073973,150.000000,10.619995,-150.000000
2.125000,-0.126629,150.000000,10.619995,-150.000000
2.125200,-0.193629,150.000000,10.619995,-150.000000
2.125400,-0.271520,150.000000,10.619995,-150.000000
2.125600,-0.356430,150.000000,10.619995,-150.000000
2.125800,-0.444210,150.000000,10.619995,-150.000000
2.126000,-0.530600,150.000000,10.619995,-150.000000
2.126200,-0.611393,150.000000,10.619995,-150.000000
2.126400,-0.682611,150.000000,10.619995,-150.000000
2.126600,-0.740665,150.000000,10.619995,-150.000000
2.126800,-0.782511,150.000000,10.619995,-150.000000
2.127000,-0.805780,150.000000,10.619995,-150.000000
2.127200,-0.808886,150.000000,10.619995,-150.000000
2.127400,-0.791104,150.000000,10.619995,-150.000000
2.127600,-0.752609,150.000000,10.619995,-150.000000
2.127800,-0.694484,150.000000,10.619995,-150.000000
2.128000,-0.618686,150.000000,10.619995,-150.000000
2.128200,-0.527973,150.000000,10.619995,-150.000000
2.128400,-0.425807,150.000000,10.619995,-150.000000
2.128600,-0.316209,150.000000,10.619995,-150.000000
2.128800,-0.203605,150.000000,10.619995,-150.000000
2.129000,-0.092638,150.000000,10.619995,-150.000000
2.129200,0.012017,150.000000,10.619995,-150.000000
2.129400,0.105856,150.000000,10.619995,-150.000000
2.129600,0.184733,150.000000,10.619995,-150.000000
2.129800,0.245043,150.000000,10.619995,-150.000000
2.130000,0.283880,150.000000,10.619995,-150.000000
2.130200,0.299167,150.000000,10.619995,-150.000000
2.130400,0.289759,150.000000,10.619995,-150.000000
2.130600,0.255499,150.000000,10.619995,-150.000000
2.130800,0.197247,150.000000,10.619995,-150.000000
2.131000,0.116853,150.000000,10.619995,-150.000000
2.131200,0.017105,150.000000,10.619995,-150.000000
2.131400,-0.098373,150.000000,10.619995,-150.000000
2.131600,-0.225251,150.000000,10.619995,-150.000000
2.131800,-0.358652,150.000000,10.619995,-150.000000
2.132000,-0.493332,150.000000,10.619995,-150.000000
2.132200,-0.623876,150.000000,10.619995,-150.000000
2.132400,-0.744897,150.000000,10.619995,-150.000000
2.132600,-0.851235,150.000000,10.619995,-150.000000
2.132800,-0.938147,150.000000,10.619995,-150.000000
2.133000,-1.001473,150.000000,10.619995,-150.000000
2.133200,-1.037786,150.000000,10.619995,-150.000000
2.133400,-1.044506,150.000000,10.619995,-150.000000
2.133600,-1.019983,150.000000,10.619995,-150.000000
2.133800,-0.963543,150.000000,10.619995,-150.000000
2.134000,-0.875499,150.000000,10.619995,-150.000000
2.134200,-0.757123,150.000000,10.619995,-150.000000
2.134400,-0.610584,150.000000,10.619995,-150.000000
2.134600,-0.438859,150.000000,10.619995,-150.000000
2.134800,-0.245618,150.000000,10.619995,-150.000000
2.135000,-0.035081,150.000000,10.619995,-150.000000
2.135200,0.188123,150.000000,10.619995,-150.000000
2.135400,0.419122,150.000000,10.619995,-150.000000
2.135600,0.652949,150.000000,10.619995,-150.000000
2.135800,0.884702,150.000000,10.619995,-150.000000
2.136000,1.109676,150.000000,10.619995,-150.000000
2.136200,1.323493,150.000000,10.619995,-150.000000
2.136400,1.522202,150.000000,10.619995,-150.000000
2.136600,1.702362,150.000000,10.619995,-150.000000
2.136800,1.861099,150.000000,10.619995,-150.000000
2.137000,1.996138,150.000000,10.619995,-150.000000
2.137200,2.105818,150.000000,10.619995,-150.000000
2.137400,2.189075,150.000000,10.619995,-150.000000
2.137600,2.245420,150.000000,10.619995,-150.000000
2.137800,2.274895,150.000000,10.619995,-150.000000
2.138000,2.278015,150.000000,10.619995,-150.000000
2.138200,2.255711,150.000000,10.619995,-150.000000
2.138400,2.209268,150.000000,10.619995,-150.000000
2.138600,2.140258,150.000000,10.619995,-150.000000
2.138800,2.050485,150.000000,10.619995,-150.000000
2.139000,1.941930,150.000000,10.619995,-150.000000
2.139200,1.816709,150.000000,10.619995,-150.000000
2.139400,1.677030,150.000000,10.619995,-150.000000
2.139600,1.525175,150.000000,10.619995,-150.000000
2.139800,1.363472,150.000000,10.619995,-150.000000
2.140000,1.194285,150.000000,10.619995,-150.000000
2.140200,1.020007,150.000000,10.619995,-150.000000
2.140400,0.843051,150.000000,10.619995,-150.000000
2.140600,0.665845,150.000000,10.619995,-150.000000
2.140800,0.490825,150.000000,10.619995,-150.000000
2.141000,0.320422,150.000000,10.619995,-150.000000
2.141200,0.157041,150.000000,10.619995,-150.000000
2.141400,0.003039,150.000000,10.619995,-150.000000
2.141600,-0.139311,150.000000,10.619995,-150.000000
2.141800,-0.267861,150.000000,10.619995,-150.000000
2.142000,-0.380632,150.000000,10.619995,-150.000000
2.142200,-0.475870,150.000000,10.619995,-150.000000
2.142400,-0.552099,150.000000,10.619995,-150.000000
2.142600,-0.608177,150.000000,10.619995,-150.000000
2.142800,-0.643346,150.000000,10.619995,-150.000000
2.143000,-0.657280,150.000000,10.619995,-150.000000
2.143200,-0.650121,150.000000,10.619995,-150.000000
2.143400,-0.622501,150.000000,10.619995,-150.000000
2.143600,-0.575556,150.000000,10.619995,-150.000000
2.143800,-0.510916,150.000000,10.619995,-150.000000
2.144000,-0.430683,150.000000,10.619995,-150.000000
2.144200,-0.337392,150.000000,10.619995,-150.000000
2.144400,-0.233946,150.000000,10.619995,-150.000000
2.144600,-0.123549,150.000000,10.619995,-150.000000
2.144800,-0.009614,150.000000,10.619995,-150.000000
2.145000,0.104332,150.000000,10.619995,-150.000000
2.145200,0.214755,150.000000,10.619995,-150.000000
2.145400,0.318221,150.000000,10.619995,-150.000000
2.145600,0.411500,150.000000,10.619995,-150.000000
2.145800,0.491667,150.000000,10.619995,-150.000000
2.146000,0.556195,150.000000,10.619995,-150.000000
2.146200,0.603026,150.000000,10.619995,-150.000000
2.146400,0.630641,150.000000,10.619995,-150.000000
2.146600,0.638092,150.000000,10.619995,-150.000000
2.146800,0.625030,150.000000,10.619995,-150.000000
2.147000,0.591704,150.000000,10.619995,-150.000000
2.147200,0.538938,150.000000,10.619995,-150.000000
2.147400,0.468095,150.000000,10.619995,-150.000000
2.147600,0.381018,150.000000,10.619995,-150.000000
2.147800,0.279956,150.000000,10.619995,-150.000000
2.148000,0.167485,150.000000,10.619995,-150.000000
2.148200,0.046411,150.000000,10.619995,-150.000000
2.148400,-0.080321,150.000000,10.619995,-150.000000
2.148600,-0.209727,150.000000,10.619995,-150.000000
2.148800,-0.338871,150.000000,10.619995,-150.000000
2.149000,-0.464953,150.000000,10.619995,-150.000000
2.149200,-0.585384,150.000000,10.619995,-150.000000
2.149400,-0.697849,150.000000,10.619995,-150.000000
2.149600,-0.800354,150.000000,10.619995,-150.000000
2.149800,-0.891264,150.000000,10.619995,-150.000000
2.150000,-0.969322,150.000000,10.619995,-150.000000
2.150200,-1.033654,150.000000,10.619995,-150.000000
2.150400,-1.083765,150.000000,10.619995,-150.000000
2.150600,-1.119517,150.000000,10.619995,-150.000000
2.150800,-1.141109,150.000000,10.619995,-150.000000
2.151000,-1.149036,150.000000,10.619995,-150.000000
2.151200,-1.144054,150.000000,10.619995,-150.000000
2.151400,-1.127143,150.000000,10.619995,-150.000000
2.151600,-1.099460,150.000000,10.619995,-150.000000
2.151800,-1.062302,150.000000,10.619995,-150.000000
2.152000,-1.017072,150.000000,10.619995,-150.000000
2.152200,-0.965242,150.000000,10.619995,-150.000000
2.152400,-0.908326,150.000000,10.619995,-150.000000
2.152600,-0.847857,150.000000,10.619995,-150.000000
2.152800,-0.785359,150.000000,10.619995,-150.000000
2.153000,-0.722332,150.000000,10.619995,-150.000000
2.153200,-0.660235,150.000000,10.619995,-150.000000
2.153400,-0.600466,150.000000,10.619995,-150.000000
2.153600,-0.544344,150.000000,10.619995,-150.000000
2.153800,-0.493096,150.000000,10.619995,-150.000000
2.154000,-0.447827,150.000000,10.619995,-150.000000
2.154200,-0.409503,150.000000,10.619995,-150.000000
2.154400,-0.378925,150.000000,10.619995,-150.000000
2.154600,-0.356700,150.000000,10.619995,-150.000000
2.154800,-0.343214,150.000000,10.619995,-150.000000
2.155000,-0.338607,150.000000,10.619995,-150.000000
2.155200,-0.342751,150.000000,10.619995,-150.000000
2.155400,-0.355228,150.000000,10.619995,-150.000000
2.155600,-0.375318,150.000000,10.619995,-150.000000
2.155800,-0.402002,150.000000,10.619995,-150.000000
2.156000,-0.433964,150.000000,10.619995,-150.000000
2.156200,-0.469614,150.000000,10.619995,-150.000000
2.156400,-0.507120,150.000000,10.619995,-150.000000
2.156600,-0.544458,150.000000,10.619995,-150.000000
2.156800,-0.579469,150.000000,10.619995,-150.000000
2.157000,-0.609935,150.000000,10.619995,-150.000000
2.157200,-0.633658,150.000000,10.619995,-150.000000
2.157400,-0.648550,150.000000,10.619995,-150.000000
2.157600,-0.652731,150.000000,10.619995,-150.000000
2.157800,-0.644617,150.000000,10.619995,-150.000000
2.158000,-0.623018,150.000000,10.619995,-150.000000
2.158200,-0.587210,150.000000,10.619995,-150.000000
2.158400,-0.537010,150.000000,10.619995,-150.000000
2.158600,-0.472828,150.000000,10.619995,-150.000000
2.158800,-0.395694,150.000000,10.619995,-150.000000
2.159000,-0.307265,150.000000,10.619995,-150.000000
2.159200,-0.209810,150.000000,10.619995,-150.000000
2.159400,-0.106161,150.000000,10.619995,-150.000000
2.159600,0.000356,150.000000,10.619995,-150.000000
2.159800,0.106021,150.000000,10.619995,-150.000000
2.160000,0.206840,150.000000,10.619995,-150.000000
2.160200,0.298681,150.000000,10.619995,-150.000000
2.160400,0.377430,150.000000,10.619995,-150.000000
2.160600,0.439148,150.000000,10.619995,-150.000000
2.160800,0.480240,150.000000,10.619995,-150.000000
2.161000,0.497607,150.000000,10.619995,-150.000000
2.161200,0.488798,150.000000,10.619995,-150.000000
2.161400,0.452136,150.000000,10.619995,-150.000000
2.161600,0.386827,150.000000,10.619995,-150.000000
2.161800,0.293029,150.000000,10.619995,-150.000000
2.162000,0.171901,150.000000,10.619995,-150.000000
2.162200,0.025605,150.000000,10.619995,-150.000000
2.162400,-0.142725,150.000000,10.619995,-150.000000
2.162600,-0.329054,150.000000,10.619995,-150.000000
2.162800,-0.528552,150.000000,10.619995,-150.000000
2.163000,-0.735734,150.000000,10.619995,-150.000000
2.163200,-0.944628,150.000000,10.619995,-150.000000
2.163400,-1.148968,150.000000,10.619995,-150.000000
2.163600,-1.342396,150.000000,10.619995,-150.000000
2.163800,-1.518685,150.000000,10.619995,-150.000000
2.164000,-1.671946,150.000000,10.619995,-150.000000
2.164200,-1.796843,150.000000,10.619995,-150.000000
2.164400,-1.888779,150.000000,10.619995,-150.000000
2.164600,-1.944067,150.000000,10.619995,-150.000000
2.164800,-1.960066,150.000000,10.619995,-150.000000
2.165000,-1.935286,150.000000,10.619995,-150.000000
2.165200,-1.869447,150.000000,10.619995,-150.000000
2.165400,-1.763504,150.000000,10.619995,-150.000000
2.165600,-1.619622,150.000000,10.619995,-150.000000
2.165800,-1.441113,150.000000,10.619995,-150.000000
2.166000,-1.232333,150.000000,10.619995,-150.000000
2.166200,-0.998541,150.000000,10.619995,-150.000000
2.166400,-0.745727,150.000000,10.619995,-150.000000
2.166600,-0.480422,150.000000,10.619995,-150.000000
2.166800,-0.209483,150.000000,10.619995,-150.000000
2.167000,0.060123,150.000000,10.619995,-150.000000
2.167200,0.321544,150.000000,10.619995,-150.000000
2.167400,0.568256,150.000000,10.619995,-150.000000
2.167600,0.794260,150.000000,10.619995,-150.000000
2.167800,0.994260,150.000000,10.619995,-150.000000
2.168000,1.163813,150.000000,10.619995,-150.000000
2.168200,1.299447,150.000000,10.619995,-150.000000
2.168400,1.398745,150.000000,10.619995,-150.000000
2.168600,1.460381,150.000000,10.619995,-150.000000
2.168800,1.484134,150.000000,10.619995,-150.000000
2.169000,1.470853,150.000000,10.619995,-150.000000
2.169200,1.422387,150.000000,10.619995,-150.000000
2.169400,1.341492,150.000000,10.619995,-150.000000
2.169600,1.231704,150.000000,10.619995,-150.000000
2.169800,1.097188,150.000000,10.619995,-150.000000
2.170000,0.942584,150.000000,10.619995,-150.000000
2.170200,0.772830,150.000000,10.619995,-150.000000
2.170400,0.592994,150.000000,10.619995,-150.000000
2.170600,0.408100,150.000000,10.619995,-150.000000
2.170800,0.222975,150.000000,10.619995,-150.000000
2.171000,0.042105,150.000000,10.619995,-150.000000
2.171200,-0.130492,150.000000,10.619995,-150.000000
2.171400,-0.291361,150.000000,10.619995,-150.000000
2.171600,-0.437685,150.000000,10.619995,-150.000000
2.171800,-0.567332,150.000000,10.619995,-150.000000
2.172000,-0.678874,150.000000,10.619995,-150.000000
2.172200,-0.771577,150.000000,10.619995,-150.000000
2.172400,-0.845371,150.000000,10.619995,-150.000000
2.172600,-0.900790,150.000000,10.619995,-150.000000
2.172800,-0.938901,150.000000,10.619995,-150.000000
2.173000,-0.961217,150.000000,10.619995,-150.000000
2.173200,-0.969592,150.000000,10.619995,-150.000000
2.173400,-0.966119,150.000000,10.619995,-150.000000
2.173600,-0.953023,150.000000,10.619995,-150.000000
2.173800,-0.932553,150.000000,10.619995,-150.000000
2.174000,-0.906890,150.000000,10.619995,-150.000000
2.174200,-0.878058,150.000000,10.619995,-150.000000
2.174400,-0.847848,150.000000,10.619995,-150.000000
2.174600,-0.817764,150.000000,10.619995,-150.000000
2.174800,-0.788980,150.000000,10.619995,-150.000000
2.175000,-0.762315,150.000000,10.619995,-150.000000
2.175200,-0.738232,150.000000,10.619995,-150.000000
2.175400,-0.716843,150.000000,10.619995,-150.000000
2.175600,-0.697941,150.000000,10.619995,-150.000000
2.175800,-0.681035,150.000000,10.619995,-150.000000
2.176000,-0.665404,150.000000,10.619995,-150.000000
2.176200,-0.650152,150.000000,10.619995,-150.000000
2.176400,-0.634276,150.000000,10.619995,-150.000000
2.176600,-0.616725,150.000000,10.619995,-150.000000
2.176800,-0.596467,150.000000,10.619995,-150.000000
2.177000,-0.572548,150.000000,10.619995,-150.000000
2.177200,-0.544144,150.000000,10.619995,-150.000000
2.177400,-0.510603,150.000000,10.619995,-150.000000
2.177600,-0.471482,150.000000,10.619995,-150.000000
2.177800,-0.426561,150.000000,10.619995,-150.000000
2.178000,-0.375860,150.000000,10.619995,-150.000000
2.178200,-0.319627,150.000000,10.619995,-150.000000
2.178400,-0.258328,150.000000,10.619995,-150.000000
2.178600,-0.192618,150.000000,10.619995,-150.000000
2.178800,-0.123307,150.000000,10.619995,-150.000000
2.179000,-0.051318,150.000000,10.619995,-150.000000
2.179200,0.022364,150.000000,10.619995,-150.000000
2.179400,0.096735,150.000000,10.619995,-150.000000
2.179600,0.170826,150.000000,10.619995,-150.000000
2.179800,0.243745,150.000000,10.619995,-150.000000
2.180000,0.314721,150.000000,10.619995,-150.000000
2.180200,0.383136,150.000000,10.619995,-150.000000
2.180400,0.448548,150.000000,10.619995,-150.000000
2.180600,0.510705,150.000000,10.619995,-150.000000
2.180800,0.569549,150.000000,10.619995,-150.000000
2.181000,0.625207,150.000000,10.619995,-150.000000
2.181200,0.677972,150.000000,10.619995,-150.000000
2.181400,0.728270,150.000000,10.619995,-150.000000
2.181600,0.776628,150.000000,10.619995,-150.000000
2.181800,0.823623,150.000000,10.619995,-150.000000
2.182000,0.869841,150.000000,10.619995,-150.000000
2.182200,0.915822,150.000000,10.619995,-150.000000
2.182400,0.962013,150.000000,10.619995,-150.000000
2.182600,1.008723,150.000000,10.619995,-150.000000
2.182800,1.056087,150.000000,10.619995,-150.000000
2.183000,1.104036,150.000000,10.619995,-150.000000
2.183200,1.152280,150.000000,10.619995,-150.000000
2.183400,1.200302,150.000000,10.619995,-150.000000
2.183600,1.247368,150.000000,10.619995,-150.000000
2.183800,1.292548,150.000000,10.619995,-150.000000
2.184000,1.334753,150.000000,10.619995,-150.000000
2.184200,1.372780,150.000000,10.619995,-150.000000
2.184400,1.405371,150.000000,10.619995,-150.000000
2.184600,1.431278,150.000000,10.619995,-150.000000
2.184800,1.449334,150.000000,10.619995,-150.000000
2.185000,1.458521,150.000000,10.619995,-150.000000
2.185200,1.458042,150.000000,10.619995,-150.000000
2.185400,1.447383,150.000000,10.619995,-150.000000
2.185600,1.426363,150.000000,10.619995,-150.000000
2.185800,1.395182,150.000000,10.619995,-150.000000
2.186000,1.354437,150.000000,10.619995,-150.000000
2.186200,1.305136,150.000000,10.619995,-150.000000
2.186400,1.248683,150.000000,10.619995,-150.000000
2.186600,1.186849,150.000000,10.619995,-150.000000
2.186800,1.121716,150.000000,10.619995,-150.000000
2.187000,1.055615,150.000000,10.619995,-150.000000
2.187200,0.991038,150.000000,10.619995,-150.000000
2.187400,0.930541,150.000000,10.619995,-150.000000
2.187600,0.876642,150.000000,10.619995,-150.000000
2.187800,0.831706,150.000000,10.619995,-150.000000
2.188000,0.797842,150.000000,10.619995,-150.000000
2.188200,0.776796,150.000000,10.619995,-150.000000
2.188400,0.769861,150.000000,10.619995,-150.000000
2.188600,0.777797,150.000000,10.619995,-150.000000
2.188800,0.800778,150.000000,10.619995,-150.000000
2.189000,0.838353,150.000000,10.619995,-150.000000
2.189200,0.889440,150.000000,10.619995,-150.000000
2.189400,0.952344,150.000000,10.619995,-150.000000
2.189600,1.024799,150.000000,10.619995,-150.000000
2.189800,1.104043,150.000000,10.619995,-150.000000
2.190000,1.186910,150.000000,10.619995,-150.000000
2.190200,1.269948,150.000000,10.619995,-150.000000
2.190400,1.349553,150.000000,10.619995,-150.000000
2.190600,1.422105,150.000000,10.619995,-150.000000
2.190800,1.484123,150.000000,10.619995,-150.000000
2.191000,1.532406,150.000000,10.619995,-150.000000
2.191200,1.564174,150.000000,10.619995,-150.000000
2.191400,1.577192,150.000000,10.619995,-150.000000
2.191600,1.569872,150.000000,10.619995,-150.000000
2.191800,1.541355,150.000000,10.619995,-150.000000
2.192000,1.491558,150.000000,10.619995,-150.000000
2.192200,1.421192,150.000000,10.619995,-150.000000
2.192400,1.331747,150.000000,10.619995,-150.000000
2.192600,1.225442,150.000000,10.619995,-150.000000
2.192800,1.105142,150.000000,10.619995,-150.000000
2.193000,0.974251,150.000000,10.619995,-150.000000
2.193200,0.836571,150.000000,10.619995,-150.000000
2.193400,0.696151,150.000000,10.619995,-150.000000
2.193600,0.557120,150.000000,10.619995,-150.000000
2.193800,0.423506,150.000000,10.619995,-150.000000
2.194000,0.299074,150.000000,10.619995,-150.000000
2.194200,0.187157,150.000000,10.619995,-150.000000
2.194400,0.090513,150.000000,10.619995,-150.000000
2.194600,0.011202,150.000000,10.619995,-150.000000
2.194800,-0.049507,150.000000,10.619995,-150.000000
2.195000,-0.091197,150.000000,10.619995,-150.000000
2.195200,-0.114320,150.000000,10.619995,-150.000000
2.195400,-0.120189,150.000000,10.619995,-150.000000
2.195600,-0.110917,150.000000,10.619995,-150.000000
2.195800,-0.089331,150.000000,10.619995,-150.000000
2.196000,-0.058846,150.000000,10.619995,-150.000000
2.196200,-0.023316,150.000000,10.619995,-150.000000
2.196400,0.013142,150.000000,10.619995,-150.000000
2.196600,0.046334,150.000000,10.619995,-150.000000
2.196800,0.072182,150.000000,10.619995,-150.000000
2.197000,0.086919,150.000000,10.619995,-150.000000
2.197200,0.087269,150.000000,10.619995,-150.000000
2.197400,0.070611,150.000000,10.619995,-150.000000
2.197600,0.035116,150.000000,10.619995,-150.000000
2.197800,-0.020144,150.000000,10.619995,-150.000000
2.198000,-0.095133,150.000000,10.619995,-150.000000
2.198200,-0.188817,150.000000,10.619995,-150.000000
2.198400,-0.299184,150.000000,10.619995,-150.000000
2.198600,-0.423296,150.000000,10.619995,-150.000000
2.198800,-0.557389,150.000000,10.619995,-150.000000
2.199000,-0.697011,150.000000,10.619995,-150.000000
2.199200,-0.837184,150.000000,10.619995,-150.000000
2.199400,-0.972600,150.000000,10.619995,-150.000000
2.199600,-1.097832,150.000000,10.619995,-150.000000
2.199800,-1.207558,150.000000,10.619995,-150.000000
2.200000,-1.296777,150.000000,10.619995,-150.000000
2.200200,-1.361031,150.000000,10.619995,-150.000000
2.200400,-1.396597,150.000000,10.619995,-150.000000
2.200600,-1.400662,150.000000,10.619995,-150.000000
2.200800,-1.371462,150.000000,10.619995,-150.000000
2.201000,-1.308388,150.000000,10.619995,-150.000000
2.201200,-1.212042,150.000000,10.619995,-150.000000
2.201400,-1.084256,150.000000,10.619995,-150.000000
2.201600,-0.928053,150.000000,10.619995,-150.000000
2.201800,-0.747578,150.000000,10.619995,-150.000000
2.202000,-0.547968,150.000000,10.619995,-150.000000
2.202200,-0.335195,150.000000,10.619995,-150.000000
2.202400,-0.115869,150.000000,10.619995,-150.000000
2.202600,0.102980,150.000000,10.619995,-150.000000
2.202800,0.314149,150.000000,10.619995,-150.000000
2.203000,0.510507,150.000000,10.619995,-150.000000
2.203200,0.685253,150.000000,10.619995,-150.000000
2.203400,0.832154,150.000000,10.619995,-150.000000
2.203600,0.945778,150.000000,10.619995,-150.000000
2.203800,1.021692,150.000000,10.619995,-150.000000
2.204000,1.056633,150.000000,10.619995,-150.000000
2.204200,1.048637,150.000000,10.619995,-150.000000
2.204400,0.997127,150.000000,10.619995,-150.000000
2.204600,0.902951,150.000000,10.619995,-150.000000
2.204800,0.768372,150.000000,10.619995,-150.000000
2.205000,0.597014,150.000000,10.619995,-150.000000
2.205200,0.393751,150.000000,10.619995,-150.000000
2.205400,0.164564,150.000000,10.619995,-150.000000
2.205600,-0.083647,150.000000,10.619995,-150.000000
2.205800,-0.343279,150.000000,10.619995,-150.000000
2.206000,-0.606271,150.000000,10.619995,-150.000000
2.206200,-0.864362,150.000000,10.619995,-150.000000
2.206400,-1.109352,150.000000,10.619995,-150.000000
2.206600,-1.333372,150.000000,10.619995,-150.000000
2.206800,-1.529132,150.000000,10.619995,-150.000000
2.207000,-1.690155,150.000000,10.619995,-150.000000
2.207200,-1.810982,150.000000,10.619995,-150.000000
2.207400,-1.887344,150.000000,10.619995,-150.000000
2.207600,-1.916289,150.000000,10.619995,-150.000000
2.207800,-1.896271,150.000000,10.619995,-150.000000
2.208000,-1.827190,150.000000,10.619995,-150.000000
2.208200,-1.710378,150.000000,10.619995,-150.000000
2.208400,-1.548544,150.000000,10.619995,-150.000000
2.208600,-1.345672,150.000000,10.619995,-150.000000
2.208800,-1.106875,150.000000,10.619995,-150.000000
2.209000,-0.838217,150.000000,10.619995,-150.000000
2.209200,-0.546503,150.000000,10.619995,-150.000000
2.209400,-0.239048,150.000000,10.619995,-150.000000
2.209600,0.076567,150.000000,10.619995,-150.000000
2.209800,0.392742,150.000000,10.619995,-150.000000
2.210000,0.702107,150.000000,10.619995,-150.000000
2.210200,0.997747,150.000000,10.619995,-150.000000
2.210400,1.273412,150.000000,10.619995,-150.000000
2.210600,1.523703,150.000000,10.619995,-150.000000
2.210800,1.744213,150.000000,10.619995,-150.000000
2.211000,1.931633,150.000000,10.619995,-150.000000
2.211200,2.083820,150.000000,10.619995,-150.000000
2.211400,2.199813,150.000000,10.619995,-150.000000
2.211600,2.279809,150.000000,10.619995,-150.000000
2.211800,2.325096,150.000000,10.619995,-150.000000
2.212000,2.337949,150.000000,10.619995,-150.000000
2.212200,2.321489,150.000000,10.619995,-150.000000
2.212400,2.279515,150.000000,10.619995,-150.000000
2.212600,2.216324,150.000000,10.619995,-150.000000
2.212800,2.136505,150.000000,10.619995,-150.000000
2.213000,2.044741,150.000000,10.619995,-150.000000
2.213200,1.945610,150.000000,10.619995,-150.000000
2.213400,1.843405,150.000000,10.619995,-150.000000
2.213600,1.741964,150.000000,10.619995,-150.000000
2.213800,1.644539,150.000000,10.619995,-150.000000
2.214000,1.553692,150.000000,10.619995,-150.000000
2.214200,1.471220,150.000000,10.619995,-150.000000
2.214400,1.398134,150.000000,10.619995,-150.000000
2.214600,1.334662,150.000000,10.619995,-150.000000
2.214800,1.280295,150.000000,10.619995,-150.000000
2.215000,1.233871,150.000000,10.619995,-150.000000
2.215200,1.193682,150.000000,10.619995,-150.000000
2.215400,1.157609,150.000000,10.619995,-150.000000
2.215600,1.123276,150.000000,10.619995,-150.000000
2.215800,1.088208,150.000000,10.619995,-150.000000
2.216000,1.049999,150.000000,10.619995,-150.000000
2.216200,1.006465,150.000000,10.619995,-150.000000
2.216400,0.955794,150.000000,10.619995,-150.000000
2.216600,0.896661,150.000000,10.619995,-150.000000
2.216800,0.828335,150.000000,10.619995,-150.000000
2.217000,0.750738,150.000000,10.619995,-150.000000
2.217200,0.664478,150.000000,10.619995,-150.000000
2.217400,0.570849,150.000000,10.619995,-150.000000
2.217600,0.471786,150.000000,10.619995,-150.000000
2.217800,0.369799,150.000000,10.619995,-150.000000
2.218000,0.267865,150.000000,10.619995,-150.000000
2.218200,0.169300,150.000000,10.619995,-150.000000
2.218400,0.077616,150.000000,10.619995,-150.000000
2.218600,-0.003640,150.000000,10.619995,-150.000000
2.218800,-0.071053,150.000000,10.619995,-150.000000
2.219000,-0.121496,150.000000,10.619995,-150.000000
2.219200,-0.152282,150.000000,10.619995,-150.000000
2.219400,-0.161295,150.000000,10.619995,-150.000000
2.219600,-0.147097,150.000000,10.619995,-150.000000
2.219800,-0.109009,150.000000,10.619995,-150.000000
2.220000,-0.047153,150.000000,10.619995,-150.000000
2.220200,0.037536,150.000000,10.619995,-150.000000
2.220400,0.143336,150.000000,10.619995,-150.000000
2.220600,0.267794,150.000000,10.619995,-150.000000
2.220800,0.407822,150.000000,10.619995,-150.000000
2.221000,0.559815,150.000000,10.619995,-150.000000
2.221200,0.719788,150.000000,10.619995,-150.000000
2.221400,0.883533,150.000000,10.619995,-150.000000
2.221600,1.046786,150.000000,10.619995,-150.000000
2.221800,1.205385,150.000000,10.619995,-150.000000
2.222000,1.355432,150.000000,10.619995,-150.000000
2.222200,1.493436,150.000000,10.619995,-150.000000
2.222400,1.616434,150.000000,10.619995,-150.000000
2.222600,1.722088,150.000000,10.619995,-150.000000
2.222800,1.808754,150.000000,10.619995,-150.000000
2.223000,1.875513,150.000000,10.619995,-150.000000
2.223200,1.922178,150.000000,10.619995,-150.000000
2.223400,1.949255,150.000000,10.619995,-150.000000
2.223600,1.957884,150.000000,10.619995,-150.000000
2.223800,1.949748,150.000000,10.619995,-150.000000
2.224000,1.926959,150.000000,10.619995,-150.000000
2.224200,1.891932,150.000000,10.619995,-150.000000
2.224400,1.847242,150.000000,10.619995,-150.000000
2.224600,1.795482,150.000000,10.619995,-150.000000
2.224800,1.739128,150.000000,10.619995,-150.000000
2.225000,1.680413,150.000000,10.619995,-150.000000
2.225200,1.621211,150.000000,10.619995,-150.000000
2.225400,1.562957,150.000000,10.619995,-150.000000
2.225600,1.506585,150.000000,10.619995,-150.000000
2.225800,1.452497,150.000000,10.619995,-150.000000
2.226000,1.400560,150.000000,10.619995,-150.000000
2.226200,1.350142,150.000000,10.619995,-150.000000
2.226400,1.300169,150.000000,10.619995,-150.000000
2.226600,1.249207,150.000000,10.619995,-150.000000
2.226800,1.195574,150.000000,10.619995,-150.000000
2.227000,1.137452,150.000000,10.619995,-150.000000
2.227200,1.073025,150.000000,10.619995,-150.000000
2.227400,1.000607,150.000000,10.619995,-150.000000
2.227600,0.918771,150.000000,10.619995,-150.000000
2.227800,0.826464,150.000000,10.619995,-150.000000
2.228000,0.723106,150.000000,10.619995,-150.000000
2.228200,0.608664,150.000000,10.619995,-150.000000
2.228400,0.483703,150.000000,10.619995,-150.000000
2.228600,0.349403,150.000000,10.619995,-150.000000
2.228800,0.207542,150.000000,10.619995,-150.000000
2.229000,0.060457,150.000000,10.619995,-150.000000
2.229200,-0.089036,150.000000,10.619995,-150.000000
2.229400,-0.237741,150.000000,10.619995,-150.000000
2.229600,-0.382208,150.000000,10.619995,-150.000000
2.229800,-0.518874,150.000000,10.619995,-150.000000
2.230000,-0.644215,150.000000,10.619995,-150.000000
2.230200,-0.754899,150.000000,10.619995,-150.000000
2.230400,-0.847944,150.000000,10.619995,-150.000000
2.230600,-0.920851,150.000000,10.619995,-150.000000
2.230800,-0.971732,150.000000,10.619995,-150.000000
2.231000,-0.999409,150.000000,10.619995,-150.000000
2.231200,-1.003483,150.000000,10.619995,-150.000000
2.231400,-0.984374,150.000000,10.619995,-150.000000
2.231600,-0.943324,150.000000,10.619995,-150.000000
2.231800,-0.882368,150.000000,10.619995,-150.000000
2.232000,-0.804260,150.000000,10.619995,-150.000000
2.232200,-0.712384,150.000000,10.619995,-150.000000
2.232400,-0.610618,150.000000,10.619995,-150.000000
2.232600,-0.503191,150.000000,10.619995,-150.000000
2.232800,-0.394508,150.000000,10.619995,-150.000000
2.233000,-0.288980,150.000000,10.619995,-150.000000
2.233200,-0.190842,150.000000,10.619995,-150.000000
2.233400,-0.103975,150.000000,10.619995,-150.000000
2.233600,-0.031753,150.000000,10.619995,-150.000000
2.233800,0.023106,150.000000,10.619995,-150.000000
2.234000,0.058650,150.000000,10.619995,-150.000000
2.234200,0.073774,150.000000,10.619995,-150.000000
2.234400,0.068274,150.000000,10.619995,-150.000000
2.234600,0.042853,150.000000,10.619995,-150.000000
2.234800,-0.000907,150.000000,10.619995,-150.000000
2.235000,-0.060608,150.000000,10.619995,-150.000000
2.235200,-0.133138,150.000000,10.619995,-150.000000
2.235400,-0.214798,150.000000,10.619995,-150.000000
2.235600,-0.301464,150.000000,10.619995,-150.000000
2.235800,-0.388751,150.000000,10.619995,-150.000000
2.236000,-0.472211,150.000000,10.619995,-150.000000
2.236200,-0.547509,150.000000,10.619995,-150.000000
2.236400,-0.610619,150.000000,10.619995,-150.000000
2.236600,-0.657989,150.000000,10.619995,-150.000000
2.236800,-0.686696,150.000000,10.619995,-150.000000
2.237000,-0.694575,150.000000,10.619995,-150.000000
2.237200,-0.680310,150.000000,10.619995,-150.000000
2.237400,-0.643501,150.000000,10.619995,-150.000000
2.237600,-0.584680,150.000000,10.619995,-150.000000
2.237800,-0.505301,150.000000,10.619995,-150.000000
2.238000,-0.407683,150.000000,10.619995,-150.000000
2.238200,-0.294921,150.000000,10.619995,-150.000000
2.238400,-0.170768,150.000000,10.619995,-150.000000
2.238600,-0.039484,150.000000,10.619995,-150.000000
2.238800,0.094326,150.000000,10.619995,-150.000000
2.239000,0.225899,150.000000,10.619995,-150.000000
2.239200,0.350494,150.000000,10.619995,-150.000000
2.239400,0.463579,150.000000,10.619995,-150.000000
2.239600,0.561005,150.000000,10.619995,-150.000000
2.239800,0.639160,150.000000,10.619995,-150.000000
2.240000,0.695106,150.000000,10.619995,-150.000000
2.240200,0.726684,150.000000,10.619995,-150.000000
2.240400,0.732585,150.000000,10.619995,-150.000000
2.240600,0.712389,150.000000,10.619995,-150.000000
2.240800,0.666565,150.000000,10.619995,-150.000000
2.241000,0.596441,150.000000,10.619995,-150.000000
2.241200,0.504133,150.000000,10.619995,-150.000000
2.241400,0.392446,150.000000,10.619995,-150.000000
2.241600,0.264754,150.000000,10.619995,-150.000000
2.241800,0.124859,150.000000,10.619995,-150.000000
2.242000,-0.023174,150.000000,10.619995,-150.000000
2.242200,-0.175169,150.000000,10.619995,-150.000000
2.242400,-0.327011,150.000000,10.619995,-150.000000
2.242600,-0.474793,150.000000,10.619995,-150.000000
2.242800,-0.614962,150.000000,10.619995,-150.000000
2.243000,-0.744440,150.000000,10.619995,-150.000000
2.243200,-0.860716,150.000000,10.619995,-150.000000
2.243400,-0.961922,150.000000,10.619995,-150.000000
2.243600,-1.046868,150.000000,10.619995,-150.000000
2.243800,-1.115051,150.000000,10.619995,-150.000000
2.244000,-1.166632,150.000000,10.619995,-150.000000
2.244200,-1.202388,150.000000,10.619995,-150.000000
2.244400,-1.223634,150.000000,10.619995,-150.000000
2.244600,-1.232125,150.000000,10.619995,-150.000000
2.244800,-1.229950,150.000000,10.619995,-150.000000
2.245000,-1.219399,150.000000,10.619995,-150.000000
2.245200,-1.202844,150.000000,10.619995,-150.000000
2.245400,-1.182615,150.000000,10.619995,-150.000000
2.245600,-1.160875,150.000000,10.619995,-150.000000
2.245800,-1.139527,150.000000,10.619995,-150.000000
2.246000,-1.120124,150.000000,10.619995,-150.000000
2.246200,-1.103806,150.000000,10.619995,-150.000000
2.246400,-1.091265,150.000000,10.619995,-150.000000
2.246600,-1.082729,150.000000,10.619995,-150.000000
2.246800,-1.077980,150.000000,10.619995,-150.000000
2.247000,-1.076391,150.000000,10.619995,-150.000000
2.247200,-1.076988,150.000000,10.619995,-150.000000
2.247400,-1.078531,150.000000,10.619995,-150.000000
2.247600,-1.079612,150.000000,10.619995,-150.000000
2.247800,-1.078759,150.000000,10.619995,-150.000000
2.248000,-1.074547,150.000000,10.619995,-150.000000
2.248200,-1.065707,150.000000,10.619995,-150.000000
2.248400,-1.051228,150.000000,10.619995,-150.000000
2.248600,-1.030443,150.000000,10.619995,-150.000000
2.248800,-1.003104,150.000000,10.619995,-150.000000
2.249000,-0.969430,150.000000,10.619995,-150.000000
2.249200,-0.930134,150.000000,10.619995,-150.000000
2.249400,-0.886418,150.000000,10.619995,-150.000000
2.249600,-0.839948,150.000000,10.619995,-150.000000
2.249800,-0.792798,150.000000,10.619995,-150.000000
2.250000,-0.747366,150.000000,10.619995,-150.000000
2.250200,-0.706278,150.000000,10.619995,-150.000000
2.250400,-0.672264,150.000000,10.619995,-150.000000
2.250600,-0.648024,150.000000,10.619995,-150.000000
2.250800,-0.636090,150.000000,10.619995,-150.000000
2.251000,-0.638685,150.000000,10.619995,-150.000000
2.251200,-0.657587,150.000000,10.619995,-150.000000
2.251400,-0.694001,150.000000,10.619995,-150.000000
2.251600,-0.748458,150.000000,10.619995,-150.000000
2.251800,-0.820727,150.000000,10.619995,-150.000000
2.252000,-0.909762,150.000000,10.619995,-150.000000
2.252200,-1.013673,150.000000,10.619995,-150.000000
2.252400,-1.129742,150.000000,10.619995,-150.000000
2.252600,-1.254459,150.000000,10.619995,-150.000000
2.252800,-1.383607,150.000000,10.619995,-150.000000
2.253000,-1.512368,150.000000,10.619995,-150.000000
2.253200,-1.635468,150.000000,10.619995,-150.000000
2.253400,-1.747344,150.000000,10.619995,-150.000000
2.253600,-1.842329,150.000000,10.619995,-150.000000
2.253800,-1.914857,150.000000,10.619995,-150.000000
2.254000,-1.959669,150.000000,10.619995,-150.000000
2.254200,-1.972025,150.000000,10.619995,-150.000000
2.254400,-1.947900,150.000000,10.619995,-150.000000
2.254600,-1.884174,150.000000,10.619995,-150.000000
2.254800,-1.778787,150.000000,10.619995,-150.000000
2.255000,-1.630879,150.000000,10.619995,-150.000000
2.255200,-1.440879,150.000000,10.619995,-150.000000
2.255400,-1.210569,150.000000,10.619995,-150.000000
2.255600,-0.943091,150.000000,10.619995,-150.000000
2.255800,-0.642915,150.000000,10.619995,-150.000000
2.256000,-0.315765,150.000000,10.619995,-150.000000
2.256200,0.031507,150.000000,10.619995,-150.000000
2.256400,0.391087,150.000000,10.619995,-150.000000
2.256600,0.754400,150.000000,10.619995,-150.000000
2.256800,1.112346,150.000000,10.619995,-150.000000
2.257000,1.455559,150.000000,10.619995,-150.000000
2.257200,1.774684,150.000000,10.619995,-150.000000
2.257400,2.060667,150.000000,10.619995,-150.000000
2.257600,2.305034,150.000000,10.619995,-150.000000
2.257800,2.500172,150.000000,10.619995,-150.000000
2.258000,2.639582,150.000000,10.619995,-150.000000
2.258200,2.718110,150.000000,10.619995,-150.000000
2.258400,2.732138,150.000000,10.619995,-150.000000
2.258600,2.679733,150.000000,10.619995,-150.000000
2.258800,2.560750,150.000000,10.619995,-150.000000
2.259000,2.376878,150.000000,10.619995,-150.000000
2.259200,2.131630,150.000000,10.619995,-150.000000
2.259400,1.830284,150.000000,10.619995,-150.000000
2.259600,1.479757,150.000000,10.619995,-150.000000
2.259800,1.088437,150.000000,10.619995,-150.000000
2.260000,0.665959,150.000000,10.619995,-150.000000
2.260200,0.222947,150.000000,10.619995,-150.000000
2.260400,-0.229288,150.000000,10.619995,-150.000000
2.260600,-0.679065,150.000000,10.619995,-150.000000
2.260800,-1.114669,150.000000,10.619995,-150.000000
2.261000,-1.524696,150.000000,10.619995,-150.000000
2.261200,-1.898384,150.000000,10.619995,-150.000000
2.261400,-2.225933,150.000000,10.619995,-150.000000
2.261600,-2.498797,150.000000,10.619995,-150.000000
2.261800,-2.709933,150.000000,10.619995,-150.000000
2.262000,-2.854018,150.000000,10.619995,-150.000000
2.262200,-2.927599,150.000000,10.619995,-150.000000
2.262400,-2.929198,150.000000,10.619995,-150.000000
2.262600,-2.859348,150.000000,10.619995,-150.000000
2.262800,-2.720574,150.000000,10.619995,-150.000000
2.263000,-2.517304,150.000000,10.619995,-150.000000
2.263200,-2.255729,150.000000,10.619995,-150.000000
2.263400,-1.943607,150.000000,10.619995,-150.000000
2.263600,-1.590012,150.000000,10.619995,-150.000000
2.263800,-1.205058,150.000000,10.619995,-150.000000
2.264000,-0.799577,150.000000,10.619995,-150.000000
2.264200,-0.384786,150.000000,10.619995,-150.000000
2.264400,0.028056,150.000000,10.619995,-150.000000
2.264600,0.427989,150.000000,10.619995,-150.000000
2.264800,0.804681,150.000000,10.619995,-150.000000
2.265000,1.148731,150.000000,10.619995,-150.000000
2.265200,1.451937,150.000000,10.619995,-150.000000
2.265400,1.707522,150.000000,10.619995,-150.000000
2.265600,1.910315,150.000000,10.619995,-150.000000
2.265800,2.056866,150.000000,10.619995,-150.000000
2.266000,2.145514,150.000000,10.619995,-150.000000
2.266200,2.176390,150.000000,10.619995,-150.000000
2.266400,2.151361,150.000000,10.619995,-150.000000
2.266600,2.073921,150.000000,10.619995,-150.000000
2.266800,1.949027,150.000000,10.619995,-150.000000
2.267000,1.782894,150.000000,10.619995,-150.000000
2.267200,1.582755,150.000000,10.619995,-150.000000
2.267400,1.356587,150.000000,10.619995,-150.000000
2.267600,1.112827,150.000000,10.619995,-150.000000
2.267800,0.860075,150.000000,10.619995,-150.000000
2.268000,0.606809,150.000000,10.619995,-150.000000
2.268200,0.361105,150.000000,10.619995,-150.000000
2.268400,0.130382,150.000000,10.619995,-150.000000
2.268600,-0.078815,150.000000,10.619995,-150.000000
2.268800,-0.261001,150.000000,10.619995,-150.000000
2.269000,-0.411892,150.000000,10.619995,-150.000000
2.269200,-0.528490,150.000000,10.619995,-150.000000
2.269400,-0.609136,150.000000,10.619995,-150.000000
2.269600,-0.653493,150.000000,10.619995,-150.000000
2.269800,-0.662500,150.000000,10.619995,-150.000000
2.270000,-0.638268,150.000000,10.619995,-150.000000
2.270200,-0.583952,150.000000,10.619995,-150.000000
2.270400,-0.503578,150.000000,10.619995,-150.000000
2.270600,-0.401852,150.000000,10.619995,-150.000000
2.270800,-0.283958,150.000000,10.619995,-150.000000
2.271000,-0.155338,150.000000,10.619995,-150.000000
2.271200,-0.021482,150.000000,10.619995,-150.000000
2.271400,0.112278,150.000000,10.619995,-150.000000
2.271600,0.240951,150.000000,10.619995,-150.000000
2.271800,0.360056,150.000000,10.619995,-150.000000
2.272000,0.465754,150.000000,10.619995,-150.000000
2.272200,0.554946,150.000000,10.619995,-150.000000
2.272400,0.625351,150.000000,10.619995,-150.000000
2.272600,0.675527,150.000000,10.619995,-150.000000
2.272800,0.704872,150.000000,10.619995,-150.000000
2.273000,0.713588,150.000000,10.619995,-150.000000
2.273200,0.702612,150.000000,10.619995,-150.000000
2.273400,0.673526,150.000000,10.619995,-150.000000
2.273600,0.628446,150.000000,10.619995,-150.000000
2.273800,0.569896,150.000000,10.619995,-150.000000
2.274000,0.500676,150.000000,10.619995,-150.000000
2.274200,0.423728,150.000000,10.619995,-150.000000
2.274400,0.342006,150.000000,10.619995,-150.000000
2.274600,0.258359,150.000000,10.619995,-150.000000
2.274800,0.175425,150.000000,10.619995,-150.000000
2.275000,0.095546,150.000000,10.619995,-150.000000
2.275200,0.020704,150.000000,10.619995,-150.000000
2.275400,-0.047522,150.000000,10.619995,-150.000000
2.275600,-0.107974,150.000000,10.619995,-150.000000
2.275800,-0.159912,150.000000,10.619995,-150.000000
2.276000,-0.202992,150.000000,10.619995,-150.000000
2.276200,-0.237224,150.000000,10.619995,-150.000000
2.276400,-0.262917,150.000000,10.619995,-150.000000
2.276600,-0.280617,150.000000,10.619995,-150.000000
2.276800,-0.291036,150.000000,10.619995,-150.000000
2.277000,-0.294982,150.000000,10.619995,-150.000000
2.277200,-0.293291,150.000000,10.619995,-150.000000
2.277400,-0.286764,150.000000,10.619995,-150.000000
2.277600,-0.276122,150.000000,10.619995,-150.000000
2.277800,-0.261961,150.000000,10.619995,-150.000000
2.278000,-0.244731,150.000000,10.619995,-150.000000
2.278200,-0.224724,150.000000,10.619995,-150.000000
2.278400,-0.202082,150.000000,10.619995,-150.000000
2.278600,-0.176812,150.000000,10.619995,-150.000000
2.278800,-0.148815,150.000000,10.619995,-150.000000
2.279000,-0.117924,150.000000,10.619995,-150.000000
2.279200,-0.083950,150.000000,10.619995,-150.000000
2.279400,-0.046726,150.000000,10.619995,-150.000000
2.279600,-0.006152,150.000000,10.619995,-150.000000
2.279800,0.037763,150.000000,10.619995,-150.000000
2.280000,0.084865,150.000000,10.619995,-150.000000
2.280200,0.134835,150.000000,10.619995,-150.000000
2.280400,0.187175,150.000000,10.619995,-150.000000
2.280600,0.241205,150.000000,10.619995,-150.000000
2.280800,0.296083,150.000000,10.619995,-150.000000
2.281000,0.350825,150.000000,10.619995,-150.000000
2.281200,0.404344,150.000000,10.619995,-150.000000
2.281400,0.455501,150.000000,10.619995,-150.000000
2.281600,0.503153,150.000000,10.619995,-150.000000
2.281800,0.546217,150.000000,10.619995,-150.000000
2.282000,0.583723,150.000000,10.619995,-150.000000
2.282200,0.614873,150.000000,10.619995,-150.000000
2.282400,0.639091,150.000000,10.619995,-150.000000
2.282600,0.656060,150.000000,10.619995,-150.000000
2.282800,0.665753,150.000000,10.619995,-150.000000
2.283000,0.668446,150.000000,10.619995,-150.000000
2.283200,0.664721,150.000000,10.619995,-150.000000
2.283400,0.655446,150.000000,10.619995,-150.000000
2.283600,0.641747,150.000000,10.619995,-150.000000
2.283800,0.624964,150.000000,10.619995,-150.000000
2.284000,0.606592,150.000000,10.619995,-150.000000
2.284200,0.588217,150.000000,10.619995,-150.000000
2.284400,0.571447,150.000000,10.619995,-150.000000
2.284600,0.557832,150.000000,10.619995,-150.000000
2.284800,0.548801,150.000000,10.619995,-150.000000
2.285000,0.545584,150.000000,10.619995,-150.000000
2.285200,0.549161,150.000000,10.619995,-150.000000
2.285400,0.560212,150.000000,10.619995,-150.000000
2.285600,0.579082,150.000000,10.619995,-150.000000
2.285800,0.605766,150.000000,10.619995,-150.000000
2.286000,0.639904,150.000000,10.619995,-150.000000
2.286200,0.680802,150.000000,10.619995,-150.000000
2.286400,0.727461,150.000000,10.619995,-150.000000
2.286600,0.778622,150.000000,10.619995,-150.000000
2.286800,0.832827,150.000000,10.619995,-150.000000
2.287000,0.888486,150.000000,10.619995,-150.000000
2.287200,0.943948,150.000000,10.619995,-150.000000
2.287400,0.997580,150.000000,10.619995,-150.000000
2.287600,1.047835,150.000000,10.619995,-150.000000
2.287800,1.093325,150.000000,10.619995,-150.000000
2.288000,1.132878,150.000000,10.619995,-150.000000
2.288200,1.165581,150.000000,10.619995,-150.000000
2.288400,1.190820,150.000000,10.619995,-150.000000
2.288600,1.208293,150.000000,10.619995,-150.000000
2.288800,1.218010,150.000000,10.619995,-150.000000
2.289000,1.220283,150.000000,10.619995,-150.000000
2.289200,1.215693,150.000000,10.619995,-150.000000
2.289400,1.205048,150.000000,10.619995,-150.000000
2.289600,1.189328,150.000000,10.619995,-150.000000
2.289800,1.169629,150.000000,10.619995,-150.000000
2.290000,1.147094,150.000000,10.619995,-150.000000
2.290200,1.122852,150.000000,10.619995,-150.000000
2.290400,1.097953,150.000000,10.619995,-150.000000
2.290600,1.073315,150.000000,10.619995,-150.000000
2.290800,1.049680,150.000000,10.619995,-150.000000
2.291000,1.027580,150.000000,10.619995,-150.000000
2.291200,1.007319,150.000000,10.619995,-150.000000
2.291400,0.988970,150.000000,10.619995,-150.000000
2.291600,0.972383,150.000000,10.619995,-150.000000
2.291800,0.957215,150.000000,10.619995,-150.000000
2.292000,0.942965,150.000000,10.619995,-150.000000
2.292200,0.929021,150.000000,10.619995,-150.000000
2.292400,0.914720,150.000000,10.619995,-150.000000
2.292600,0.899404,150.000000,10.619995,-150.000000
2.292800,0.882482,150.000000,10.619995,-150.000000
2.293000,0.863483,150.000000,10.619995,-150.000000
2.293200,0.842110,150.000000,10.619995,-150.000000
2.293400,0.818277,150.000000,10.619995,-150.000000
2.293600,0.792135,150.000000,10.619995,-150.000000
2.293800,0.764085,150.000000,10.619995,-150.000000
2.294000,0.734771,150.000000,10.619995,-150.000000
2.294200,0.705062,150.000000,10.619995,-150.000000
2.294400,0.676014,150.000000,10.619995,-150.000000
2.294600,0.648815,150.000000,10.619995,-150.000000
2.294800,0.624728,150.000000,10.619995,-150.000000
2.295000,0.605012,150.000000,10.619995,-150.000000
2.295200,0.590849,150.000000,10.619995,-150.000000
2.295400,0.583261,150.000000,10.619995,-150.000000
2.295600,0.583034,150.000000,10.619995,-150.000000
2.295800,0.590650,150.000000,10.619995,-150.000000
2.296000,0.606226,150.000000,10.619995,-150.000000
2.296200,0.629473,150.000000,10.619995,-150.000000
2.296400,0.659667,150.000000,10.619995,-150.000000
2.296600,0.695643,150.000000,10.619995,-150.000000
2.296800,0.735810,150.000000,10.619995,-150.000000
2.297000,0.778187,150.000000,10.619995,-150.000000
2.297200,0.820460,150.000000,10.619995,-150.000000
2.297400,0.860055,150.000000,10.619995,-150.000000
2.297600,0.894235,150.000000,10.619995,-150.000000
2.297800,0.920197,150.000000,10.619995,-150.000000
2.298000,0.935194,150.000000,10.619995,-150.000000
2.298200,0.936645,150.000000,10.619995,-150.000000
2.298400,0.922254,150.000000,10.619995,-150.000000
2.298600,0.890122,150.000000,10.619995,-150.000000
2.298800,0.838843,150.000000,10.619995,-150.000000
2.299000,0.767589,150.000000,10.619995,-150.000000
2.299200,0.676174,150.000000,10.619995,-150.000000
2.299400,0.565095,150.000000,10.619995,-150.000000
2.299600,0.435550,150.000000,10.619995,-150.000000
2.299800,0.289423,150.000000,10.619995,-150.000000
2.300000,0.129254,150.000000,10.619995,-150.000000
2.300200,-0.041830,150.000000,10.619995,-150.000000
2.300400,-0.220198,150.000000,10.619995,-150.000000
2.300600,-0.401822,150.000000,10.619995,-150.000000
2.300800,-0.582406,150.000000,10.619995,-150.000000
2.301000,-0.757523,150.000000,10.619995,-150.000000
2.301200,-0.922757,150.000000,10.619995,-150.000000
2.301400,-1.073856,150.000000,10.619995,-150.000000
2.301600,-1.206876,150.000000,10.619995,-150.000000
2.301800,-1.318317,150.000000,10.619995,-150.000000
2.302000,-1.405248,150.000000,10.619995,-150.000000
2.302200,-1.465413,150.000000,10.619995,-150.000000
2.302400,-1.497313,150.000000,10.619995,-150.000000
2.302600,-1.500264,150.000000,10.619995,-150.000000
2.302800,-1.474429,150.000000,10.619995,-150.000000
2.303000,-1.420817,150.000000,10.619995,-150.000000
2.303200,-1.341262,150.000000,10.619995,-150.000000
2.303400,-1.238361,150.000000,10.619995,-150.000000
2.303600,-1.115396,150.000000,10.619995,-150.000000
2.303800,-0.976228,150.000000,10.619995,-150.000000
2.304000,-0.825174,150.000000,10.619995,-150.000000
2.304200,-0.666862,150.000000,10.619995,-150.000000
2.304400,-0.506086,150.000000,10.619995,-150.000000
2.304600,-0.347643,150.000000,10.619995,-150.000000
2.304800,-0.196178,150.000000,10.619995,-150.000000
2.305000,-0.056031,150.000000,10.619995,-150.000000
2.305200,0.068905,150.000000,10.619995,-150.000000
2.305400,0.175315,150.000000,10.619995,-150.000000
2.305600,0.260566,150.000000,10.619995,-150.000000
2.305800,0.322796,150.000000,10.619995,-150.000000
2.306000,0.360977,150.000000,10.619995,-150.000000
2.306200,0.374943,150.000000,10.619995,-150.000000
2.306400,0.365399,150.000000,10.619995,-150.000000
2.306600,0.333896,150.000000,10.619995,-150.000000
2.306800,0.282775,150.000000,10.619995,-150.000000
2.307000,0.215096,150.000000,10.619995,-150.000000
2.307200,0.134529,150.000000,10.619995,-150.000000
2.307400,0.045233,150.000000,10.619995,-150.000000
2.307600,-0.048281,150.000000,10.619995,-150.000000
2.307800,-0.141306,150.000000,10.619995,-150.000000
2.308000,-0.229095,150.000000,10.619995,-150.000000
2.308200,-0.307027,150.000000,10.619995,-150.000000
2.308400,-0.370761,150.000000,10.619995,-150.000000
2.308600,-0.416391,150.000000,10.619995,-150.000000
2.308800,-0.440583,150.000000,10.619995,-150.000000
2.309000,-0.440698,150.000000,10.619995,-150.000000
2.309200,-0.414890,150.000000,10.619995,-150.000000
2.309400,-0.362184,150.000000,10.619995,-150.000000
2.309600,-0.282523,150.000000,10.619995,-150.000000
2.309800,-0.176790,150.000000,10.619995,-150.000000
2.310000,-0.046794,150.000000,10.619995,-150.000000
2.310200,0.104764,150.000000,10.619995,-150.000000
2.310400,0.274369,150.000000,10.619995,-150.000000
2.310600,0.457776,150.000000,10.619995,-150.000000
2.310800,0.650143,150.000000,10.619995,-150.000000
2.311000,0.846164,150.000000,10.619995,-150.000000
2.311200,1.040229,150.000000,10.619995,-150.000000
2.311400,1.226597,150.000000,10.619995,-150.000000
2.311600,1.399573,150.000000,10.619995,-150.000000
2.311800,1.553685,150.000000,10.619995,-150.000000
2.312000,1.683860,150.000000,10.619995,-150.000000
2.312200,1.785588,150.000000,10.619995,-150.000000
2.312400,1.855077,150.000000,10.619995,-150.000000
2.312600,1.889378,150.000000,10.619995,-150.000000
2.312800,1.886495,150.000000,10.619995,-150.000000
2.313000,1.845464,150.000000,10.619995,-150.000000
2.313200,1.766401,150.000000,10.619995,-150.000000
2.313400,1.650517,150.000000,10.619995,-150.000000
2.313600,1.500102,150.000000,10.619995,-150.000000
2.313800,1.318474,150.000000,10.619995,-150.000000
2.314000,1.109896,150.000000,10.619995,-150.000000
2.314200,0.879463,150.000000,10.619995,-150.000000
2.314400,0.632961,150.000000,10.619995,-150.000000
2.314600,0.376710,150.000000,10.619995,-150.000000
2.314800,0.117375,150.000000,10.619995,-150.000000
2.315000,-0.138217,150.000000,10.619995,-150.000000
2.315200,-0.383286,150.000000,10.619995,-150.000000
2.315400,-0.611294,150.000000,10.619995,-150.000000
2.315600,-0.816139,150.000000,10.619995,-150.000000
2.315800,-0.992343,150.000000,10.619995,-150.000000
2.316000,-1.135213,150.000000,10.619995,-150.000000
2.316200,-1.240987,150.000000,10.619995,-150.000000
2.316400,-1.306947,150.000000,10.619995,-150.000000
2.316600,-1.331507,150.000000,10.619995,-150.000000
2.316800,-1.314263,150.000000,10.619995,-150.000000
2.317000,-1.256005,150.000000,10.619995,-150.000000
2.317200,-1.158703,150.000000,10.619995,-150.000000
2.317400,-1.025445,150.000000,10.619995,-150.000000
2.317600,-0.860351,150.000000,10.619995,-150.000000
2.317800,-0.668446,150.000000,10.619995,-150.000000
2.318000,-0.455520,150.000000,10.619995,-150.000000
2.318200,-0.227948,150.000000,10.619995,-150.000000
2.318400,0.007492,150.000000,10.619995,-150.000000
2.318600,0.243825,150.000000,10.619995,-150.000000
2.318800,0.474081,150.000000,10.619995,-150.000000
2.319000,0.691501,150.000000,10.619995,-150.000000
2.319200,0.889731,150.000000,10.619995,-150.000000
2.319400,1.063011,150.000000,10.619995,-150.000000
2.319600,1.206331,150.000000,10.619995,-150.000000
2.319800,1.315576,150.000000,10.619995,-150.000000
2.320000,1.387637,150.000000,10.619995,-150.000000
2.320200,1.420486,150.000000,10.619995,-150.000000
2.320400,1.413224,150.000000,10.619995,-150.000000
2.320600,1.366095,150.000000,10.619995,-150.000000
2.320800,1.280454,150.000000,10.619995,-150.000000
2.321000,1.158717,150.000000,10.619995,-150.000000
2.321200,1.004269,150.000000,10.619995,-150.000000
2.321400,0.821348,150.000000,10.619995,-150.000000
2.321600,0.614907,150.000000,10.619995,-150.000000
2.321800,0.390454,150.000000,10.619995,-150.000000
2.322000,0.153879,150.000000,10.619995,-150.000000
2.322200,-0.088720,150.000000,10.619995,-150.000000
2.322400,-0.331221,150.000000,10.619995,-150.000000
2.322600,-0.567652,150.000000,10.619995,-150.000000
2.322800,-0.792358,150.000000,10.619995,-150.000000
2.323000,-1.000150,150.000000,10.619995,-150.000000
2.323200,-1.186438,150.000000,10.619995,-150.000000
2.323400,-1.347340,150.000000,10.619995,-150.000000
2.323600,-1.479764,150.000000,10.619995,-150.000000
2.323800,-1.581465,150.000000,10.619995,-150.000000
2.324000,-1.651072,150.000000,10.619995,-150.000000
2.324200,-1.688086,150.000000,10.619995,-150.000000
2.324400,-1.692861,150.000000,10.619995,-150.000000
2.324600,-1.666545,150.000000,10.619995,-150.000000
2.324800,-1.611014,150.000000,10.619995,-150.000000
2.325000,-1.528782,150.000000,10.619995,-150.000000
2.325200,-1.422897,150.000000,10.619995,-150.000000
2.325400,-1.296830,150.000000,10.619995,-150.000000
2.325600,-1.154357,150.000000,10.619995,-150.000000
2.325800,-0.999441,150.000000,10.619995,-150.000000
2.326000,-0.836116,150.000000,10.619995,-150.000000
2.326200,-0.668383,150.000000,10.619995,-150.000000
2.326400,-0.500107,150.000000,10.619995,-150.000000
2.326600,-0.334935,150.000000,10.619995,-150.000000
2.326800,-0.176225,150.000000,10.619995,-150.000000
2.327000,-0.026984,150.000000,10.619995,-150.000000
2.327200,0.110167,150.000000,10.619995,-150.000000
2.327400,0.233019,150.000000,10.619995,-150.000000
2.327600,0.339791,150.000000,10.619995,-150.000000
2.327800,0.429130,150.000000,10.619995,-150.000000
2.328000,0.500094,150.000000,10.619995,-150.000000
2.328200,0.552138,150.000000,10.619995,-150.000000
2.328400,0.585086,150.000000,10.619995,-150.000000
2.328600,0.599105,150.000000,10.619995,-150.000000
2.328800,0.594667,150.000000,10.619995,-150.000000
2.329000,0.572525,150.000000,10.619995,-150.000000
2.329200,0.533677,150.000000,10.619995,-150.000000
2.329400,0.479340,150.000000,10.619995,-150.000000
2.329600,0.410925,150.000000,10.619995,-150.000000
2.329800,0.330014,150.000000,10.619995,-150.000000
2.330000,0.238339,150.000000,10.619995,-150.000000
2.330200,0.137765,150.000000,10.619995,-150.000000
2.330400,0.030270,150.000000,10.619995,-150.000000
2.330600,-0.082075,150.000000,10.619995,-150.000000
2.330800,-0.197124,150.000000,10.619995,-150.000000
2.331000,-0.312683,150.000000,10.619995,-150.000000
2.331200,-0.426538,150.000000,10.619995,-150.000000
2.331400,-0.536488,150.000000,10.619995,-150.000000
2.331600,-0.640384,150.000000,10.619995,-150.000000
2.331800,-0.736174,150.000000,10.619995,-150.000000
2.332000,-0.821953,150.000000,10.619995,-150.000000
2.332200,-0.896010,150.000000,10.619995,-150.000000
2.332400,-0.956887,150.000000,10.619995,-150.000000
2.332600,-1.003427,150.000000,10.619995,-150.000000
2.332800,-1.034825,150.000000,10.619995,-150.000000
2.333000,-1.050673,150.000000,10.619995,-150.000000
2.333200,-1.050992,150.000000,10.619995,-150.000000
2.333400,-1.036258,150.000000,10.619995,-150.000000
2.333600,-1.007410,150.000000,10.619995,-150.000000
2.333800,-0.965844,150.000000,10.619995,-150.000000
2.334000,-0.913390,150.000000,10.619995,-150.000000
2.334200,-0.852272,150.000000,10.619995,-150.000000
2.334400,-0.785048,150.000000,10.619995,-150.000000
2.334600,-0.714535,150.000000,10.619995,-150.000000
2.334800,-0.643720,150.000000,10.619995,-150.000000
2.335000,-0.575656,150.000000,10.619995,-150.000000
2.335200,-0.513351,150.000000,10.619995,-150.000000
2.335400,-0.459658,150.000000,10.619995,-150.000000
2.335600,-0.417151,150.000000,10.619995,-150.000000
2.335800,-0.388026,150.000000,10.619995,-150.000000
2.336000,-0.373992,150.000000,10.619995,-150.000000
2.336200,-0.376191,150.000000,10.619995,-150.000000
2.336400,-0.395133,150.000000,10.619995,-150.000000
2.336600,-0.430652,150.000000,10.619995,-150.000000
2.336800,-0.481889,150.000000,10.619995,-150.000000
2.337000,-0.547304,150.000000,10.619995,-150.000000
2.337200,-0.624717,150.000000,10.619995,-150.000000
2.337400,-0.711372,150.000000,10.619995,-150.000000
2.337600,-0.804034,150.000000,10.619995,-150.000000
2.337800,-0.899104,150.000000,10.619995,-150.000000
2.338000,-0.992754,150.000000,10.619995,-150.000000
2.338200,-1.081077,150.000000,10.619995,-150.000000
2.338400,-1.160242,150.000000,10.619995,-150.000000
2.338600,-1.226655,150.000000,10.619995,-150.000000
2.338800,-1.277109,150.000000,10.619995,-150.000000
2.339000,-1.308926,150.000000,10.619995,-150.000000
2.339200,-1.320076,150.000000,10.619995,-150.000000
2.339400,-1.309282,150.000000,10.619995,-150.000000
2.339600,-1.276080,150.000000,10.619995,-150.000000
2.339800,-1.220863,150.000000,10.619995,-150.000000
2.340000,-1.144882,150.000000,10.619995,-150.000000
2.340200,-1.050208,150.000000,10.619995,-150.000000
2.340400,-0.939669,150.000000,10.619995,-150.000000
2.340600,-0.816748,150.000000,10.619995,-150.000000
2.340800,-0.685452,150.000000,10.619995,-150.000000
2.341000,-0.550161,150.000000,10.619995,-150.000000
2.341200,-0.415456,150.000000,10.619995,-150.000000
2.341400,-0.285939,150.000000,10.619995,-150.000000
2.341600,-0.166046,150.000000,10.619995,-150.000000
2.341800,-0.059871,150.000000,10.619995,-150.000000
2.342000,0.029006,150.000000,10.619995,-150.000000
2.342200,0.097664,150.000000,10.619995,-150.000000
2.342400,0.143964,150.000000,10.619995,-150.000000
2.342600,0.166643,150.000000,10.619995,-150.000000
2.342800,0.165364,150.000000,10.619995,-150.000000
2.343000,0.140742,150.000000,10.619995,-150.000000
2.343200,0.094318,150.000000,10.619995,-150.000000
2.343400,0.028501,150.000000,10.619995,-150.000000
2.343600,-0.053524,150.000000,10.619995,-150.000000
2.343800,-0.147923,150.000000,10.619995,-150.000000
2.344000,-0.250366,150.000000,10.619995,-150.000000
2.344200,-0.356200,150.000000,10.619995,-150.000000
2.344400,-0.460634,150.000000,10.619995,-150.000000
2.344600,-0.558933,150.000000,10.619995,-150.000000
2.344800,-0.646602,150.000000,10.619995,-150.000000
2.345000,-0.719568,150.000000,10.619995,-150.000000
2.345200,-0.774339,150.000000,10.619995,-150.000000
2.345400,-0.808136,150.000000,10.619995,-150.000000
2.345600,-0.819007,150.000000,10.619995,-150.000000
2.345800,-0.805889,150.000000,10.619995,-150.000000
2.346000,-0.768647,150.000000,10.619995,-150.000000
2.346200,-0.708070,150.000000,10.619995,-150.000000
2.346400,-0.625832,150.000000,10.619995,-150.000000
2.346600,-0.524409,150.000000,10.619995,-150.000000
2.346800,-0.406977,150.000000,10.619995,-150.000000
2.347000,-0.277274,150.000000,10.619995,-150.000000
2.347200,-0.139442,150.000000,10.619995,-150.000000
2.347400,0.002142,150.000000,10.619995,-150.000000
2.347600,0.143042,150.000000,10.619995,-150.000000
2.347800,0.278944,150.000000,10.619995,-150.000000
2.348000,0.405819,150.000000,10.619995,-150.000000
2.348200,0.520081,150.000000,10.619995,-150.000000
2.348400,0.618717,150.000000,10.619995,-150.000000
2.348600,0.699390,150.000000,10.619995,-150.000000
2.348800,0.760517,150.000000,10.619995,-150.000000
2.349000,0.801306,150.000000,10.619995,-150.000000
2.349200,0.821768,150.000000,10.619995,-150.000000
2.349400,0.822683,150.000000,10.619995,-150.000000
2.349600,0.805543,150.000000,10.619995,-150.000000
2.349800,0.772464,150.000000,10.619995,-150.000000
2.350000,0.726070,150.000000,10.619995,-150.000000
2.350200,0.669358,150.000000,10.619995,-150.000000
2.350400,0.605559,150.000000,10.619995,-150.000000
2.350600,0.537974,150.000000,10.619995,-150.000000
2.350800,0.469834,150.000000,10.619995,-150.000000
2.351000,0.404145,150.000000,10.619995,-150.000000
2.351200,0.343563,150.000000,10.619995,-150.000000
2.351400,0.290280,150.000000,10.619995,-150.000000
2.351600,0.245933,150.000000,10.619995,-150.000000
2.351800,0.211550,150.000000,10.619995,-150.000000
2.352000,0.187513,150.000000,10.619995,-150.000000
2.352200,0.173563,150.000000,10.619995,-150.000000
2.352400,0.168826,150.000000,10.619995,-150.000000
2.352600,0.171879,150.000000,10.619995,-150.000000
2.352800,0.180826,150.000000,10.619995,-150.000000
2.353000,0.193413,150.000000,10.619995,-150.000000
2.353200,0.207146,150.000000,10.619995,-150.000000
2.353400,0.219423,150.000000,10.619995,-150.000000
2.353600,0.227676,150.000000,10.619995,-150.000000
2.353800,0.229499,150.000000,10.619995,-150.000000
2.354000,0.222784,150.000000,10.619995,-150.000000
2.354200,0.205823,150.000000,10.619995,-150.000000
2.354400,0.177410,150.000000,10.619995,-150.000000
2.354600,0.136905,150.000000,10.619995,-150.000000
2.354800,0.084282,150.000000,10.619995,-150.000000
2.355000,0.020137,150.000000,10.619995,-150.000000
2.355200,-0.054322,150.000000,10.619995,-150.000000
2.355400,-0.137318,150.000000,10.619995,-150.000000
2.355600,-0.226581,150.000000,10.619995,-150.000000
2.355800,-0.319433,150.000000,10.619995,-150.000000
2.356000,-0.412904,150.000000,10.619995,-150.000000
2.356200,-0.503860,150.000000,10.619995,-150.000000
2.356400,-0.589131,150.000000,10.619995,-150.000000
2.356600,-0.665654,150.000000,10.619995,-150.000000
2.356800,-0.730598,150.000000,10.619995,-150.000000
2.357000,-0.781490,150.000000,10.619995,-150.000000
2.357200,-0.816318,150.000000,10.619995,-150.000000
2.357400,-0.833617,150.000000,10.619995,-150.000000
2.357600,-0.832531,150.000000,10.619995,-150.000000
2.357800,-0.812845,150.000000,10.619995,-150.000000
2.358000,-0.774989,150.000000,10.619995,-150.000000
2.358200,-0.720017,150.000000,10.619995,-150.000000
2.358400,-0.649556,150.000000,10.619995,-150.000000
2.358600,-0.565727,150.000000,10.619995,-150.000000
2.358800,-0.471047,150.000000,10.619995,-150.000000
2.359000,-0.368317,150.000000,10.619995,-150.000000
2.359200,-0.260496,150.000000,10.619995,-150.000000
2.359400,-0.150565,150.000000,10.619995,-150.000000
2.359600,-0.041402,150.000000,10.619995,-150.000000
2.359800,0.064349,150.000000,10.619995,-150.000000
2.360000,0.164383,150.000000,10.619995,-150.000000
2.360200,0.256834,150.000000,10.619995,-150.000000
2.360400,0.340341,150.000000,10.619995,-150.000000
2.360600,0.414096,150.000000,10.619995,-150.000000
2.360800,0.477864,150.000000,10.619995,-150.000000
2.361000,0.531969,150.000000,10.619995,-150.000000
2.361200,0.577256,150.000000,10.619995,-150.000000
2.361400,0.615027,150.000000,10.619995,-150.000000
2.361600,0.646952,150.000000,10.619995,-150.000000
2.361800,0.674962,150.000000,10.619995,-150.000000
2.362000,0.701131,150.000000,10.619995,-150.000000
2.362200,0.727544,150.000000,10.619995,-150.000000
2.362400,0.756169,150.000000,10.619995,-150.000000
2.362600,0.788737,150.000000,10.619995,-150.000000
2.362800,0.826622,150.000000,10.619995,-150.000000
2.363000,0.870750,150.000000,10.619995,-150.000000
2.363200,0.921523,150.000000,10.619995,-150.000000
2.363400,0.978770,150.000000,10.619995,-150.000000
2.363600,1.041730,150.000000,10.619995,-150.000000
2.363800,1.109060,150.000000,10.619995,-150.000000
2.364000,1.178875,150.000000,10.619995,-150.000000
2.364200,1.248818,150.000000,10.619995,-150.000000
2.364400,1.316155,150.000000,10.619995,-150.000000
2.364600,1.377888,150.000000,10.619995,-150.000000
2.364800,1.430887,150.000000,10.619995,-150.000000
2.365000,1.472034,150.000000,10.619995,-150.000000
2.365200,1.498370,150.000000,10.619995,-150.000000
2.365400,1.507234,150.000000,10.619995,-150.000000
2.365600,1.496401,150.000000,10.619995,-150.000000
2.365800,1.464194,150.000000,10.619995,-150.000000
2.366000,1.409586,150.000000,10.619995,-150.000000
2.366200,1.332266,150.000000,10.619995,-150.000000
2.366400,1.232679,150.000000,10.619995,-150.000000
2.366600,1.112037,150.000000,10.619995,-150.000000
2.366800,0.972291,150.000000,10.619995,-150.000000
2.367000,0.816081,150.000000,10.619995,-150.000000
2.367200,0.646645,150.000000,10.619995,-150.000000
2.367400,0.467714,150.000000,10.619995,-150.000000
2.367600,0.283376,150.000000,10.619995,-150.000000
2.367800,0.097933,150.000000,10.619995,-150.000000
2.368000,-0.084255,150.000000,10.619995,-150.000000
2.368200,-0.258929,150.000000,10.619995,-150.000000
2.368400,-0.422082,150.000000,10.619995,-150.000000
2.368600,-0.570104,150.000000,10.619995,-150.000000
2.368800,-0.699898,150.000000,10.619995,-150.000000
2.369000,-0.808992,150.000000,10.619995,-150.000000
2.369200,-0.895606,150.000000,10.619995,-150.000000
2.369400,-0.958702,150.000000,10.619995,-150.000000
2.369600,-0.997997,150.000000,10.619995,-150.000000
2.369800,-1.013952,150.000000,10.619995,-150.000000
2.370000,-1.007721,150.000000,10.619995,-150.000000
2.370200,-0.981085,150.000000,10.619995,-150.000000
2.370400,-0.936355,150.000000,10.619995,-150.000000
2.370600,-0.876262,150.000000,10.619995,-150.000000
2.370800,-0.803829,150.000000,10.619995,-150.000000
2.371000,-0.722247,150.000000,10.619995,-150.000000
2.371200,-0.634736,150.000000,10.619995,-150.000000
2.371400,-0.544426,150.000000,10.619995,-150.000000
2.371600,-0.454239,150.000000,10.619995,-150.000000
2.371800,-0.366790,150.000000,10.619995,-150.000000
2.372000,-0.284310,150.000000,10.619995,-150.000000
2.372200,-0.208589,150.000000,10.619995,-150.000000
2.372400,-0.140940,150.000000,10.619995,-150.000000
2.372600,-0.082195,150.000000,10.619995,-150.000000
2.372800,-0.032715,150.000000,10.619995,-150.000000
2.373000,0.007571,150.000000,10.619995,-150.000000
2.373200,0.039114,150.000000,10.619995,-150.000000
2.373400,0.062675,150.000000,10.619995,-150.000000
2.373600,0.079252,150.000000,10.619995,-150.000000
2.373800,0.089990,150.000000,10.619995,-150.000000
2.374000,0.096105,150.000000,10.619995,-150.000000
2.374200,0.098800,150.000000,10.619995,-150.000000
2.374400,0.099199,150.000000,10.619995,-150.000000
2.374600,0.098290,150.000000,10.619995,-150.000000
2.374800,0.096879,150.000000,10.619995,-150.000000
2.375000,0.095565,150.000000,10.619995,-150.000000
2.375200,0.094736,150.000000,10.619995,-150.000000
2.375400,0.094571,150.000000,10.619995,-150.000000
2.375600,0.095071,150.000000,10.619995,-150.000000
2.375800,0.096090,150.000000,10.619995,-150.000000
2.376000,0.097388,150.000000,10.619995,-150.000000
2.376200,0.098683,150.000000,10.619995,-150.000000
2.376400,0.099711,150.000000,10.619995,-150.000000
2.376600,0.100280,150.000000,10.619995,-150.000000
2.376800,0.100322,150.000000,10.619995,-150.000000
2.377000,0.099933,150.000000,10.619995,-150.000000
2.377200,0.099410,150.000000,10.619995,-150.000000
2.377400,0.099258,150.000000,10.619995,-150.000000
2.377600,0.100198,150.000000,10.619995,-150.000000
2.377800,0.103149,150.000000,10.619995,-150.000000
2.378000,0.109198,150.000000,10.619995,-150.000000
2.378200,0.119552,150.000000,10.619995,-150.000000
2.378400,0.135485,150.000000,10.619995,-150.000000
2.378600,0.158270,150.000000,10.619995,-150.000000
2.378800,0.189109,150.000000,10.619995,-150.000000
2.379000,0.229060,150.000000,10.619995,-150.000000
2.379200,0.278967,150.000000,10.619995,-150.000000
2.379400,0.339400,150.000000,10.619995,-150.000000
2.379600,0.410596,150.000000,10.619995,-150.000000
2.379800,0.492429,150.000000,10.619995,-150.000000
2.380000,0.584377,150.000000,10.619995,-150.000000
2.380200,0.685526,150.000000,10.619995,-150.000000
2.380400,0.794574,150.000000,10.619995,-150.000000
2.380600,0.909868,150.000000,10.619995,-150.000000
2.380800,1.029448,150.000000,10.619995,-150.000000
2.381000,1.151109,150.000000,10.619995,-150.000000
2.381200,1.272476,150.000000,10.619995,-150.000000
2.381400,1.391084,150.000000,10.619995,-150.000000
2.381600,1.504464,150.000000,10.619995,-150.000000
2.381800,1.610231,150.000000,10.619995,-150.000000
2.382000,1.706163,150.000000,10.619995,-150.000000
2.382200,1.790279,150.000000,10.619995,-150.000000
2.382400,1.860896,150.000000,10.619995,-150.000000
2.382600,1.916683,150.000000,10.619995,-150.000000
2.382800,1.956689,150.000000,10.619995,-150.000000
2.383000,1.980360,150.000000,10.619995,-150.000000
2.383200,1.987534,150.000000,10.619995,-150.000000
2.383400,1.978422,150.000000,10.619995,-150.000000
2.383600,1.953572,150.000000,10.619995,-150.000000
2.383800,1.913816,150.000000,10.619995,-150.000000
2.384000,1.860219,150.000000,10.619995,-150.000000
2.384200,1.794006,150.000000,10.619995,-150.000000
2.384400,1.716497,150.000000,10.619995,-150.000000
2.384600,1.629037,150.000000,10.619995,-150.000000
2.384800,1.532939,150.000000,10.619995,-150.000000
2.385000,1.429424,150.000000,10.619995,-150.000000
2.385200,1.319584,150.000000,10.619995,-150.000000
2.385400,1.204348,150.000000,10.619995,-150.000000
2.385600,1.084472,150.000000,10.619995,-150.000000
2.385800,0.960540,150.000000,10.619995,-150.000000
2.386000,0.832977,150.000000,10.619995,-150.000000
2.386200,0.702084,150.000000,10.619995,-150.000000
2.386400,0.568076,150.000000,10.619995,-150.000000
2.386600,0.431135,150.000000,10.619995,-150.000000
2.386800,0.291467,150.000000,10.619995,-150.000000
2.387000,0.149355,150.000000,10.619995,-150.000000
2.387200,0.005224,150.000000,10.619995,-150.000000
2.387400,-0.140319,150.000000,10.619995,-150.000000
2.387600,-0.286437,150.000000,10.619995,-150.000000
2.387800,-0.432037,150.000000,10.619995,-150.000000
2.388000,-0.575758,150.000000,10.619995,-150.000000
2.388200,-0.715975,150.000000,10.619995,-150.000000
2.388400,-0.850816,150.000000,10.619995,-150.000000
2.388600,-0.978204,150.000000,10.619995,-150.000000
2.388800,-1.095910,150.000000,10.619995,-150.000000
2.389000,-1.201623,150.000000,10.619995,-150.000000
2.389200,-1.293028,150.000000,10.619995,-150.000000
2.389400,-1.367897,150.000000,10.619995,-150.000000
2.389600,-1.424179,150.000000,10.619995,-150.000000
2.389800,-1.460096,150.000000,10.619995,-150.000000
2.390000,-1.474229,150.000000,10.619995,-150.000000
2.390200,-1.465599,150.000000,10.619995,-150.000000
2.390400,-1.433733,150.000000,10.619995,-150.000000
2.390600,-1.378715,150.000000,10.619995,-150.000000
2.390800,-1.301221,150.000000,10.619995,-150.000000
2.391000,-1.202526,150.000000,10.619995,-150.000000
2.391200,-1.084497,150.000000,10.619995,-150.000000
2.391400,-0.949560,150.000000,10.619995,-150.000000
2.391600,-0.800643,150.000000,10.619995,-150.000000
2.391800,-0.641104,150.000000,10.619995,-150.000000
2.392000,-0.474642,150.000000,10.619995,-150.000000
2.392200,-0.305189,150.000000,10.619995,-150.000000
2.392400,-0.136795,150.000000,10.619995,-150.000000
2.392600,0.026493,150.000000,10.619995,-150.000000
2.392800,0.180749,150.000000,10.619995,-150.000000
2.393000,0.322297,150.000000,10.619995,-150.000000
2.393200,0.447814,150.000000,10.619995,-150.000000
2.393400,0.554438,150.000000,10.619995,-150.000000
2.393600,0.639850,150.000000,10.619995,-150.000000
2.393800,0.702345,150.000000,10.619995,-150.000000
2.394000,0.740880,150.000000,10.619995,-150.000000
2.394200,0.755101,150.000000,10.619995,-150.000000
2.394400,0.745352,150.000000,10.619995,-150.000000
2.394600,0.712654,150.000000,10.619995,-150.000000
2.394800,0.658675,150.000000,10.619995,-150.000000
2.395000,0.585668,150.000000,10.619995,-150.000000
2.395200,0.496407,150.000000,10.619995,-150.000000
2.395400,0.394094,150.000000,10.619995,-150.000000
2.395600,0.282267,150.000000,10.619995,-150.000000
2.395800,0.164697,150.000000,10.619995,-150.000000
2.396000,0.045277,150.000000,10.619995,-150.000000
2.396200,-0.072083,150.000000,10.619995,-150.000000
2.396400,-0.183561,150.000000,10.619995,-150.000000
2.396600,-0.285526,150.000000,10.619995,-150.000000
2.396800,-0.374626,150.000000,10.619995,-150.000000
2.397000,-0.447870,150.000000,10.619995,-150.000000
2.397200,-0.502699,150.000000,10.619995,-150.000000
2.397400,-0.537039,150.000000,10.619995,-150.000000
2.397600,-0.549343,150.000000,10.619995,-150.000000
2.397800,-0.538622,150.000000,10.619995,-150.000000
2.398000,-0.504453,150.000000,10.619995,-150.000000
2.398200,-0.446983,150.000000,10.619995,-150.000000
2.398400,-0.366915,150.000000,10.619995,-150.000000
2.398600,-0.265481,150.000000,10.619995,-150.000000
2.398800,-0.144410,150.000000,10.619995,-150.000000
2.399000,-0.005882,150.000000,10.619995,-150.000000
2.399200,0.147524,150.000000,10.619995,-150.000000
2.399400,0.312886,150.000000,10.619995,-150.000000
2.399600,0.487008,150.000000,10.619995,-150.000000
2.399800,0.666478,150.000000,10.619995,-150.000000
2.400000,0.847746,150.000000,10.619995,-150.000000
2.400200,1.027187,150.000000,10.619995,-150.000000
2.400400,1.201173,150.000000,10.619995,-150.000000
2.400600,1.366147,150.000000,10.619995,-150.000000
2.400800,1.518683,150.000000,10.619995,-150.000000
2.401000,1.655555,150.000000,10.619995,-150.000000
2.401200,1.773797,150.000000,10.619995,-150.000000
2.401400,1.870760,150.000000,10.619995,-150.000000
2.401600,1.944162,150.000000,10.619995,-150.000000
2.401800,1.992135,150.000000,10.619995,-150.000000
2.402000,2.013262,150.000000,10.619995,-150.000000
2.402200,2.006611,150.000000,10.619995,-150.000000
2.402400,1.971753,150.000000,10.619995,-150.000000
2.402600,1.908778,150.000000,10.619995,-150.000000
2.402800,1.818303,150.000000,10.619995,-150.000000
2.403000,1.701457,150.000000,10.619995,-150.000000
2.403200,1.559873,150.000000,10.619995,-150.000000
2.403400,1.395657,150.000000,10.619995,-150.000000
2.403600,1.211353,150.000000,10.619995,-150.000000
2.403800,1.009893,150.000000,10.619995,-150.000000
2.404000,0.794539,150.000000,10.619995,-150.000000
2.404200,0.568823,150.000000,10.619995,-150.000000
2.404400,0.336468,150.000000,10.619995,-150.000000
2.404600,0.101312,150.000000,10.619995,-150.000000
2.404800,-0.132776,150.000000,10.619995,-150.000000
2.405000,-0.361980,150.000000,10.619995,-150.000000
2.405200,-0.582626,150.000000,10.619995,-150.000000
2.405400,-0.791264,150.000000,10.619995,-150.000000
2.405600,-0.984745,150.000000,10.619995,-150.000000
2.405800,-1.160296,150.000000,10.619995,-150.000000
2.406000,-1.315583,150.000000,10.619995,-150.000000
2.406200,-1.448762,150.000000,10.619995,-150.000000
2.406400,-1.558520,150.000000,10.619995,-150.000000
2.406600,-1.644101,150.000000,10.619995,-150.000000
2.406800,-1.705313,150.000000,10.619995,-150.000000
2.407000,-1.742524,150.000000,10.619995,-150.000000
2.407200,-1.756640,150.000000,10.619995,-150.000000
2.407400,-1.749067,150.000000,10.619995,-150.000000
2.407600,-1.721658,150.000000,10.619995,-150.000000
2.407800,-1.676648,150.000000,10.619995,-150.000000
2.408000,-1.616578,150.000000,10.619995,-150.000000
2.408200,-1.544207,150.000000,10.619995,-150.000000
2.408400,-1.462423,150.000000,10.619995,-150.000000
2.408600,-1.374145,150.000000,10.619995,-150.000000
2.408800,-1.282231,150.000000,10.619995,-150.000000
2.409000,-1.189388,150.000000,10.619995,-150.000000
2.409200,-1.098084,150.000000,10.619995,-150.000000
2.409400,-1.010477,150.000000,10.619995,-150.000000
2.409600,-0.928353,150.000000,10.619995,-150.000000
2.409800,-0.853075,150.000000,10.619995,-150.000000
2.410000,-0.785560,150.000000,10.619995,-150.000000
2.410200,-0.726259,150.000000,10.619995,-150.000000
2.410400,-0.675170,150.000000,10.619995,-150.000000
2.410600,-0.631856,150.000000,10.619995,-150.000000
2.410800,-0.595489,150.000000,10.619995,-150.000000
2.411000,-0.564905,150.000000,10.619995,-150.000000
2.411200,-0.538676,150.000000,10.619995,-150.000000
2.411400,-0.515189,150.000000,10.619995,-150.000000
2.411600,-0.492730,150.000000,10.619995,-150.000000
2.411800,-0.469578,150.000000,10.619995,-150.000000
2.412000,-0.444093,150.000000,10.619995,-150.000000
2.412200,-0.414799,150.000000,10.619995,-150.000000
2.412400,-0.380465,150.000000,10.619995,-150.000000
2.412600,-0.340163,150.000000,10.619995,-150.000000
2.412800,-0.293327,150.000000,10.619995,-150.000000
2.413000,-0.239777,150.000000,10.619995,-150.000000
2.413200,-0.179741,150.000000,10.619995,-150.000000
2.413400,-0.113847,150.000000,10.619995,-150.000000
2.413600,-0.043098,150.000000,10.619995,-150.000000
2.413800,0.031168,150.000000,10.619995,-150.000000
2.414000,0.107339,150.000000,10.619995,-150.000000
2.414200,0.183602,150.000000,10.619995,-150.000000
2.414400,0.258023,150.000000,10.619995,-150.000000
2.414600,0.328643,150.000000,10.619995,-150.000000
2.414800,0.393568,150.000000,10.619995,-150.000000
2.415000,0.451059,150.000000,10.619995,-150.000000
2.415200,0.499618,150.000000,10.619995,-150.000000
2.415400,0.538064,150.000000,10.619995,-150.000000
2.415600,0.565590,150.000000,10.619995,-150.000000
2.415800,0.581810,150.000000,10.619995,-150.000000
2.416000,0.586776,150.000000,10.619995,-150.000000
2.416200,0.580987,150.000000,10.619995,-150.000000
2.416400,0.565367,150.000000,10.619995,-150.000000
2.416600,0.541221,150.000000,10.619995,-150.000000
2.416800,0.510181,150.000000,10.619995,-150.000000
2.417000,0.474126,150.000000,10.619995,-150.000000
2.417200,0.435091,150.000000,10.619995,-150.000000
2.417400,0.395173,150.000000,10.619995,-150.000000
2.417600,0.356420,150.000000,10.619995,-150.000000
2.417800,0.320736,150.000000,10.619995,-150.000000
2.418000,0.289775,150.000000,10.619995,-150.000000
2.418200,0.264862,150.000000,10.619995,-150.000000
2.418400,0.246917,150.000000,10.619995,-150.000000
2.418600,0.236401,150.000000,10.619995,-150.000000
2.418800,0.233290,150.000000,10.619995,-150.000000
2.419000,0.237062,150.000000,10.619995,-150.000000
2.419200,0.246719,150.000000,10.619995,-150.000000
2.419400,0.260830,150.000000,10.619995,-150.000000
2.419600,0.277594,150.000000,10.619995,-150.000000
2.419800,0.294927,150.000000,10.619995,-150.000000
2.420000,0.310568,150.000000,10.619995,-150.000000
2.420200,0.322191,150.000000,10.619995,-150.000000
2.420400,0.327533,150.000000,10.619995,-150.000000
2.420600,0.324509,150.000000,10.619995,-150.000000
2.420800,0.311341,150.000000,10.619995,-150.000000
2.421000,0.286663,150.000000,10.619995,-150.000000
2.421200,0.249615,150.000000,10.619995,-150.000000
2.421400,0.199915,150.000000,10.619995,-150.000000
2.421600,0.137911,150.000000,10.619995,-150.000000
2.421800,0.064598,150.000000,10.619995,-150.000000
2.422000,-0.018384,150.000000,10.619995,-150.000000
2.422200,-0.108792,150.000000,10.619995,-150.000000
2.422400,-0.203846,150.000000,10.619995,-150.000000
2.422600,-0.300316,150.000000,10.619995,-150.000000
2.422800,-0.394638,150.000000,10.619995,-150.000000
2.423000,-0.483052,150.000000,10.619995,-150.000000
2.423200,-0.561739,150.000000,10.619995,-150.000000
2.423400,-0.626981,150.000000,10.619995,-150.000000
2.423600,-0.675309,150.000000,10.619995,-150.000000
2.423800,-0.703652,150.000000,10.619995,-150.000000
2.424000,-0.709471,150.000000,10.619995,-150.000000
2.424200,-0.690875,150.000000,10.619995,-150.000000
2.424400,-0.646712,150.000000,10.619995,-150.000000
2.424600,-0.576641,150.000000,10.619995,-150.000000
2.424800,-0.481161,150.000000,10.619995,-150.000000
2.425000,-0.361618,150.000000,10.619995,-150.000000
2.425200,-0.220178,150.000000,10.619995,-150.000000
2.425400,-0.059764,150.000000,10.619995,-150.000000
2.425600,0.116029,150.000000,10.619995,-150.000000
2.425800,0.303049,150.000000,10.619995,-150.000000
2.426000,0.496722,150.000000,10.619995,-150.000000
2.426200,0.692203,150.000000,10.619995,-150.000000
2.426400,0.884535,150.000000,10.619995,-150.000000
2.426600,1.068814,150.000000,10.619995,-150.000000
2.426800,1.240351,150.000000,10.619995,-150.000000
2.427000,1.394826,150.000000,10.619995,-150.000000
2.427200,1.528426,150.000000,10.619995,-150.000000
2.427400,1.637964,150.000000,10.619995,-150.000000
2.427600,1.720982,150.000000,10.619995,-150.000000
2.427800,1.775819,150.000000,10.619995,-150.000000
2.428000,1.801653,150.000000,10.619995,-150.000000
2.428200,1.798521,150.000000,10.619995,-150.000000
2.428400,1.767302,150.000000,10.619995,-150.000000
2.428600,1.709681,150.000000,10.619995,-150.000000
2.428800,1.628077,150.000000,10.619995,-150.000000
2.429000,1.525564,150.000000,10.619995,-150.000000
2.429200,1.405759,150.000000,10.619995,-150.000000
2.429400,1.272709,150.000000,10.619995,-150.000000
2.429600,1.130759,150.000000,10.619995,-150.000000
2.429800,0.984421,150.000000,10.619995,-150.000000
2.430000,0.838239,150.000000,10.619995,-150.000000
2.430200,0.696661,150.000000,10.619995,-150.000000
2.430400,0.563918,150.000000,10.619995,-150.000000
2.430600,0.443910,150.000000,10.619995,-150.000000
2.430800,0.340109,150.000000,10.619995,-150.000000
2.431000,0.255480,150.000000,10.619995,-150.000000
2.431200,0.192410,150.000000,10.619995,-150.000000
2.431400,0.152666,150.000000,10.619995,-150.000000
2.431600,0.137358,150.000000,10.619995,-150.000000
2.431800,0.146932,150.000000,10.619995,-150.000000
2.432000,0.181169,150.000000,10.619995,-150.000000
2.432200,0.239206,150.000000,10.619995,-150.000000
2.432400,0.319562,150.000000,10.619995,-150.000000
2.432600,0.420192,150.000000,10.619995,-150.000000
2.432800,0.538532,150.000000,10.619995,-150.000000
2.433000,0.671568,150.000000,10.619995,-150.000000
2.433200,0.815903,150.000000,10.619995,-150.000000
2.433400,0.967838,150.000000,10.619995,-150.000000
2.433600,1.123448,150.000000,10.619995,-150.000000
2.433800,1.278669,150.000000,10.619995,-150.000000
2.434000,1.429386,150.000000,10.619995,-150.000000
2.434200,1.571517,150.000000,10.619995,-150.000000
2.434400,1.701099,150.000000,10.619995,-150.000000
2.434600,1.814380,150.000000,10.619995,-150.000000
2.434800,1.907897,150.000000,10.619995,-150.000000
2.435000,1.978561,150.000000,10.619995,-150.000000
2.435200,2.023727,150.000000,10.619995,-150.000000
2.435400,2.041267,150.000000,10.619995,-150.000000
2.435600,2.029630,150.000000,10.619995,-150.000000
2.435800,1.987892,150.000000,10.619995,-150.000000
2.436000,1.915799,150.000000,10.619995,-150.000000
2.436200,1.813789,150.000000,10.619995,-150.000000
2.436400,1.683008,150.000000,10.619995,-150.000000
2.436600,1.525305,150.000000,10.619995,-150.000000
2.436800,1.343207,150.000000,10.619995,-150.000000
2.437000,1.139886,150.000000,10.619995,-150.000000
2.437200,0.919096,150.000000,10.619995,-150.000000
2.437400,0.685099,150.000000,10.619995,-150.000000
2.437600,0.442573,150.000000,10.619995,-150.000000
2.437800,0.196504,150.000000,10.619995,-150.000000
2.438000,-0.047937,150.000000,10.619995,-150.000000
2.438200,-0.285523,150.000000,10.619995,-150.000000
2.438400,-0.511113,150.000000,10.619995,-150.000000
2.438600,-0.719788,150.000000,10.619995,-150.000000
2.438800,-0.906997,150.000000,10.619995,-150.000000
2.439000,-1.068688,150.000000,10.619995,-150.000000
2.439200,-1.201431,150.000000,10.619995,-150.000000
2.439400,-1.302527,150.000000,10.619995,-150.000000
2.439600,-1.370097,150.000000,10.619995,-150.000000
2.439800,-1.403151,150.000000,10.619995,-150.000000
2.440000,-1.401623,150.000000,10.619995,-150.000000
2.440200,-1.366386,150.000000,10.619995,-150.000000
2.440400,-1.299235,150.000000,10.619995,-150.000000
2.440600,-1.202835,150.000000,10.619995,-150.000000
2.440800,-1.080650,150.000000,10.619995,-150.000000
2.441000,-0.936835,150.000000,10.619995,-150.000000
2.441200,-0.776109,150.000000,10.619995,-150.000000
2.441400,-0.603608,150.000000,10.619995,-150.000000
2.441600,-0.424720,150.000000,10.619995,-150.000000
2.441800,-0.244913,150.000000,10.619995,-150.000000
2.442000,-0.069558,150.000000,10.619995,-150.000000
2.442200,0.096248,150.000000,10.619995,-150.000000
2.442400,0.247842,150.000000,10.619995,-150.000000
2.442600,0.381154,150.000000,10.619995,-150.000000
2.442800,0.492828,150.000000,10.619995,-150.000000
2.443000,0.580333,150.000000,10.619995,-150.000000
2.443200,0.642038,150.000000,10.619995,-150.000000
2.443400,0.677254,150.000000,10.619995,-150.000000
2.443600,0.686242,150.000000,10.619995,-150.000000
2.443800,0.670189,150.000000,10.619995,-150.000000
2.444000,0.631151,150.000000,10.619995,-150.000000
2.444200,0.571963,150.000000,10.619995,-150.000000
2.444400,0.496117,150.000000,10.619995,-150.000000
2.444600,0.407628,150.000000,10.619995,-150.000000
2.444800,0.310871,150.000000,10.619995,-150.000000
2.445000,0.210412,150.000000,10.619995,-150.000000
2.445200,0.110833,150.000000,10.619995,-150.000000
2.445400,0.016558,150.000000,10.619995,-150.000000
2.445600,-0.068315,150.000000,10.619995,-150.000000
2.445800,-0.140159,150.000000,10.619995,-150.000000
2.446000,-0.195958,150.000000,10.619995,-150.000000
2.446200,-0.233404,150.000000,10.619995,-150.000000
2.446400,-0.250984,150.000000,10.619995,-150.000000
2.446600,-0.248016,150.000000,10.619995,-150.000000
2.446800,-0.224674,150.000000,10.619995,-150.000000
2.447000,-0.181960,150.000000,10.619995,-150.000000
2.447200,-0.121659,150.000000,10.619995,-150.000000
2.447400,-0.046258,150.000000,10.619995,-150.000000
2.447600,0.041154,150.000000,10.619995,-150.000000
2.447800,0.137018,150.000000,10.619995,-150.000000
2.448000,0.237439,150.000000,10.619995,-150.000000
2.448200,0.338337,150.000000,10.619995,-150.000000
2.448400,0.435603,150.000000,10.619995,-150.000000
2.448600,0.525248,150.000000,10.619995,-150.000000
2.448800,0.603549,150.000000,10.619995,-150.000000
2.449000,0.667176,150.000000,10.619995,-150.000000
2.449200,0.713306,150.000000,10.619995,-150.000000
2.449400,0.739716,150.000000,10.619995,-150.000000
2.449600,0.744846,150.000000,10.619995,-150.000000
2.449800,0.727842,150.000000,10.619995,-150.000000
2.450000,0.688571,150.000000,10.619995,-150.000000
2.450200,0.627608,150.000000,10.619995,-150.000000
2.450400,0.546201,150.000000,10.619995,-150.000000
2.450600,0.446212,150.000000,10.619995,-150.000000
2.450800,0.330040,150.000000,10.619995,-150.000000
2.451000,0.200530,150.000000,10.619995,-150.000000
2.451200,0.060865,150.000000,10.619995,-150.000000
2.451400,-0.085540,150.000000,10.619995,-150.000000
2.451600,-0.235151,150.000000,10.619995,-150.000000
2.451800,-0.384432,150.000000,10.619995,-150.000000
2.452000,-0.529945,150.000000,10.619995,-150.000000
2.452200,-0.668450,150.000000,10.619995,-150.000000
2.452400,-0.796992,150.000000,10.619995,-150.000000
2.452600,-0.912969,150.000000,10.619995,-150.000000
2.452800,-1.014195,150.000000,10.619995,-150.000000
2.453000,-1.098936,150.000000,10.619995,-150.000000
2.453200,-1.165937,150.000000,10.619995,-150.000000
2.453400,-1.214437,150.000000,10.619995,-150.000000
2.453600,-1.244156,150.000000,10.619995,-150.000000
2.453800,-1.255288,150.000000,10.619995,-150.000000
2.454000,-1.248464,150.000000,10.619995,-150.000000
2.454200,-1.224721,150.000000,10.619995,-150.000000
2.454400,-1.185457,150.000000,10.619995,-150.000000
2.454600,-1.132377,150.000000,10.619995,-150.000000
2.454800,-1.067443,150.000000,10.619995,-150.000000
2.455000,-0.992816,150.000000,10.619995,-150.000000
2.455200,-0.910801,150.000000,10.619995,-150.000000
2.455400,-0.823788,150.000000,10.619995,-150.000000
2.455600,-0.734199,150.000000,10.619995,-150.000000
2.455800,-0.644430,150.000000,10.619995,-150.000000
2.456000,-0.556801,150.000000,10.619995,-150.000000
2.456200,-0.473507,150.000000,10.619995,-150.000000
2.456400,-0.396565,150.000000,10.619995,-150.000000
2.456600,-0.327774,150.000000,10.619995,-150.000000
2.456800,-0.268670,150.000000,10.619995,-150.000000
2.457000,-0.220487,150.000000,10.619995,-150.000000
2.457200,-0.184123,150.000000,10.619995,-150.000000
2.457400,-0.160111,150.000000,10.619995,-150.000000
2.457600,-0.148591,150.000000,10.619995,-150.000000
2.457800,-0.149300,150.000000,10.619995,-150.000000
2.458000,-0.161558,150.000000,10.619995,-150.000000
2.458200,-0.184270,150.000000,10.619995,-150.000000
2.458400,-0.215939,150.000000,10.619995,-150.000000
2.458600,-0.254691,150.000000,10.619995,-150.000000
2.458800,-0.298306,150.000000,10.619995,-150.000000
2.459000,-0.344272,150.000000,10.619995,-150.000000
2.459200,-0.389843,150.000000,10.619995,-150.000000
2.459400,-0.432113,150.000000,10.619995,-150.000000
2.459600,-0.468101,150.000000,10.619995,-150.000000
2.459800,-0.494843,150.000000,10.619995,-150.000000
2.460000,-0.509489,150.000000,10.619995,-150.000000
2.460200,-0.509410,150.000000,10.619995,-150.000000
2.460400,-0.492295,150.000000,10.619995,-150.000000
2.460600,-0.456257,150.000000,10.619995,-150.000000
2.460800,-0.399918,150.000000,10.619995,-150.000000
2.461000,-0.322491,150.000000,10.619995,-150.000000
2.461200,-0.223846,150.000000,10.619995,-150.000000
2.461400,-0.104554,150.000000,10.619995,-150.000000
2.461600,0.034090,150.000000,10.619995,-150.000000
2.461800,0.190062,150.000000,10.619995,-150.000000
2.462000,0.360640,150.000000,10.619995,-150.000000
2.462200,0.542450,150.000000,10.619995,-150.000000
2.462400,0.731543,150.000000,10.619995,-150.000000
2.462600,0.923497,150.000000,10.619995,-150.000000
2.462800,1.113532,150.000000,10.619995,-150.000000
2.463000,1.296651,150.000000,10.619995,-150.000000
2.463200,1.467789,150.000000,10.619995,-150.000000
2.463400,1.621970,150.000000,10.619995,-150.000000
2.463600,1.754471,150.000000,10.619995,-150.000000
2.463800,1.860976,150.000000,10.619995,-150.000000
2.464000,1.937722,150.000000,10.619995,-150.000000
2.464200,1.981636,150.000000,10.619995,-150.000000
2.464400,1.990445,150.000000,10.619995,-150.000000
2.464600,1.962766,150.000000,10.619995,-150.000000
2.464800,1.898164,150.000000,10.619995,-150.000000
2.465000,1.797184,150.000000,10.619995,-150.000000
2.465200,1.661345,150.000000,10.619995,-150.000000
2.465400,1.493112,150.000000,10.619995,-150.000000
2.465600,1.295826,150.000000,10.619995,-150.000000
2.465800,1.073613,150.000000,10.619995,-150.000000
2.466000,0.831263,150.000000,10.619995,-150.000000
2.466200,0.574093,150.000000,10.619995,-150.000000
2.466400,0.307789,150.000000,10.619995,-150.000000
2.466600,0.038241,150.000000,10.619995,-150.000000
2.466800,-0.228624,150.000000,10.619995,-150.000000
2.467000,-0.487017,150.000000,10.619995,-150.000000
2.467200,-0.731440,150.000000,10.619995,-150.000000
2.467400,-0.956838,150.000000,10.619995,-150.000000
2.467600,-1.158728,150.000000,10.619995,-150.000000
2.467800,-1.333307,150.000000,10.619995,-150.000000
2.468000,-1.477534,150.000000,10.619995,-150.000000
2.468200,-1.589190,150.000000,10.619995,-150.000000
2.468400,-1.666905,150.000000,10.619995,-150.000000
2.468600,-1.710161,150.000000,10.619995,-150.000000
2.468800,-1.719267,150.000000,10.619995,-150.000000
2.469000,-1.695312,150.000000,10.619995,-150.000000
2.469200,-1.640095,150.000000,10.619995,-150.000000
2.469400,-1.556042,150.000000,10.619995,-150.000000
2.469600,-1.446099,150.000000,10.619995,-150.000000
2.469800,-1.313632,150.000000,10.619995,-150.000000
2.470000,-1.162306,150.000000,10.619995,-150.000000
2.470200,-0.995972,150.000000,10.619995,-150.000000
2.470400,-0.818560,150.000000,10.619995,-150.000000
2.470600,-0.633969,150.000000,10.619995,-150.000000
2.470800,-0.445972,150.000000,10.619995,-150.000000
2.471000,-0.258137,150.000000,10.619995,-150.000000
2.471200,-0.073754,150.000000,10.619995,-150.000000
2.471400,0.104223,150.000000,10.619995,-150.000000
2.471600,0.273211,150.000000,10.619995,-150.000000
2.471800,0.431031,150.000000,10.619995,-150.000000
2.472000,0.575917,150.000000,10.619995,-150.000000
2.472200,0.706517,150.000000,10.619995,-150.000000
2.472400,0.821885,150.000000,10.619995,-150.000000
2.472600,0.921460,150.000000,10.619995,-150.000000
2.472800,1.005035,150.000000,10.619995,-150.000000
2.473000,1.072732,150.000000,10.619995,-150.000000
2.473200,1.124958,150.000000,10.619995,-150.000000
2.473400,1.162366,150.000000,10.619995,-150.000000
2.473600,1.185814,150.000000,10.619995,-150.000000
2.473800,1.196322,150.000000,10.619995,-150.000000
2.474000,1.195030,150.000000,10.619995,-150.000000
2.474200,1.183155,150.000000,10.619995,-150.000000
2.474400,1.161954,150.000000,10.619995,-150.000000
2.474600,1.132682,150.000000,10.619995,-150.000000
2.474800,1.096559,150.000000,10.619995,-150.000000
2.475000,1.054735,150.000000,10.619995,-150.000000
2.475200,1.008260,150.000000,10.619995,-150.000000
2.475400,0.958057,150.000000,10.619995,-150.000000
2.475600,0.904900,150.000000,10.619995,-150.000000
2.475800,0.849394,150.000000,10.619995,-150.000000
2.476000,0.791965,150.000000,10.619995,-150.000000
2.476200,0.732853,150.000000,10.619995,-150.000000
2.476400,0.672112,150.000000,10.619995,-150.000000
2.476600,0.609622,150.000000,10.619995,-150.000000
2.476800,0.545103,150.000000,10.619995,-150.000000
2.477000,0.478144,150.000000,10.619995,-150.000000
2.477200,0.408233,150.000000,10.619995,-150.000000
2.477400,0.334803,150.000000,10.619995,-150.000000
2.477600,0.257279,150.000000,10.619995,-150.000000
2.477800,0.175131,150.000000,10.619995,-150.000000
2.478000,0.087936,150.000000,10.619995,-150.000000
2.478200,-0.004568,150.000000,10.619995,-150.000000
2.478400,-0.102420,150.000000,10.619995,-150.000000
2.478600,-0.205383,150.000000,10.619995,-150.000000
2.478800,-0.312898,150.000000,10.619995,-150.000000
2.479000,-0.424048,150.000000,10.619995,-150.000000
2.479200,-0.537531,150.000000,10.619995,-150.000000
2.479400,-0.651656,150.000000,10.619995,-150.000000
2.479600,-0.764350,150.000000,10.619995,-150.000000
2.479800,-0.873186,150.000000,10.619995,-150.000000
2.480000,-0.975430,150.000000,10.619995,-150.000000
2.480200,-1.068109,150.000000,10.619995,-150.000000
2.480400,-1.148090,150.000000,10.619995,-150.000000
2.480600,-1.212188,150.000000,10.619995,-150.000000
2.480800,-1.257271,150.000000,10.619995,-150.000000
2.481000,-1.280382,150.000000,10.619995,-150.000000
2.481200,-1.278869,150.000000,10.619995,-150.000000
2.481400,-1.250501,150.000000,10.619995,-150.000000
2.481600,-1.193597,150.000000,10.619995,-150.000000
2.481800,-1.107120,150.000000,10.619995,-150.000000
2.482000,-0.990778,150.000000,10.619995,-150.000000
2.482200,-0.845082,150.000000,10.619995,-150.000000
2.482400,-0.671395,150.000000,10.619995,-150.000000
2.482600,-0.471941,150.000000,10.619995,-150.000000
2.482800,-0.249789,150.000000,10.619995,-150.000000
2.483000,-0.008799,150.000000,10.619995,-150.000000
2.483200,0.246455,150.000000,10.619995,-150.000000
2.483400,0.510803,150.000000,10.619995,-150.000000
2.483600,0.778609,150.000000,10.619995,-150.000000
2.483800,1.043943,150.000000,10.619995,-150.000000
2.484000,1.300749,150.000000,10.619995,-150.000000
2.484200,1.543036,150.000000,10.619995,-150.000000
2.484400,1.765071,150.000000,10.619995,-150.000000
2.484600,1.961566,150.000000,10.619995,-150.000000
2.484800,2.127853,150.000000,10.619995,-150.000000
2.485000,2.260042,150.000000,10.619995,-150.000000
2.485200,2.355157,150.000000,10.619995,-150.000000
2.485400,2.411238,150.000000,10.619995,-150.000000
2.485600,2.427412,150.000000,10.619995,-150.000000
2.485800,2.403924,150.000000,10.619995,-150.000000
2.486000,2.342129,150.000000,10.619995,-150.000000
2.486200,2.244451,150.000000,10.619995,-150.000000
2.486400,2.114297,150.000000,10.619995,-150.000000
2.486600,1.955943,150.000000,10.619995,-150.000000
2.486800,1.774389,150.000000,10.619995,-150.000000
2.487000,1.575191,150.000000,10.619995,-150.000000
2.487200,1.364271,150.000000,10.619995,-150.000000
2.487400,1.147726,150.000000,10.619995,-150.000000
2.487600,0.931631,150.000000,10.619995,-150.000000
2.487800,0.721840,150.000000,10.619995,-150.000000
2.488000,0.523811,150.000000,10.619995,-150.000000
2.488200,0.342444,150.000000,10.619995,-150.000000
2.488400,0.181939,150.000000,10.619995,-150.000000
2.488600,0.045692,150.000000,10.619995,-150.000000
2.488800,-0.063784,150.000000,10.619995,-150.000000
2.489000,-0.144906,150.000000,10.619995,-150.000000
2.489200,-0.197025,150.000000,10.619995,-150.000000
2.489400,-0.220407,150.000000,10.619995,-150.000000
2.489600,-0.216180,150.000000,10.619995,-150.000000
2.489800,-0.186252,150.000000,10.619995,-150.000000
2.490000,-0.133214,150.000000,10.619995,-150.000000
2.490200,-0.060213,150.000000,10.619995,-150.000000
2.490400,0.029170,150.000000,10.619995,-150.000000
2.490600,0.131065,150.000000,10.619995,-150.000000
2.490800,0.241445,150.000000,10.619995,-150.000000
2.491000,0.356258,150.000000,10.619995,-150.000000
2.491200,0.471556,150.000000,10.619995,-150.000000
2.491400,0.583598,150.000000,10.619995,-150.000000
2.491600,0.688947,150.000000,10.619995,-150.000000
2.491800,0.784549,150.000000,10.619995,-150.000000
2.492000,0.867781,150.000000,10.619995,-150.000000
2.492200,0.936500,150.000000,10.619995,-150.000000
2.492400,0.989054,150.000000,10.619995,-150.000000
2.492600,1.024290,150.000000,10.619995,-150.000000
2.492800,1.041540,150.000000,10.619995,-150.000000
2.493000,1.040604,150.000000,10.619995,-150.000000
2.493200,1.021713,150.000000,10.619995,-150.000000
2.493400,0.985494,150.000000,10.619995,-150.000000
2.493600,0.932931,150.000000,10.619995,-150.000000
2.493800,0.865322,150.000000,10.619995,-150.000000
2.494000,0.784240,150.000000,10.619995,-150.000000
2.494200,0.691494,150.000000,10.619995,-150.000000
2.494400,0.589093,150.000000,10.619995,-150.000000
2.494600,0.479217,150.000000,10.619995,-150.000000
2.494800,0.364184,150.000000,10.619995,-150.000000
2.495000,0.246425,150.000000,10.619995,-150.000000
2.495200,0.128457,150.000000,10.619995,-150.000000
2.495400,0.012854,150.000000,10.619995,-150.000000
2.495600,-0.097782,150.000000,10.619995,-150.000000
2.495800,-0.200851,150.000000,10.619995,-150.000000
2.496000,-0.293802,150.000000,10.619995,-150.000000
2.496200,-0.374167,150.000000,10.619995,-150.000000
2.496400,-0.439616,150.000000,10.619995,-150.000000
2.496600,-0.488012,150.000000,10.619995,-150.000000
2.496800,-0.517465,150.000000,10.619995,-150.000000
2.497000,-0.526400,150.000000,10.619995,-150.000000
2.497200,-0.513613,150.000000,10.619995,-150.000000
2.497400,-0.478335,150.000000,10.619995,-150.000000
2.497600,-0.420285,150.000000,10.619995,-150.000000
2.497800,-0.339714,150.000000,10.619995,-150.000000
2.498000,-0.237441,150.000000,10.619995,-150.000000
2.498200,-0.114875,150.000000,10.619995,-150.000000
2.498400,0.025987,150.000000,10.619995,-150.000000
2.498600,0.182575,150.000000,10.619995,-150.000000
2.498800,0.351781,150.000000,10.619995,-150.000000
2.499000,0.530023,150.000000,10.619995,-150.000000
2.499200,0.713317,150.000000,10.619995,-150.000000
2.499400,0.897382,150.000000,10.619995,-150.000000
2.499600,1.077750,150.000000,10.619995,-150.000000
2.499800,1.249896,150.000000,10.619995,-150.000000
2.500000,1.409373,150.000000,10.619995,-150.000000
2.500200,1.551958,150.000000,10.619995,-150.000000
2.500400,1.673787,150.000000,10.619995,-150.000000
2.500600,1.771490,150.000000,10.619995,-150.000000
2.500800,1.842316,150.000000,10.619995,-150.000000
2.501000,1.884237,150.000000,10.619995,-150.000000
2.501200,1.896029,150.000000,10.619995,-150.000000
2.501400,1.877331,150.000000,10.619995,-150.000000
2.501600,1.828677,150.000000,10.619995,-150.000000
2.501800,1.751491,150.000000,10.619995,-150.000000
2.502000,1.648056,150.000000,10.619995,-150.000000
2.502200,1.521453,150.000000,10.619995,-150.000000
2.502400,1.375466,150.000000,10.619995,-150.000000
2.502600,1.214469,150.000000,10.619995,-150.000000
2.502800,1.043283,150.000000,10.619995,-150.000000
2.503000,0.867023,150.000000,10.619995,-150.000000
2.503200,0.690931,150.000000,10.619995,-150.000000
2.503400,0.520205,150.000000,10.619995,-150.000000
2.503600,0.359829,150.000000,10.619995,-150.000000
2.503800,0.214410,150.000000,10.619995,-150.000000
2.504000,0.088030,150.000000,10.619995,-150.000000
2.504200,-0.015880,150.000000,10.619995,-150.000000
2.504400,-0.094649,150.000000,10.619995,-150.000000
2.504600,-0.146443,150.000000,10.619995,-150.000000
2.504800,-0.170315,150.000000,10.619995,-150.000000
2.505000,-0.166217,150.000000,10.619995,-150.000000
2.505200,-0.134993,150.000000,10.619995,-150.000000
2.505400,-0.078331,150.000000,10.619995,-150.000000
2.505600,0.001307,150.000000,10.619995,-150.000000
2.505800,0.100782,150.000000,10.619995,-150.000000
2.506000,0.216390,150.000000,10.619995,-150.000000
2.506200,0.344000,150.000000,10.619995,-150.000000
2.506400,0.479188,150.000000,10.619995,-150.000000
2.506600,0.617389,150.000000,10.619995,-150.000000
2.506800,0.754039,150.000000,10.619995,-150.000000
2.507000,0.884719,150.000000,10.619995,-150.000000
2.507200,1.005279,150.000000,10.619995,-150.000000
2.507400,1.111958,150.000000,10.619995,-150.000000
2.507600,1.201482,150.000000,10.619995,-150.000000
2.507800,1.271135,150.000000,10.619995,-150.000000
2.508000,1.318823,150.000000,10.619995,-150.000000
2.508200,1.343104,150.000000,10.619995,-150.000000
2.508400,1.343199,150.000000,10.619995,-150.000000
2.508600,1.318987,150.000000,10.619995,-150.000000
2.508800,1.270972,150.000000,10.619995,-150.000000
2.509000,1.200247,150.000000,10.619995,-150.000000
2.509200,1.108428,150.000000,10.619995,-150.000000
2.509400,0.997594,150.000000,10.619995,-150.000000
2.509600,0.870204,150.000000,10.619995,-150.000000
2.509800,0.729024,150.000000,10.619995,-150.000000
2.510000,0.577043,150.000000,10.619995,-150.000000
2.510200,0.417395,150.000000,10.619995,-150.000000
2.510400,0.253283,150.000000,10.619995,-150.000000
2.510600,0.087908,150.000000,10.619995,-150.000000
2.510800,-0.075592,150.000000,10.619995,-150.000000
2.511000,-0.234201,150.000000,10.619995,-150.000000
2.511200,-0.385069,150.000000,10.619995,-150.000000
2.511400,-0.525557,150.000000,10.619995,-150.000000
2.511600,-0.653265,150.000000,10.619995,-150.000000
2.511800,-0.766064,150.000000,10.619995,-150.000000
2.512000,-0.862110,150.000000,10.619995,-150.000000
2.512200,-0.939866,150.000000,10.619995,-150.000000
2.512400,-0.998112,150.000000,10.619995,-150.000000
2.512600,-1.035951,150.000000,10.619995,-150.000000
2.512800,-1.052820,150.000000,10.619995,-150.000000
2.513000,-1.048492,150.000000,10.619995,-150.000000
2.513200,-1.023080,150.000000,10.619995,-150.000000
2.513400,-0.977037,150.000000,10.619995,-150.000000
2.513600,-0.911153,150.000000,10.619995,-150.000000
2.513800,-0.826553,150.000000,10.619995,-150.000000
2.514000,-0.724687,150.000000,10.619995,-150.000000
2.514200,-0.607318,150.000000,10.619995,-150.000000
2.514400,-0.476502,150.000000,10.619995,-150.000000
2.514600,-0.334568,150.000000,10.619995,-150.000000
2.514800,-0.184082,150.000000,10.619995,-150.000000
2.515000,-0.027815,150.000000,10.619995,-150.000000
2.515200,0.131307,150.000000,10.619995,-150.000000
2.515400,0.290252,150.000000,10.619995,-150.000000
2.515600,0.445940,150.000000,10.619995,-150.000000
2.515800,0.595305,150.000000,10.619995,-150.000000
2.516000,0.735367,150.000000,10.619995,-150.000000
2.516200,0.863295,150.000000,10.619995,-150.000000
2.516400,0.976481,150.000000,10.619995,-150.000000
2.516600,1.072606,150.000000,10.619995,-150.000000
2.516800,1.149708,150.000000,10.619995,-150.000000
2.517000,1.206232,150.000000,10.619995,-150.000000
2.517200,1.241090,150.000000,10.619995,-150.000000
2.517400,1.253691,150.000000,10.619995,-150.000000
2.517600,1.243973,150.000000,10.619995,-150.000000
2.517800,1.212418,150.000000,10.619995,-150.000000
2.518000,1.160047,150.000000,10.619995,-150.000000
2.518200,1.088409,150.000000,10.619995,-150.000000
2.518400,0.999548,150.000000,10.619995,-150.000000
2.518600,0.895961,150.000000,10.619995,-150.000000
2.518800,0.780536,150.000000,10.619995,-150.000000
2.519000,0.656489,150.000000,10.619995,-150.000000
2.519200,0.527277,150.000000,10.619995,-150.000000
2.519400,0.396515,150.000000,10.619995,-150.000000
2.519600,0.267882,150.000000,10.619995,-150.000000
2.519800,0.145026,150.000000,10.619995,-150.000000
2.520000,0.031467,150.000000,10.619995,-150.000000
2.520200,-0.069495,150.000000,10.619995,-150.000000
2.520400,-0.154865,150.000000,10.619995,-150.000000
2.520600,-0.222036,150.000000,10.619995,-150.000000
2.520800,-0.268858,150.000000,10.619995,-150.000000
2.521000,-0.293691,150.000000,10.619995,-150.000000
2.521200,-0.295456,150.000000,10.619995,-150.000000
2.521400,-0.273658,150.000000,10.619995,-150.000000
2.521600,-0.228407,150.000000,10.619995,-150.000000
2.521800,-0.160413,150.000000,10.619995,-150.000000
2.522000,-0.070969,150.000000,10.619995,-150.000000
2.522200,0.038074,150.000000,10.619995,-150.000000
2.522400,0.164356,150.000000,10.619995,-150.000000
2.522600,0.305062,150.000000,10.619995,-150.000000
2.522800,0.456994,150.000000,10.619995,-150.000000
2.523000,0.616640,150.000000,10.619995,-150.000000
2.523200,0.780266,150.000000,10.619995,-150.000000
2.523400,0.943999,150.000000,10.619995,-150.000000
2.523600,1.103923,150.000000,10.619995,-150.000000
2.523800,1.256172,150.000000,10.619995,-150.000000
2.524000,1.397020,150.000000,10.619995,-150.000000
2.524200,1.522973,150.000000,10.619995,-150.000000
2.524400,1.630848,150.000000,10.619995,-150.000000
2.524600,1.717855,150.000000,10.619995,-150.000000
2.524800,1.781662,150.000000,10.619995,-150.000000
2.525000,1.820451,150.000000,10.619995,-150.000000
2.525200,1.832969,150.000000,10.619995,-150.000000
2.525400,1.818553,150.000000,10.619995,-150.000000
2.525600,1.777158,150.000000,10.619995,-150.000000
2.525800,1.709357,150.000000,10.619995,-150.000000
2.526000,1.616332,150.000000,10.619995,-150.000000
2.526200,1.499850,150.000000,10.619995,-150.000000
2.526400,1.362229,150.000000,10.619995,-150.000000
2.526600,1.206281,150.000000,10.619995,-150.000000
2.526800,1.035252,150.000000,10.619995,-150.000000
2.527000,0.852742,150.000000,10.619995,-150.000000
2.527200,0.662626,150.000000,10.619995,-150.000000
2.527400,0.468957,150.000000,10.619995,-150.000000
2.527600,0.275871,150.000000,10.619995,-150.000000
2.527800,0.087483,150.000000,10.619995,-150.000000
2.528000,-0.092212,150.000000,10.619995,-150.000000
2.528200,-0.259440,150.000000,10.619995,-150.000000
2.528400,-0.410743,150.000000,10.619995,-150.000000
2.528600,-0.543065,150.000000,10.619995,-150.000000
2.528800,-0.653828,150.000000,10.619995,-150.000000
2.529000,-0.741002,150.000000,10.619995,-150.000000
2.529200,-0.803148,150.000000,10.619995,-150.000000
2.529400,-0.839462,150.000000,10.619995,-150.000000
2.529600,-0.849786,150.000000,10.619995,-150.000000
2.529800,-0.834609,150.000000,10.619995,-150.000000
2.530000,-0.795055,150.000000,10.619995,-150.000000
2.530200,-0.732840,150.000000,10.619995,-150.000000
2.530400,-0.650225,150.000000,10.619995,-150.000000
2.530600,-0.549951,150.000000,10.619995,-150.000000
2.530800,-0.435154,150.000000,10.619995,-150.000000
2.531000,-0.309278,150.000000,10.619995,-150.000000
2.531200,-0.175975,150.000000,10.619995,-150.000000
2.531400,-0.039004,150.000000,10.619995,-150.000000
2.531600,0.097877,150.000000,10.619995,-150.000000
2.531800,0.231011,150.000000,10.619995,-150.000000
2.532000,0.356944,150.000000,10.619995,-150.000000
2.532200,0.472512,150.000000,10.619995,-150.000000
2.532400,0.574924,150.000000,10.619995,-150.000000
2.532600,0.661826,150.000000,10.619995,-150.000000
2.532800,0.731356,150.000000,10.619995,-150.000000
2.533000,0.782176,150.000000,10.619995,-150.000000
2.533200,0.813495,150.000000,10.619995,-150.000000
2.533400,0.825063,150.000000,10.619995,-150.000000
2.533600,0.817165,150.000000,10.619995,-150.000000
2.533800,0.790579,150.000000,10.619995,-150.000000
2.534000,0.746538,150.000000,10.619995,-150.000000
2.534200,0.686664,150.000000,10.619995,-150.000000
2.534400,0.612906,150.000000,10.619995,-150.000000
2.534600,0.527462,150.000000,10.619995,-150.000000
2.534800,0.432696,150.000000,10.619995,-150.000000
2.535000,0.331059,150.000000,10.619995,-150.000000
2.535200,0.225008,150.000000,10.619995,-150.000000
2.535400,0.116934,150.000000,10.619995,-150.000000
2.535600,0.009084,150.000000,10.619995,-150.000000
2.535800,-0.096489,150.000000,10.619995,-150.000000
2.536000,-0.197982,150.000000,10.619995,-150.000000
2.536200,-0.293877,150.000000,10.619995,-150.000000
2.536400,-0.382966,150.000000,10.619995,-150.000000
2.536600,-0.464360,150.000000,10.619995,-150.000000
2.536800,-0.537494,150.000000,10.619995,-150.000000
2.537000,-0.602106,150.000000,10.619995,-150.000000
2.537200,-0.658218,150.000000,10.619995,-150.000000
2.537400,-0.706101,150.000000,10.619995,-150.000000
2.537600,-0.746235,150.000000,10.619995,-150.000000
2.537800,-0.779261,150.000000,10.619995,-150.000000
2.538000,-0.805937,150.000000,10.619995,-150.000000
2.538200,-0.827081,150.000000,10.619995,-150.000000
2.538400,-0.843529,150.000000,10.619995,-150.000000
2.538600,-0.856084,150.000000,10.619995,-150.000000
2.538800,-0.865481,150.000000,10.619995,-150.000000
2.539000,-0.872350,150.000000,10.619995,-150.000000
2.539200,-0.877191,150.000000,10.619995,-150.000000
2.539400,-0.880355,150.000000,10.619995,-150.000000
2.539600,-0.882038,150.000000,10.619995,-150.000000
2.539800,-0.882278,150.000000,10.619995,-150.000000
2.540000,-0.880964,150.000000,10.619995,-150.000000
2.540200,-0.877852,150.000000,10.619995,-150.000000
2.540400,-0.872586,150.000000,10.619995,-150.000000
2.540600,-0.864729,150.000000,10.619995,-150.000000
2.540800,-0.853787,150.000000,10.619995,-150.000000
2.541000,-0.839249,150.000000,10.619995,-150.000000
2.541200,-0.820618,150.000000,10.619995,-150.000000
2.541400,-0.797441,150.000000,10.619995,-150.000000
2.541600,-0.769345,150.000000,10.619995,-150.000000
2.541800,-0.736058,150.000000,10.619995,-150.000000
2.542000,-0.697433,150.000000,10.619995,-150.000000
2.542200,-0.653461,150.000000,10.619995,-150.000000
2.542400,-0.604287,150.000000,10.619995,-150.000000
2.542600,-0.550203,150.000000,10.619995,-150.000000
2.542800,-0.491654,150.000000,10.619995,-150.000000
2.543000,-0.429222,150.000000,10.619995,-150.000000
2.543200,-0.363611,150.000000,10.619995,-150.000000
2.543400,-0.295632,150.000000,10.619995,-150.000000
2.543600,-0.226172,150.000000,10.619995,-150.000000
2.543800,-0.156175,150.000000,10.619995,-150.000000
2.544000,-0.086606,150.000000,10.619995,-150.000000
2.544200,-0.018430,150.000000,10.619995,-150.000000
2.544400,0.047417,150.000000,10.619995,-150.000000
2.544600,0.110054,150.000000,10.619995,-150.000000
2.544800,0.168674,150.000000,10.619995,-150.000000
2.545000,0.222563,150.000000,10.619995,-150.000000
2.545200,0.271112,150.000000,10.619995,-150.000000
2.545400,0.313822,150.000000,10.619995,-150.000000
2.545600,0.350310,150.000000,10.619995,-150.000000
2.545800,0.380306,150.000000,10.619995,-150.000000
2.546000,0.403643,150.000000,10.619995,-150.000000
2.546200,0.420245,150.000000,10.619995,-150.000000
2.546400,0.430119,150.000000,10.619995,-150.000000
2.546600,0.433329,150.000000,10.619995,-150.000000
2.546800,0.429989,150.000000,10.619995,-150.000000
2.547000,0.420235,150.000000,10.619995,-150.000000
2.547200,0.404217,150.000000,10.619995,-150.000000
2.547400,0.382080,150.000000,10.619995,-150.000000
2.547600,0.353957,150.000000,10.619995,-150.000000
2.547800,0.319961,150.000000,10.619995,-150.000000
2.548000,0.280183,150.000000,10.619995,-150.000000
2.548200,0.234701,150.000000,10.619995,-150.000000
2.548400,0.183582,150.000000,10.619995,-150.000000
2.548600,0.126903,150.000000,10.619995,-150.000000
2.548800,0.064766,150.000000,10.619995,-150.000000
2.549000,-0.002678,150.000000,10.619995,-150.000000
2.549200,-0.075201,150.000000,10.619995,-150.000000
2.549400,-0.152476,150.000000,10.619995,-150.000000
2.549600,-0.234048,150.000000,10.619995,-150.000000
2.549800,-0.319306,150.000000,10.619995,-150.000000
2.550000,-0.407468,150.000000,10.619995,-150.000000
2.550200,-0.497564,150.000000,10.619995,-150.000000
2.550400,-0.588421,150.000000,10.619995,-150.000000
2.550600,-0.678673,150.000000,10.619995,-150.000000
2.550800,-0.766760,150.000000,10.619995,-150.000000
2.551000,-0.850954,150.000000,10.619995,-150.000000
2.551200,-0.929386,150.000000,10.619995,-150.000000
2.551400,-1.000088,150.000000,10.619995,-150.000000
2.551600,-1.061041,150.000000,10.619995,-150.000000
2.551800,-1.110240,150.000000,10.619995,-150.000000
2.552000,-1.145754,150.000000,10.619995,-150.000000
2.552200,-1.165805,150.000000,10.619995,-150.000000
2.552400,-1.168842,150.000000,10.619995,-150.000000
2.552600,-1.153615,150.000000,10.619995,-150.000000
2.552800,-1.119253,150.000000,10.619995,-150.000000
2.553000,-1.065327,150.000000,10.619995,-150.000000
2.553200,-0.991915,150.000000,10.619995,-150.000000
2.553400,-0.899645,150.000000,10.619995,-150.000000
2.553600,-0.789728,150.000000,10.619995,-150.000000
2.553800,-0.663975,150.000000,10.619995,-150.000000
2.554000,-0.524794,150.000000,10.619995,-150.000000
2.554200,-0.375164,150.000000,10.619995,-150.000000
2.554400,-0.218589,150.000000,10.619995,-150.000000
2.554600,-0.059035,150.000000,10.619995,-150.000000
2.554800,0.099157,150.000000,10.619995,-150.000000
2.555000,0.251379,150.000000,10.619995,-150.000000
2.555200,0.392873,150.000000,10.619995,-150.000000
2.555400,0.518864,150.000000,10.619995,-150.000000
2.555600,0.624704,150.000000,10.619995,-150.000000
2.555800,0.706018,150.000000,10.619995,-150.000000
2.556000,0.758849,150.000000,10.619995,-150.000000
2.556200,0.779798,150.000000,10.619995,-150.000000
2.556400,0.766154,150.000000,10.619995,-150.000000
2.556600,0.716007,150.000000,10.619995,-150.000000
2.556800,0.628346,150.000000,10.619995,-150.000000
2.557000,0.503121,150.000000,10.619995,-150.000000
2.557200,0.341295,150.000000,10.619995,-150.000000
2.557400,0.144846,150.000000,10.619995,-150.000000
2.557600,-0.083245,150.000000,10.619995,-150.000000
2.557800,-0.339050,150.000000,10.619995,-150.000000
2.558000,-0.617777,150.000000,10.619995,-150.000000
2.558200,-0.913879,150.000000,10.619995,-150.000000
2.558400,-1.221200,150.000000,10.619995,-150.000000
2.558600,-1.533132,150.000000,10.619995,-150.000000
2.558800,-1.842798,150.000000,10.619995,-150.000000
2.559000,-2.143245,150.000000,10.619995,-150.000000
2.559200,-2.427640,150.000000,10.619995,-150.000000
2.559400,-2.689474,150.000000,10.619995,-150.000000
2.559600,-2.922749,150.000000,10.619995,-150.000000
2.559800,-3.122157,150.000000,10.619995,-150.000000
2.560000,-3.283242,150.000000,10.619995,-150.000000
2.560200,-3.402528,150.000000,10.619995,-150.000000
2.560400,-3.477626,150.000000,10.619995,-150.000000
2.560600,-3.507305,150.000000,10.619995,-150.000000
2.560800,-3.491522,150.000000,10.619995,-150.000000
2.561000,-3.431418,150.000000,10.619995,-150.000000
2.561200,-3.329278,150.000000,10.619995,-150.000000
2.561400,-3.188455,150.000000,10.619995,-150.000000
2.561600,-3.013253,150.000000,10.619995,-150.000000
2.561800,-2.808787,150.000000,10.619995,-150.000000
2.562000,-2.580818,150.000000,10.619995,-150.000000
2.562200,-2.335568,150.000000,10.619995,-150.000000
2.562400,-2.079516,150.000000,10.619995,-150.000000
2.562600,-1.819199,150.000000,10.619995,-150.000000
2.562800,-1.561005,150.000000,10.619995,-150.000000
2.563000,-1.310982,150.000000,10.619995,-150.000000
2.563200,-1.074655,150.000000,10.619995,-150.000000
2.563400,-0.856867,150.000000,10.619995,-150.000000
2.563600,-0.661651,150.000000,10.619995,-150.000000
2.563800,-0.492125,150.000000,10.619995,-150.000000
2.564000,-0.350427,150.000000,10.619995,-150.000000
2.564200,-0.237681,150.000000,10.619995,-150.000000
2.564400,-0.154005,150.000000,10.619995,-150.000000
2.564600,-0.098548,150.000000,10.619995,-150.000000
2.564800,-0.069568,150.000000,10.619995,-150.000000
2.565000,-0.064530,150.000000,10.619995,-150.000000
2.565200,-0.080240,150.000000,10.619995,-150.000000
2.565400,-0.112993,150.000000,10.619995,-150.000000
2.565600,-0.158735,150.000000,10.619995,-150.000000
2.565800,-0.213237,150.000000,10.619995,-150.000000
2.566000,-0.272266,150.000000,10.619995,-150.000000
2.566200,-0.331751,150.000000,10.619995,-150.000000
2.566400,-0.387940,150.000000,10.619995,-150.000000
2.566600,-0.437534,150.000000,10.619995,-150.000000
2.566800,-0.477809,150.000000,10.619995,-150.000000
2.567000,-0.506695,150.000000,10.619995,-150.000000
2.567200,-0.522842,150.000000,10.619995,-150.000000
2.567400,-0.525648,150.000000,10.619995,-150.000000
2.567600,-0.515250,150.000000,10.619995,-150.000000
2.567800,-0.492495,150.000000,10.619995,-150.000000
2.568000,-0.458878,150.000000,10.619995,-150.000000
2.568200,-0.416449,150.000000,10.619995,-150.000000
2.568400,-0.367707,150.000000,10.619995,-150.000000
2.568600,-0.315471,150.000000,10.619995,-150.000000
2.568800,-0.262748,150.000000,10.619995,-150.000000
2.569000,-0.212585,150.000000,10.619995,-150.000000
2.569200,-0.167928,150.000000,10.619995,-150.000000
2.569400,-0.131491,150.000000,10.619995,-150.000000
2.569600,-0.105627,150.000000,10.619995,-150.000000
2.569800,-0.092227,150.000000,10.619995,-150.000000
2.570000,-0.092630,150.000000,10.619995,-150.000000
2.570200,-0.107567,150.000000,10.619995,-150.000000
2.570400,-0.137122,150.000000,10.619995,-150.000000
2.570600,-0.180729,150.000000,10.619995,-150.000000
2.570800,-0.237190,150.000000,10.619995,-150.000000
2.571000,-0.304725,150.000000,10.619995,-150.000000
2.571200,-0.381042,150.000000,10.619995,-150.000000
2.571400,-0.463428,150.000000,10.619995,-150.000000
2.571600,-0.548862,150.000000,10.619995,-150.000000
2.571800,-0.634134,150.000000,10.619995,-150.000000
2.572000,-0.715977,150.000000,10.619995,-150.000000
2.572200,-0.791197,150.000000,10.619995,-150.000000
2.572400,-0.856803,150.000000,10.619995,-150.000000
2.572600,-0.910124,150.000000,10.619995,-150.000000
2.572800,-0.948920,150.000000,10.619995,-150.000000
2.573000,-0.971472,150.000000,10.619995,-150.000000
2.573200,-0.976649,150.000000,10.619995,-150.000000
2.573400,-0.963958,150.000000,10.619995,-150.000000
2.573600,-0.933565,150.000000,10.619995,-150.000000
2.573800,-0.886293,150.000000,10.619995,-150.000000
2.574000,-0.823595,150.000000,10.619995,-150.000000
2.574200,-0.747502,150.000000,10.619995,-150.000000
2.574400,-0.660555,150.000000,10.619995,-150.000000
2.574600,-0.565710,150.000000,10.619995,-150.000000
2.574800,-0.466239,150.000000,10.619995,-150.000000
2.575000,-0.365613,150.000000,10.619995,-150.000000
2.575200,-0.267383,150.000000,10.619995,-150.000000
2.575400,-0.175055,150.000000,10.619995,-150.000000
2.575600,-0.091972,150.000000,10.619995,-150.000000
2.575800,-0.021206,150.000000,10.619995,-150.000000
2.576000,0.034551,150.000000,10.619995,-150.000000
2.576200,0.073068,150.000000,10.619995,-150.000000
2.576400,0.092647,150.000000,10.619995,-150.000000
2.576600,0.092179,150.000000,10.619995,-150.000000
2.576800,0.071169,150.000000,10.619995,-150.000000
2.577000,0.029754,150.000000,10.619995,-150.000000
2.577200,-0.031310,150.000000,10.619995,-150.000000
2.577400,-0.110673,150.000000,10.619995,-150.000000
2.577600,-0.206434,150.000000,10.619995,-150.000000
2.577800,-0.316208,150.000000,10.619995,-150.000000
2.578000,-0.437193,150.000000,10.619995,-150.000000
2.578200,-0.566255,150.000000,10.619995,-150.000000
2.578400,-0.700022,150.000000,10.619995,-150.000000
2.578600,-0.834975,150.000000,10.619995,-150.000000
2.578800,-0.967548,150.000000,10.619995,-150.000000
2.579000,-1.094219,150.000000,10.619995,-150.000000
2.579200,-1.211607,150.000000,10.619995,-150.000000
2.579400,-1.316550,150.000000,10.619995,-150.000000
2.579600,-1.406187,150.000000,10.619995,-150.000000
2.579800,-1.478024,150.000000,10.619995,-150.000000
2.580000,-1.529989,150.000000,10.619995,-150.000000
2.580200,-1.560477,150.000000,10.619995,-150.000000
2.580400,-1.568386,150.000000,10.619995,-150.000000
2.580600,-1.553130,150.000000,10.619995,-150.000000
2.580800,-1.514658,150.000000,10.619995,-150.000000
2.581000,-1.453440,150.000000,10.619995,-150.000000
2.581200,-1.370458,150.000000,10.619995,-150.000000
2.581400,-1.267177,150.000000,10.619995,-150.000000
2.581600,-1.145513,150.000000,10.619995,-150.000000
2.581800,-1.007783,150.000000,10.619995,-150.000000
2.582000,-0.856657,150.000000,10.619995,-150.000000
2.582200,-0.695094,150.000000,10.619995,-150.000000
2.582400,-0.526274,150.000000,10.619995,-150.000000
2.582600,-0.353532,150.000000,10.619995,-150.000000
2.582800,-0.180279,150.000000,10.619995,-150.000000
2.583000,-0.009924,150.000000,10.619995,-150.000000
2.583200,0.154201,150.000000,10.619995,-150.000000
2.583400,0.308921,150.000000,10.619995,-150.000000
2.583600,0.451292,150.000000,10.619995,-150.000000
2.583800,0.578671,150.000000,10.619995,-150.000000
2.584000,0.688778,150.000000,10.619995,-150.000000
2.584200,0.779757,150.000000,10.619995,-150.000000
2.584400,0.850215,150.000000,10.619995,-150.000000
2.584600,0.899263,150.000000,10.619995,-150.000000
2.584800,0.926534,150.000000,10.619995,-150.000000
2.585000,0.932191,150.000000,10.619995,-150.000000
2.585200,0.916919,150.000000,10.619995,-150.000000
2.585400,0.881905,150.000000,10.619995,-150.000000
2.585600,0.828796,150.000000,10.619995,-150.000000
2.585800,0.759650,150.000000,10.619995,-150.000000
2.586000,0.676871,150.000000,10.619995,-150.000000
2.586200,0.583126,150.000000,10.619995,-150.000000
2.586400,0.481268,150.000000,10.619995,-150.000000
2.586600,0.374236,150.000000,10.619995,-150.000000
2.586800,0.264961,150.000000,10.619995,-150.000000
2.587000,0.156269,150.000000,10.619995,-150.000000
2.587200,0.050791,150.000000,10.619995,-150.000000
2.587400,-0.049127,150.000000,10.619995,-150.000000
2.587600,-0.141499,150.000000,10.619995,-150.000000
2.587800,-0.224758,150.000000,10.619995,-150.000000
2.588000,-0.297808,150.000000,10.619995,-150.000000
2.588200,-0.360045,150.000000,10.619995,-150.000000
2.588400,-0.411377,150.000000,10.619995,-150.000000
2.588600,-0.452202,150.000000,10.619995,-150.000000
2.588800,-0.483386,150.000000,10.619995,-150.000000
2.589000,-0.506210,150.000000,10.619995,-150.000000
2.589200,-0.522307,150.000000,10.619995,-150.000000
2.589400,-0.533583,150.000000,10.619995,-150.000000
2.589600,-0.542122,150.000000,10.619995,-150.000000
2.589800,-0.550096,150.000000,10.619995,-150.000000
2.590000,-0.559660,150.000000,10.619995,-150.000000
2.590200,-0.572856,150.000000,10.619995,-150.000000
2.590400,-0.591519,150.000000,10.619995,-150.000000
2.590600,-0.617195,150.000000,10.619995,-150.000000
2.590800,-0.651069,150.000000,10.619995,-150.000000
2.591000,-0.693915,150.000000,10.619995,-150.000000
2.591200,-0.746056,150.000000,10.619995,-150.000000
2.591400,-0.807354,150.000000,10.619995,-150.000000
2.591600,-0.877213,150.000000,10.619995,-150.000000
2.591800,-0.954604,150.000000,10.619995,-150.000000
2.592000,-1.038113,150.000000,10.619995,-150.000000
2.592200,-1.125999,150.000000,10.619995,-150.000000
2.592400,-1.216269,150.000000,10.619995,-150.000000
2.592600,-1.306766,150.000000,10.619995,-150.000000
2.592800,-1.395259,150.000000,10.619995,-150.000000
2.593000,-1.479534,150.000000,10.619995,-150.000000
2.593200,-1.557490,150.000000,10.619995,-150.000000
2.593400,-1.627220,150.000000,10.619995,-150.000000
2.593600,-1.687084,150.000000,10.619995,-150.000000
2.593800,-1.735775,150.000000,10.619995,-150.000000
2.594000,-1.772361,150.000000,10.619995,-150.000000
2.594200,-1.796312,150.000000,10.619995,-150.000000
2.594400,-1.807509,150.000000,10.619995,-150.000000
2.594600,-1.806233,150.000000,10.619995,-150.000000
2.594800,-1.793141,150.000000,10.619995,-150.000000
2.595000,-1.769219,150.000000,10.619995,-150.000000
2.595200,-1.735725,150.000000,10.619995,-150.000000
2.595400,-1.694126,150.000000,10.619995,-150.000000
2.595600,-1.646018,150.000000,10.619995,-150.000000
2.595800,-1.593055,150.000000,10.619995,-150.000000
2.596000,-1.536869,150.000000,10.619995,-150.000000
2.596200,-1.478999,150.000000,10.619995,-150.000000
2.596400,-1.420828,150.000000,10.619995,-150.000000
2.596600,-1.363532,150.000000,10.619995,-150.000000
2.596800,-1.308037,150.000000,10.619995,-150.000000
2.597000,-1.254996,150.000000,10.619995,-150.000000
2.597200,-1.204778,150.000000,10.619995,-150.000000
2.597400,-1.157478,150.000000,10.619995,-150.000000
2.597600,-1.112932,150.000000,10.619995,-150.000000
2.597800,-1.070757,150.000000,10.619995,-150.000000
2.598000,-1.030393,150.000000,10.619995,-150.000000
2.598200,-0.991155,150.000000,10.619995,-150.000000
2.598400,-0.952296,150.000000,10.619995,-150.000000
2.598600,-0.913067,150.000000,10.619995,-150.000000
2.598800,-0.872776,150.000000,10.619995,-150.000000
2.599000,-0.830843,150.000000,10.619995,-150.000000
2.599200,-0.786851,150.000000,10.619995,-150.000000
2.599400,-0.740585,150.000000,10.619995,-150.000000
2.599600,-0.692057,150.000000,10.619995,-150.000000
2.599800,-0.641525,150.000000,10.619995,-150.000000
2.600000,-0.589490,150.000000,10.619995,-150.000000
2.600200,-0.536685,150.000000,10.619995,-150.000000
2.600400,-0.484050,150.000000,10.619995,-150.000000
2.600600,-0.432697,150.000000,10.619995,-150.000000
2.600800,-0.383860,150.000000,10.619995,-150.000000
2.601000,-0.338841,150.000000,10.619995,-150.000000
2.601200,-0.298955,150.000000,10.619995,-150.000000
2.601400,-0.265465,150.000000,10.619995,-150.000000
2.601600,-0.239522,150.000000,10.619995,-150.000000
2.601800,-0.222108,150.000000,10.619995,-150.000000
2.602000,-0.213987,150.000000,10.619995,-150.000000
2.602200,-0.215656,150.000000,10.619995,-150.000000
2.602400,-0.227320,150.000000,10.619995,-150.000000
2.602600,-0.248866,150.000000,10.619995,-150.000000
2.602800,-0.279854,150.000000,10.619995,-150.000000
2.603000,-0.319525,150.000000,10.619995,-150.000000
2.603200,-0.366815,150.000000,10.619995,-150.000000
2.603400,-0.420384,150.000000,10.619995,-150.000000
2.603600,-0.478659,150.000000,10.619995,-150.000000
2.603800,-0.539879,150.000000,10.619995,-150.000000
2.604000,-0.602156,150.000000,10.619995,-150.000000
2.604200,-0.663536,150.000000,10.619995,-150.000000
2.604400,-0.722063,150.000000,10.619995,-150.000000
2.604600,-0.775847,150.000000,10.619995,-150.000000
2.604800,-0.823128,150.000000,10.619995,-150.000000
2.605000,-0.862336,150.000000,10.619995,-150.000000
2.605200,-0.892144,150.000000,10.619995,-150.000000
2.605400,-0.911514,150.000000,10.619995,-150.000000
2.605600,-0.919735,150.000000,10.619995,-150.000000
2.605800,-0.916446,150.000000,10.619995,-150.000000
2.606000,-0.901648,150.000000,10.619995,-150.000000
2.606200,-0.875710,150.000000,10.619995,-150.000000
2.606400,-0.839349,150.000000,10.619995,-150.000000
2.606600,-0.793612,150.000000,10.619995,-150.000000
2.606800,-0.739840,150.000000,10.619995,-150.000000
2.607000,-0.679619,150.000000,10.619995,-150.000000
2.607200,-0.614728,150.000000,10.619995,-150.000000
2.607400,-0.547081,150.000000,10.619995,-150.000000
2.607600,-0.478652,150.000000,10.619995,-150.000000
2.607800,-0.411418,150.000000,10.619995,-150.000000
2.608000,-0.347281,150.000000,10.619995,-150.000000
2.608200,-0.288007,150.000000,10.619995,-150.000000
2.608400,-0.235164,150.000000,10.619995,-150.000000
2.608600,-0.190071,150.000000,10.619995,-150.000000
2.608800,-0.153748,150.000000,10.619995,-150.000000
2.609000,-0.126888,150.000000,10.619995,-150.000000
2.609200,-0.109837,150.000000,10.619995,-150.000000
2.609400,-0.102586,150.000000,10.619995,-150.000000
2.609600,-0.104783,150.000000,10.619995,-150.000000
2.609800,-0.115750,150.000000,10.619995,-150.000000
2.610000,-0.134529,150.000000,10.619995,-150.000000
2.610200,-0.159924,150.000000,10.619995,-150.000000
2.610400,-0.190565,150.000000,10.619995,-150.000000
2.610600,-0.224976,150.000000,10.619995,-150.000000
2.610800,-0.261653,150.000000,10.619995,-150.000000
2.611000,-0.299137,150.000000,10.619995,-150.000000
2.611200,-0.336094,150.000000,10.619995,-150.000000
2.611400,-0.371383,150.000000,10.619995,-150.000000
2.611600,-0.404127,150.000000,10.619995,-150.000000
2.611800,-0.433759,150.000000,10.619995,-150.000000
2.612000,-0.460062,150.000000,10.619995,-150.000000
2.612200,-0.483194,150.000000,10.619995,-150.000000
2.612400,-0.503685,150.000000,10.619995,-150.000000
2.612600,-0.522424,150.000000,10.619995,-150.000000
2.612800,-0.540618,150.000000,10.619995,-150.000000
2.613000,-0.559738,150.000000,10.619995,-150.000000
2.613200,-0.581441,150.000000,10.619995,-150.000000
2.613400,-0.607487,150.000000,10.619995,-150.000000
2.613600,-0.639628,150.000000,10.619995,-150.000000
2.613800,-0.679508,150.000000,10.619995,-150.000000
2.614000,-0.728548,150.000000,10.619995,-150.000000
2.614200,-0.787840,150.000000,10.619995,-150.000000
2.614400,-0.858045,150.000000,10.619995,-150.000000
2.614600,-0.939304,150.000000,10.619995,-150.000000
2.614800,-1.031179,150.000000,10.619995,-150.000000
2.615000,-1.132597,150.000000,10.619995,-150.000000
2.615200,-1.241839,150.000000,10.619995,-150.000000
2.615400,-1.356550,150.000000,10.619995,-150.000000
2.615600,-1.473775,150.000000,10.619995,-150.000000
2.615800,-1.590037,150.000000,10.619995,-150.000000
2.616000,-1.701437,150.000000,10.619995,-150.000000
2.616200,-1.803778,150.000000,10.619995,-150.000000
2.616400,-1.892719,150.000000,10.619995,-150.000000
2.616600,-1.963941,150.000000,10.619995,-150.000000
2.616800,-2.013323,150.000000,10.619995,-150.000000
2.617000,-2.037126,150.000000,10.619995,-150.000000
2.617200,-2.032169,150.000000,10.619995,-150.000000
2.617400,-1.995993,150.000000,10.619995,-150.000000
2.617600,-1.927008,150.000000,10.619995,-150.000000
2.617800,-1.824611,150.000000,10.619995,-150.000000
2.618000,-1.689273,150.000000,10.619995,-150.000000
2.618200,-1.522582,150.000000,10.619995,-150.000000
2.618400,-1.327254,150.000000,10.619995,-150.000000
2.618600,-1.107093,150.000000,10.619995,-150.000000
2.618800,-0.866905,150.000000,10.619995,-150.000000
2.619000,-0.612377,150.000000,10.619995,-150.000000
2.619200,-0.349912,150.000000,10.619995,-150.000000
2.619400,-0.086430,150.000000,10.619995,-150.000000
2.619600,0.170853,150.000000,10.619995,-150.000000
2.619800,0.414673,150.000000,10.619995,-150.000000
2.620000,0.637969,150.000000,10.619995,-150.000000
2.620200,0.834133,150.000000,10.619995,-150.000000
2.620400,0.997257,150.000000,10.619995,-150.000000
2.620600,1.122353,150.000000,10.619995,-150.000000
2.620800,1.205546,150.000000,10.619995,-150.000000
2.621000,1.244235,150.000000,10.619995,-150.000000
2.621200,1.237198,150.000000,10.619995,-150.000000
2.621400,1.184663,150.000000,10.619995,-150.000000
2.621600,1.088313,150.000000,10.619995,-150.000000
2.621800,0.951249,150.000000,10.619995,-150.000000
2.622000,0.777894,150.000000,10.619995,-150.000000
2.622200,0.573850,150.000000,10.619995,-150.000000
2.622400,0.345710,150.000000,10.619995,-150.000000
2.622600,0.100838,150.000000,10.619995,-150.000000
2.622800,-0.152884,150.000000,10.619995,-150.000000
2.623000,-0.407328,150.000000,10.619995,-150.000000
2.623200,-0.654394,150.000000,10.619995,-150.000000
2.623400,-0.886289,150.000000,10.619995,-150.000000
2.623600,-1.095789,150.000000,10.619995,-150.000000
2.623800,-1.276479,150.000000,10.619995,-150.000000
2.624000,-1.422958,150.000000,10.619995,-150.000000
2.624200,-1.531012,150.000000,10.619995,-150.000000
2.624400,-1.597731,150.000000,10.619995,-150.000000
2.624600,-1.621588,150.000000,10.619995,-150.000000
2.624800,-1.602455,150.000000,10.619995,-150.000000
2.625000,-1.541578,150.000000,10.619995,-150.000000
2.625200,-1.441493,150.000000,10.619995,-150.000000
2.625400,-1.305909,150.000000,10.619995,-150.000000
2.625600,-1.139537,150.000000,10.619995,-150.000000
2.625800,-0.947899,150.000000,10.619995,-150.000000
2.626000,-0.737113,150.000000,10.619995,-150.000000
2.626200,-0.513654,150.000000,10.619995,-150.000000
2.626400,-0.284120,150.000000,10.619995,-150.000000
2.626600,-0.055004,150.000000,10.619995,-150.000000
2.626800,0.167530,150.000000,10.619995,-150.000000
2.627000,0.377840,150.000000,10.619995,-150.000000
2.627200,0.570974,150.000000,10.619995,-150.000000
2.627400,0.742798,150.000000,10.619995,-150.000000
2.627600,0.890100,150.000000,10.619995,-150.000000
2.627800,1.010632,150.000000,10.619995,-150.000000
2.628000,1.103133,150.000000,10.619995,-150.000000
2.628200,1.167295,150.000000,10.619995,-150.000000
2.628400,1.203706,150.000000,10.619995,-150.000000
2.628600,1.213754,150.000000,10.619995,-150.000000
2.628800,1.199504,150.000000,10.619995,-150.000000
2.629000,1.163564,150.000000,10.619995,-150.000000
2.629200,1.108929,150.000000,10.619995,-150.000000
2.629400,1.038823,150.000000,10.619995,-150.000000
2.629600,0.956547,150.000000,10.619995,-150.000000
2.629800,0.865335,150.000000,10.619995,-150.000000
2.630000,0.768218,150.000000,10.619995,-150.000000
2.630200,0.667914,150.000000,10.619995,-150.000000
2.630400,0.566747,150.000000,10.619995,-150.000000
2.630600,0.466580,150.000000,10.619995,-150.000000
2.630800,0.368785,150.000000,10.619995,-150.000000
2.631000,0.274237,150.000000,10.619995,-150.000000
2.631200,0.183337,150.000000,10.619995,-150.000000
2.631400,0.096052,150.000000,10.619995,-150.000000
2.631600,0.011983,150.000000,10.619995,-150.000000
2.631800,-0.069559,150.000000,10.619995,-150.000000
2.632000,-0.149459,150.000000,10.619995,-150.000000
2.632200,-0.228708,150.000000,10.619995,-150.000000
2.632400,-0.308303,150.000000,10.619995,-150.000000
2.632600,-0.389161,150.000000,10.619995,-150.000000
2.632800,-0.472032,150.000000,10.619995,-150.000000
2.633000,-0.557436,150.000000,10.619995,-150.000000
2.633200,-0.645609,150.000000,10.619995,-150.000000
2.633400,-0.736468,150.000000,10.619995,-150.000000
2.633600,-0.829595,150.000000,10.619995,-150.000000
2.633800,-0.924241,150.000000,10.619995,-150.000000
2.634000,-1.019349,150.000000,10.619995,-150.000000
2.634200,-1.113591,150.000000,10.619995,-150.000000
2.634400,-1.205419,150.000000,10.619995,-150.000000
2.634600,-1.293129,150.000000,10.619995,-150.000000
2.634800,-1.374931,150.000000,10.619995,-150.000000
2.635000,-1.449020,150.000000,10.619995,-150.000000
2.635200,-1.513654,150.000000,10.619995,-150.000000
2.635400,-1.567219,150.000000,10.619995,-150.000000
2.635600,-1.608299,150.000000,10.619995,-150.000000
2.635800,-1.635726,150.000000,10.619995,-150.000000
2.636000,-1.648626,150.000000,10.619995,-150.000000
2.636200,-1.646450,150.000000,10.619995,-150.000000
2.636400,-1.628991,150.000000,10.619995,-150.000000
2.636600,-1.596390,150.000000,10.619995,-150.000000
2.636800,-1.549128,150.000000,10.619995,-150.000000
2.637000,-1.488004,150.000000,10.619995,-150.000000
2.637200,-1.414110,150.000000,10.619995,-150.000000
2.637400,-1.328790,150.000000,10.619995,-150.000000
2.637600,-1.233598,150.000000,10.619995,-150.000000
2.637800,-1.130251,150.000000,10.619995,-150.000000
2.638000,-1.020582,150.000000,10.619995,-150.000000
2.638200,-0.906487,150.000000,10.619995,-150.000000
2.638400,-0.789886,150.000000,10.619995,-150.000000
2.638600,-0.672675,150.000000,10.619995,-150.000000
2.638800,-0.556692,150.000000,10.619995,-150.000000
2.639000,-0.443681,150.000000,10.619995,-150.000000
2.639200,-0.335268,150.000000,10.619995,-150.000000
2.639400,-0.232939,150.000000,10.619995,-150.000000
2.639600,-0.138020,150.000000,10.619995,-150.000000
2.639800,-0.051670,150.000000,10.619995,-150.000000
2.640000,0.025134,150.000000,10.619995,-150.000000
2.640200,0.091598,150.000000,10.619995,-150.000000
2.640400,0.147120,150.000000,10.619995,-150.000000
2.640600,0.191287,150.000000,10.619995,-150.000000
2.640800,0.223881,150.000000,10.619995,-150.000000
2.641000,0.244880,150.000000,10.619995,-150.000000
2.641200,0.254457,150.000000,10.619995,-150.000000
2.641400,0.252981,150.000000,10.619995,-150.000000
2.641600,0.241012,150.000000,10.619995,-150.000000
2.641800,0.219302,150.000000,10.619995,-150.000000
2.642000,0.188781,150.000000,10.619995,-150.000000
2.642200,0.150554,150.000000,10.619995,-150.000000
2.642400,0.105877,150.000000,10.619995,-150.000000
2.642600,0.056143,150.000000,10.619995,-150.000000
2.642800,0.002850,150.000000,10.619995,-150.000000
2.643000,-0.052427,150.000000,10.619995,-150.000000
2.643200,-0.108081,150.000000,10.619995,-150.000000
2.643400,-0.162511,150.000000,10.619995,-150.000000
2.643600,-0.214169,150.000000,10.619995,-150.000000
2.643800,-0.261618,150.000000,10.619995,-150.000000
2.644000,-0.303573,150.000000,10.619995,-150.000000
2.644200,-0.338958,150.000000,10.619995,-150.000000
2.644400,-0.366947,150.000000,10.619995,-150.000000
2.644600,-0.387008,150.000000,10.619995,-150.000000
2.644800,-0.398930,150.000000,10.619995,-150.000000
2.645000,-0.402849,150.000000,10.619995,-150.000000
2.645200,-0.399249,150.000000,10.619995,-150.000000
2.645400,-0.388961,150.000000,10.619995,-150.000000
2.645600,-0.373141,150.000000,10.619995,-150.000000
2.645800,-0.353233,150.000000,10.619995,-150.000000
2.646000,-0.330920,150.000000,10.619995,-150.000000
2.646200,-0.308057,150.000000,10.619995,-150.000000
2.646400,-0.286601,150.000000,10.619995,-150.000000
2.646600,-0.268521,150.000000,10.619995,-150.000000
2.646800,-0.255713,150.000000,10.619995,-150.000000
2.647000,-0.249906,150.000000,10.619995,-150.000000
2.647200,-0.252577,150.000000,10.619995,-150.000000
2.647400,-0.264865,150.000000,10.619995,-150.000000
2.647600,-0.287500,150.000000,10.619995,-150.000000
2.647800,-0.320746,150.000000,10.619995,-150.000000
2.648000,-0.364363,150.000000,10.619995,-150.000000
2.648200,-0.417585,150.000000,10.619995,-150.000000
2.648400,-0.479124,150.000000,10.619995,-150.000000
2.648600,-0.547198,150.000000,10.619995,-150.000000
2.648800,-0.619574,150.000000,10.619995,-150.000000
2.649000,-0.693650,150.000000,10.619995,-150.000000
2.649200,-0.766535,150.000000,10.619995,-150.000000
2.649400,-0.835164,150.000000,10.619995,-150.000000
2.649600,-0.896415,150.000000,10.619995,-150.000000
2.649800,-0.947237,150.000000,10.619995,-150.000000
2.650000,-0.984782,150.000000,10.619995,-150.000000
2.650200,-1.006530,150.000000,10.619995,-150.000000
2.650400,-1.010409,150.000000,10.619995,-150.000000
2.650600,-0.994898,150.000000,10.619995,-150.000000
2.650800,-0.959113,150.000000,10.619995,-150.000000
2.651000,-0.902866,150.000000,10.619995,-150.000000
2.651200,-0.826703,150.000000,10.619995,-150.000000
2.651400,-0.731907,150.000000,10.619995,-150.000000
2.651600,-0.620473,150.000000,10.619995,-150.000000
2.651800,-0.495057,150.000000,10.619995,-150.000000
2.652000,-0.358888,150.000000,10.619995,-150.000000
2.652200,-0.215668,150.000000,10.619995,-150.000000
2.652400,-0.069433,150.000000,10.619995,-150.000000
2.652600,0.075585,150.000000,10.619995,-150.000000
2.652800,0.215117,150.000000,10.619995,-150.000000
2.653000,0.345017,150.000000,10.619995,-150.000000
2.653200,0.461419,150.000000,10.619995,-150.000000
2.653400,0.560886,150.000000,10.619995,-150.000000
2.653600,0.640543,150.000000,10.619995,-150.000000
2.653800,0.698188,150.000000,10.619995,-150.000000
2.654000,0.732380,150.000000,10.619995,-150.000000
2.654200,0.742491,150.000000,10.619995,-150.000000
2.654400,0.728733,150.000000,10.619995,-150.000000
2.654600,0.692145,150.000000,10.619995,-150.000000
2.654800,0.634552,150.000000,10.619995,-150.000000
2.655000,0.558489,150.000000,10.619995,-150.000000
2.655200,0.467097,150.000000,10.619995,-150.000000
2.655400,0.363995,150.000000,10.619995,-150.000000
2.655600,0.253135,150.000000,10.619995,-150.000000
2.655800,0.138641,150.000000,10.619995,-150.000000
2.656000,0.024644,150.000000,10.619995,-150.000000
2.656200,-0.084883,150.000000,10.619995,-150.000000
2.656400,-0.186281,150.000000,10.619995,-150.000000
2.656600,-0.276348,150.000000,10.619995,-150.000000
2.656800,-0.352459,150.000000,10.619995,-150.000000
2.657000,-0.412668,150.000000,10.619995,-150.000000
2.657200,-0.455770,150.000000,10.619995,-150.000000
2.657400,-0.481341,150.000000,10.619995,-150.000000
2.657600,-0.489737,150.000000,10.619995,-150.000000
2.657800,-0.482069,150.000000,10.619995,-150.000000
2.658000,-0.460137,150.000000,10.619995,-150.000000
2.658200,-0.426345,150.000000,10.619995,-150.000000
2.658400,-0.383580,150.000000,10.619995,-150.000000
2.658600,-0.335087,150.000000,10.619995,-150.000000
2.658800,-0.284317,150.000000,10.619995,-150.000000
2.659000,-0.234776,150.000000,10.619995,-150.000000
2.659200,-0.189870,150.000000,10.619995,-150.000000
2.659400,-0.152758,150.000000,10.619995,-150.000000
2.659600,-0.126217,150.000000,10.619995,-150.000000
2.659800,-0.112521,150.000000,10.619995,-150.000000
2.660000,-0.113353,150.000000,10.619995,-150.000000
2.660200,-0.129731,150.000000,10.619995,-150.000000
2.660400,-0.161968,150.000000,10.619995,-150.000000
2.660600,-0.209667,150.000000,10.619995,-150.000000
2.660800,-0.271738,150.000000,10.619995,-150.000000
2.661000,-0.346449,150.000000,10.619995,-150.000000
2.661200,-0.431499,150.000000,10.619995,-150.000000
2.661400,-0.524119,150.000000,10.619995,-150.000000
2.661600,-0.621188,150.000000,10.619995,-150.000000
2.661800,-0.719361,150.000000,10.619995,-150.000000
2.662000,-0.815209,150.000000,10.619995,-150.000000
2.662200,-0.905354,150.000000,10.619995,-150.000000
2.662400,-0.986607,150.000000,10.619995,-150.000000
2.662600,-1.056091,150.000000,10.619995,-150.000000
2.662800,-1.111351,150.000000,10.619995,-150.000000
2.663000,-1.150447,150.000000,10.619995,-150.000000
2.663200,-1.172023,150.000000,10.619995,-150.000000
2.663400,-1.175349,150.000000,10.619995,-150.000000
2.663600,-1.160344,150.000000,10.619995,-150.000000
2.663800,-1.127562,150.000000,10.619995,-150.000000
2.664000,-1.078165,150.000000,10.619995,-150.000000
2.664200,-1.013860,150.000000,10.619995,-150.000000
2.664400,-0.936827,150.000000,10.619995,-150.000000
2.664600,-0.849617,150.000000,10.619995,-150.000000
2.664800,-0.755050,150.000000,10.619995,-150.000000
2.665000,-0.656096,150.000000,10.619995,-150.000000
2.665200,-0.555753,150.000000,10.619995,-150.000000
2.665400,-0.456931,150.000000,10.619995,-150.000000
2.665600,-0.362337,150.000000,10.619995,-150.000000
2.665800,-0.274375,150.000000,10.619995,-150.000000
2.666000,-0.195058,150.000000,10.619995,-150.000000
2.666200,-0.125937,150.000000,10.619995,-150.000000
2.666400,-0.068051,150.000000,10.619995,-150.000000
2.666600,-0.021904,150.000000,10.619995,-150.000000
2.666800,0.012548,150.000000,10.619995,-150.000000
2.667000,0.035871,150.000000,10.619995,-150.000000
2.667200,0.049121,150.000000,10.619995,-150.000000
2.667400,0.053783,150.000000,10.619995,-150.000000
2.667600,0.051693,150.000000,10.619995,-150.000000
2.667800,0.044954,150.000000,10.619995,-150.000000
2.668000,0.035833,150.000000,10.619995,-150.000000
2.668200,0.026659,150.000000,10.619995,-150.000000
2.668400,0.019714,150.000000,10.619995,-150.000000
2.668600,0.017130,150.000000,10.619995,-150.000000
2.668800,0.020792,150.000000,10.619995,-150.000000
2.669000,0.032252,150.000000,10.619995,-150.000000
2.669200,0.052656,150.000000,10.619995,-150.000000
2.669400,0.082689,150.000000,10.619995,-150.000000
2.669600,0.122540,150.000000,10.619995,-150.000000
2.669800,0.171885,150.000000,10.619995,-150.000000
2.670000,0.229894,150.000000,10.619995,-150.000000
2.670200,0.295261,150.000000,10.619995,-150.000000
2.670400,0.366246,150.000000,10.619995,-150.000000
2.670600,0.440747,150.000000,10.619995,-150.000000
2.670800,0.516383,150.000000,10.619995,-150.000000
2.671000,0.590582,150.000000,10.619995,-150.000000
2.671200,0.660696,150.000000,10.619995,-150.000000
2.671400,0.724104,150.000000,10.619995,-150.000000
2.671600,0.778328,150.000000,10.619995,-150.000000
2.671800,0.821137,150.000000,10.619995,-150.000000
2.672000,0.850651,150.000000,10.619995,-150.000000
2.672200,0.865426,150.000000,10.619995,-150.000000
2.672400,0.864528,150.000000,10.619995,-150.000000
2.672600,0.847590,150.000000,10.619995,-150.000000
2.672800,0.814839,150.000000,10.619995,-150.000000
2.673000,0.767112,150.000000,10.619995,-150.000000
2.673200,0.705836,150.000000,10.619995,-150.000000
2.673400,0.632996,150.000000,10.619995,-150.000000
2.673600,0.551070,150.000000,10.619995,-150.000000
2.673800,0.462948,150.000000,10.619995,-150.000000
2.674000,0.371837,150.000000,10.619995,-150.000000
2.674200,0.281140,150.000000,10.619995,-150.000000
2.674400,0.194339,150.000000,10.619995,-150.000000
2.674600,0.114859,150.000000,10.619995,-150.000000
2.674800,0.045941,150.000000,10.619995,-150.000000
2.675000,-0.009486,150.000000,10.619995,-150.000000
2.675200,-0.048919,150.000000,10.619995,-150.000000
2.675400,-0.070383,150.000000,10.619995,-150.000000
2.675600,-0.072516,150.000000,10.619995,-150.000000
2.675800,-0.054628,150.000000,10.619995,-150.000000
2.676000,-0.016737,150.000000,10.619995,-150.000000
2.676200,0.040423,150.000000,10.619995,-150.000000
2.676400,0.115421,150.000000,10.619995,-150.000000
2.676600,0.206173,150.000000,10.619995,-150.000000
2.676800,0.310018,150.000000,10.619995,-150.000000
2.677000,0.423810,150.000000,10.619995,-150.000000
2.677200,0.544030,150.000000,10.619995,-150.000000
2.677400,0.666922,150.000000,10.619995,-150.000000
2.677600,0.788625,150.000000,10.619995,-150.000000
2.677800,0.905321,150.000000,10.619995,-150.000000
2.678000,1.013371,150.000000,10.619995,-150.000000
2.678200,1.109453,150.000000,10.619995,-150.000000
2.678400,1.190680,150.000000,10.619995,-150.000000
2.678600,1.254706,150.000000,10.619995,-150.000000
2.678800,1.299797,150.000000,10.619995,-150.000000
2.679000,1.324894,150.000000,10.619995,-150.000000
2.679200,1.329633,150.000000,10.619995,-150.000000
2.679400,1.314344,150.000000,10.619995,-150.000000
2.679600,1.280018,150.000000,10.619995,-150.000000
2.679800,1.228246,150.000000,10.619995,-150.000000
2.680000,1.161137,150.000000,10.619995,-150.000000
2.680200,1.081214,150.000000,10.619995,-150.000000
2.680400,0.991289,150.000000,10.619995,-150.000000
2.680600,0.894340,150.000000,10.619995,-150.000000
2.680800,0.793370,150.000000,10.619995,-150.000000
2.681000,0.691276,150.000000,10.619995,-150.000000
2.681200,0.590725,150.000000,10.619995,-150.000000
2.681400,0.494046,150.000000,10.619995,-150.000000
2.681600,0.403133,150.000000,10.619995,-150.000000
2.681800,0.319380,150.000000,10.619995,-150.000000
2.682000,0.243640,150.000000,10.619995,-150.000000
2.682200,0.176206,150.000000,10.619995,-150.000000
2.682400,0.116833,150.000000,10.619995,-150.000000
2.682600,0.064772,150.000000,10.619995,-150.000000
2.682800,0.018846,150.000000,10.619995,-150.000000
2.683000,-0.022467,150.000000,10.619995,-150.000000
2.683200,-0.060922,150.000000,10.619995,-150.000000
2.683400,-0.098389,150.000000,10.619995,-150.000000
2.683600,-0.136728,150.000000,10.619995,-150.000000
2.683800,-0.177663,150.000000,10.619995,-150.000000
2.684000,-0.222661,150.000000,10.619995,-150.000000
2.684200,-0.272832,150.000000,10.619995,-150.000000
2.684400,-0.328835,150.000000,10.619995,-150.000000
2.684600,-0.390814,150.000000,10.619995,-150.000000
2.684800,-0.458364,150.000000,10.619995,-150.000000
2.685000,-0.530514,150.000000,10.619995,-150.000000
2.685200,-0.605752,150.000000,10.619995,-150.000000
2.685400,-0.682068,150.000000,10.619995,-150.000000
2.685600,-0.757033,150.000000,10.619995,-150.000000
2.685800,-0.827896,150.000000,10.619995,-150.000000
2.686000,-0.891700,150.000000,10.619995,-150.000000
2.686200,-0.945416,150.000000,10.619995,-150.000000
2.686400,-0.986079,150.000000,10.619995,-150.000000
2.686600,-1.010930,150.000000,10.619995,-150.000000
2.686800,-1.017549,150.000000,10.619995,-150.000000
2.687000,-1.003974,150.000000,10.619995,-150.000000
2.687200,-0.968810,150.000000,10.619995,-150.000000
2.687400,-0.911306,150.000000,10.619995,-150.000000
2.687600,-0.831412,150.000000,10.619995,-150.000000
2.687800,-0.729800,150.000000,10.619995,-150.000000
2.688000,-0.607861,150.000000,10.619995,-150.000000
2.688200,-0.467665,150.000000,10.619995,-150.000000
2.688400,-0.311896,150.000000,10.619995,-150.000000
2.688600,-0.143763,150.000000,10.619995,-150.000000
2.688800,0.033122,150.000000,10.619995,-150.000000
2.689000,0.214865,150.000000,10.619995,-150.000000
2.689200,0.397441,150.000000,10.619995,-150.000000
2.689400,0.576831,150.000000,10.619995,-150.000000
2.689600,0.749172,150.000000,10.619995,-150.000000
2.689800,0.910887,150.000000,10.619995,-150.000000
2.690000,1.058808,150.000000,10.619995,-150.000000
2.690200,1.190276,150.000000,10.619995,-150.000000
2.690400,1.303216,150.000000,10.619995,-150.000000
2.690600,1.396185,150.000000,10.619995,-150.000000
2.690800,1.468400,150.000000,10.619995,-150.000000
2.691000,1.519721,150.000000,10.619995,-150.000000
2.691200,1.550626,150.000000,10.619995,-150.000000
2.691400,1.562144,150.000000,10.619995,-150.000000
2.691600,1.555781,150.000000,10.619995,-150.000000
2.691800,1.533418,150.000000,10.619995,-150.000000
2.692000,1.497207,150.000000,10.619995,-150.000000
2.692200,1.449455,150.000000,10.619995,-150.000000
2.692400,1.392514,150.000000,10.619995,-150.000000
2.692600,1.328673,150.000000,10.619995,-150.000000
2.692800,1.260063,150.000000,10.619995,-150.000000
2.693000,1.188583,150.000000,10.619995,-150.000000
2.693200,1.115833,150.000000,10.619995,-150.000000
2.693400,1.043082,150.000000,10.619995,-150.000000
2.693600,0.971252,150.000000,10.619995,-150.000000
2.693800,0.900925,150.000000,10.619995,-150.000000
2.694000,0.832370,150.000000,10.619995,-150.000000
2.694200,0.765596,150.000000,10.619995,-150.000000
2.694400,0.700407,150.000000,10.619995,-150.000000
2.694600,0.636475,150.000000,10.619995,-150.000000
2.694800,0.573421,150.000000,10.619995,-150.000000
2.695000,0.510888,150.000000,10.619995,-150.000000
2.695200,0.448611,150.000000,10.619995,-150.000000
2.695400,0.386486,150.000000,10.619995,-150.000000
2.695600,0.324606,150.000000,10.619995,-150.000000
2.695800,0.263300,150.000000,10.619995,-150.000000
2.696000,0.203138,150.000000,10.619995,-150.000000
2.696200,0.144921,150.000000,10.619995,-150.000000
2.696400,0.089650,150.000000,10.619995,-150.000000
2.696600,0.038477,150.000000,10.619995,-150.000000
2.696800,-0.007365,150.000000,10.619995,-150.000000
2.697000,-0.046638,150.000000,10.619995,-150.000000
2.697200,-0.078182,150.000000,10.619995,-150.000000
2.697400,-0.101011,150.000000,10.619995,-150.000000
2.697600,-0.114386,150.000000,10.619995,-150.000000
2.697800,-0.117903,150.000000,10.619995,-150.000000
2.698000,-0.111545,150.000000,10.619995,-150.000000
2.698200,-0.095728,150.000000,10.619995,-150.000000
2.698400,-0.071319,150.000000,10.619995,-150.000000
2.698600,-0.039631,150.000000,10.619995,-150.000000
2.698800,-0.002394,150.000000,10.619995,-150.000000
2.699000,0.038308,150.000000,10.619995,-150.000000
2.699200,0.080115,150.000000,10.619995,-150.000000
2.699400,0.120495,150.000000,10.619995,-150.000000
2.699600,0.156863,150.000000,10.619995,-150.000000
2.699800,0.186709,150.000000,10.619995,-150.000000
2.700000,0.207737,150.000000,10.619995,-150.000000
2.700200,0.217990,150.000000,10.619995,-150.000000
2.700400,0.215975,150.000000,10.619995,-150.000000
2.700600,0.200767,150.000000,10.619995,-150.000000
2.700800,0.172089,150.000000,10.619995,-150.000000
2.701000,0.130369,150.000000,10.619995,-150.000000
2.701200,0.076752,150.000000,10.619995,-150.000000
2.701400,0.013094,150.000000,10.619995,-150.000000
2.701600,-0.058095,150.000000,10.619995,-150.000000
2.701800,-0.133737,150.000000,10.619995,-150.000000
2.702000,-0.210304,150.000000,10.619995,-150.000000
2.702200,-0.283963,150.000000,10.619995,-150.000000
2.702400,-0.350748,150.000000,10.619995,-150.000000
2.702600,-0.406744,150.000000,10.619995,-150.000000
2.702800,-0.448273,150.000000,10.619995,-150.000000
2.703000,-0.472083,150.000000,10.619995,-150.000000
2.703200,-0.475522,150.000000,10.619995,-150.000000
2.703400,-0.456695,150.000000,10.619995,-150.000000
2.703600,-0.414586,150.000000,10.619995,-150.000000
2.703800,-0.349148,150.000000,10.619995,-150.000000
2.704000,-0.261350,150.000000,10.619995,-150.000000
2.704200,-0.153185,150.000000,10.619995,-150.000000
2.704400,-0.027619,150.000000,10.619995,-150.000000
2.704600,0.111493,150.000000,10.619995,-150.000000
2.704800,0.259544,150.000000,10.619995,-150.000000
2.705000,0.411345,150.000000,10.619995,-150.000000
2.705200,0.561329,150.000000,10.619995,-150.000000
2.705400,0.703776,150.000000,10.619995,-150.000000
2.705600,0.833056,150.000000,10.619995,-150.000000
2.705800,0.943869,150.000000,10.619995,-150.000000
2.706000,1.031483,150.000000,10.619995,-150.000000
2.706200,1.091948,150.000000,10.619995,-150.000000
2.706400,1.122285,150.000000,10.619995,-150.000000
2.706600,1.120633,150.000000,10.619995,-150.000000
2.706800,1.086354,150.000000,10.619995,-150.000000
2.707000,1.020090,150.000000,10.619995,-150.000000
2.707200,0.923754,150.000000,10.619995,-150.000000
2.707400,0.800483,150.000000,10.619995,-150.000000
2.707600,0.654523,150.000000,10.619995,-150.000000
2.707800,0.491076,150.000000,10.619995,-150.000000
2.708000,0.316094,150.000000,10.619995,-150.000000
2.708200,0.136051,150.000000,10.619995,-150.000000
2.708400,-0.042319,150.000000,10.619995,-150.000000
2.708600,-0.212296,150.000000,10.619995,-150.000000
2.708800,-0.367442,150.000000,10.619995,-150.000000
2.709000,-0.501865,150.000000,10.619995,-150.000000
2.709200,-0.610462,150.000000,10.619995,-150.000000
2.709400,-0.689120,150.000000,10.619995,-150.000000
2.709600,-0.734885,150.000000,10.619995,-150.000000
2.709800,-0.746077,150.000000,10.619995,-150.000000
2.710000,-0.722349,150.000000,10.619995,-150.000000
2.710200,-0.664694,150.000000,10.619995,-150.000000
2.710400,-0.575389,150.000000,10.619995,-150.000000
2.710600,-0.457894,150.000000,10.619995,-150.000000
2.710800,-0.316688,150.000000,10.619995,-150.000000
2.711000,-0.157077,150.000000,10.619995,-150.000000
2.711200,0.015039,150.000000,10.619995,-150.000000
2.711400,0.193424,150.000000,10.619995,-150.000000
2.711600,0.371763,150.000000,10.619995,-150.000000
2.711800,0.543933,150.000000,10.619995,-150.000000
2.712000,0.704252,150.000000,10.619995,-150.000000
2.712200,0.847705,150.000000,10.619995,-150.000000
2.712400,0.970140,150.000000,10.619995,-150.000000
2.712600,1.068422,150.000000,10.619995,-150.000000
2.712800,1.140535,150.000000,10.619995,-150.000000
2.713000,1.185634,150.000000,10.619995,-150.000000
2.713200,1.204047,150.000000,10.619995,-150.000000
2.713400,1.197221,150.000000,10.619995,-150.000000
2.713600,1.167619,150.000000,10.619995,-150.000000
2.713800,1.118574,150.000000,10.619995,-150.000000
2.714000,1.054111,150.000000,10.619995,-150.000000
2.714200,0.978733,150.000000,10.619995,-150.000000
2.714400,0.897203,150.000000,10.619995,-150.000000
2.714600,0.814309,150.000000,10.619995,-150.000000
2.714800,0.734637,150.000000,10.619995,-150.000000
2.715000,0.662369,150.000000,10.619995,-150.000000
2.715200,0.601089,150.000000,10.619995,-150.000000
2.715400,0.553639,150.000000,10.619995,-150.000000
2.715600,0.522000,150.000000,10.619995,-150.000000
2.715800,0.507232,150.000000,10.619995,-150.000000
2.716000,0.509446,150.000000,10.619995,-150.000000
2.716200,0.527835,150.000000,10.619995,-150.000000
2.716400,0.560737,150.000000,10.619995,-150.000000
2.716600,0.605751,150.000000,10.619995,-150.000000
2.716800,0.659874,150.000000,10.619995,-150.000000
2.717000,0.719677,150.000000,10.619995,-150.000000
2.717200,0.781483,150.000000,10.619995,-150.000000
2.717400,0.841572,150.000000,10.619995,-150.000000
2.717600,0.896364,150.000000,10.619995,-150.000000
2.717800,0.942609,150.000000,10.619995,-150.000000
2.718000,0.977547,150.000000,10.619995,-150.000000
2.718200,0.999041,150.000000,10.619995,-150.000000
2.718400,1.005683,150.000000,10.619995,-150.000000
2.718600,0.996853,150.000000,10.619995,-150.000000
2.718800,0.972747,150.000000,10.619995,-150.000000
2.719000,0.934359,150.000000,10.619995,-150.000000
2.719200,0.883419,150.000000,10.619995,-150.000000
2.719400,0.822306,150.000000,10.619995,-150.000000
2.719600,0.753920,150.000000,10.619995,-150.000000
2.719800,0.681534,150.000000,10.619995,-150.000000
2.720000,0.608622,150.000000,10.619995,-150.000000
2.720200,0.538691,150.000000,10.619995,-150.000000
2.720400,0.475094,150.000000,10.619995,-150.000000
2.720600,0.420869,150.000000,10.619995,-150.000000
2.720800,0.378578,150.000000,10.619995,-150.000000
2.721000,0.350180,150.000000,10.619995,-150.000000
2.721200,0.336926,150.000000,10.619995,-150.000000
2.721400,0.339289,150.000000,10.619995,-150.000000
2.721600,0.356935,150.000000,10.619995,-150.000000
2.721800,0.388721,150.000000,10.619995,-150.000000
2.722000,0.432742,150.000000,10.619995,-150.000000
2.722200,0.486408,150.000000,10.619995,-150.000000
2.722400,0.546546,150.000000,10.619995,-150.000000
2.722600,0.609543,150.000000,10.619995,-150.000000
2.722800,0.671497,150.000000,10.619995,-150.000000
2.723000,0.728387,150.000000,10.619995,-150.000000
2.723200,0.776250,150.000000,10.619995,-150.000000
2.723400,0.811353,150.000000,10.619995,-150.000000
2.723600,0.830363,150.000000,10.619995,-150.000000
2.723800,0.830492,150.000000,10.619995,-150.000000
2.724000,0.809631,150.000000,10.619995,-150.000000
2.724200,0.766448,150.000000,10.619995,-150.000000
2.724400,0.700461,150.000000,10.619995,-150.000000
2.724600,0.612077,150.000000,10.619995,-150.000000
2.724800,0.502593,150.000000,10.619995,-150.000000
2.725000,0.374162,150.000000,10.619995,-150.000000
2.725200,0.229734,150.000000,10.619995,-150.000000
2.725400,0.072954,150.000000,10.619995,-150.000000
2.725600,-0.091958,150.000000,10.619995,-150.000000
2.725800,-0.260349,150.000000,10.619995,-150.000000
2.726000,-0.427300,150.000000,10.619995,-150.000000
2.726200,-0.587790,150.000000,10.619995,-150.000000
2.726400,-0.736879,150.000000,10.619995,-150.000000
2.726600,-0.869874,150.000000,10.619995,-150.000000
2.726800,-0.982501,150.000000,10.619995,-150.000000
2.727000,-1.071050,150.000000,10.619995,-150.000000
2.727200,-1.132510,150.000000,10.619995,-150.000000
2.727400,-1.164676,150.000000,10.619995,-150.000000
2.727600,-1.166233,150.000000,10.619995,-150.000000
2.727800,-1.136804,150.000000,10.619995,-150.000000
2.728000,-1.076972,150.000000,10.619995,-150.000000
2.728200,-0.988272,150.000000,10.619995,-150.000000
2.728400,-0.873145,150.000000,10.619995,-150.000000
2.728600,-0.734872,150.000000,10.619995,-150.000000
2.728800,-0.577474,150.000000,10.619995,-150.000000
2.729000,-0.405592,150.000000,10.619995,-150.000000
2.729200,-0.224347,150.000000,10.619995,-150.000000
2.729400,-0.039184,150.000000,10.619995,-150.000000
2.729600,0.144290,150.000000,10.619995,-150.000000
2.729800,0.320479,150.000000,10.619995,-150.000000
2.730000,0.483966,150.000000,10.619995,-150.000000
2.730200,0.629674,150.000000,10.619995,-150.000000
2.730400,0.753024,150.000000,10.619995,-150.000000
2.730600,0.850066,150.000000,10.619995,-150.000000
2.730800,0.917601,150.000000,10.619995,-150.000000
2.731000,0.953277,150.000000,10.619995,-150.000000
2.731200,0.955652,150.000000,10.619995,-150.000000
2.731400,0.924244,150.000000,10.619995,-150.000000
2.731600,0.859536,150.000000,10.619995,-150.000000
2.731800,0.762965,150.000000,10.619995,-150.000000
2.732000,0.636875,150.000000,10.619995,-150.000000
2.732200,0.484441,150.000000,10.619995,-150.000000
2.732400,0.309580,150.000000,10.619995,-150.000000
2.732600,0.116826,150.000000,10.619995,-150.000000
2.732800,-0.088805,150.000000,10.619995,-150.000000
2.733000,-0.301966,150.000000,10.619995,-150.000000
2.733200,-0.517134,150.000000,10.619995,-150.000000
2.733400,-0.728779,150.000000,10.619995,-150.000000
2.733600,-0.931525,150.000000,10.619995,-150.000000
2.733800,-1.120302,150.000000,10.619995,-150.000000
2.734000,-1.290497,150.000000,10.619995,-150.000000
2.734200,-1.438079,150.000000,10.619995,-150.000000
2.734400,-1.559712,150.000000,10.619995,-150.000000
2.734600,-1.652844,150.000000,10.619995,-150.000000
2.734800,-1.715764,150.000000,10.619995,-150.000000
2.735000,-1.747642,150.000000,10.619995,-150.000000
2.735200,-1.748536,150.000000,10.619995,-150.000000
2.735400,-1.719372,150.000000,10.619995,-150.000000
2.735600,-1.661894,150.000000,10.619995,-150.000000
2.735800,-1.578598,150.000000,10.619995,-150.000000
2.736000,-1.472633,150.000000,10.619995,-150.000000
2.736200,-1.347693,150.000000,10.619995,-150.000000
2.736400,-1.207889,150.000000,10.619995,-150.000000
2.736600,-1.057609,150.000000,10.619995,-150.000000
2.736800,-0.901381,150.000000,10.619995,-150.000000
2.737000,-0.743726,150.000000,10.619995,-150.000000
2.737200,-0.589017,150.000000,10.619995,-150.000000
2.737400,-0.441352,150.000000,10.619995,-150.000000
2.737600,-0.304435,150.000000,10.619995,-150.000000
2.737800,-0.181469,150.000000,10.619995,-150.000000
2.738000,-0.075079,150.000000,10.619995,-150.000000
2.738200,0.012753,150.000000,10.619995,-150.000000
2.738400,0.080728,150.000000,10.619995,-150.000000
2.738600,0.128244,150.000000,10.619995,-150.000000
2.738800,0.155391,150.000000,10.619995,-150.000000
2.739000,0.162918,150.000000,10.619995,-150.000000
2.739200,0.152189,150.000000,10.619995,-150.000000
2.739400,0.125108,150.000000,10.619995,-150.000000
2.739600,0.084042,150.000000,10.619995,-150.000000
2.739800,0.031722,150.000000,10.619995,-150.000000
2.740000,-0.028859,150.000000,10.619995,-150.000000
2.740200,-0.094558,150.000000,10.619995,-150.000000
2.740400,-0.162184,150.000000,10.619995,-150.000000
2.740600,-0.228614,150.000000,10.619995,-150.000000
2.740800,-0.290887,150.000000,10.619995,-150.000000
2.741000,-0.346300,150.000000,10.619995,-150.000000
2.741200,-0.392486,150.000000,10.619995,-150.000000
2.741400,-0.427483,150.000000,10.619995,-150.000000
2.741600,-0.449779,150.000000,10.619995,-150.000000
2.741800,-0.458355,150.000000,10.619995,-150.000000
2.742000,-0.452693,150.000000,10.619995,-150.000000
2.742200,-0.432783,150.000000,10.619995,-150.000000
2.742400,-0.399102,150.000000,10.619995,-150.000000
2.742600,-0.352584,150.000000,10.619995,-150.000000
2.742800,-0.294575,150.000000,10.619995,-150.000000
2.743000,-0.226770,150.000000,10.619995,-150.000000
2.743200,-0.151152,150.000000,10.619995,-150.000000
2.743400,-0.069913,150.000000,10.619995,-150.000000
2.743600,0.014625,150.000000,10.619995,-150.000000
2.743800,0.100093,150.000000,10.619995,-150.000000
2.744000,0.184155,150.000000,10.619995,-150.000000
2.744200,0.264585,150.000000,10.619995,-150.000000
2.744400,0.339340,150.000000,10.619995,-150.000000
2.744600,0.406625,150.000000,10.619995,-150.000000
2.744800,0.464947,150.000000,10.619995,-150.000000
2.745000,0.513155,150.000000,10.619995,-150.000000
2.745200,0.550471,150.000000,10.619995,-150.000000
2.745400,0.576508,150.000000,10.619995,-150.000000
2.745600,0.591266,150.000000,10.619995,-150.000000
2.745800,0.595125,150.000000,10.619995,-150.000000
2.746000,0.588817,150.000000,10.619995,-150.000000
2.746200,0.573388,150.000000,10.619995,-150.000000
2.746400,0.550148,150.000000,10.619995,-150.000000
2.746600,0.520615,150.000000,10.619995,-150.000000
2.746800,0.486447,150.000000,10.619995,-150.000000
2.747000,0.449375,150.000000,10.619995,-150.000000
2.747200,0.411133,150.000000,10.619995,-150.000000
2.747400,0.373382,150.000000,10.619995,-150.000000
2.747600,0.337651,150.000000,10.619995,-150.000000
2.747800,0.305270,150.000000,10.619995,-150.000000
2.748000,0.277323,150.000000,10.619995,-150.000000
2.748200,0.254607,150.000000,10.619995,-150.000000
2.748400,0.237601,150.000000,10.619995,-150.000000
2.748600,0.226453,150.000000,10.619995,-150.000000
2.748800,0.220979,150.000000,10.619995,-150.000000
2.749000,0.220677,150.000000,10.619995,-150.000000
2.749200,0.224753,150.000000,10.619995,-150.000000
2.749400,0.232165,150.000000,10.619995,-150.000000
2.749600,0.241670,150.000000,10.619995,-150.000000
2.749800,0.251883,150.000000,10.619995,-150.000000
2.750000,0.261350,150.000000,10.619995,-150.000000
2.750200,0.268608,150.000000,10.619995,-150.000000
2.750400,0.272265,150.000000,10.619995,-150.000000
2.750600,0.271057,150.000000,10.619995,-150.000000
2.750800,0.263921,150.000000,10.619995,-150.000000
2.751000,0.250040,150.000000,10.619995,-150.000000
2.751200,0.228892,150.000000,10.619995,-150.000000
2.751400,0.200278,150.000000,10.619995,-150.000000
2.751600,0.164343,150.000000,10.619995,-150.000000
2.751800,0.121576,150.000000,10.619995,-150.000000
2.752000,0.072802,150.000000,10.619995,-150.000000
2.752200,0.019156,150.000000,10.619995,-150.000000
2.752400,-0.037952,150.000000,10.619995,-150.000000
2.752600,-0.096888,150.000000,10.619995,-150.000000
2.752800,-0.155846,150.000000,10.619995,-150.000000
2.753000,-0.212912,150.000000,10.619995,-150.000000
2.753200,-0.266129,150.000000,10.619995,-150.000000
2.753400,-0.313565,150.000000,10.619995,-150.000000
2.753600,-0.353370,150.000000,10.619995,-150.000000
2.753800,-0.383843,150.000000,10.619995,-150.000000
2.754000,-0.403478,150.000000,10.619995,-150.000000
2.754200,-0.411009,150.000000,10.619995,-150.000000
2.754400,-0.405448,150.000000,10.619995,-150.000000
2.754600,-0.386103,150.000000,10.619995,-150.000000
2.754800,-0.352594,150.000000,10.619995,-150.000000
2.755000,-0.304858,150.000000,10.619995,-150.000000
2.755200,-0.243142,150.000000,10.619995,-150.000000
2.755400,-0.167992,150.000000,10.619995,-150.000000
2.755600,-0.080231,150.000000,10.619995,-150.000000
2.755800,0.019059,150.000000,10.619995,-150.000000
2.756000,0.128565,150.000000,10.619995,-150.000000
2.756200,0.246768,150.000000,10.619995,-150.000000
2.756400,0.371971,150.000000,10.619995,-150.000000
2.756600,0.502317,150.000000,10.619995,-150.000000
2.756800,0.635816,150.000000,10.619995,-150.000000
2.757000,0.770362,150.000000,10.619995,-150.000000
2.757200,0.903750,150.000000,10.619995,-150.000000
2.757400,1.033693,150.000000,10.619995,-150.000000
2.757600,1.157838,150.000000,10.619995,-150.000000
2.757800,1.273782,150.000000,10.619995,-150.000000
2.758000,1.379097,150.000000,10.619995,-150.000000
2.758200,1.471353,150.000000,10.619995,-150.000000
2.758400,1.548151,150.000000,10.619995,-150.000000
2.758600,1.607162,150.000000,10.619995,-150.000000
2.758800,1.646177,150.000000,10.619995,-150.000000
2.759000,1.663161,150.000000,10.619995,-150.000000
2.759200,1.656319,150.000000,10.619995,-150.000000
2.759400,1.624164,150.000000,10.619995,-150.000000
2.759600,1.565594,150.000000,10.619995,-150.000000
2.759800,1.479964,150.000000,10.619995,-150.000000
2.760000,1.367162,150.000000,10.619995,-150.000000
2.760200,1.227675,150.000000,10.619995,-150.000000
2.760400,1.062645,150.000000,10.619995,-150.000000
2.760600,0.873908,150.000000,10.619995,-150.000000
2.760800,0.664021,150.000000,10.619995,-150.000000
2.761000,0.436255,150.000000,10.619995,-150.000000
2.761200,0.194570,150.000000,10.619995,-150.000000
2.761400,-0.056439,150.000000,10.619995,-150.000000
2.761600,-0.311627,150.000000,10.619995,-150.000000
2.761800,-0.565418,150.000000,10.619995,-150.000000
2.762000,-0.811937,150.000000,10.619995,-150.000000
2.762200,-1.045180,150.000000,10.619995,-150.000000
2.762400,-1.259196,150.000000,10.619995,-150.000000
2.762600,-1.448281,150.000000,10.619995,-150.000000
2.762800,-1.607186,150.000000,10.619995,-150.000000
2.763000,-1.731308,150.000000,10.619995,-150.000000
2.763200,-1.816888,150.000000,10.619995,-150.000000
2.763400,-1.861177,150.000000,10.619995,-150.000000
2.763600,-1.862581,150.000000,10.619995,-150.000000
2.763800,-1.820766,150.000000,10.619995,-150.000000
2.764000,-1.736727,150.000000,10.619995,-150.000000
2.764200,-1.612805,150.000000,10.619995,-150.000000
2.764400,-1.452658,150.000000,10.619995,-150.000000
2.764600,-1.261177,150.000000,10.619995,-150.000000
2.764800,-1.044350,150.000000,10.619995,-150.000000
2.765000,-0.809088,150.000000,10.619995,-150.000000
2.765200,-0.562992,150.000000,10.619995,-150.000000
2.765400,-0.314105,150.000000,10.619995,-150.000000
2.765600,-0.070618,150.000000,10.619995,-150.000000
2.765800,0.159421,150.000000,10.619995,-150.000000
2.766000,0.368411,150.000000,10.619995,-150.000000
2.766200,0.549493,150.000000,10.619995,-150.000000
2.766400,0.696820,150.000000,10.619995,-150.000000
2.766600,0.805791,150.000000,10.619995,-150.000000
2.766800,0.873251,150.000000,10.619995,-150.000000
2.767000,0.897624,150.000000,10.619995,-150.000000
2.767200,0.878997,150.000000,10.619995,-150.000000
2.767400,0.819133,150.000000,10.619995,-150.000000
2.767600,0.721416,150.000000,10.619995,-150.000000
2.767800,0.590736,150.000000,10.619995,-150.000000
2.768000,0.433299,150.000000,10.619995,-150.000000
2.768200,0.256396,150.000000,10.619995,-150.000000
2.768400,0.068113,150.000000,10.619995,-150.000000
2.768600,-0.122990,150.000000,10.619995,-150.000000
2.768800,-0.308224,150.000000,10.619995,-150.000000
2.769000,-0.479127,150.000000,10.619995,-150.000000
2.769200,-0.627807,150.000000,10.619995,-150.000000
2.769400,-0.747277,150.000000,10.619995,-150.000000
2.769600,-0.831743,150.000000,10.619995,-150.000000
2.769800,-0.876852,150.000000,10.619995,-150.000000
2.770000,-0.879882,150.000000,10.619995,-150.000000
2.770200,-0.839863,150.000000,10.619995,-150.000000
2.770400,-0.757629,150.000000,10.619995,-150.000000
2.770600,-0.635794,150.000000,10.619995,-150.000000
2.770800,-0.478658,150.000000,10.619995,-150.000000
2.771000,-0.292036,150.000000,10.619995,-150.000000
2.771200,-0.083032,150.000000,10.619995,-150.000000
2.771400,0.140242,150.000000,10.619995,-150.000000
2.771600,0.368996,150.000000,10.619995,-150.000000
2.771800,0.594106,150.000000,10.619995,-150.000000
2.772000,0.806483,150.000000,10.619995,-150.000000
2.772200,0.997436,150.000000,10.619995,-150.000000
2.772400,1.159013,150.000000,10.619995,-150.000000
2.772600,1.284316,150.000000,10.619995,-150.000000
2.772800,1.367769,150.000000,10.619995,-150.000000
2.773000,1.405327,150.000000,10.619995,-150.000000
2.773200,1.394625,150.000000,10.619995,-150.000000
2.773400,1.335052,150.000000,10.619995,-150.000000
2.773600,1.227763,150.000000,10.619995,-150.000000
2.773800,1.075599,150.000000,10.619995,-150.000000
2.774000,0.882966,150.000000,10.619995,-150.000000
2.774200,0.655623,150.000000,10.619995,-150.000000
2.774400,0.400447,150.000000,10.619995,-150.000000
2.774600,0.125130,150.000000,10.619995,-150.000000
2.774800,-0.162128,150.000000,10.619995,-150.000000
2.775000,-0.452957,150.000000,10.619995,-150.000000
2.775200,-0.739144,150.000000,10.619995,-150.000000
2.775400,-1.012948,150.000000,10.619995,-150.000000
2.775600,-1.267385,150.000000,10.619995,-150.000000
2.775800,-1.496476,150.000000,10.619995,-150.000000
2.776000,-1.695442,150.000000,10.619995,-150.000000
2.776200,-1.860839,150.000000,10.619995,-150.000000
2.776400,-1.990637,150.000000,10.619995,-150.000000
2.776600,-2.084227,150.000000,10.619995,-150.000000
2.776800,-2.142374,150.000000,10.619995,-150.000000
2.777000,-2.167103,150.000000,10.619995,-150.000000
2.777200,-2.161538,150.000000,10.619995,-150.000000
2.777400,-2.129692,150.000000,10.619995,-150.000000
2.777600,-2.076236,150.000000,10.619995,-150.000000
2.777800,-2.006229,150.000000,10.619995,-150.000000
2.778000,-1.924860,150.000000,10.619995,-150.000000
2.778200,-1.837178,150.000000,10.619995,-150.000000
2.778400,-1.747852,150.000000,10.619995,-150.000000
2.778600,-1.660954,150.000000,10.619995,-150.000000
2.778800,-1.579776,150.000000,10.619995,-150.000000
2.779000,-1.506707,150.000000,10.619995,-150.000000
2.779200,-1.443144,150.000000,10.619995,-150.000000
2.779400,-1.389476,150.000000,10.619995,-150.000000
2.779600,-1.345104,150.000000,10.619995,-150.000000
2.779800,-1.308532,150.000000,10.619995,-150.000000
2.780000,-1.277489,150.000000,10.619995,-150.000000
2.780200,-1.249104,150.000000,10.619995,-150.000000
2.780400,-1.220104,150.000000,10.619995,-150.000000
2.780600,-1.187034,150.000000,10.619995,-150.000000
2.780800,-1.146491,150.000000,10.619995,-150.000000
2.781000,-1.095350,150.000000,10.619995,-150.000000
2.781200,-1.030977,150.000000,10.619995,-150.000000
2.781400,-0.951420,150.000000,10.619995,-150.000000
2.781600,-0.855559,150.000000,10.619995,-150.000000
2.781800,-0.743221,150.000000,10.619995,-150.000000
2.782000,-0.615238,150.000000,10.619995,-150.000000
2.782200,-0.473461,150.000000,10.619995,-150.000000
2.782400,-0.320717,150.000000,10.619995,-150.000000
2.782600,-0.160709,150.000000,10.619995,-150.000000
2.782800,0.002119,150.000000,10.619995,-150.000000
2.783000,0.162772,150.000000,10.619995,-150.000000
2.783200,0.315919,150.000000,10.619995,-150.000000
2.783400,0.456135,150.000000,10.619995,-150.000000
2.783600,0.578151,150.000000,10.619995,-150.000000
2.783800,0.677110,150.000000,10.619995,-150.000000
2.784000,0.748810,150.000000,10.619995,-150.000000
2.784200,0.789921,150.000000,10.619995,-150.000000
2.784400,0.798172,150.000000,10.619995,-150.000000
2.784600,0.772498,150.000000,10.619995,-150.000000
2.784800,0.713128,150.000000,10.619995,-150.000000
2.785000,0.621630,150.000000,10.619995,-150.000000
2.785200,0.500887,150.000000,10.619995,-150.000000
2.785400,0.355028,150.000000,10.619995,-150.000000
2.785600,0.189286,150.000000,10.619995,-150.000000
2.785800,0.009826,150.000000,10.619995,-150.000000
2.786000,-0.176489,150.000000,10.619995,-150.000000
2.786200,-0.362357,150.000000,10.619995,-150.000000
2.786400,-0.540321,150.000000,10.619995,-150.000000
2.786600,-0.703067,150.000000,10.619995,-150.000000
2.786800,-0.843721,150.000000,10.619995,-150.000000
2.787000,-0.956135,150.000000,10.619995,-150.000000
2.787200,-1.035145,150.000000,10.619995,-150.000000
2.787400,-1.076796,150.000000,10.619995,-150.000000
2.787600,-1.078520,150.000000,10.619995,-150.000000
2.787800,-1.039261,150.000000,10.619995,-150.000000
2.788000,-0.959537,150.000000,10.619995,-150.000000
2.788200,-0.841450,150.000000,10.619995,-150.000000
2.788400,-0.688616,150.000000,10.619995,-150.000000
2.788600,-0.506051,150.000000,10.619995,-150.000000
2.788800,-0.299987,150.000000,10.619995,-150.000000
2.789000,-0.077644,150.000000,10.619995,-150.000000
2.789200,0.153041,150.000000,10.619995,-150.000000
2.789400,0.383716,150.000000,10.619995,-150.000000
2.789600,0.605933,150.000000,10.619995,-150.000000
2.789800,0.811476,150.000000,10.619995,-150.000000
2.790000,0.992679,150.000000,10.619995,-150.000000
2.790200,1.142727,150.000000,10.619995,-150.000000
2.790400,1.255922,150.000000,10.619995,-150.000000
2.790600,1.327906,150.000000,10.619995,-150.000000
2.790800,1.355841,150.000000,10.619995,-150.000000
2.791000,1.338515,150.000000,10.619995,-150.000000
2.791200,1.276399,150.000000,10.619995,-150.000000
2.791400,1.171626,150.000000,10.619995,-150.000000
2.791600,1.027918,150.000000,10.619995,-150.000000
2.791800,0.850438,150.000000,10.619995,-150.000000
2.792000,0.645593,150.000000,10.619995,-150.000000
2.792200,0.420790,150.000000,10.619995,-150.000000
2.792400,0.184145,150.000000,10.619995,-150.000000
2.792600,-0.055824,150.000000,10.619995,-150.000000
2.792800,-0.290532,150.000000,10.619995,-150.000000
2.793000,-0.511650,150.000000,10.619995,-150.000000
2.793200,-0.711429,150.000000,10.619995,-150.000000
2.793400,-0.882991,150.000000,10.619995,-150.000000
2.793600,-1.020591,150.000000,10.619995,-150.000000
2.793800,-1.119829,150.000000,10.619995,-150.000000
2.794000,-1.177810,150.000000,10.619995,-150.000000
2.794200,-1.193243,150.000000,10.619995,-150.000000
2.794400,-1.166480,150.000000,10.619995,-150.000000
2.794600,-1.099482,150.000000,10.619995,-150.000000
2.794800,-0.995728,150.000000,10.619995,-150.000000
2.795000,-0.860064,150.000000,10.619995,-150.000000
2.795200,-0.698496,150.000000,10.619995,-150.000000
2.795400,-0.517942,150.000000,10.619995,-150.000000
2.795600,-0.325946,150.000000,10.619995,-150.000000
2.795800,-0.130373,150.000000,10.619995,-150.000000
2.796000,0.060907,150.000000,10.619995,-150.000000
2.796200,0.240336,150.000000,10.619995,-150.000000
2.796400,0.400961,150.000000,10.619995,-150.000000
2.796600,0.536712,150.000000,10.619995,-150.000000
2.796800,0.642625,150.000000,10.619995,-150.000000
2.797000,0.715037,150.000000,10.619995,-150.000000
2.797200,0.751709,150.000000,10.619995,-150.000000
2.797400,0.751901,150.000000,10.619995,-150.000000
2.797600,0.716377,150.000000,10.619995,-150.000000
2.797800,0.647356,150.000000,10.619995,-150.000000
2.798000,0.548394,150.000000,10.619995,-150.000000
2.798200,0.424223,150.000000,10.619995,-150.000000
2.798400,0.280530,150.000000,10.619995,-150.000000
2.798600,0.123711,150.000000,10.619995,-150.000000
2.798800,-0.039411,150.000000,10.619995,-150.000000
2.799000,-0.201880,150.000000,10.619995,-150.000000
2.799200,-0.356903,150.000000,10.619995,-150.000000
2.799400,-0.498141,150.000000,10.619995,-150.000000
2.799600,-0.619969,150.000000,10.619995,-150.000000
2.799800,-0.717717,150.000000,10.619995,-150.000000
2.800000,-0.787853,150.000000,10.619995,-150.000000
2.800200,-0.828131,150.000000,10.619995,-150.000000
2.800400,-0.837672,150.000000,10.619995,-150.000000
2.800600,-0.816991,150.000000,10.619995,-150.000000
2.800800,-0.767961,150.000000,10.619995,-150.000000
2.801000,-0.693722,150.000000,10.619995,-150.000000
2.801200,-0.598532,150.000000,10.619995,-150.000000
2.801400,-0.487571,150.000000,10.619995,-150.000000
2.801600,-0.366708,150.000000,10.619995,-150.000000
2.801800,-0.242230,150.000000,10.619995,-150.000000
2.802000,-0.120564,150.000000,10.619995,-150.000000
2.802200,-0.007985,150.000000,10.619995,-150.000000
2.802400,0.089671,150.000000,10.619995,-150.000000
2.802600,0.167269,150.000000,10.619995,-150.000000
2.802800,0.220617,150.000000,10.619995,-150.000000
2.803000,0.246657,150.000000,10.619995,-150.000000
2.803200,0.243622,150.000000,10.619995,-150.000000
2.803400,0.211128,150.000000,10.619995,-150.000000
2.803600,0.150210,150.000000,10.619995,-150.000000
2.803800,0.063300,150.000000,10.619995,-150.000000
2.804000,-0.045858,150.000000,10.619995,-150.000000
2.804200,-0.172344,150.000000,10.619995,-150.000000
2.804400,-0.310259,150.000000,10.619995,-150.000000
2.804600,-0.452952,150.000000,10.619995,-150.000000
2.804800,-0.593294,150.000000,10.619995,-150.000000
2.805000,-0.723967,150.000000,10.619995,-150.000000
2.805200,-0.837766,150.000000,10.619995,-150.000000
2.805400,-0.927900,150.000000,10.619995,-150.000000
2.805600,-0.988284,150.000000,10.619995,-150.000000
2.805800,-1.013797,150.000000,10.619995,-150.000000
2.806000,-1.000513,150.000000,10.619995,-150.000000
2.806200,-0.945880,150.000000,10.619995,-150.000000
2.806400,-0.848852,150.000000,10.619995,-150.000000
2.806600,-0.709960,150.000000,10.619995,-150.000000
2.806800,-0.531321,150.000000,10.619995,-150.000000
2.807000,-0.316587,150.000000,10.619995,-150.000000
2.807200,-0.070835,150.000000,10.619995,-150.000000
2.807400,0.199605,150.000000,10.619995,-150.000000
2.807600,0.487360,150.000000,10.619995,-150.000000
2.807800,0.784276,150.000000,10.619995,-150.000000
2.808000,1.081704,150.000000,10.619995,-150.000000
2.808200,1.370810,150.000000,10.619995,-150.000000
2.808400,1.642887,150.000000,10.619995,-150.000000
2.808600,1.889668,150.000000,10.619995,-150.000000
2.808800,2.103621,150.000000,10.619995,-150.000000
2.809000,2.278214,150.000000,10.619995,-150.000000
2.809200,2.408144,150.000000,10.619995,-150.000000
2.809400,2.489519,150.000000,10.619995,-150.000000
2.809600,2.519991,150.000000,10.619995,-150.000000
2.809800,2.498819,150.000000,10.619995,-150.000000
2.810000,2.426888,150.000000,10.619995,-150.000000
2.810200,2.306655,150.000000,10.619995,-150.000000
2.810400,2.142046,150.000000,10.619995,-150.000000
2.810600,1.938296,150.000000,10.619995,-150.000000
2.810800,1.701744,150.000000,10.619995,-150.000000
2.811000,1.439590,150.000000,10.619995,-150.000000
2.811200,1.159624,150.000000,10.619995,-150.000000
2.811400,0.869943,150.000000,10.619995,-150.000000
2.811600,0.578655,150.000000,10.619995,-150.000000
2.811800,0.293592,150.000000,10.619995,-150.000000
2.812000,0.022044,150.000000,10.619995,-150.000000
2.812200,-0.229486,150.000000,10.619995,-150.000000
2.812400,-0.455487,150.000000,10.619995,-150.000000
2.812600,-0.651602,150.000000,10.619995,-150.000000
2.812800,-0.814740,150.000000,10.619995,-150.000000
2.813000,-0.943140,150.000000,10.619995,-150.000000
2.813200,-1.036373,150.000000,10.619995,-150.000000
2.813400,-1.095298,150.000000,10.619995,-150.000000
2.813600,-1.121966,150.000000,10.619995,-150.000000
2.813800,-1.119477,150.000000,10.619995,-150.000000
2.814000,-1.091803,150.000000,10.619995,-150.000000
2.814200,-1.043576,150.000000,10.619995,-150.000000
2.814400,-0.979863,150.000000,10.619995,-150.000000
2.814600,-0.905921,150.000000,10.619995,-150.000000
2.814800,-0.826965,150.000000,10.619995,-150.000000
2.815000,-0.747928,150.000000,10.619995,-150.000000
2.815200,-0.673263,150.000000,10.619995,-150.000000
2.815400,-0.606752,150.000000,10.619995,-150.000000
2.815600,-0.551364,150.000000,10.619995,-150.000000
2.815800,-0.509147,150.000000,10.619995,-150.000000
2.816000,-0.481169,150.000000,10.619995,-150.000000
2.816200,-0.467503,150.000000,10.619995,-150.000000
2.816400,-0.467254,150.000000,10.619995,-150.000000
2.816600,-0.478638,150.000000,10.619995,-150.000000
2.816800,-0.499093,150.000000,10.619995,-150.000000
2.817000,-0.525424,150.000000,10.619995,-150.000000
2.817200,-0.553979,150.000000,10.619995,-150.000000
2.817400,-0.580841,150.000000,10.619995,-150.000000
2.817600,-0.602022,150.000000,10.619995,-150.000000
2.817800,-0.613668,150.000000,10.619995,-150.000000
2.818000,-0.612247,150.000000,10.619995,-150.000000
2.818200,-0.594722,150.000000,10.619995,-150.000000
2.818400,-0.558695,150.000000,10.619995,-150.000000
2.818600,-0.502528,150.000000,10.619995,-150.000000
2.818800,-0.425416,150.000000,10.619995,-150.000000
2.819000,-0.327427,150.000000,10.619995,-150.000000
2.819200,-0.209503,150.000000,10.619995,-150.000000
2.819400,-0.073414,150.000000,10.619995,-150.000000
2.819600,0.078317,150.000000,10.619995,-150.000000
2.819800,0.242533,150.000000,10.619995,-150.000000
2.820000,0.415581,150.000000,10.619995,-150.000000
2.820200,0.593472,150.000000,10.619995,-150.000000
2.820400,0.772058,150.000000,10.619995,-150.000000
2.820600,0.947212,150.000000,10.619995,-150.000000
2.820800,1.115002,150.000000,10.619995,-150.000000
2.821000,1.271852,150.000000,10.619995,-150.000000
2.821200,1.414690,150.000000,10.619995,-150.000000
2.821400,1.541063,150.000000,10.619995,-150.000000
2.821600,1.649223,150.000000,10.619995,-150.000000
2.821800,1.738176,150.000000,10.619995,-150.000000
2.822000,1.807697,150.000000,10.619995,-150.000000
2.822200,1.858307,150.000000,10.619995,-150.000000
2.822400,1.891210,150.000000,10.619995,-150.000000
2.822600,1.908200,150.000000,10.619995,-150.000000
2.822800,1.911543,150.000000,10.619995,-150.000000
2.823000,1.903834,150.000000,10.619995,-150.000000
2.823200,1.887841,150.000000,10.619995,-150.000000
2.823400,1.866338,150.000000,10.619995,-150.000000
2.823600,1.841952,150.000000,10.619995,-150.000000
2.823800,1.817002,150.000000,10.619995,-150.000000
2.824000,1.793372,150.000000,10.619995,-150.000000
2.824200,1.772397,150.000000,10.619995,-150.000000
2.824400,1.754785,150.000000,10.619995,-150.000000
2.824600,1.740568,150.000000,10.619995,-150.000000
2.824800,1.729094,150.000000,10.619995,-150.000000
2.825000,1.719055,150.000000,10.619995,-150.000000
2.825200,1.708544,150.000000,10.619995,-150.000000
2.825400,1.695160,150.000000,10.619995,-150.000000
2.825600,1.676129,150.000000,10.619995,-150.000000
2.825800,1.648450,150.000000,10.619995,-150.000000
2.826000,1.609066,150.000000,10.619995,-150.000000
2.826200,1.555034,150.000000,10.619995,-150.000000
2.826400,1.483697,150.000000,10.619995,-150.000000
2.826600,1.392853,150.000000,10.619995,-150.000000
2.826800,1.280901,150.000000,10.619995,-150.000000
2.827000,1.146969,150.000000,10.619995,-150.000000
2.827200,0.991011,150.000000,10.619995,-150.000000
2.827400,0.813865,150.000000,10.619995,-150.000000
2.827600,0.617282,150.000000,10.619995,-150.000000
2.827800,0.403903,150.000000,10.619995,-150.000000
2.828000,0.177210,150.000000,10.619995,-150.000000
2.828200,-0.058573,150.000000,10.619995,-150.000000
2.828400,-0.298606,150.000000,10.619995,-150.000000
2.828600,-0.537590,150.000000,10.619995,-150.000000
2.828800,-0.769950,150.000000,10.619995,-150.000000
2.829000,-0.990029,150.000000,10.619995,-150.000000
2.829200,-1.192293,150.000000,10.619995,-150.000000
2.829400,-1.371533,150.000000,10.619995,-150.000000
2.829600,-1.523062,150.000000,10.619995,-150.000000
2.829800,-1.642887,150.000000,10.619995,-150.000000
2.830000,-1.727868,150.000000,10.619995,-150.000000
2.830200,-1.775835,150.000000,10.619995,-150.000000
2.830400,-1.785679,150.000000,10.619995,-150.000000
2.830600,-1.757402,150.000000,10.619995,-150.000000
2.830800,-1.692121,150.000000,10.619995,-150.000000
2.831000,-1.592045,150.000000,10.619995,-150.000000
2.831200,-1.460399,150.000000,10.619995,-150.000000
2.831400,-1.301317,150.000000,10.619995,-150.000000
2.831600,-1.119715,150.000000,10.619995,-150.000000
2.831800,-0.921115,150.000000,10.619995,-150.000000
2.832000,-0.711476,150.000000,10.619995,-150.000000
2.832200,-0.496990,150.000000,10.619995,-150.000000
2.832400,-0.283888,150.000000,10.619995,-150.000000
2.832600,-0.078240,150.000000,10.619995,-150.000000
2.832800,0.114231,150.000000,10.619995,-150.000000
2.833000,0.288325,150.000000,10.619995,-150.000000
2.833200,0.439513,150.000000,10.619995,-150.000000
2.833400,0.564068,150.000000,10.619995,-150.000000
2.833600,0.659160,150.000000,10.619995,-150.000000
2.833800,0.722922,150.000000,10.619995,-150.000000
2.834000,0.754490,150.000000,10.619995,-150.000000
2.834200,0.754001,150.000000,10.619995,-150.000000
2.834400,0.722567,150.000000,10.619995,-150.000000
2.834600,0.662221,150.000000,10.619995,-150.000000
2.834800,0.575836,150.000000,10.619995,-150.000000
2.835000,0.467022,150.000000,10.619995,-150.000000
2.835200,0.340008,150.000000,10.619995,-150.000000
2.835400,0.199511,150.000000,10.619995,-150.000000
2.835600,0.050593,150.000000,10.619995,-150.000000
2.835800,-0.101481,150.000000,10.619995,-150.000000
2.836000,-0.251389,150.000000,10.619995,-150.000000
2.836200,-0.393889,150.000000,10.619995,-150.000000
2.836400,-0.523959,150.000000,10.619995,-150.000000
2.836600,-0.636916,150.000000,10.619995,-150.000000
2.836800,-0.728531,150.000000,10.619995,-150.000000
2.837000,-0.795126,150.000000,10.619995,-150.000000
2.837200,-0.833661,150.000000,10.619995,-150.000000
2.837400,-0.841801,150.000000,10.619995,-150.000000
2.837600,-0.817968,150.000000,10.619995,-150.000000
2.837800,-0.761379,150.000000,10.619995,-150.000000
2.838000,-0.672067,150.000000,10.619995,-150.000000
2.838200,-0.550884,150.000000,10.619995,-150.000000
2.838400,-0.399490,150.000000,10.619995,-150.000000
2.838600,-0.220324,150.000000,10.619995,-150.000000
2.838800,-0.016565,150.000000,10.619995,-150.000000
2.839000,0.207930,150.000000,10.619995,-150.000000
2.839200,0.448694,150.000000,10.619995,-150.000000
2.839400,0.700743,150.000000,10.619995,-150.000000
2.839600,0.958667,150.000000,10.619995,-150.000000
2.839800,1.216748,150.000000,10.619995,-150.000000
2.840000,1.469081,150.000000,10.619995,-150.000000
2.840200,1.709707,150.000000,10.619995,-150.000000
2.840400,1.932748,150.000000,10.619995,-150.000000
2.840600,2.132552,150.000000,10.619995,-150.000000
2.840800,2.303838,150.000000,10.619995,-150.000000
2.841000,2.441833,150.000000,10.619995,-150.000000
2.841200,2.542410,150.000000,10.619995,-150.000000
2.841400,2.602213,150.000000,10.619995,-150.000000
2.841600,2.618763,150.000000,10.619995,-150.000000
2.841800,2.590555,150.000000,10.619995,-150.000000
2.842000,2.517120,150.000000,10.619995,-150.000000
2.842200,2.399077,150.000000,10.619995,-150.000000
2.842400,2.238139,150.000000,10.619995,-150.000000
2.842600,2.037103,150.000000,10.619995,-150.000000
2.842800,1.799802,150.000000,10.619995,-150.000000
2.843000,1.531024,150.000000,10.619995,-150.000000
2.843200,1.236404,150.000000,10.619995,-150.000000
2.843400,0.922285,150.000000,10.619995,-150.000000
2.843600,0.595559,150.000000,10.619995,-150.000000
2.843800,0.263483,150.000000,10.619995,-150.000000
2.844000,-0.066520,150.000000,10.619995,-150.000000
2.844200,-0.387064,150.000000,10.619995,-150.000000
2.844400,-0.691011,150.000000,10.619995,-150.000000
2.844600,-0.971667,150.000000,10.619995,-150.000000
2.844800,-1.222979,150.000000,10.619995,-150.000000
2.845000,-1.439704,150.000000,10.619995,-150.000000
2.845200,-1.617551,150.000000,10.619995,-150.000000
2.845400,-1.753304,150.000000,10.619995,-150.000000
2.845600,-1.844894,150.000000,10.619995,-150.000000
2.845800,-1.891451,150.000000,10.619995,-150.000000
2.846000,-1.893299,150.000000,10.619995,-150.000000
2.846200,-1.851931,150.000000,10.619995,-150.000000
2.846400,-1.769926,150.000000,10.619995,-150.000000
2.846600,-1.650849,150.000000,10.619995,-150.000000
2.846800,-1.499112,150.000000,10.619995,-150.000000
2.847000,-1.319812,150.000000,10.619995,-150.000000
2.847200,-1.118551,150.000000,10.619995,-150.000000
2.847400,-0.901249,150.000000,10.619995,-150.000000
2.847600,-0.673945,150.000000,10.619995,-150.000000
2.847800,-0.442614,150.000000,10.619995,-150.000000
2.848000,-0.212986,150.000000,10.619995,-150.000000
2.848200,0.009613,150.000000,10.619995,-150.000000
2.848400,0.220396,150.000000,10.619995,-150.000000
2.848600,0.415224,150.000000,10.619995,-150.000000
2.848800,0.590683,150.000000,10.619995,-150.000000
2.849000,0.744127,150.000000,10.619995,-150.000000
2.849200,0.873694,150.000000,10.619995,-150.000000
2.849400,0.978285,150.000000,10.619995,-150.000000
2.849600,1.057514,150.000000,10.619995,-150.000000
2.849800,1.111645,150.000000,10.619995,-150.000000
2.850000,1.141497,150.000000,10.619995,-150.000000
2.850200,1.148342,150.000000,10.619995,-150.000000
2.850400,1.133798,150.000000,10.619995,-150.000000
2.850600,1.099716,150.000000,10.619995,-150.000000
2.850800,1.048078,150.000000,10.619995,-150.000000
2.851000,0.980900,150.000000,10.619995,-150.000000
2.851200,0.900153,150.000000,10.619995,-150.000000
2.851400,0.807701,150.000000,10.619995,-150.000000
2.851600,0.705263,150.000000,10.619995,-150.000000
2.851800,0.594390,150.000000,10.619995,-150.000000
2.852000,0.476465,150.000000,10.619995,-150.000000
2.852200,0.352728,150.000000,10.619995,-150.000000
2.852400,0.224303,150.000000,10.619995,-150.000000
2.852600,0.092252,150.000000,10.619995,-150.000000
2.852800,-0.042374,150.000000,10.619995,-150.000000
2.853000,-0.178483,150.000000,10.619995,-150.000000
2.853200,-0.314882,150.000000,10.619995,-150.000000
2.853400,-0.450241,150.000000,10.619995,-150.000000
2.853600,-0.583060,150.000000,10.619995,-150.000000
2.853800,-0.711653,150.000000,10.619995,-150.000000
2.854000,-0.834155,150.000000,10.619995,-150.000000
2.854200,-0.948550,150.000000,10.619995,-150.000000
2.854400,-1.052714,150.000000,10.619995,-150.000000
2.854600,-1.144483,150.000000,10.619995,-150.000000
2.854800,-1.221736,150.000000,10.619995,-150.000000
2.855000,-1.282491,150.000000,10.619995,-150.000000
2.855200,-1.325007,150.000000,10.619995,-150.000000
2.855400,-1.347889,150.000000,10.619995,-150.000000
2.855600,-1.350193,150.000000,10.619995,-150.000000
2.855800,-1.331512,150.000000,10.619995,-150.000000
2.856000,-1.292056,150.000000,10.619995,-150.000000
2.856200,-1.232700,150.000000,10.619995,-150.000000
2.856400,-1.155017,150.000000,10.619995,-150.000000
2.856600,-1.061267,150.000000,10.619995,-150.000000
2.856800,-0.954368,150.000000,10.619995,-150.000000
2.857000,-0.837829,150.000000,10.619995,-150.000000
2.857200,-0.715648,150.000000,10.619995,-150.000000
2.857400,-0.592191,150.000000,10.619995,-150.000000
2.857600,-0.472042,150.000000,10.619995,-150.000000
2.857800,-0.359832,150.000000,10.619995,-150.000000
2.858000,-0.260071,150.000000,10.619995,-150.000000
2.858200,-0.176959,150.000000,10.619995,-150.000000
2.858400,-0.114217,150.000000,10.619995,-150.000000
2.858600,-0.074925,150.000000,10.619995,-150.000000
2.858800,-0.061381,150.000000,10.619995,-150.000000
2.859000,-0.074991,150.000000,10.619995,-150.000000
2.859200,-0.116192,150.000000,10.619995,-150.000000
2.859400,-0.184415,150.000000,10.619995,-150.000000
2.859600,-0.278085,150.000000,10.619995,-150.000000
2.859800,-0.394674,150.000000,10.619995,-150.000000
2.860000,-0.530780,150.000000,10.619995,-150.000000
2.860200,-0.682260,150.000000,10.619995,-150.000000
2.860400,-0.844381,150.000000,10.619995,-150.000000
2.860600,-1.012016,150.000000,10.619995,-150.000000
2.860800,-1.179839,150.000000,10.619995,-150.000000
2.861000,-1.342549,150.000000,10.619995,-150.000000
2.861200,-1.495078,150.000000,10.619995,-150.000000
2.861400,-1.632805,150.000000,10.619995,-150.000000
2.861600,-1.751743,150.000000,10.619995,-150.000000
2.861800,-1.848700,150.000000,10.619995,-150.000000
2.862000,-1.921411,150.000000,10.619995,-150.000000
2.862200,-1.968623,150.000000,10.619995,-150.000000
2.862400,-1.990145,150.000000,10.619995,-150.000000
2.862600,-1.986841,150.000000,10.619995,-150.000000
2.862800,-1.960584,150.000000,10.619995,-150.000000
2.863000,-1.914164,150.000000,10.619995,-150.000000
2.863200,-1.851155,150.000000,10.619995,-150.000000
2.863400,-1.775748,150.000000,10.619995,-150.000000
2.863600,-1.692555,150.000000,10.619995,-150.000000
2.863800,-1.606398,150.000000,10.619995,-150.000000
2.864000,-1.522087,150.000000,10.619995,-150.000000
2.864200,-1.444201,150.000000,10.619995,-150.000000
2.864400,-1.376874,150.000000,10.619995,-150.000000
2.864600,-1.323611,150.000000,10.619995,-150.000000
2.864800,-1.287126,150.000000,10.619995,-150.000000
2.865000,-1.269218,150.000000,10.619995,-150.000000
2.865200,-1.270685,150.000000,10.619995,-150.000000
2.865400,-1.291294,150.000000,10.619995,-150.000000
2.865600,-1.329781,150.000000,10.619995,-150.000000
2.865800,-1.383914,150.000000,10.619995,-150.000000
2.866000,-1.450588,150.000000,10.619995,-150.000000
2.866200,-1.525967,150.000000,10.619995,-150.000000
2.866400,-1.605653,150.000000,10.619995,-150.000000
2.866600,-1.684884,150.000000,10.619995,-150.000000
2.866800,-1.758749,150.000000,10.619995,-150.000000
2.867000,-1.822412,150.000000,10.619995,-150.000000
2.867200,-1.871323,150.000000,10.619995,-150.000000
2.867400,-1.901435,150.000000,10.619995,-150.000000
2.867600,-1.909381,150.000000,10.619995,-150.000000
2.867800,-1.892639,150.000000,10.619995,-150.000000
2.868000,-1.849648,150.000000,10.619995,-150.000000
2.868200,-1.779889,150.000000,10.619995,-150.000000
2.868400,-1.683925,150.000000,10.619995,-150.000000
2.868600,-1.563386,150.000000,10.619995,-150.000000
2.868800,-1.420920,150.000000,10.619995,-150.000000
2.869000,-1.260092,150.000000,10.619995,-150.000000
2.869200,-1.085248,150.000000,10.619995,-150.000000
2.869400,-0.901351,150.000000,10.619995,-150.000000
2.869600,-0.713782,150.000000,10.619995,-150.000000
2.869800,-0.528135,150.000000,10.619995,-150.000000
2.870000,-0.349990,150.000000,10.619995,-150.000000
2.870200,-0.184704,150.000000,10.619995,-150.000000
2.870400,-0.037192,150.000000,10.619995,-150.000000
2.870600,0.088256,150.000000,10.619995,-150.000000
2.870800,0.188143,150.000000,10.619995,-150.000000
2.871000,0.259899,150.000000,10.619995,-150.000000
2.871200,0.301976,150.000000,10.619995,-150.000000
2.871400,0.313898,150.000000,10.619995,-150.000000
2.871600,0.296282,150.000000,10.619995,-150.000000
2.871800,0.250797,150.000000,10.619995,-150.000000
2.872000,0.180098,150.000000,10.619995,-150.000000
2.872200,0.087715,150.000000,10.619995,-150.000000
2.872400,-0.022089,150.000000,10.619995,-150.000000
2.872600,-0.144490,150.000000,10.619995,-150.000000
2.872800,-0.274293,150.000000,10.619995,-150.000000
2.873000,-0.406129,150.000000,10.619995,-150.000000
2.873200,-0.534666,150.000000,10.619995,-150.000000
2.873400,-0.654806,150.000000,10.619995,-150.000000
2.873600,-0.761879,150.000000,10.619995,-150.000000
2.873800,-0.851811,150.000000,10.619995,-150.000000
2.874000,-0.921267,150.000000,10.619995,-150.000000
2.874200,-0.967768,150.000000,10.619995,-150.000000
2.874400,-0.989768,150.000000,10.619995,-150.000000
2.874600,-0.986695,150.000000,10.619995,-150.000000
2.874800,-0.958955,150.000000,10.619995,-150.000000
2.875000,-0.907897,150.000000,10.619995,-150.000000
2.875200,-0.835740,150.000000,10.619995,-150.000000
2.875400,-0.745472,150.000000,10.619995,-150.000000
2.875600,-0.640718,150.000000,10.619995,-150.000000
2.875800,-0.525584,150.000000,10.619995,-150.000000
2.876000,-0.404494,150.000000,10.619995,-150.000000
2.876200,-0.282004,150.000000,10.619995,-150.000000
2.876400,-0.162626,150.000000,10.619995,-150.000000
2.876600,-0.050656,150.000000,10.619995,-150.000000
2.876800,0.049995,150.000000,10.619995,-150.000000
2.877000,0.135940,150.000000,10.619995,-150.000000
2.877200,0.204436,150.000000,10.619995,-150.000000
2.877400,0.253482,150.000000,10.619995,-150.000000
2.877600,0.281875,150.000000,10.619995,-150.000000
2.877800,0.289240,150.000000,10.619995,-150.000000
2.878000,0.276026,150.000000,10.619995,-150.000000
2.878200,0.243469,150.000000,10.619995,-150.000000
2.878400,0.193524,150.000000,10.619995,-150.000000
2.878600,0.128771,150.000000,10.619995,-150.000000
2.878800,0.052295,150.000000,10.619995,-150.000000
2.879000,-0.032442,150.000000,10.619995,-150.000000
2.879200,-0.121752,150.000000,10.619995,-150.000000
2.879400,-0.211871,150.000000,10.619995,-150.000000
2.879600,-0.299110,150.000000,10.619995,-150.000000
2.879800,-0.379995,150.000000,10.619995,-150.000000
2.880000,-0.451403,150.000000,10.619995,-150.000000
2.880200,-0.510670,150.000000,10.619995,-150.000000
2.880400,-0.555688,150.000000,10.619995,-150.000000
2.880600,-0.584965,150.000000,10.619995,-150.000000
2.880800,-0.597668,150.000000,10.619995,-150.000000
2.881000,-0.593633,150.000000,10.619995,-150.000000
2.881200,-0.573347,150.000000,10.619995,-150.000000
2.881400,-0.537909,150.000000,10.619995,-150.000000
2.881600,-0.488959,150.000000,10.619995,-150.000000
2.881800,-0.428593,150.000000,10.619995,-150.000000
2.882000,-0.359263,150.000000,10.619995,-150.000000
2.882200,-0.283663,150.000000,10.619995,-150.000000
2.882400,-0.204606,150.000000,10.619995,-150.000000
2.882600,-0.124914,150.000000,10.619995,-150.000000
2.882800,-0.047298,150.000000,10.619995,-150.000000
2.883000,0.025746,150.000000,10.619995,-150.000000
2.883200,0.092020,150.000000,10.619995,-150.000000
2.883400,0.149703,150.000000,10.619995,-150.000000
2.883600,0.197399,150.000000,10.619995,-150.000000
2.883800,0.234168,150.000000,10.619995,-150.000000
2.884000,0.259530,150.000000,10.619995,-150.000000
2.884200,0.273457,150.000000,10.619995,-150.000000
2.884400,0.276331,150.000000,10.619995,-150.000000
2.884600,0.268899,150.000000,10.619995,-150.000000
2.884800,0.252202,150.000000,10.619995,-150.000000
2.885000,0.227502,150.000000,10.619995,-150.000000
2.885200,0.196200,150.000000,10.619995,-150.000000
2.885400,0.159750,150.000000,10.619995,-150.000000
2.885600,0.119582,150.000000,10.619995,-150.000000
2.885800,0.077031,150.000000,10.619995,-150.000000
2.886000,0.033274,150.000000,10.619995,-150.000000
2.886200,-0.010717,150.000000,10.619995,-150.000000
2.886400,-0.054200,150.000000,10.619995,-150.000000
2.886600,-0.096681,150.000000,10.619995,-150.000000
2.886800,-0.137903,150.000000,10.619995,-150.000000
2.887000,-0.177824,150.000000,10.619995,-150.000000
2.887200,-0.216578,150.000000,10.619995,-150.000000
2.887400,-0.254422,150.000000,10.619995,-150.000000
2.887600,-0.291675,150.000000,10.619995,-150.000000
2.887800,-0.328651,150.000000,10.619995,-150.000000
2.888000,-0.365588,150.000000,10.619995,-150.000000
2.888200,-0.402588,150.000000,10.619995,-150.000000
2.888400,-0.439553,150.000000,10.619995,-150.000000
2.888600,-0.476143,150.000000,10.619995,-150.000000
2.888800,-0.511747,150.000000,10.619995,-150.000000
2.889000,-0.545462,150.000000,10.619995,-150.000000
2.889200,-0.576110,150.000000,10.619995,-150.000000
2.889400,-0.602254,150.000000,10.619995,-150.000000
2.889600,-0.622253,150.000000,10.619995,-150.000000
2.889800,-0.634323,150.000000,10.619995,-150.000000
2.890000,-0.636616,150.000000,10.619995,-150.000000
2.890200,-0.627317,150.000000,10.619995,-150.000000
2.890400,-0.604742,150.000000,10.619995,-150.000000
2.890600,-0.567442,150.000000,10.619995,-150.000000
2.890800,-0.514305,150.000000,10.619995,-150.000000
2.891000,-0.444652,150.000000,10.619995,-150.000000
2.891200,-0.358316,150.000000,10.619995,-150.000000
2.891400,-0.255705,150.000000,10.619995,-150.000000
2.891600,-0.137844,150.000000,10.619995,-150.000000
2.891800,-0.006395,150.000000,10.619995,-150.000000
2.892000,0.136361,150.000000,10.619995,-150.000000
2.892200,0.287557,150.000000,10.619995,-150.000000
2.892400,0.443812,150.000000,10.619995,-150.000000
2.892600,0.601321,150.000000,10.619995,-150.000000
2.892800,0.755974,150.000000,10.619995,-150.000000
2.893000,0.903494,150.000000,10.619995,-150.000000
2.893200,1.039582,150.000000,10.619995,-150.000000
2.893400,1.160085,150.000000,10.619995,-150.000000
2.893600,1.261148,150.000000,10.619995,-150.000000
2.893800,1.339375,150.000000,10.619995,-150.000000
2.894000,1.391969,150.000000,10.619995,-150.000000
2.894200,1.416863,150.000000,10.619995,-150.000000
2.894400,1.412814,150.000000,10.619995,-150.000000
2.894600,1.379485,150.000000,10.619995,-150.000000
2.894800,1.317475,150.000000,10.619995,-150.000000
2.895000,1.228330,150.000000,10.619995,-150.000000
2.895200,1.114511,150.000000,10.619995,-150.000000
2.895400,0.979321,150.000000,10.619995,-150.000000
2.895600,0.826810,150.000000,10.619995,-150.000000
2.895800,0.661636,150.000000,10.619995,-150.000000
2.896000,0.488914,150.000000,10.619995,-150.000000
2.896200,0.314032,150.000000,10.619995,-150.000000
2.896400,0.142461,150.000000,10.619995,-150.000000
2.896600,-0.020440,150.000000,10.619995,-150.000000
2.896800,-0.169620,150.000000,10.619995,-150.000000
2.897000,-0.300524,150.000000,10.619995,-150.000000
2.897200,-0.409260,150.000000,10.619995,-150.000000
2.897400,-0.492743,150.000000,10.619995,-150.000000
2.897600,-0.548813,150.000000,10.619995,-150.000000
2.897800,-0.576313,150.000000,10.619995,-150.000000
2.898000,-0.575134,150.000000,10.619995,-150.000000
2.898200,-0.546221,150.000000,10.619995,-150.000000
2.898400,-0.491535,150.000000,10.619995,-150.000000
2.898600,-0.413975,150.000000,10.619995,-150.000000
2.898800,-0.317277,150.000000,10.619995,-150.000000
2.899000,-0.205861,150.000000,10.619995,-150.000000
2.899200,-0.084672,150.000000,10.619995,-150.000000
2.899400,0.041013,150.000000,10.619995,-150.000000
2.899600,0.165786,150.000000,10.619995,-150.000000
2.899800,0.284311,150.000000,10.619995,-150.000000
2.900000,0.391529,150.000000,10.619995,-150.000000
2.900200,0.482849,150.000000,10.619995,-150.000000
2.900400,0.554325,150.000000,10.619995,-150.000000
2.900600,0.602806,150.000000,10.619995,-150.000000
2.900800,0.626056,150.000000,10.619995,-150.000000
2.901000,0.622843,150.000000,10.619995,-150.000000
2.901200,0.592987,150.000000,10.619995,-150.000000
2.901400,0.537370,150.000000,10.619995,-150.000000
2.901600,0.457910,150.000000,10.619995,-150.000000
2.901800,0.357493,150.000000,10.619995,-150.000000
2.902000,0.239870,150.000000,10.619995,-150.000000
2.902200,0.109526,150.000000,10.619995,-150.000000
2.902400,-0.028483,150.000000,10.619995,-150.000000
2.902600,-0.168711,150.000000,10.619995,-150.000000
2.902800,-0.305516,150.000000,10.619995,-150.000000
2.903000,-0.433264,150.000000,10.619995,-150.000000
2.903200,-0.546534,150.000000,10.619995,-150.000000
2.903400,-0.640311,150.000000,10.619995,-150.000000
2.903600,-0.710171,150.000000,10.619995,-150.000000
2.903800,-0.752444,150.000000,10.619995,-150.000000
2.904000,-0.764351,150.000000,10.619995,-150.000000
2.904200,-0.744110,150.000000,10.619995,-150.000000
2.904400,-0.691014,150.000000,10.619995,-150.000000
2.904600,-0.605463,150.000000,10.619995,-150.000000
2.904800,-0.488970,150.000000,10.619995,-150.000000
2.905000,-0.344123,150.000000,10.619995,-150.000000
2.905200,-0.174511,150.000000,10.619995,-150.000000
2.905400,0.015378,150.000000,10.619995,-150.000000
2.905600,0.220296,150.000000,10.619995,-150.000000
2.905800,0.434393,150.000000,10.619995,-150.000000
2.906000,0.651401,150.000000,10.619995,-150.000000
2.906200,0.864826,150.000000,10.619995,-150.000000
2.906400,1.068158,150.000000,10.619995,-150.000000
2.906600,1.255071,150.000000,10.619995,-150.000000
2.906800,1.419628,150.000000,10.619995,-150.000000
2.907000,1.556469,150.000000,10.619995,-150.000000
2.907200,1.660985,150.000000,10.619995,-150.000000
2.907400,1.729467,150.000000,10.619995,-150.000000
2.907600,1.759231,150.000000,10.619995,-150.000000
2.907800,1.748709,150.000000,10.619995,-150.000000
2.908000,1.697503,150.000000,10.619995,-150.000000
2.908200,1.606412,150.000000,10.619995,-150.000000
2.908400,1.477411,150.000000,10.619995,-150.000000
2.908600,1.313599,150.000000,10.619995,-150.000000
2.908800,1.119114,150.000000,10.619995,-150.000000
2.909000,0.899009,150.000000,10.619995,-150.000000
2.909200,0.659104,150.000000,10.619995,-150.000000
2.909400,0.405813,150.000000,10.619995,-150.000000
2.909600,0.145947,150.000000,10.619995,-150.000000
2.909800,-0.113486,150.000000,10.619995,-150.000000
2.910000,-0.365496,150.000000,10.619995,-150.000000
2.910200,-0.603324,150.000000,10.619995,-150.000000
2.910400,-0.820644,150.000000,10.619995,-150.000000
2.910600,-1.011756,150.000000,10.619995,-150.000000
2.910800,-1.171754,150.000000,10.619995,-150.000000
2.911000,-1.296670,150.000000,10.619995,-150.000000
2.911200,-1.383593,150.000000,10.619995,-150.000000
2.911400,-1.430742,150.000000,10.619995,-150.000000
2.911600,-1.437513,150.000000,10.619995,-150.000000
2.911800,-1.404481,150.000000,10.619995,-150.000000
2.912000,-1.333364,150.000000,10.619995,-150.000000
2.912200,-1.226956,150.000000,10.619995,-150.000000
2.912400,-1.089012,150.000000,10.619995,-150.000000
2.912600,-0.924118,150.000000,10.619995,-150.000000
2.912800,-0.737521,150.000000,10.619995,-150.000000
2.913000,-0.534951,150.000000,10.619995,-150.000000
2.913200,-0.322419,150.000000,10.619995,-150.000000
2.913400,-0.106018,150.000000,10.619995,-150.000000
2.913600,0.108285,150.000000,10.619995,-150.000000
2.913800,0.314833,150.000000,10.619995,-150.000000
2.914000,0.508463,150.000000,10.619995,-150.000000
2.914200,0.684662,150.000000,10.619995,-150.000000
2.914400,0.839685,150.000000,10.619995,-150.000000
2.914600,0.970661,150.000000,10.619995,-150.000000
2.914800,1.075643,150.000000,10.619995,-150.000000
2.915000,1.153637,150.000000,10.619995,-150.000000
2.915200,1.204578,150.000000,10.619995,-150.000000
2.915400,1.229285,150.000000,10.619995,-150.000000
2.915600,1.229372,150.000000,10.619995,-150.000000
2.915800,1.207131,150.000000,10.619995,-150.000000
2.916000,1.165397,150.000000,10.619995,-150.000000
2.916200,1.107387,150.000000,10.619995,-150.000000
2.916400,1.036534,150.000000,10.619995,-150.000000
2.916600,0.956316,150.000000,10.619995,-150.000000
2.916800,0.870090,150.000000,10.619995,-150.000000
2.917000,0.780938,150.000000,10.619995,-150.000000
2.917200,0.691532,150.000000,10.619995,-150.000000
2.917400,0.604024,150.000000,10.619995,-150.000000
2.917600,0.519963,150.000000,10.619995,-150.000000
2.917800,0.440251,150.000000,10.619995,-150.000000
2.918000,0.365130,150.000000,10.619995,-150.000000
2.918200,0.294202,150.000000,10.619995,-150.000000
2.918400,0.226492,150.000000,10.619995,-150.000000
2.918600,0.160536,150.000000,10.619995,-150.000000
2.918800,0.094494,150.000000,10.619995,-150.000000
2.919000,0.026295,150.000000,10.619995,-150.000000
2.919200,-0.046219,150.000000,10.619995,-150.000000
2.919400,-0.125125,150.000000,10.619995,-150.000000
2.919600,-0.212264,150.000000,10.619995,-150.000000
2.919800,-0.309088,150.000000,10.619995,-150.000000
2.920000,-0.416527,150.000000,10.619995,-150.000000
2.920200,-0.534878,150.000000,10.619995,-150.000000
2.920400,-0.663720,150.000000,10.619995,-150.000000
2.920600,-0.801870,150.000000,10.619995,-150.000000
2.920800,-0.947368,150.000000,10.619995,-150.000000
2.921000,-1.097510,150.000000,10.619995,-150.000000
2.921200,-1.248910,150.000000,10.619995,-150.000000
2.921400,-1.397610,150.000000,10.619995,-150.000000
2.921600,-1.539208,150.000000,10.619995,-150.000000
2.921800,-1.669033,150.000000,10.619995,-150.000000
2.922000,-1.782320,150.000000,10.619995,-150.000000
2.922200,-1.874417,150.000000,10.619995,-150.000000
2.922400,-1.940983,150.000000,10.619995,-150.000000
2.922600,-1.978191,150.000000,10.619995,-150.000000
2.922800,-1.982913,150.000000,10.619995,-150.000000
2.923000,-1.952883,150.000000,10.619995,-150.000000
2.923200,-1.886836,150.000000,10.619995,-150.000000
2.923400,-1.784603,150.000000,10.619995,-150.000000
2.923600,-1.647172,150.000000,10.619995,-150.000000
2.923800,-1.476701,150.000000,10.619995,-150.000000
2.924000,-1.276481,150.000000,10.619995,-150.000000
2.924200,-1.050861,150.000000,10.619995,-150.000000
2.924400,-0.805120,150.000000,10.619995,-150.000000
2.924600,-0.545305,150.000000,10.619995,-150.000000
2.924800,-0.278033,150.000000,10.619995,-150.000000
2.925000,-0.010264,150.000000,10.619995,-150.000000
2.925200,0.250939,150.000000,10.619995,-150.000000
2.925400,0.498664,150.000000,10.619995,-150.000000
2.925600,0.726400,150.000000,10.619995,-150.000000
2.925800,0.928276,150.000000,10.619995,-150.000000
2.926000,1.099280,150.000000,10.619995,-150.000000
2.926200,1.235446,150.000000,10.619995,-150.000000
2.926400,1.334003,150.000000,10.619995,-150.000000
2.926600,1.393487,150.000000,10.619995,-150.000000
2.926800,1.413789,150.000000,10.619995,-150.000000
2.927000,1.396171,150.000000,10.619995,-150.000000
2.927200,1.343211,150.000000,10.619995,-150.000000
2.927400,1.258713,150.000000,10.619995,-150.000000
2.927600,1.147557,150.000000,10.619995,-150.000000
2.927800,1.015518,150.000000,10.619995,-150.000000
2.928000,0.869042,150.000000,10.619995,-150.000000
2.928200,0.715003,150.000000,10.619995,-150.000000
2.928400,0.560437,150.000000,10.619995,-150.000000
2.928600,0.412275,150.000000,10.619995,-150.000000
2.928800,0.277081,150.000000,10.619995,-150.000000
2.929000,0.160799,150.000000,10.619995,-150.000000
2.929200,0.068532,150.000000,10.619995,-150.000000
2.929400,0.004350,150.000000,10.619995,-150.000000
2.929600,-0.028859,150.000000,10.619995,-150.000000
2.929800,-0.029491,150.000000,10.619995,-150.000000
2.930000,0.002723,150.000000,10.619995,-150.000000
2.930200,0.066717,150.000000,10.619995,-150.000000
2.930400,0.160145,150.000000,10.619995,-150.000000
2.930600,0.279481,150.000000,10.619995,-150.000000
2.930800,0.420176,150.000000,10.619995,-150.000000
2.931000,0.576839,150.000000,10.619995,-150.000000
2.931200,0.743458,150.000000,10.619995,-150.000000
2.931400,0.913646,150.000000,10.619995,-150.000000
2.931600,1.080892,150.000000,10.619995,-150.000000
2.931800,1.238819,150.000000,10.619995,-150.000000
2.932000,1.381429,150.000000,10.619995,-150.000000
2.932200,1.503335,150.000000,10.619995,-150.000000
2.932400,1.599960,150.000000,10.619995,-150.000000
2.932600,1.667706,150.000000,10.619995,-150.000000
2.932800,1.704072,150.000000,10.619995,-150.000000
2.933000,1.707734,150.000000,10.619995,-150.000000
2.933200,1.678572,150.000000,10.619995,-150.000000
2.933400,1.617645,150.000000,10.619995,-150.000000
2.933600,1.527123,150.000000,10.619995,-150.000000
2.933800,1.410168,150.000000,10.619995,-150.000000
2.934000,1.270785,150.000000,10.619995,-150.000000
2.934200,1.113627,150.000000,10.619995,-150.000000
2.934400,0.943795,150.000000,10.619995,-150.000000
2.934600,0.766606,150.000000,10.619995,-150.000000
2.934800,0.587375,150.000000,10.619995,-150.000000
2.935000,0.411183,150.000000,10.619995,-150.000000
2.935200,0.242682,150.000000,10.619995,-150.000000
2.935400,0.085907,150.000000,10.619995,-150.000000
2.935600,-0.055866,150.000000,10.619995,-150.000000
2.935800,-0.180235,150.000000,10.619995,-150.000000
2.936000,-0.285732,150.000000,10.619995,-150.000000
2.936200,-0.371847,150.000000,10.619995,-150.000000
2.936400,-0.439004,150.000000,10.619995,-150.000000
2.936600,-0.488486,150.000000,10.619995,-150.000000
2.936800,-0.522330,150.000000,10.619995,-150.000000
2.937000,-0.543178,150.000000,10.619995,-150.000000
2.937200,-0.554108,150.000000,10.619995,-150.000000
2.937400,-0.558441,150.000000,10.619995,-150.000000
2.937600,-0.559538,150.000000,10.619995,-150.000000
2.937800,-0.560603,150.000000,10.619995,-150.000000
2.938000,-0.564489,150.000000,10.619995,-150.000000
2.938200,-0.573528,150.000000,10.619995,-150.000000
2.938400,-0.589385,150.000000,10.619995,-150.000000
2.938600,-0.612953,150.000000,10.619995,-150.000000
2.938800,-0.644280,150.000000,10.619995,-150.000000
2.939000,-0.682551,150.000000,10.619995,-150.000000
2.939200,-0.726105,150.000000,10.619995,-150.000000
2.939400,-0.772506,150.000000,10.619995,-150.000000
2.939600,-0.818650,150.000000,10.619995,-150.000000
2.939800,-0.860918,150.000000,10.619995,-150.000000
2.940000,-0.895350,150.000000,10.619995,-150.000000
2.940200,-0.917854,150.000000,10.619995,-150.000000
2.940400,-0.924419,150.000000,10.619995,-150.000000
2.940600,-0.911336,150.000000,10.619995,-150.000000
2.940800,-0.875415,150.000000,10.619995,-150.000000
2.941000,-0.814183,150.000000,10.619995,-150.000000
2.941200,-0.726050,150.000000,10.619995,-150.000000
2.941400,-0.610455,150.000000,10.619995,-150.000000
2.941600,-0.467950,150.000000,10.619995,-150.000000
2.941800,-0.300257,150.000000,10.619995,-150.000000
2.942000,-0.110256,150.000000,10.619995,-150.000000
2.942200,0.098065,150.000000,10.619995,-150.000000
2.942400,0.319716,150.000000,10.619995,-150.000000
2.942600,0.548864,150.000000,10.619995,-150.000000
2.942800,0.779021,150.000000,10.619995,-150.000000
2.943000,1.003274,150.000000,10.619995,-150.000000
2.943200,1.214544,150.000000,10.619995,-150.000000
2.943400,1.405850,150.000000,10.619995,-150.000000
2.943600,1.570582,150.000000,10.619995,-150.000000
2.943800,1.702773,150.000000,10.619995,-150.000000
2.944000,1.797337,150.000000,10.619995,-150.000000
2.944200,1.850296,150.000000,10.619995,-150.000000
2.944400,1.858956,150.000000,10.619995,-150.000000
2.944600,1.822045,150.000000,10.619995,-150.000000
2.944800,1.739791,150.000000,10.619995,-150.000000
2.945000,1.613957,150.000000,10.619995,-150.000000
2.945200,1.447803,150.000000,10.619995,-150.000000
2.945400,1.246006,150.000000,10.619995,-150.000000
2.945600,1.014515,150.000000,10.619995,-150.000000
2.945800,0.760365,150.000000,10.619995,-150.000000
2.946000,0.491446,150.000000,10.619995,-150.000000
2.946200,0.216236,150.000000,10.619995,-150.000000
2.946400,-0.056477,150.000000,10.619995,-150.000000
2.946600,-0.317905,150.000000,10.619995,-150.000000
2.946800,-0.559548,150.000000,10.619995,-150.000000
2.947000,-0.773491,150.000000,10.619995,-150.000000
2.947200,-0.952671,150.000000,10.619995,-150.000000
2.947400,-1.091109,150.000000,10.619995,-150.000000
2.947600,-1.184117,150.000000,10.619995,-150.000000
2.947800,-1.228441,150.000000,10.619995,-150.000000
2.948000,-1.222368,150.000000,10.619995,-150.000000
2.948200,-1.165768,150.000000,10.619995,-150.000000
2.948400,-1.060088,150.000000,10.619995,-150.000000
2.948600,-0.908284,150.000000,10.619995,-150.000000
2.948800,-0.714712,150.000000,10.619995,-150.000000
2.949000,-0.484961,150.000000,10.619995,-150.000000
2.949200,-0.225659,150.000000,10.619995,-150.000000
2.949400,0.055765,150.000000,10.619995,-150.000000
2.949600,0.351333,150.000000,10.619995,-150.000000
2.949800,0.652784,150.000000,10.619995,-150.000000
2.950000,0.951848,150.000000,10.619995,-150.000000
2.950200,1.240510,150.000000,10.619995,-150.000000
2.950400,1.511261,150.000000,10.619995,-150.000000
2.950600,1.757321,150.000000,10.619995,-150.000000
2.950800,1.972835,150.000000,10.619995,-150.000000
2.951000,2.153033,150.000000,10.619995,-150.000000
2.951200,2.294345,150.000000,10.619995,-150.000000
2.951400,2.394473,150.000000,10.619995,-150.000000
2.951600,2.452425,150.000000,10.619995,-150.000000
2.951800,2.468490,150.000000,10.619995,-150.000000
2.952000,2.444189,150.000000,10.619995,-150.000000
2.952200,2.382172,150.000000,10.619995,-150.000000
2.952400,2.286091,150.000000,10.619995,-150.000000
2.952600,2.160441,150.000000,10.619995,-150.000000
2.952800,2.010383,150.000000,10.619995,-150.000000
2.953000,1.841545,150.000000,10.619995,-150.000000
2.953200,1.659828,150.000000,10.619995,-150.000000
2.953400,1.471203,150.000000,10.619995,-150.000000
2.953600,1.281519,150.000000,10.619995,-150.000000
2.953800,1.096320,150.000000,10.619995,-150.000000
2.954000,0.920690,150.000000,10.619995,-150.000000
2.954200,0.759113,150.000000,10.619995,-150.000000
2.954400,0.615360,150.000000,10.619995,-150.000000
2.954600,0.492415,150.000000,10.619995,-150.000000
2.954800,0.392416,150.000000,10.619995,-150.000000
2.955000,0.316642,150.000000,10.619995,-150.000000
2.955200,0.265521,150.000000,10.619995,-150.000000
2.955400,0.238667,150.000000,10.619995,-150.000000
2.955600,0.234942,150.000000,10.619995,-150.000000
2.955800,0.252540,150.000000,10.619995,-150.000000
2.956000,0.289088,150.000000,10.619995,-150.000000
2.956200,0.341759,150.000000,10.619995,-150.000000
2.956400,0.407391,150.000000,10.619995,-150.000000
2.956600,0.482614,150.000000,10.619995,-150.000000
2.956800,0.563969,150.000000,10.619995,-150.000000
2.957000,0.648027,150.000000,10.619995,-150.000000
2.957200,0.731498,150.000000,10.619995,-150.000000
2.957400,0.811320,150.000000,10.619995,-150.000000
2.957600,0.884746,150.000000,10.619995,-150.000000
2.957800,0.949403,150.000000,10.619995,-150.000000
2.958000,1.003340,150.000000,10.619995,-150.000000
2.958200,1.045053,150.000000,10.619995,-150.000000
2.958400,1.073495,150.000000,10.619995,-150.000000
2.958600,1.088073,150.000000,10.619995,-150.000000
2.958800,1.088619,150.000000,10.619995,-150.000000
2.959000,1.075364,150.000000,10.619995,-150.000000
2.959200,1.048884,150.000000,10.619995,-150.000000
2.959400,1.010056,150.000000,10.619995,-150.000000
2.959600,0.959991,150.000000,10.619995,-150.000000
2.959800,0.899982,150.000000,10.619995,-150.000000
2.960000,0.831438,150.000000,10.619995,-150.000000
2.960200,0.755830,150.000000,10.619995,-150.000000
2.960400,0.674638,150.000000,10.619995,-150.000000
2.960600,0.589303,150.000000,10.619995,-150.000000
2.960800,0.501194,150.000000,10.619995,-150.000000
2.961000,0.411573,150.000000,10.619995,-150.000000
2.961200,0.321577,150.000000,10.619995,-150.000000
2.961400,0.232206,150.000000,10.619995,-150.000000
2.961600,0.144320,150.000000,10.619995,-150.000000
2.961800,0.058639,150.000000,10.619995,-150.000000
2.962000,-0.024241,150.000000,10.619995,-150.000000
2.962200,-0.103838,150.000000,10.619995,-150.000000
2.962400,-0.179762,150.000000,10.619995,-150.000000
2.962600,-0.251700,150.000000,10.619995,-150.000000
2.962800,-0.319390,150.000000,10.619995,-150.000000
2.963000,-0.382606,150.000000,10.619995,-150.000000
2.963200,-0.441137,150.000000,10.619995,-150.000000
2.963400,-0.494779,150.000000,10.619995,-150.000000
2.963600,-0.543317,150.000000,10.619995,-150.000000
2.963800,-0.586528,150.000000,10.619995,-150.000000
2.964000,-0.624175,150.000000,10.619995,-150.000000
2.964200,-0.656011,150.000000,10.619995,-150.000000
2.964400,-0.681791,150.000000,10.619995,-150.000000
2.964600,-0.701275,150.000000,10.619995,-150.000000
2.964800,-0.714250,150.000000,10.619995,-150.000000
2.965000,-0.720540,150.000000,10.619995,-150.000000
2.965200,-0.720028,150.000000,10.619995,-150.000000
2.965400,-0.712665,150.000000,10.619995,-150.000000
2.965600,-0.698494,150.000000,10.619995,-150.000000
2.965800,-0.677658,150.000000,10.619995,-150.000000
2.966000,-0.650415,150.000000,10.619995,-150.000000
2.966200,-0.617146,150.000000,10.619995,-150.000000
2.966400,-0.578363,150.000000,10.619995,-150.000000
2.966600,-0.534707,150.000000,10.619995,-150.000000
2.966800,-0.486953,150.000000,10.619995,-150.000000
2.967000,-0.436002,150.000000,10.619995,-150.000000
2.967200,-0.382875,150.000000,10.619995,-150.000000
2.967400,-0.328703,150.000000,10.619995,-150.000000
2.967600,-0.274713,150.000000,10.619995,-150.000000
2.967800,-0.222214,150.000000,10.619995,-150.000000
2.968000,-0.172578,150.000000,10.619995,-150.000000
2.968200,-0.127219,150.000000,10.619995,-150.000000
2.968400,-0.087572,150.000000,10.619995,-150.000000
2.968600,-0.055068,150.000000,10.619995,-150.000000
2.968800,-0.031105,150.000000,10.619995,-150.000000
2.969000,-0.017023,150.000000,10.619995,-150.000000
2.969200,-0.014070,150.000000,10.619995,-150.000000
2.969400,-0.023370,150.000000,10.619995,-150.000000
2.969600,-0.045886,150.000000,10.619995,-150.000000
2.969800,-0.082388,150.000000,10.619995,-150.000000
2.970000,-0.133414,150.000000,10.619995,-150.000000
2.970200,-0.199231,150.000000,10.619995,-150.000000
2.970400,-0.279803,150.000000,10.619995,-150.000000
2.970600,-0.374756,150.000000,10.619995,-150.000000
2.970800,-0.483349,150.000000,10.619995,-150.000000
2.971000,-0.604450,150.000000,10.619995,-150.000000
2.971200,-0.736524,150.000000,10.619995,-150.000000
2.971400,-0.877622,150.000000,10.619995,-150.000000
2.971600,-1.025387,150.000000,10.619995,-150.000000
2.971800,-1.177074,150.000000,10.619995,-150.000000
2.972000,-1.329577,150.000000,10.619995,-150.000000
2.972200,-1.479480,150.000000,10.619995,-150.000000
2.972400,-1.623115,150.000000,10.619995,-150.000000
2.972600,-1.756638,150.000000,10.619995,-150.000000
2.972800,-1.876121,150.000000,10.619995,-150.000000
2.973000,-1.977652,150.000000,10.619995,-150.000000
2.973200,-2.057447,150.000000,10.619995,-150.000000
2.973400,-2.111970,150.000000,10.619995,-150.000000
2.973600,-2.138050,150.000000,10.619995,-150.000000
2.973800,-2.133005,150.000000,10.619995,-150.000000
2.974000,-2.094754,150.000000,10.619995,-150.000000
2.974200,-2.021920,150.000000,10.619995,-150.000000
2.974400,-1.913917,150.000000,10.619995,-150.000000
2.974600,-1.771018,150.000000,10.619995,-150.000000
2.974800,-1.594399,150.000000,10.619995,-150.000000
2.975000,-1.386158,150.000000,10.619995,-150.000000
2.975200,-1.149295,150.000000,10.619995,-150.000000
2.975400,-0.887674,150.000000,10.619995,-150.000000
2.975600,-0.605944,150.000000,10.619995,-150.000000
2.975800,-0.309432,150.000000,10.619995,-150.000000
2.976000,-0.004010,150.000000,10.619995,-150.000000
2.976200,0.304062,150.000000,10.619995,-150.000000
2.976400,0.608320,150.000000,10.619995,-150.000000
2.976600,0.902282,150.000000,10.619995,-150.000000
2.976800,1.179653,150.000000,10.619995,-150.000000
2.977000,1.434520,150.000000,10.619995,-150.000000
2.977200,1.661549,150.000000,10.619995,-150.000000
2.977400,1.856157,150.000000,10.619995,-150.000000
2.977600,2.014673,150.000000,10.619995,-150.000000
2.977800,2.134461,150.000000,10.619995,-150.000000
2.978000,2.214017,150.000000,10.619995,-150.000000
2.978200,2.253022,150.000000,10.619995,-150.000000
2.978400,2.252359,150.000000,10.619995,-150.000000
2.978600,2.214084,150.000000,10.619995,-150.000000
2.978800,2.141360,150.000000,10.619995,-150.000000
2.979000,2.038352,150.000000,10.619995,-150.000000
2.979200,1.910079,150.000000,10.619995,-150.000000
2.979400,1.762246,150.000000,10.619995,-150.000000
2.979600,1.601051,150.000000,10.619995,-150.000000
2.979800,1.432965,150.000000,10.619995,-150.000000
2.980000,1.264522,150.000000,10.619995,-150.000000
2.980200,1.102095,150.000000,10.619995,-150.000000
2.980400,0.951689,150.000000,10.619995,-150.000000
2.980600,0.818749,150.000000,10.619995,-150.000000
2.980800,0.707988,150.000000,10.619995,-150.000000
2.981000,0.623255,150.000000,10.619995,-150.000000
2.981200,0.567431,150.000000,10.619995,-150.000000
2.981400,0.542361,150.000000,10.619995,-150.000000
2.981600,0.548832,150.000000,10.619995,-150.000000
2.981800,0.586588,150.000000,10.619995,-150.000000
2.982000,0.654380,150.000000,10.619995,-150.000000
2.982200,0.750055,150.000000,10.619995,-150.000000
2.982400,0.870669,150.000000,10.619995,-150.000000
2.982600,1.012623,150.000000,10.619995,-150.000000
2.982800,1.171824,150.000000,10.619995,-150.000000
2.983000,1.343842,150.000000,10.619995,-150.000000
2.983200,1.524081,150.000000,10.619995,-150.000000
2.983400,1.707936,150.000000,10.619995,-150.000000
2.983600,1.890943,150.000000,10.619995,-150.000000
2.983800,2.068907,150.000000,10.619995,-150.000000
2.984000,2.238015,150.000000,10.619995,-150.000000
2.984200,2.394918,150.000000,10.619995,-150.000000
2.984400,2.536785,150.000000,10.619995,-150.000000
2.984600,2.661337,150.000000,10.619995,-150.000000
2.984800,2.766844,150.000000,10.619995,-150.000000
2.985000,2.852110,150.000000,10.619995,-150.000000
2.985200,2.916427,150.000000,10.619995,-150.000000
2.985400,2.959518,150.000000,10.619995,-150.000000
2.985600,2.981471,150.000000,10.619995,-150.000000
2.985800,2.982663,150.000000,10.619995,-150.000000
2.986000,2.963685,150.000000,10.619995,-150.000000
2.986200,2.925273,150.000000,10.619995,-150.000000
2.986400,2.868247,150.000000,10.619995,-150.000000
2.986600,2.793463,150.000000,10.619995,-150.000000
2.986800,2.701777,150.000000,10.619995,-150.000000
2.987000,2.594032,150.000000,10.619995,-150.000000
2.987200,2.471056,150.000000,10.619995,-150.000000
2.987400,2.333679,150.000000,10.619995,-150.000000
2.987600,2.182760,150.000000,10.619995,-150.000000
2.987800,2.019228,150.000000,10.619995,-150.000000
2.988000,1.844130,150.000000,10.619995,-150.000000
2.988200,1.658679,150.000000,10.619995,-150.000000
2.988400,1.464301,150.000000,10.619995,-150.000000
2.988600,1.262672,150.000000,10.619995,-150.000000
2.988800,1.055754,150.000000,10.619995,-150.000000
2.989000,0.845803,150.000000,10.619995,-150.000000
2.989200,0.635370,150.000000,10.619995,-150.000000
2.989400,0.427279,150.000000,10.619995,-150.000000
2.989600,0.224582,150.000000,10.619995,-150.000000
2.989800,0.030503,150.000000,10.619995,-150.000000
2.990000,-0.151645,150.000000,10.619995,-150.000000
2.990200,-0.318549,150.000000,10.619995,-150.000000
2.990400,-0.467004,150.000000,10.619995,-150.000000
2.990600,-0.594022,150.000000,10.619995,-150.000000
2.990800,-0.696943,150.000000,10.619995,-150.000000
2.991000,-0.773542,150.000000,10.619995,-150.000000
2.991200,-0.822131,150.000000,10.619995,-150.000000
2.991400,-0.841635,150.000000,10.619995,-150.000000
2.991600,-0.831663,150.000000,10.619995,-150.000000
2.991800,-0.792542,150.000000,10.619995,-150.000000
2.992000,-0.725337,150.000000,10.619995,-150.000000
2.992200,-0.631833,150.000000,10.619995,-150.000000
2.992400,-0.514497,150.000000,10.619995,-150.000000
2.992600,-0.376410,150.000000,10.619995,-150.000000
2.992800,-0.221177,150.000000,10.619995,-150.000000
2.993000,-0.052808,150.000000,10.619995,-150.000000
2.993200,0.124405,150.000000,10.619995,-150.000000
2.993400,0.306037,150.000000,10.619995,-150.000000
2.993600,0.487668,150.000000,10.619995,-150.000000
2.993800,0.665038,150.000000,10.619995,-150.000000
2.994000,0.834180,150.000000,10.619995,-150.000000
2.994200,0.991553,150.000000,10.619995,-150.000000
2.994400,1.134148,150.000000,10.619995,-150.000000
2.994600,1.259579,150.000000,10.619995,-150.000000
2.994800,1.366143,150.000000,10.619995,-150.000000
2.995000,1.452853,150.000000,10.619995,-150.000000
2.995200,1.519449,150.000000,10.619995,-150.000000
2.995400,1.566367,150.000000,10.619995,-150.000000
2.995600,1.594694,150.000000,10.619995,-150.000000
2.995800,1.606089,150.000000,10.619995,-150.000000
2.996000,1.602687,150.000000,10.619995,-150.000000
2.996200,1.586984,150.000000,10.619995,-150.000000
2.996400,1.561712,150.000000,10.619995,-150.000000
2.996600,1.529710,150.000000,10.619995,-150.000000
2.996800,1.493785,150.000000,10.619995,-150.000000
2.997000,1.456590,150.000000,10.619995,-150.000000
2.997200,1.420506,150.000000,10.619995,-150.000000
2.997400,1.387539,150.000000,10.619995,-150.000000
2.997600,1.359237,150.000000,10.619995,-150.000000
2.997800,1.336628,150.000000,10.619995,-150.000000
2.998000,1.320185,150.000000,10.619995,-150.000000
2.998200,1.309811,150.000000,10.619995,-150.000000
2.998400,1.304855,150.000000,10.619995,-150.000000
2.998600,1.304148,150.000000,10.619995,-150.000000
2.998800,1.306061,150.000000,10.619995,-150.000000
2.999000,1.308588,150.000000,10.619995,-150.000000
2.999200,1.309437,150.000000,10.619995,-150.000000
2.999400,1.306139,150.000000,10.619995,-150.000000
2.999600,1.296163,150.000000,10.619995,-150.000000
2.999800,1.277033,150.000000,10.619995,-150.000000
3.000000,1.246446,150.000000,10.619995,-150.000000
3.000200,1.202381,150.000000,10.619995,-150.000000
3.000400,1.143205,150.000000,10.619995,-150.000000
3.000600,1.067755,150.000000,10.619995,-150.000000
3.000800,0.975415,150.000000,10.619995,-150.000000
3.001000,0.866166,150.000000,10.619995,-150.000000
3.001200,0.740620,150.000000,10.619995,-150.000000
3.001400,0.600031,150.000000,10.619995,-150.000000
3.001600,0.446285,150.000000,10.619995,-150.000000
3.001800,0.281863,150.000000,10.619995,-150.000000
3.002000,0.109795,150.000000,10.619995,-150.000000
3.002200,-0.066420,150.000000,10.619995,-150.000000
3.002400,-0.242899,150.000000,10.619995,-150.000000
3.002600,-0.415481,150.000000,10.619995,-150.000000
3.002800,-0.579841,150.000000,10.619995,-150.000000
3.003000,-0.731620,150.000000,10.619995,-150.000000
3.003200,-0.866547,150.000000,10.619995,-150.000000
3.003400,-0.980576,150.000000,10.619995,-150.000000
3.003600,-1.070015,150.000000,10.619995,-150.000000
3.003800,-1.131645,150.000000,10.619995,-150.000000
3.004000,-1.162839,150.000000,10.619995,-150.000000
3.004200,-1.161661,150.000000,10.619995,-150.000000
3.004400,-1.126952,150.000000,10.619995,-150.000000
3.004600,-1.058396,150.000000,10.619995,-150.000000
3.004800,-0.956567,150.000000,10.619995,-150.000000
3.005000,-0.822949,150.000000,10.619995,-150.000000
3.005200,-0.659935,150.000000,10.619995,-150.000000
3.005400,-0.470797,150.000000,10.619995,-150.000000
3.005600,-0.259629,150.000000,10.619995,-150.000000
3.005800,-0.031267,150.000000,10.619995,-150.000000
3.006000,0.208815,150.000000,10.619995,-150.000000
3.006200,0.454638,150.000000,10.619995,-150.000000
3.006400,0.699864,150.000000,10.619995,-150.000000
3.006600,0.937969,150.000000,10.619995,-150.000000
3.006800,1.162413,150.000000,10.619995,-150.000000
3.007000,1.366836,150.000000,10.619995,-150.000000
3.007200,1.545247,150.000000,10.619995,-150.000000
3.007400,1.692209,150.000000,10.619995,-150.000000
3.007600,1.803024,150.000000,10.619995,-150.000000
3.007800,1.873896,150.000000,10.619995,-150.000000
3.008000,1.902077,150.000000,10.619995,-150.000000
3.008200,1.885986,150.000000,10.619995,-150.000000
3.008400,1.825300,150.000000,10.619995,-150.000000
3.008600,1.721007,150.000000,10.619995,-150.000000
3.008800,1.575423,150.000000,10.619995,-150.000000
3.009000,1.392166,150.000000,10.619995,-150.000000
3.009200,1.176094,150.000000,10.619995,-150.000000
3.009400,0.933192,150.000000,10.619995,-150.000000
3.009600,0.670432,150.000000,10.619995,-150.000000
3.009800,0.395590,150.000000,10.619995,-150.000000
3.010000,0.117027,150.000000,10.619995,-150.000000
3.010200,-0.156543,150.000000,10.619995,-150.000000
3.010400,-0.416319,150.000000,10.619995,-150.000000
3.010600,-0.653676,150.000000,10.619995,-150.000000
3.010800,-0.860440,150.000000,10.619995,-150.000000
3.011000,-1.029156,150.000000,10.619995,-150.000000
3.011200,-1.153332,150.000000,10.619995,-150.000000
3.011400,-1.227674,150.000000,10.619995,-150.000000
3.011600,-1.248269,150.000000,10.619995,-150.000000
3.011800,-1.212750,150.000000,10.619995,-150.000000
3.012000,-1.120394,150.000000,10.619995,-150.000000
3.012200,-0.972188,150.000000,10.619995,-150.000000
3.012400,-0.770826,150.000000,10.619995,-150.000000
3.012600,-0.520662,150.000000,10.619995,-150.000000
3.012800,-0.227601,150.000000,10.619995,-150.000000
3.013000,0.101059,150.000000,10.619995,-150.000000
3.013200,0.456831,150.000000,10.619995,-150.000000
3.013400,0.830288,150.000000,10.619995,-150.000000
3.013600,1.211344,150.000000,10.619995,-150.000000
3.013800,1.589559,150.000000,10.619995,-150.000000
3.014000,1.954463,150.000000,10.619995,-150.000000
3.014200,2.295880,150.000000,10.619995,-150.000000
3.014400,2.604244,150.000000,10.619995,-150.000000
3.014600,2.870904,150.000000,10.619995,-150.000000
3.014800,3.088397,150.000000,10.619995,-150.000000
3.015000,3.250681,150.000000,10.619995,-150.000000
3.015200,3.353328,150.000000,10.619995,-150.000000
3.015400,3.393661,150.000000,10.619995,-150.000000
3.015600,3.370836,150.000000,10.619995,-150.000000
3.015800,3.285863,150.000000,10.619995,-150.000000
3.016000,3.141570,150.000000,10.619995,-150.000000
3.016200,2.942498,150.000000,10.619995,-150.000000
3.016400,2.694754,150.000000,10.619995,-150.000000
3.016600,2.405804,150.000000,10.619995,-150.000000
3.016800,2.084226,150.000000,10.619995,-150.000000
3.017000,1.739427,150.000000,10.619995,-150.000000
3.017200,1.381342,150.000000,10.619995,-150.000000
3.017400,1.020109,150.000000,10.619995,-150.000000
3.017600,0.665750,150.000000,10.619995,-150.000000
3.017800,0.327855,150.000000,10.619995,-150.000000
3.018000,0.015292,150.000000,10.619995,-150.000000
3.018200,-0.264064,150.000000,10.619995,-150.000000
3.018400,-0.503557,150.000000,10.619995,-150.000000
3.018600,-0.697931,150.000000,10.619995,-150.000000
3.018800,-0.843464,150.000000,10.619995,-150.000000
3.019000,-0.938046,150.000000,10.619995,-150.000000
3.019200,-0.981202,150.000000,10.619995,-150.000000
3.019400,-0.974055,150.000000,10.619995,-150.000000
3.019600,-0.919245,150.000000,10.619995,-150.000000
3.019800,-0.820794,150.000000,10.619995,-150.000000
3.020000,-0.683923,150.000000,10.619995,-150.000000
3.020200,-0.514846,150.000000,10.619995,-150.000000
3.020400,-0.320526,150.000000,10.619995,-150.000000
3.020600,-0.108422,150.000000,10.619995,-150.000000
3.020800,0.113780,150.000000,10.619995,-150.000000
3.021000,0.338429,150.000000,10.619995,-150.000000
3.021200,0.558158,150.000000,10.619995,-150.000000
3.021400,0.766120,150.000000,10.619995,-150.000000
3.021600,0.956191,150.000000,10.619995,-150.000000
3.021800,1.123141,150.000000,10.619995,-150.000000
3.022000,1.262766,150.000000,10.619995,-150.000000
3.022200,1.371978,150.000000,10.619995,-150.000000
3.022400,1.448852,150.000000,10.619995,-150.000000
3.022600,1.492630,150.000000,10.619995,-150.000000
3.022800,1.503679,150.000000,10.619995,-150.000000
3.023000,1.483422,150.000000,10.619995,-150.000000
3.023200,1.434219,150.000000,10.619995,-150.000000
3.023400,1.359236,150.000000,10.619995,-150.000000
3.023600,1.262285,150.000000,10.619995,-150.000000
3.023800,1.147647,150.000000,10.619995,-150.000000
3.024000,1.019900,150.000000,10.619995,-150.000000
3.024200,0.883732,150.000000,10.619995,-150.000000
3.024400,0.743778,150.000000,10.619995,-150.000000
3.024600,0.604458,150.000000,10.619995,-150.000000
3.024800,0.469842,150.000000,10.619995,-150.000000
3.025000,0.343532,150.000000,10.619995,-150.000000
3.025200,0.228581,150.000000,10.619995,-150.000000
3.025400,0.127427,150.000000,10.619995,-150.000000
3.025600,0.041867,150.000000,10.619995,-150.000000
3.025800,-0.026947,150.000000,10.619995,-150.000000
3.026000,-0.078483,150.000000,10.619995,-150.000000
3.026200,-0.112782,150.000000,10.619995,-150.000000
3.026400,-0.130391,150.000000,10.619995,-150.000000
3.026600,-0.132285,150.000000,10.619995,-150.000000
3.026800,-0.119772,150.000000,10.619995,-150.000000
3.027000,-0.094398,150.000000,10.619995,-150.000000
3.027200,-0.057853,150.000000,10.619995,-150.000000
3.027400,-0.011878,150.000000,10.619995,-150.000000
3.027600,0.041814,150.000000,10.619995,-150.000000
3.027800,0.101615,150.000000,10.619995,-150.000000
3.028000,0.166068,150.000000,10.619995,-150.000000
3.028200,0.233915,150.000000,10.619995,-150.000000
3.028400,0.304109,150.000000,10.619995,-150.000000
3.028600,0.375830,150.000000,10.619995,-150.000000
3.028800,0.448463,150.000000,10.619995,-150.000000
3.029000,0.521583,150.000000,10.619995,-150.000000
3.029200,0.594913,150.000000,10.619995,-150.000000
3.029400,0.668285,150.000000,10.619995,-150.000000
3.029600,0.741589,150.000000,10.619995,-150.000000
3.029800,0.814728,150.000000,10.619995,-150.000000
3.030000,0.887568,150.000000,10.619995,-150.000000
3.030200,0.959903,150.000000,10.619995,-150.000000
3.030400,1.031416,150.000000,10.619995,-150.000000
3.030600,1.101667,150.000000,10.619995,-150.000000
3.030800,1.170074,150.000000,10.619995,-150.000000
3.031000,1.235925,150.000000,10.619995,-150.000000
3.031200,1.298390,150.000000,10.619995,-150.000000
3.031400,1.356548,150.000000,10.619995,-150.000000
3.031600,1.409428,150.000000,10.619995,-150.000000
3.031800,1.456051,150.000000,10.619995,-150.000000
3.032000,1.495480,150.000000,10.619995,-150.000000
3.032200,1.526875,150.000000,10.619995,-150.000000
3.032400,1.549541,150.000000,10.619995,-150.000000
3.032600,1.562972,150.000000,10.619995,-150.000000
3.032800,1.566894,150.000000,10.619995,-150.000000
3.033000,1.561286,150.000000,10.619995,-150.000000
3.033200,1.546404,150.000000,10.619995,-150.000000
3.033400,1.522772,150.000000,10.619995,-150.000000
3.033600,1.491181,150.000000,10.619995,-150.000000
3.033800,1.452652,150.000000,10.619995,-150.000000
3.034000,1.408403,150.000000,10.619995,-150.000000
3.034200,1.359796,150.000000,10.619995,-150.000000
3.034400,1.308275,150.000000,10.619995,-150.000000
3.034600,1.255303,150.000000,10.619995,-150.000000
3.034800,1.202292,150.000000,10.619995,-150.000000
3.035000,1.150535,150.000000,10.619995,-150.000000
3.035200,1.101147,150.000000,10.619995,-150.000000
3.035400,1.055006,150.000000,10.619995,-150.000000
3.035600,1.012713,150.000000,10.619995,-150.000000
3.035800,0.974566,150.000000,10.619995,-150.000000
3.036000,0.940542,150.000000,10.619995,-150.000000
3.036200,0.910304,150.000000,10.619995,-150.000000
3.036400,0.883225,150.000000,10.619995,-150.000000
3.036600,0.858422,150.000000,10.619995,-150.000000
3.036800,0.834813,150.000000,10.619995,-150.000000
3.037000,0.811181,150.000000,10.619995,-150.000000
3.037200,0.786249,150.000000,10.619995,-150.000000
3.037400,0.758761,150.000000,10.619995,-150.000000
3.037600,0.727563,150.000000,10.619995,-150.000000
3.037800,0.691682,150.000000,10.619995,-150.000000
3.038000,0.650398,150.000000,10.619995,-150.000000
3.038200,0.603303,150.000000,10.619995,-150.000000
3.038400,0.550348,150.000000,10.619995,-150.000000
3.038600,0.491865,150.000000,10.619995,-150.000000
3.038800,0.428579,150.000000,10.619995,-150.000000
3.039000,0.361592,150.000000,10.619995,-150.000000
3.039200,0.292347,150.000000,10.619995,-150.000000
3.039400,0.222574,150.000000,10.619995,-150.000000
3.039600,0.154218,150.000000,10.619995,-150.000000
3.039800,0.089349,150.000000,10.619995,-150.000000
3.040000,0.030066,150.000000,10.619995,-150.000000
3.040200,-0.021608,150.000000,10.619995,-150.000000
3.040400,-0.063831,150.000000,10.619995,-150.000000
3.040600,-0.095044,150.000000,10.619995,-150.000000
3.040800,-0.114062,150.000000,10.619995,-150.000000
3.041000,-0.120150,150.000000,10.619995,-150.000000
3.041200,-0.113084,150.000000,10.619995,-150.000000
3.041400,-0.093186,150.000000,10.619995,-150.000000
3.041600,-0.061335,150.000000,10.619995,-150.000000
3.041800,-0.018956,150.000000,10.619995,-150.000000
3.042000,0.032027,150.000000,10.619995,-150.000000
3.042200,0.089247,150.000000,10.619995,-150.000000
3.042400,0.149990,150.000000,10.619995,-150.000000
3.042600,0.211297,150.000000,10.619995,-150.000000
3.042800,0.270092,150.000000,10.619995,-150.000000
3.043000,0.323303,150.000000,10.619995,-150.000000
3.043200,0.368006,150.000000,10.619995,-150.000000
3.043400,0.401551,150.000000,10.619995,-150.000000
3.043600,0.421689,150.000000,10.619995,-150.000000
3.043800,0.426676,150.000000,10.619995,-150.000000
3.044000,0.415364,150.000000,10.619995,-150.000000
3.044200,0.387263,150.000000,10.619995,-150.000000
3.044400,0.342580,150.000000,10.619995,-150.000000
3.044600,0.282227,150.000000,10.619995,-150.000000
3.044800,0.207791,150.000000,10.619995,-150.000000
3.045000,0.121489,150.000000,10.619995,-150.000000
3.045200,0.026083,150.000000,10.619995,-150.000000
3.045400,-0.075226,150.000000,10.619995,-150.000000
3.045600,-0.178919,150.000000,10.619995,-150.000000
3.045800,-0.281302,150.000000,10.619995,-150.000000
3.046000,-0.378649,150.000000,10.619995,-150.000000
3.046200,-0.467359,150.000000,10.619995,-150.000000
3.046400,-0.544090,150.000000,10.619995,-150.000000
3.046600,-0.605904,150.000000,10.619995,-150.000000
3.046800,-0.650374,150.000000,10.619995,-150.000000
3.047000,-0.675684,150.000000,10.619995,-150.000000
3.047200,-0.680695,150.000000,10.619995,-150.000000
3.047400,-0.664986,150.000000,10.619995,-150.000000
3.047600,-0.628859,150.000000,10.619995,-150.000000
3.047800,-0.573324,150.000000,10.619995,-150.000000
3.048000,-0.500039,150.000000,10.619995,-150.000000
3.048200,-0.411242,150.000000,10.619995,-150.000000
3.048400,-0.309641,150.000000,10.619995,-150.000000
3.048600,-0.198303,150.000000,10.619995,-150.000000
3.048800,-0.080517,150.000000,10.619995,-150.000000
3.049000,0.040342,150.000000,10.619995,-150.000000
3.049200,0.160948,150.000000,10.619995,-150.000000
3.049400,0.278159,150.000000,10.619995,-150.000000
3.049600,0.389135,150.000000,10.619995,-150.000000
3.049800,0.491441,150.000000,10.619995,-150.000000
3.050000,0.583128,150.000000,10.619995,-150.000000
3.050200,0.662788,150.000000,10.619995,-150.000000
3.050400,0.729585,150.000000,10.619995,-150.000000
3.050600,0.783257,150.000000,10.619995,-150.000000
3.050800,0.824089,150.000000,10.619995,-150.000000
3.051000,0.852866,150.000000,10.619995,-150.000000
3.051200,0.870796,150.000000,10.619995,-150.000000
3.051400,0.879424,150.000000,10.619995,-150.000000
3.051600,0.880526,150.000000,10.619995,-150.000000
3.051800,0.875997,150.000000,10.619995,-150.000000
3.052000,0.867734,150.000000,10.619995,-150.000000
3.052200,0.857527,150.000000,10.619995,-150.000000
3.052400,0.846953,150.000000,10.619995,-150.000000
3.052600,0.837284,150.000000,10.619995,-150.000000
3.052800,0.829416,150.000000,10.619995,-150.000000
3.053000,0.823813,150.000000,10.619995,-150.000000
3.053200,0.820480,150.000000,10.619995,-150.000000
3.053400,0.818954,150.000000,10.619995,-150.000000
3.053600,0.818322,150.000000,10.619995,-150.000000
3.053800,0.817263,150.000000,10.619995,-150.000000
3.054000,0.814108,150.000000,10.619995,-150.000000
3.054200,0.806924,150.000000,10.619995,-150.000000
3.054400,0.793602,150.000000,10.619995,-150.000000
3.054600,0.771965,150.000000,10.619995,-150.000000
3.054800,0.739878,150.000000,10.619995,-150.000000
3.055000,0.695356,150.000000,10.619995,-150.000000
3.055200,0.636669,150.000000,10.619995,-150.000000
3.055400,0.562443,150.000000,10.619995,-150.000000
3.055600,0.471737,150.000000,10.619995,-150.000000
3.055800,0.364120,150.000000,10.619995,-150.000000
3.056000,0.239709,150.000000,10.619995,-150.000000
3.056200,0.099206,150.000000,10.619995,-150.000000
3.056400,-0.056103,150.000000,10.619995,-150.000000
3.056600,-0.224360,150.000000,10.619995,-150.000000
3.056800,-0.403178,150.000000,10.619995,-150.000000
3.057000,-0.589695,150.000000,10.619995,-150.000000
3.057200,-0.780651,150.000000,10.619995,-150.000000
3.057400,-0.972483,150.000000,10.619995,-150.000000
3.057600,-1.161422,150.000000,10.619995,-150.000000
3.057800,-1.343607,150.000000,10.619995,-150.000000
3.058000,-1.515202,150.000000,10.619995,-150.000000
3.058200,-1.672507,150.000000,10.619995,-150.000000
3.058400,-1.812075,150.000000,10.619995,-150.000000
3.058600,-1.930815,150.000000,10.619995,-150.000000
3.058800,-2.026083,150.000000,10.619995,-150.000000
3.059000,-2.095770,150.000000,10.619995,-150.000000
3.059200,-2.138365,150.000000,10.619995,-150.000000
3.059400,-2.152999,150.000000,10.619995,-150.000000
3.059600,-2.139480,150.000000,10.619995,-150.000000
3.059800,-2.098298,150.000000,10.619995,-150.000000
3.060000,-2.030616,150.000000,10.619995,-150.000000
3.060200,-1.938240,150.000000,10.619995,-150.000000
3.060400,-1.823567,150.000000,10.619995,-150.000000
3.060600,-1.689525,150.000000,10.619995,-150.000000
3.060800,-1.539484,150.000000,10.619995,-150.000000
3.061000,-1.377168,150.000000,10.619995,-150.000000
3.061200,-1.206548,150.000000,10.619995,-150.000000
3.061400,-1.031730,150.000000,10.619995,-150.000000
3.061600,-0.856841,150.000000,10.619995,-150.000000
3.061800,-0.685912,150.000000,10.619995,-150.000000
3.062000,-0.522763,150.000000,10.619995,-150.000000
3.062200,-0.370896,150.000000,10.619995,-150.000000
3.062400,-0.233397,150.000000,10.619995,-150.000000
3.062600,-0.112848,150.000000,10.619995,-150.000000
3.062800,-0.011259,150.000000,10.619995,-150.000000
3.063000,0.069990,150.000000,10.619995,-150.000000
3.063200,0.130183,150.000000,10.619995,-150.000000
3.063400,0.169282,150.000000,10.619995,-150.000000
3.063600,0.187919,150.000000,10.619995,-150.000000
3.063800,0.187370,150.000000,10.619995,-150.000000
3.064000,0.169504,150.000000,10.619995,-150.000000
3.064200,0.136716,150.000000,10.619995,-150.000000
3.064400,0.091839,150.000000,10.619995,-150.000000
3.064600,0.038043,150.000000,10.619995,-150.000000
3.064800,-0.021275,150.000000,10.619995,-150.000000
3.065000,-0.082618,150.000000,10.619995,-150.000000
3.065200,-0.142512,150.000000,10.619995,-150.000000
3.065400,-0.197630,150.000000,10.619995,-150.000000
3.065600,-0.244916,150.000000,10.619995,-150.000000
3.065800,-0.281695,150.000000,10.619995,-150.000000
3.066000,-0.305772,150.000000,10.619995,-150.000000
3.066200,-0.315516,150.000000,10.619995,-150.000000
3.066400,-0.309922,150.000000,10.619995,-150.000000
3.066600,-0.288646,150.000000,10.619995,-150.000000
3.066800,-0.252027,150.000000,10.619995,-150.000000
3.067000,-0.201070,150.000000,10.619995,-150.000000
3.067200,-0.137415,150.000000,10.619995,-150.000000
3.067400,-0.063275,150.000000,10.619995,-150.000000
3.067600,0.018647,150.000000,10.619995,-150.000000
3.067800,0.105257,150.000000,10.619995,-150.000000
3.068000,0.193185,150.000000,10.619995,-150.000000
3.068200,0.278921,150.000000,10.619995,-150.000000
3.068400,0.358939,150.000000,10.619995,-150.000000
3.068600,0.429841,150.000000,10.619995,-150.000000
3.068800,0.488484,150.000000,10.619995,-150.000000
3.069000,0.532103,150.000000,10.619995,-150.000000
3.069200,0.558422,150.000000,10.619995,-150.000000
3.069400,0.565741,150.000000,10.619995,-150.000000
3.069600,0.553004,150.000000,10.619995,-150.000000
3.069800,0.519845,150.000000,10.619995,-150.000000
3.070000,0.466606,150.000000,10.619995,-150.000000
3.070200,0.394323,150.000000,10.619995,-150.000000
3.070400,0.304698,150.000000,10.619995,-150.000000
3.070600,0.200031,150.000000,10.619995,-150.000000
3.070800,0.083142,150.000000,10.619995,-150.000000
3.071000,-0.042735,150.000000,10.619995,-150.000000
3.071200,-0.174062,150.000000,10.619995,-150.000000
3.071400,-0.307129,150.000000,10.619995,-150.000000
3.071600,-0.438185,150.000000,10.619995,-150.000000
3.071800,-0.563566,150.000000,10.619995,-150.000000
3.072000,-0.679822,150.000000,10.619995,-150.000000
3.072200,-0.783835,150.000000,10.619995,-150.000000
3.072400,-0.872915,150.000000,10.619995,-150.000000
3.072600,-0.944885,150.000000,10.619995,-150.000000
3.072800,-0.998145,150.000000,10.619995,-150.000000
3.073000,-1.031702,150.000000,10.619995,-150.000000
3.073200,-1.045195,150.000000,10.619995,-150.000000
3.073400,-1.038874,150.000000,10.619995,-150.000000
3.073600,-1.013578,150.000000,10.619995,-150.000000
3.073800,-0.970673,150.000000,10.619995,-150.000000
3.074000,-0.911985,150.000000,10.619995,-150.000000
3.074200,-0.839713,150.000000,10.619995,-150.000000
3.074400,-0.756333,150.000000,10.619995,-150.000000
3.074600,-0.664492,150.000000,10.619995,-150.000000
3.074800,-0.566906,150.000000,10.619995,-150.000000
3.075000,-0.466255,150.000000,10.619995,-150.000000
3.075200,-0.365086,150.000000,10.619995,-150.000000
3.075400,-0.265726,150.000000,10.619995,-150.000000
3.075600,-0.170210,150.000000,10.619995,-150.000000
3.075800,-0.080220,150.000000,10.619995,-150.000000
3.076000,0.002956,150.000000,10.619995,-150.000000
3.076200,0.078448,150.000000,10.619995,-150.000000
3.076400,0.145813,150.000000,10.619995,-150.000000
3.076600,0.205017,150.000000,10.619995,-150.000000
3.076800,0.256418,150.000000,10.619995,-150.000000
3.077000,0.300716,150.000000,10.619995,-150.000000
3.077200,0.338910,150.000000,10.619995,-150.000000
3.077400,0.372230,150.000000,10.619995,-150.000000
3.077600,0.402077,150.000000,10.619995,-150.000000
3.077800,0.429950,150.000000,10.619995,-150.000000
3.078000,0.457382,150.000000,10.619995,-150.000000
3.078200,0.485871,150.000000,10.619995,-150.000000
3.078400,0.516824,150.000000,10.619995,-150.000000
3.078600,0.551499,150.000000,10.619995,-150.000000
3.078800,0.590971,150.000000,10.619995,-150.000000
3.079000,0.636089,150.000000,10.619995,-150.000000
3.079200,0.687461,150.000000,10.619995,-150.000000
3.079400,0.745434,150.000000,10.619995,-150.000000
3.079600,0.810098,150.000000,10.619995,-150.000000
3.079800,0.881287,150.000000,10.619995,-150.000000
3.080000,0.958596,150.000000,10.619995,-150.000000
3.080200,1.041397,150.000000,10.619995,-150.000000
3.080400,1.128867,150.000000,10.619995,-150.000000
3.080600,1.220016,150.000000,10.619995,-150.000000
3.080800,1.313709,150.000000,10.619995,-150.000000
3.081000,1.408702,150.000000,10.619995,-150.000000
3.081200,1.503666,150.000000,10.619995,-150.000000
3.081400,1.597213,150.000000,10.619995,-150.000000
3.081600,1.687917,150.000000,10.619995,-150.000000
3.081800,1.774336,150.000000,10.619995,-150.000000
3.082000,1.855029,150.000000,10.619995,-150.000000
3.082200,1.928568,150.000000,10.619995,-150.000000
3.082400,1.993555,150.000000,10.619995,-150.000000
3.082600,2.048631,150.000000,10.619995,-150.000000
3.082800,2.092490,150.000000,10.619995,-150.000000
3.083000,2.123894,150.000000,10.619995,-150.000000
3.083200,2.141685,150.000000,10.619995,-150.000000
3.083400,2.144811,150.000000,10.619995,-150.000000
3.083600,2.132338,150.000000,10.619995,-150.000000
3.083800,2.103487,150.000000,10.619995,-150.000000
3.084000,2.057655,150.000000,10.619995,-150.000000
3.084200,1.994451,150.000000,10.619995,-150.000000
3.084400,1.913732,150.000000,10.619995,-150.000000
3.084600,1.815635,150.000000,10.619995,-150.000000
3.084800,1.700609,150.000000,10.619995,-150.000000
3.085000,1.569452,150.000000,10.619995,-150.000000
3.085200,1.423329,150.000000,10.619995,-150.000000
3.085400,1.263792,150.000000,10.619995,-150.000000
3.085600,1.092785,150.000000,10.619995,-150.000000
3.085800,0.912642,150.000000,10.619995,-150.000000
3.086000,0.726063,150.000000,10.619995,-150.000000
3.086200,0.536078,150.000000,10.619995,-150.000000
3.086400,0.345999,150.000000,10.619995,-150.000000
3.086600,0.159350,150.000000,10.619995,-150.000000
3.086800,-0.020218,150.000000,10.619995,-150.000000
3.087000,-0.189025,150.000000,10.619995,-150.000000
3.087200,-0.343470,150.000000,10.619995,-150.000000
3.087400,-0.480150,150.000000,10.619995,-150.000000
3.087600,-0.595983,150.000000,10.619995,-150.000000
3.087800,-0.688329,150.000000,10.619995,-150.000000
3.088000,-0.755109,150.000000,10.619995,-150.000000
3.088200,-0.794911,150.000000,10.619995,-150.000000
3.088400,-0.807077,150.000000,10.619995,-150.000000
3.088600,-0.791780,150.000000,10.619995,-150.000000
3.088800,-0.750058,150.000000,10.619995,-150.000000
3.089000,-0.683835,150.000000,10.619995,-150.000000
3.089200,-0.595895,150.000000,10.619995,-150.000000
3.089400,-0.489832,150.000000,10.619995,-150.000000
3.089600,-0.369960,150.000000,10.619995,-150.000000
3.089800,-0.241185,150.000000,10.619995,-150.000000
3.090000,-0.108854,150.000000,10.619995,-150.000000
3.090200,0.021430,150.000000,10.619995,-150.000000
3.090400,0.144010,150.000000,10.619995,-150.000000
3.090600,0.253396,150.000000,10.619995,-150.000000
3.090800,0.344488,150.000000,10.619995,-150.000000
3.091000,0.412800,150.000000,10.619995,-150.000000
3.091200,0.454664,150.000000,10.619995,-150.000000
3.091400,0.467422,150.000000,10.619995,-150.000000
3.091600,0.449579,150.000000,10.619995,-150.000000
3.091800,0.400916,150.000000,10.619995,-150.000000
3.092000,0.322562,150.000000,10.619995,-150.000000
3.092200,0.217004,150.000000,10.619995,-150.000000
3.092400,0.088046,150.000000,10.619995,-150.000000
3.092600,-0.059295,150.000000,10.619995,-150.000000
3.092800,-0.218944,150.000000,10.619995,-150.000000
3.093000,-0.383987,150.000000,10.619995,-150.000000
3.093200,-0.546930,150.000000,10.619995,-150.000000
3.093400,-0.700002,150.000000,10.619995,-150.000000
3.093600,-0.835488,150.000000,10.619995,-150.000000
3.093800,-0.946074,150.000000,10.619995,-150.000000
3.094000,-1.025203,150.000000,10.619995,-150.000000
3.094200,-1.067413,150.000000,10.619995,-150.000000
3.094400,-1.068655,150.000000,10.619995,-150.000000
3.094600,-1.026562,150.000000,10.619995,-150.000000
3.094800,-0.940673,150.000000,10.619995,-150.000000
3.095000,-0.812591,150.000000,10.619995,-150.000000
3.095200,-0.646054,150.000000,10.619995,-150.000000
3.095400,-0.446942,150.000000,10.619995,-150.000000
3.095600,-0.223184,150.000000,10.619995,-150.000000
3.095800,0.015410,150.000000,10.619995,-150.000000
3.096000,0.257409,150.000000,10.619995,-150.000000
3.096200,0.490091,150.000000,10.619995,-150.000000
3.096400,0.699833,150.000000,10.619995,-150.000000
3.096600,0.872569,150.000000,10.619995,-150.000000
3.096800,0.994265,150.000000,10.619995,-150.000000
3.097000,1.051428,150.000000,10.619995,-150.000000
3.097200,1.031608,150.000000,10.619995,-150.000000
3.097400,0.923879,150.000000,10.619995,-150.000000
3.097600,0.719285,150.000000,10.619995,-150.000000
3.097800,0.411224,150.000000,10.619995,-150.000000
3.098000,-0.004235,150.000000,10.619995,-150.000000
3.098200,-0.528126,150.000000,10.619995,-150.000000
3.098400,-1.158463,150.000000,10.619995,-150.000000
3.098600,-1.890207,150.000000,10.619995,-150.000000
3.098800,-2.715354,150.000000,10.619995,-150.000000
3.099000,-3.623124,150.000000,10.619995,-150.000000
3.099200,-4.600245,150.000000,10.619995,-150.000000
3.099400,-5.631335,150.000000,10.619995,-150.000000
3.099600,-6.699356,150.000000,10.619995,-150.000000
3.099800,-7.786134,150.000000,10.619995,-150.000000
