0,0,0,0,0
0.0005,0.000671624497959422,-0,-0,-0
0.001,0.00715030541393822,-0,-0,-0
0.0015,0.0287053588944184,-0,-0,-0
0.002,0.0743785100050247,-0,-0,-0
0.0025,0.148069577082513,-0,-0,-0
0.003,0.245253973664203,-0,-0,-0
0.0035,0.353070293702089,-0,-0,-0
0.004,0.454328333421796,-0,-0,-0
0.0045,0.534855275829122,-0,-0,-0
0.005,0.593001312851566,-0,-0,-0
0.0055,0.642764378108461,-0,-0,-0
0.006,0.688960885725413,-0,-0,-0
0.0065,0.73191027329311,-0,-0,-0
0.007,0.771914085237091,-0,-0,-0
0.0075,0.809160897122712,-0,-0,-0
0.008,0.843684674104033,-0,-0,-0
0.0085,0.875372321781387,-0,-0,-0
0.009,0.904005940308713,-0,-0,-0
0.0095,0.929320625583201,-0,-0,-0
0.01,0.951059690760137,-0,-0,-0
0.0105,0.969014501236959,-0,-0,-0
0.011,0.983043436398132,-0,-0,-0
0.0115,0.993071427241576,-0,-0,-0
0.012,0.999076279842496,-0,-0,-0
0.0125,1.00106978166931,-0,-0,-0
0.013,0.999080629131198,-0,-0,-0
0.0135,0.993143487124625,-0,-0,-0
0.014,0.983295268130723,-0,-0,-0
0.0145,0.969577115474481,-0,-0,-0
0.015,0.952032484901111,-0,-0,-0
0.0155,0.930730617052106,-0,-0,-0
0.016,0.905755580667969,-0,-0,-0
0.0165,0.877205940807299,-0,-0,-0
0.017,0.845194369855536,-0,-0,-0
0.0175,0.809847202858532,-0,-0,-0
0.018,0.771303938935838,-0,-0,-0
0.0185,0.729716690741416,-0,-0,-0
0.019,0.685249584144482,-0,-0,-0
0.0195,0.638078110499686,-0,-0,-0
0.02,0.588388434062908,-0,-0,-0
0.0205,0.536376657285989,-0,-0,-0
0.021,0.482248046889948,-0,-0,-0
0.0215,0.426216223771008,-0,-0,-0
0.022,0.368502319936515,-0,-0,-0
0.0225,0.309334105797928,-0,-0,-0
0.023,0.248945091265067,-0,-0,-0
0.0235,0.187573604189177,-0,-0,-0
0.024,0.12546184979178,-0,-0,-0
0.0245,0.062854954791322,-0,-0,-0
0.025,2.02787662783113e-16,-0,-0,-0
0.0255,-0.0628549547913217,-0,-0,-0
0.026,-0.12546184979178,-0,-0,-0
0.0265,-0.187573604189176,-0,-0,-0
0.027,-0.248945091265067,-0,-0,-0
0.0275,-0.309334105797928,-0,-0,-0
0.028,-0.368502319936515,-0,-0,-0
0.0285,-0.426216223771008,-0,-0,-0
0.029,-0.482248046889948,-0,-0,-0
0.0295,-0.536376657285989,-0,-0,-0
0.03,-0.588388434062908,-0,-0,-0
0.0305,-0.638078110499686,-0,-0,-0
0.031,-0.685249584144482,-0,-0,-0
0.0315,-0.729716690741415,-0,-0,-0
0.032,-0.771303938935838,-0,-0,-0
0.0325,-0.809847202858531,-0,-0,-0
0.033,-0.845194369855536,-0,-0,-0
0.0335,-0.877205940807299,-0,-0,-0
0.034,-0.905755580667969,-0,-0,-0
0.0345,-0.930730617052106,-0,-0,-0
0.035,-0.952032484901111,-0,-0,-0
0.0355,-0.969577115474481,-0,-0,-0
0.036,-0.983295268130722,-0,-0,-0
0.0365,-0.993143487124625,-0,-0,-0
0.037,-0.999080629131198,-0,-0,-0
0.0375,-1.00106978166931,-0,-0,-0
0.038,-0.999076279842496,-0,-0,-0
0.0385,-0.993071427241576,-0,-0,-0
0.039,-0.983043436398132,-0,-0,-0
0.0395,-0.969014501236958,-0,-0,-0
0.04,-0.951059690760137,-0,-0,-0
0.0405,-0.929320625583202,-0,-0,-0
0.041,-0.904005940308713,-0,-0,-0
0.0415,-0.875372321781387,-0,-0,-0
0.042,-0.843684674104033,-0,-0,-0
0.0425,-0.809160897122713,-0,-0,-0
0.043,-0.771914085237091,-0,-0,-0
0.0435,-0.73191027329311,-0,-0,-0
0.044,-0.688960885725413,-0,-0,-0
0.0445,-0.642764378108462,-0,-0,-0
0.045,-0.593001312851566,-0,-0,-0
0.0455,-0.539473166131206,-0,-0,-0
0.046,-0.482260883812198,-0,-0,-0
0.0465,-0.421868629859591,-0,-0,-0
0.047,-0.359314893436773,-0,-0,-0
0.0475,-0.296139154165026,-0,-0,-0
0.048,-0.234307302183168,-0,-0,-0
0.0485,-0.176020106048678,-0,-0,-0
0.049,-0.123451405627386,-0,-0,-0
0.0495,-0.0784608058363811,-0,-0,-0
0.05,-0.0423346142135223,-0,-0,-0
0.0505,-0.0156058510450592,-0,-0,-0
0.051,0.00201044416439346,-0,-0,-0
0.0515,0.0115534981404986,-0,-0,-0
0.052,0.0146377890818994,-0,-0,-0
0.0525,0.0131949516329025,-0,-0,-0
0.053,0.00918742649974237,-0,-0,-0
0.0535,0.0043475939114174,-0,-0,-0
0.054,-1.28369222498621e-05,-0,-0,-0
0.0545,-0.00309650884521618,-0,-0,-0
0.055,-0.00461287878865796,-0,-0,-0
0.0555,-0.00468626760877549,-0,-0,-0
0.056,-0.00371130158093107,-0,-0,-0
0.0565,-0.00219358255169411,-0,-0,-0
0.057,-0.000610146301253464,-0,-0,-0
0.0575,0.000686305735818831,-0,-0,-0
0.058,0.00150969575150289,-0,-0,-0
0.0585,0.00183361902591188,-0,-0,-0
0.059,0.00174964035925596,-0,-0,-0
0.0595,0.00140999146890442,-0,-0,-0
0.06,0.000972794140973527,-0,-0,-0
0.0605,0.00056261423752255,-0,-0,-0
0.061,0.000251831732590513,-0,-0,-0
0.0615,6.13763469532921e-05,-0,-0,-0
0.062,-2.53822527042438e-05,-0,-0,-0
0.0625,-4.35875481017069e-05,-0,-0,-0
0.063,-2.97315414058322e-05,-0,-0,-0
0.0635,-1.06835360954417e-05,-0,-0,-0
0.064,0,-0,-0,-0
0.0645,0,-0,-0,-0
0.065,0,-0,-0,-0
0.0655,0,-0,-0,-0
0.066,0,-0,-0,-0
0.0665,0,-0,-0,-0
0.067,0,-0,-0,-0
0.0675,0,-0,-0,-0
0.068,0,-0,-0,-0
0.0685,0,-0,-0,-0
0.069,0,-0,-0,-0
0.0695,0,-0,-0,-0
0.07,0,-0,-0,-0
0.0705,0,-0,-0,-0
0.071,0,-0,-0,-0
0.0715,0,-0,-0,-0
0.072,0,-0,-0,-0
0.0725,0,-0,-0,-0
0.073,0,-0,-0,-0
0.0735,0,-0,-0,-0
0.074,0,-0,-0,-0
0.0745,0,-0,-0,-0
0.075,0,-0,-0,-0
0.0755,0,-0,-0,-0
0.076,0,-0,-0,-0
0.0765,0,-0,-0,-0
0.077,0,-0,-0,-0
0.0775,0,-0,-0,-0
0.078,0,-0,-0,-0
0.0785,0,-0,-0,-0
0.079,0,-0,-0,-0
0.0795,0,-0,-0,-0
0.08,0,-0,-0,-0
0.0805,0,-0,-0,-0
0.081,0,-0,-0,-0
0.0815,0,-0,-0,-0
0.082,0,-0,-0,-0
0.0825,0,-0,-0,-0
0.083,0,-0,-0,-0
0.0835,0,-0,-0,-0
0.084,0,-0,-0,-0
0.0845,0,-0,-0,-0
0.085,0,-0,-0,-0
0.0855,0,-0,-0,-0
0.086,0,-0,-0,-0
0.0865,0,-0,-0,-0
0.087,0,-0,-0,-0
0.0875,0,-0,-0,-0
0.088,0,-0,-0,-0
0.0885,0,-0,-0,-0
0.089,0,-0,-0,-0
0.0895,0,-0,-0,-0
0.09,0,-0,-0,-0
0.0905,0,-0,-0,-0
0.091,0,-0,-0,-0
0.0915,0,-0,-0,-0
0.092,0,-0,-0,-0
0.0925,0,-0,-0,-0
0.093,0,-0,-0,-0
0.0935,0,-0,-0,-0
0.094,0,-0,-0,-0
0.0945,0,-0,-0,-0
0.095,0,-0,-0,-0
0.0955,0,-0,-0,-0
0.096,0,-0,-0,-0
0.0965,0,-0,-0,-0
0.097,0,-0,-0,-0
0.0975,0,-0,-0,-0
0.098,0,-0,-0,-0
0.0985,0,-0,-0,-0
0.099,0,-0,-0,-0
0.0995,0,-0,-0,-0
0.1,0,-0,-0,-0
0.1005,0,-0,-0,-0
0.101,0,-0,-0,-0
0.1015,0,-0,-0,-0
0.102,0,-0,-0,-0
0.1025,0,-0,-0,-0
0.103,0,-0,-0,-0
0.1035,0,-0,-0,-0
0.104,0,-0,-0,-0
0.1045,0,-0,-0,-0
0.105,0,-0,-0,-0
0.1055,0,-0,-0,-0
0.106,0,-0,-0,-0
0.1065,0,-0,-0,-0
0.107,0,-0,-0,-0
0.1075,0,-0,-0,-0
0.108,0,-0,-0,-0
0.1085,0,-0,-0,-0
0.109,0,-0,-0,-0
0.1095,0,-0,-0,-0
0.11,0,-0,-0,-0
0.1105,0,-0,-0,-0
0.111,0,-0,-0,-0
0.1115,0,-0,-0,-0
0.112,0,-0,-0,-0
0.1125,0,-0,-0,-0
0.113,0,-0,-0,-0
0.1135,0,-0,-0,-0
0.114,0,-0,-0,-0
0.1145,0,-0,-0,-0
0.115,0,-0,-0,-0
0.1155,0,-0,-0,-0
0.116,0,-0,-0,-0
0.1165,0,-0,-0,-0
0.117,0,-0,-0,-0
0.1175,0,-0,-0,-0
0.118,0,-0,-0,-0
0.1185,0,-0,-0,-0
0.119,0,-0,-0,-0
0.1195,0,-0,-0,-0
0.12,0,-0,-0,-0
0.1205,0,-0,-0,-0
0.121,0,-0,-0,-0
0.1215,0,-0,-0,-0
0.122,0,-0,-0,-0
0.1225,0,-0,-0,-0
0.123,0,-0,-0,-0
0.1235,0,-0,-0,-0
0.124,0,-0,-0,-0
0.1245,0,-0,-0,-0
0.125,0,-0,-0,-0
0.1255,0,-0,-0,-0
0.126,0,-0,-0,-0
0.1265,0,-0,-0,-0
0.127,0,-0,-0,-0
0.1275,0,-0,-0,-0
0.128,0,-0,-0,-0
0.1285,0,-0,-0,-0
0.129,0,-0,-0,-0
0.1295,0,-0,-0,-0
0.13,0,-0,-0,-0
0.1305,0,-0,-0,-0
0.131,0,-0,-0,-0
0.1315,0,-0,-0,-0
0.132,0,-0,-0,-0
0.1325,0,-0,-0,-0
0.133,0,-0,-0,-0
0.1335,0,-0,-0,-0
0.134,0,-0,-0,-0
0.1345,0,-0,-0,-0
0.135,0,-0,-0,-0
0.1355,0,-0,-0,-0
0.136,0,-0,-0,-0
0.1365,0,-0,-0,-0
0.137,0,-0,-0,-0
0.1375,0,-0,-0,-0
0.138,0,-0,-0,-0
0.1385,0,-0,-0,-0
0.139,0,-0,-0,-0
0.1395,0,-0,-0,-0
0.14,0,-0,-0,-0
0.1405,0,-0,-0,-0
0.141,0,-0,-0,-0
0.1415,0,-0,-0,-0
0.142,0,-0,-0,-0
0.1425,0,-0,-0,-0
0.143,0,-0,-0,-0
0.1435,0,-0,-0,-0
0.144,0,-0,-0,-0
0.1445,0,-0,-0,-0
0.145,0,-0,-0,-0
0.1455,0,-0,-0,-0
0.146,0,-0,-0,-0
0.1465,0,-0,-0,-0
0.147,0,-0,-0,-0
0.1475,0,-0,-0,-0
0.148,0,-0,-0,-0
0.1485,0,-0,-0,-0
0.149,0,-0,-0,-0
0.1495,0,-0,-0,-0
0.15,0,-0,-0,-0
0.1505,0,-0,-0,-0
0.151,0,-0,-0,-0
0.1515,0,-0,-0,-0
0.152,0,-0,-0,-0
0.1525,0,-0,-0,-0
0.153,0,-0,-0,-0
0.1535,0,-0,-0,-0
0.154,0,-0,-0,-0
0.1545,0,-0,-0,-0
0.155,0,-0,-0,-0
0.1555,0,-0,-0,-0
0.156,0,-0,-0,-0
0.1565,0,-0,-0,-0
0.157,0,-0,-0,-0
0.1575,0,-0,-0,-0
0.158,0,-0,-0,-0
0.1585,0,-0,-0,-0
0.159,0,-0,-0,-0
0.1595,0,-0,-0,-0
0.16,0,-0,-0,-0
0.1605,0,-0,-0,-0
0.161,0,-0,-0,-0
0.1615,0,-0,-0,-0
0.162,0,-0,-0,-0
0.1625,0,-0,-0,-0
0.163,0,-0,-0,-0
0.1635,0,-0,-0,-0
0.164,0,-0,-0,-0
0.1645,0,-0,-0,-0
0.165,0,-0,-0,-0
0.1655,0,-0,-0,-0
0.166,0,-0,-0,-0
0.1665,0,-0,-0,-0
0.167,0,-0,-0,-0
0.1675,0,-0,-0,-0
0.168,0,-0,-0,-0
0.1685,0,-0,-0,-0
0.169,0,-0,-0,-0
0.1695,0,-0,-0,-0
0.17,0,-0,-0,-0
0.1705,0,-0,-0,-0
0.171,0,-0,-0,-0
0.1715,0,-0,-0,-0
0.172,0,-0,-0,-0
0.1725,0,-0,-0,-0
0.173,0,-0,-0,-0
0.1735,0,-0,-0,-0
0.174,0,-0,-0,-0
0.1745,0,-0,-0,-0
0.175,0,-0,-0,-0
0.1755,0,-0,-0,-0
0.176,0,-0,-0,-0
0.1765,0,-0,-0,-0
0.177,0,-0,-0,-0
0.1775,0,-0,-0,-0
0.178,0,-0,-0,-0
0.1785,0,-0,-0,-0
0.179,0,-0,-0,-0
0.1795,0,-0,-0,-0
0.18,0,-0,-0,-0
0.1805,0,-0,-0,-0
0.181,0,-0,-0,-0
0.1815,0,-0,-0,-0
0.182,0,-0,-0,-0
0.1825,0,-0,-0,-0
0.183,0,-0,-0,-0
0.1835,0,-0,-0,-0
0.184,0,-0,-0,-0
0.1845,0,-0,-0,-0
0.185,0,-0,-0,-0
0.1855,0,-0,-0,-0
0.186,0,-0,-0,-0
0.1865,0,-0,-0,-0
0.187,0,-0,-0,-0
0.1875,0,-0,-0,-0
0.188,0,-0,-0,-0
0.1885,0,-0,-0,-0
0.189,0,-0,-0,-0
0.1895,0,-0,-0,-0
0.19,0,-0,-0,-0
0.1905,0,-0,-0,-0
0.191,0,-0,-0,-0
0.1915,0,-0,-0,-0
0.192,0,-0,-0,-0
0.1925,0,-0,-0,-0
0.193,0,-0,-0,-0
0.1935,0,-0,-0,-0
0.194,0,-0,-0,-0
0.1945,0,-0,-0,-0
0.195,0,-0,-0,-0
0.1955,0,-0,-0,-0
0.196,0,-0,-0,-0
0.1965,0,-0,-0,-0
0.197,0,-0,-0,-0
0.1975,0,-0,-0,-0
0.198,0,-0,-0,-0
0.1985,0,-0,-0,-0
0.199,0,-0,-0,-0
0.1995,0,-0,-0,-0
0.2,0,-0,-0,-0
0.2005,0,-0,-0,-0
0.201,0,-0,-0,-0
0.2015,0,-0,-0,-0
0.202,0,-0,-0,-0
0.2025,0,-0,-0,-0
0.203,0,-0,-0,-0
0.2035,0,-0,-0,-0
0.204,0,-0,-0,-0
0.2045,0,-0,-0,-0
0.205,0,-0,-0,-0
0.2055,0,-0,-0,-0
0.206,0,-0,-0,-0
0.2065,0,-0,-0,-0
0.207,0,-0,-0,-0
0.2075,0,-0,-0,-0
0.208,0,-0,-0,-0
0.2085,0,-0,-0,-0
0.209,0,-0,-0,-0
0.2095,0,-0,-0,-0
0.21,0,-0,-0,-0
0.2105,0,-0,-0,-0
0.211,0,-0,-0,-0
0.2115,0,-0,-0,-0
0.212,0,-0,-0,-0
0.2125,0,-0,-0,-0
0.213,0,-0,-0,-0
0.2135,0,-0,-0,-0
0.214,0,-0,-0,-0
0.2145,0,-0,-0,-0
0.215,0,-0,-0,-0
0.2155,0,-0,-0,-0
0.216,0,-0,-0,-0
0.2165,0,-0,-0,-0
0.217,0,-0,-0,-0
0.2175,0,-0,-0,-0
0.218,0,-0,-0,-0
0.2185,0,-0,-0,-0
0.219,0,-0,-0,-0
0.2195,0,-0,-0,-0
0.22,0,-0,-0,-0
0.2205,0,-0,-0,-0
0.221,0,-0,-0,-0
0.2215,0,-0,-0,-0
0.222,0,-0,-0,-0
0.2225,0,-0,-0,-0
0.223,0,-0,-0,-0
0.2235,0,-0,-0,-0
0.224,0,-0,-0,-0
0.2245,0,-0,-0,-0
0.225,0,-0,-0,-0
0.2255,0,-0,-0,-0
0.226,0,-0,-0,-0
0.2265,0,-0,-0,-0
0.227,0,-0,-0,-0
0.2275,0,-0,-0,-0
0.228,0,-0,-0,-0
0.2285,0,-0,-0,-0
0.229,0,-0,-0,-0
0.2295,0,-0,-0,-0
0.23,0,-0,-0,-0
0.2305,0,-0,-0,-0
0.231,0,-0,-0,-0
0.2315,0,-0,-0,-0
0.232,0,-0,-0,-0
0.2325,0,-0,-0,-0
0.233,0,-0,-0,-0
0.2335,0,-0,-0,-0
0.234,0,-0,-0,-0
0.2345,0,-0,-0,-0
0.235,0,-0,-0,-0
0.2355,0,-0,-0,-0
0.236,0,-0,-0,-0
0.2365,0,-0,-0,-0
0.237,0,-0,-0,-0
0.2375,0,-0,-0,-0
0.238,0,-0,-0,-0
0.2385,0,-0,-0,-0
0.239,0,-0,-0,-0
0.2395,0,-0,-0,-0
0.24,0,-0,-0,-0
0.2405,0,-0,-0,-0
0.241,0,-0,-0,-0
0.2415,0,-0,-0,-0
0.242,0,-0,-0,-0
0.2425,0,-0,-0,-0
0.243,0,-0,-0,-0
0.2435,0,-0,-0,-0
0.244,0,-0,-0,-0
0.2445,0,-0,-0,-0
0.245,0,-0,-0,-0
0.2455,0,-0,-0,-0
0.246,0,-0,-0,-0
0.2465,0,-0,-0,-0
0.247,0,-0,-0,-0
0.2475,0,-0,-0,-0
0.248,0,-0,-0,-0
0.2485,0,-0,-0,-0
0.249,0,-0,-0,-0
0.2495,0,-0,-0,-0
0.25,0,-0,-0,-0
0.2505,0,-0,-0,-0
0.251,0,-0,-0,-0
0.2515,0,-0,-0,-0
0.252,0,-0,-0,-0
0.2525,0,-0,-0,-0
0.253,0,-0,-0,-0
0.2535,0,-0,-0,-0
0.254,0,-0,-0,-0
0.2545,0,-0,-0,-0
0.255,0,-0,-0,-0
0.2555,0,-0,-0,-0
0.256,0,-0,-0,-0
0.2565,0,-0,-0,-0
0.257,0,-0,-0,-0
0.2575,0,-0,-0,-0
0.258,0,-0,-0,-0
0.2585,0,-0,-0,-0
0.259,0,-0,-0,-0
0.2595,0,-0,-0,-0
0.26,0,-0,-0,-0
0.2605,0,-0,-0,-0
0.261,0,-0,-0,-0
0.2615,0,-0,-0,-0
0.262,0,-0,-0,-0
0.2625,0,-0,-0,-0
0.263,0,-0,-0,-0
0.2635,0,-0,-0,-0
0.264,0,-0,-0,-0
0.2645,0,-0,-0,-0
0.265,0,-0,-0,-0
0.2655,0,-0,-0,-0
0.266,0,-0,-0,-0
0.2665,0,-0,-0,-0
0.267,0,-0,-0,-0
0.2675,0,-0,-0,-0
0.268,0,-0,-0,-0
0.2685,0,-0,-0,-0
0.269,0,-0,-0,-0
0.2695,0,-0,-0,-0
0.27,0,-0,-0,-0
0.2705,0,-0,-0,-0
0.271,0,-0,-0,-0
0.2715,0,-0,-0,-0
0.272,0,-0,-0,-0
0.2725,0,-0,-0,-0
0.273,0,-0,-0,-0
0.2735,0,-0,-0,-0
0.274,0,-0,-0,-0
0.2745,0,-0,-0,-0
0.275,0,-0,-0,-0
0.2755,0,-0,-0,-0
0.276,0,-0,-0,-0
0.2765,0,-0,-0,-0
0.277,0,-0,-0,-0
0.2775,0,-0,-0,-0
0.278,0,-0,-0,-0
0.2785,0,-0,-0,-0
0.279,0,-0,-0,-0
0.2795,0,-0,-0,-0
0.28,0,-0,-0,-0
0.2805,0,-0,-0,-0
0.281,0,-0,-0,-0
0.2815,0,-0,-0,-0
0.282,0,-0,-0,-0
0.2825,0,-0,-0,-0
0.283,0,-0,-0,-0
0.2835,0,-0,-0,-0
0.284,0,-0,-0,-0
0.2845,0,-0,-0,-0
0.285,0,-0,-0,-0
0.2855,0,-0,-0,-0
0.286,0,-0,-0,-0
0.2865,0,-0,-0,-0
0.287,0,-0,-0,-0
0.2875,0,-0,-0,-0
0.288,0,-0,-0,-0
0.2885,0,-0,-0,-0
0.289,0,-0,-0,-0
0.2895,0,-0,-0,-0
0.29,0,-0,-0,-0
0.2905,0,-0,-0,-0
0.291,0,-0,-0,-0
0.2915,0,-0,-0,-0
0.292,0,-0,-0,-0
0.2925,0,-0,-0,-0
0.293,0,-0,-0,-0
0.2935,0,-0,-0,-0
0.294,0,-0,-0,-0
0.2945,0,-0,-0,-0
0.295,0,-0,-0,-0
0.2955,0,-0,-0,-0
0.296,0,-0,-0,-0
0.2965,0,-0,-0,-0
0.297,0,-0,-0,-0
0.2975,0,-0,-0,-0
0.298,0,-0,-0,-0
0.2985,0,-0,-0,-0
0.299,0,-0,-0,-0
0.2995,0,-0,-0,-0
0.3,0,-0,-0,-0
0.3005,0,-0,-0,-0
0.301,0,-0,-0,-0
0.3015,0,-0,-0,-0
0.302,0,-0,-0,-0
0.3025,0,-0,-0,-0
0.303,0,-0,-0,-0
0.3035,0,-0,-0,-0
0.304,0,-0,-0,-0
0.3045,0,-0,-0,-0
0.305,0,-0,-0,-0
0.3055,0,-0,-0,-0
0.306,0,-0,-0,-0
0.3065,0,-0,-0,-0
0.307,0,-0,-0,-0
0.3075,0,-0,-0,-0
0.308,0,-0,-0,-0
0.3085,0,-0,-0,-0
0.309,0,-0,-0,-0
0.3095,0,-0,-0,-0
0.31,0,-0,-0,-0
0.3105,0,-0,-0,-0
0.311,0,-0,-0,-0
0.3115,0,-0,-0,-0
0.312,0,-0,-0,-0
0.3125,0,-0,-0,-0
0.313,0,-0,-0,-0
0.3135,0,-0,-0,-0
0.314,0,-0,-0,-0
0.3145,0,-0,-0,-0
0.315,0,-0,-0,-0
0.3155,0,-0,-0,-0
0.316,0,-0,-0,-0
0.3165,0,-0,-0,-0
0.317,0,-0,-0,-0
0.3175,0,-0,-0,-0
0.318,0,-0,-0,-0
0.3185,0,-0,-0,-0
0.319,0,-0,-0,-0
0.3195,0,-0,-0,-0
0.32,0,-0,-0,-0
0.3205,0,-0,-0,-0
0.321,0,-0,-0,-0
0.3215,0,-0,-0,-0
0.322,0,-0,-0,-0
0.3225,0,-0,-0,-0
0.323,0,-0,-0,-0
0.3235,0,-0,-0,-0
0.324,0,-0,-0,-0
0.3245,0,-0,-0,-0
0.325,0,-0,-0,-0
0.3255,0,-0,-0,-0
0.326,0,-0,-0,-0
0.3265,0,-0,-0,-0
0.327,0,-0,-0,-0
0.3275,0,-0,-0,-0
0.328,0,-0,-0,-0
0.3285,0,-0,-0,-0
0.329,0,-0,-0,-0
0.3295,0,-0,-0,-0
0.33,0,-0,-0,-0
0.3305,0,-0,-0,-0
0.331,0,-0,-0,-0
0.3315,0,-0,-0,-0
0.332,0,-0,-0,-0
0.3325,0,-0,-0,-0
0.333,0,-0,-0,-0
0.3335,0,-0,-0,-0
0.334,0,-0,-0,-0
0.3345,0,-0,-0,-0
0.335,0,-0,-0,-0
0.3355,0,-0,-0,-0
0.336,0,-0,-0,-0
0.3365,0,-0,-0,-0
0.337,0,-0,-0,-0
0.3375,0,-0,-0,-0
0.338,0,-0,-0,-0
0.3385,0,-0,-0,-0
0.339,0,-0,-0,-0
0.3395,0,-0,-0,-0
0.34,0,-0,-0,-0
0.3405,0,-0,-0,-0
0.341,0,-0,-0,-0
0.3415,0,-0,-0,-0
0.342,0,-0,-0,-0
0.3425,0,-0,-0,-0
0.343,0,-0,-0,-0
0.3435,0,-0,-0,-0
0.344,0,-0,-0,-0
0.3445,0,-0,-0,-0
0.345,0,-0,-0,-0
0.3455,0,-0,-0,-0
0.346,0,-0,-0,-0
0.3465,0,-0,-0,-0
0.347,0,-0,-0,-0
0.3475,0,-0,-0,-0
0.348,0,-0,-0,-0
0.3485,0,-0,-0,-0
0.349,0,-0,-0,-0
0.3495,0,-0,-0,-0
0.35,0,-0,-0,-0
0.3505,0,-0,-0,-0
0.351,0,-0,-0,-0
0.3515,0,-0,-0,-0
0.352,0,-0,-0,-0
0.3525,0,-0,-0,-0
0.353,0,-0,-0,-0
0.3535,0,-0,-0,-0
0.354,0,-0,-0,-0
0.3545,0,-0,-0,-0
0.355,0,-0,-0,-0
0.3555,0,-0,-0,-0
0.356,0,-0,-0,-0
0.3565,0,-0,-0,-0
0.357,0,-0,-0,-0
0.3575,0,-0,-0,-0
0.358,0,-0,-0,-0
0.3585,0,-0,-0,-0
0.359,0,-0,-0,-0
0.3595,0,-0,-0,-0
0.36,0,-0,-0,-0
0.3605,0,-0,-0,-0
0.361,0,-0,-0,-0
0.3615,0,-0,-0,-0
0.362,0,-0,-0,-0
0.3625,0,-0,-0,-0
0.363,0,-0,-0,-0
0.3635,0,-0,-0,-0
0.364,0,-0,-0,-0
0.3645,0,-0,-0,-0
0.365,0,-0,-0,-0
0.3655,0,-0,-0,-0
0.366,0,-0,-0,-0
0.3665,0,-0,-0,-0
0.367,0,-0,-0,-0
0.3675,0,-0,-0,-0
0.368,0,-0,-0,-0
0.3685,0,-0,-0,-0
0.369,0,-0,-0,-0
0.3695,0,-0,-0,-0
0.37,0,-0,-0,-0
0.3705,0,-0,-0,-0
0.371,0,-0,-0,-0
0.3715,0,-0,-0,-0
0.372,0,-0,-0,-0
0.3725,0,-0,-0,-0
0.373,0,-0,-0,-0
0.3735,0,-0,-0,-0
0.374,0,-0,-0,-0
0.3745,0,-0,-0,-0
0.375,0,-0,-0,-0
0.3755,0,-0,-0,-0
0.376,0,-0,-0,-0
0.3765,0,-0,-0,-0
0.377,0,-0,-0,-0
0.3775,0,-0,-0,-0
0.378,0,-0,-0,-0
0.3785,0,-0,-0,-0
0.379,0,-0,-0,-0
0.3795,0,-0,-0,-0
0.38,0,-0,-0,-0
0.3805,0,-0,-0,-0
0.381,0,-0,-0,-0
0.3815,0,-0,-0,-0
0.382,0,-0,-0,-0
0.3825,0,-0,-0,-0
0.383,0,-0,-0,-0
0.3835,0,-0,-0,-0
0.384,0,-0,-0,-0
0.3845,0,-0,-0,-0
0.385,0,-0,-0,-0
0.3855,0,-0,-0,-0
0.386,0,-0,-0,-0
0.3865,0,-0,-0,-0
0.387,0,-0,-0,-0
0.3875,0,-0,-0,-0
0.388,0,-0,-0,-0
0.3885,0,-0,-0,-0
0.389,0,-0,-0,-0
0.3895,0,-0,-0,-0
0.39,0,-0,-0,-0
0.3905,0,-0,-0,-0
0.391,0,-0,-0,-0
0.3915,0,-0,-0,-0
0.392,0,-0,-0,-0
0.3925,0,-0,-0,-0
0.393,0,-0,-0,-0
0.3935,0,-0,-0,-0
0.394,0,-0,-0,-0
0.3945,0,-0,-0,-0
0.395,0,-0,-0,-0
0.3955,0,-0,-0,-0
0.396,0,-0,-0,-0
0.3965,0,-0,-0,-0
0.397,0,-0,-0,-0
0.3975,0,-0,-0,-0
0.398,0,-0,-0,-0
0.3985,0,-0,-0,-0
0.399,0,-0,-0,-0
0.3995,0,-0,-0,-0
0.4,0,-0,-0,-0
0.4005,0,-0,-0,-0
0.401,0,-0,-0,-0
0.4015,0,-0,-0,-0
0.402,0,-0,-0,-0
0.4025,0,-0,-0,-0
0.403,0,-0,-0,-0
0.4035,0,-0,-0,-0
0.404,0,-0,-0,-0
0.4045,0,-0,-0,-0
0.405,0,-0,-0,-0
0.4055,0,-0,-0,-0
0.406,0,-0,-0,-0
0.4065,0,-0,-0,-0
0.407,0,-0,-0,-0
0.4075,0,-0,-0,-0
0.408,0,-0,-0,-0
0.4085,0,-0,-0,-0
0.409,0,-0,-0,-0
0.4095,0,-0,-0,-0
0.41,0,-0,-0,-0
0.4105,0,-0,-0,-0
0.411,0,-0,-0,-0
0.4115,0,-0,-0,-0
0.412,0,-0,-0,-0
0.4125,0,-0,-0,-0
0.413,0,-0,-0,-0
0.4135,0,-0,-0,-0
0.414,0,-0,-0,-0
0.4145,0,-0,-0,-0
0.415,0,-0,-0,-0
0.4155,0,-0,-0,-0
0.416,0,-0,-0,-0
0.4165,0,-0,-0,-0
0.417,0,-0,-0,-0
0.4175,0,-0,-0,-0
0.418,0,-0,-0,-0
0.4185,0,-0,-0,-0
0.419,0,-0,-0,-0
0.4195,0,-0,-0,-0
0.42,0,-0,-0,-0
0.4205,0,-0,-0,-0
0.421,0,-0,-0,-0
0.4215,0,-0,-0,-0
0.422,0,-0,-0,-0
0.4225,0,-0,-0,-0
0.423,0,-0,-0,-0
0.4235,0,-0,-0,-0
0.424,0,-0,-0,-0
0.4245,0,-0,-0,-0
0.425,0,-0,-0,-0
0.4255,0,-0,-0,-0
0.426,0,-0,-0,-0
0.4265,0,-0,-0,-0
0.427,0,-0,-0,-0
0.4275,0,-0,-0,-0
0.428,0,-0,-0,-0
0.4285,0,-0,-0,-0
0.429,0,-0,-0,-0
0.4295,0,-0,-0,-0
0.43,0,-0,-0,-0
0.4305,0,-0,-0,-0
0.431,0,-0,-0,-0
0.4315,0,-0,-0,-0
0.432,0,-0,-0,-0
0.4325,0,-0,-0,-0
0.433,0,-0,-0,-0
0.4335,0,-0,-0,-0
0.434,0,-0,-0,-0
0.4345,0,-0,-0,-0
0.435,0,-0,-0,-0
0.4355,0,-0,-0,-0
0.436,0,-0,-0,-0
0.4365,0,-0,-0,-0
0.437,0,-0,-0,-0
0.4375,0,-0,-0,-0
0.438,0,-0,-0,-0
0.4385,0,-0,-0,-0
0.439,0,-0,-0,-0
0.4395,0,-0,-0,-0
0.44,0,-0,-0,-0
0.4405,0,-0,-0,-0
0.441,0,-0,-0,-0
0.4415,0,-0,-0,-0
0.442,0,-0,-0,-0
0.4425,0,-0,-0,-0
0.443,0,-0,-0,-0
0.4435,0,-0,-0,-0
0.444,0,-0,-0,-0
0.4445,0,-0,-0,-0
0.445,0,-0,-0,-0
0.4455,0,-0,-0,-0
0.446,0,-0,-0,-0
0.4465,0,-0,-0,-0
0.447,0,-0,-0,-0
0.4475,0,-0,-0,-0
0.448,0,-0,-0,-0
0.4485,0,-0,-0,-0
0.449,0,-0,-0,-0
0.4495,0,-0,-0,-0
0.45,0,-0,-0,-0
0.4505,0,-0,-0,-0
0.451,0,-0,-0,-0
0.4515,0,-0,-0,-0
0.452,0,-0,-0,-0
0.4525,0,-0,-0,-0
0.453,0,-0,-0,-0
0.4535,0,-0,-0,-0
0.454,0,-0,-0,-0
0.4545,0,-0,-0,-0
0.455,0,-0,-0,-0
0.4555,0,-0,-0,-0
0.456,0,-0,-0,-0
0.4565,0,-0,-0,-0
0.457,0,-0,-0,-0
0.4575,0,-0,-0,-0
0.458,0,-0,-0,-0
0.4585,0,-0,-0,-0
0.459,0,-0,-0,-0
0.4595,0,-0,-0,-0
0.46,0,-0,-0,-0
0.4605,0,-0,-0,-0
0.461,0,-0,-0,-0
0.4615,0,-0,-0,-0
0.462,0,-0,-0,-0
0.4625,0,-0,-0,-0
0.463,0,-0,-0,-0
0.4635,0,-0,-0,-0
0.464,0,-0,-0,-0
0.4645,0,-0,-0,-0
0.465,0,-0,-0,-0
0.4655,0,-0,-0,-0
0.466,0,-0,-0,-0
0.4665,0,-0,-0,-0
0.467,0,-0,-0,-0
0.4675,0,-0,-0,-0
0.468,0,-0,-0,-0
0.4685,0,-0,-0,-0
0.469,0,-0,-0,-0
0.4695,0,-0,-0,-0
0.47,0,-0,-0,-0
0.4705,0,-0,-0,-0
0.471,0,-0,-0,-0
0.4715,0,-0,-0,-0
0.472,0,-0,-0,-0
0.4725,0,-0,-0,-0
0.473,0,-0,-0,-0
0.4735,0,-0,-0,-0
0.474,0,-0,-0,-0
0.4745,0,-0,-0,-0
0.475,0,-0,-0,-0
0.4755,0,-0,-0,-0
0.476,0,-0,-0,-0
0.4765,0,-0,-0,-0
0.477,0,-0,-0,-0
0.4775,0,-0,-0,-0
0.478,0,-0,-0,-0
0.4785,0,-0,-0,-0
0.479,0,-0,-0,-0
0.4795,0,-0,-0,-0
0.48,0,-0,-0,-0
0.4805,0,-0,-0,-0
0.481,0,-0,-0,-0
0.4815,0,-0,-0,-0
0.482,0,-0,-0,-0
0.4825,0,-0,-0,-0
0.483,0,-0,-0,-0
0.4835,0,-0,-0,-0
0.484,0,-0,-0,-0
0.4845,0,-0,-0,-0
0.485,0,-0,-0,-0
0.4855,0,-0,-0,-0
0.486,0,-0,-0,-0
0.4865,0,-0,-0,-0
0.487,0,-0,-0,-0
0.4875,0,-0,-0,-0
0.488,0,-0,-0,-0
0.4885,0,-0,-0,-0
0.489,0,-0,-0,-0
0.4895,0,-0,-0,-0
0.49,0,-0,-0,-0
0.4905,0,-0,-0,-0
0.491,0,-0,-0,-0
0.4915,0,-0,-0,-0
0.492,0,-0,-0,-0
0.4925,0,-0,-0,-0
0.493,0,-0,-0,-0
0.4935,0,-0,-0,-0
0.494,0,-0,-0,-0
0.4945,0,-0,-0,-0
0.495,0,-0,-0,-0
0.4955,0,-0,-0,-0
0.496,0,-0,-0,-0
0.4965,0,-0,-0,-0
0.497,0,-0,-0,-0
0.4975,0,-0,-0,-0
0.498,0,-0,-0,-0
0.4985,0,-0,-0,-0
0.499,0,-0,-0,-0
0.4995,0,-0,-0,-0
0.5,0,-0,-0,-0
0.5005,0,-0,-0,-0
0.501,0,-0,-0,-0
0.5015,0,-0,-0,-0
0.502,0,-0,-0,-0
0.5025,0,-0,-0,-0
0.503,0,-0,-0,-0
0.5035,0,-0,-0,-0
0.504,0,-0,-0,-0
0.5045,0,-0,-0,-0
0.505,0,-0,-0,-0
0.5055,0,-0,-0,-0
0.506,0,-0,-0,-0
0.5065,0,-0,-0,-0
0.507,0,-0,-0,-0
0.5075,0,-0,-0,-0
0.508,0,-0,-0,-0
0.5085,0,-0,-0,-0
0.509,0,-0,-0,-0
0.5095,0,-0,-0,-0
0.51,0,-0,-0,-0
0.5105,0,-0,-0,-0
0.511,0,-0,-0,-0
0.5115,0,-0,-0,-0
0.512,0,-0,-0,-0
0.5125,0,-0,-0,-0
0.513,0,-0,-0,-0
0.5135,0,-0,-0,-0
0.514,0,-0,-0,-0
0.5145,0,-0,-0,-0
0.515,0,-0,-0,-0
0.5155,0,-0,-0,-0
0.516,0,-0,-0,-0
0.5165,0,-0,-0,-0
0.517,0,-0,-0,-0
0.5175,0,-0,-0,-0
0.518,0,-0,-0,-0
0.5185,0,-0,-0,-0
0.519,0,-0,-0,-0
0.5195,0,-0,-0,-0
0.52,0,-0,-0,-0
0.5205,0,-0,-0,-0
0.521,0,-0,-0,-0
0.5215,0,-0,-0,-0
0.522,0,-0,-0,-0
0.5225,0,-0,-0,-0
0.523,0,-0,-0,-0
0.5235,0,-0,-0,-0
0.524,0,-0,-0,-0
0.5245,0,-0,-0,-0
0.525,0,-0,-0,-0
0.5255,0,-0,-0,-0
0.526,0,-0,-0,-0
0.5265,0,-0,-0,-0
0.527,0,-0,-0,-0
0.5275,0,-0,-0,-0
0.528,0,-0,-0,-0
0.5285,0,-0,-0,-0
0.529,0,-0,-0,-0
0.5295,0,-0,-0,-0
0.53,0,-0,-0,-0
0.5305,0,-0,-0,-0
0.531,0,-0,-0,-0
0.5315,0,-0,-0,-0
0.532,0,-0,-0,-0
0.5325,0,-0,-0,-0
0.533,0,-0,-0,-0
0.5335,0,-0,-0,-0
0.534,0,-0,-0,-0
0.5345,0,-0,-0,-0
0.535,0,-0,-0,-0
0.5355,0,-0,-0,-0
0.536,0,-0,-0,-0
0.5365,0,-0,-0,-0
0.537,0,-0,-0,-0
0.5375,0,-0,-0,-0
0.538,0,-0,-0,-0
0.5385,0,-0,-0,-0
0.539,0,-0,-0,-0
0.5395,0,-0,-0,-0
0.54,0,-0,-0,-0
0.5405,0,-0,-0,-0
0.541,0,-0,-0,-0
0.5415,0,-0,-0,-0
0.542,0,-0,-0,-0
0.5425,0,-0,-0,-0
0.543,0,-0,-0,-0
0.5435,0,-0,-0,-0
0.544,0,-0,-0,-0
0.5445,0,-0,-0,-0
0.545,0,-0,-0,-0
0.5455,0,-0,-0,-0
0.546,0,-0,-0,-0
0.5465,0,-0,-0,-0
0.547,0,-0,-0,-0
0.5475,0,-0,-0,-0
0.548,0,-0,-0,-0
0.5485,0,-0,-0,-0
0.549,0,-0,-0,-0
0.5495,0,-0,-0,-0
0.55,0,-0,-0,-0
0.5505,0,-0,-0,-0
0.551,0,-0,-0,-0
0.5515,0,-0,-0,-0
0.552,0,-0,-0,-0
0.5525,0,-0,-0,-0
0.553,0,-0,-0,-0
0.5535,0,-0,-0,-0
0.554,0,-0,-0,-0
0.5545,0,-0,-0,-0
0.555,0,-0,-0,-0
0.5555,0,-0,-0,-0
0.556,0,-0,-0,-0
0.5565,0,-0,-0,-0
0.557,0,-0,-0,-0
0.5575,0,-0,-0,-0
0.558,0,-0,-0,-0
0.5585,0,-0,-0,-0
0.559,0,-0,-0,-0
0.5595,0,-0,-0,-0
0.56,0,-0,-0,-0
0.5605,0,-0,-0,-0
0.561,0,-0,-0,-0
0.5615,0,-0,-0,-0
0.562,0,-0,-0,-0
0.5625,0,-0,-0,-0
0.563,0,-0,-0,-0
0.5635,0,-0,-0,-0
0.564,0,-0,-0,-0
0.5645,0,-0,-0,-0
0.565,0,-0,-0,-0
0.5655,0,-0,-0,-0
0.566,0,-0,-0,-0
0.5665,0,-0,-0,-0
0.567,0,-0,-0,-0
0.5675,0,-0,-0,-0
0.568,0,-0,-0,-0
0.5685,0,-0,-0,-0
0.569,0,-0,-0,-0
0.5695,0,-0,-0,-0
0.57,0,-0,-0,-0
0.5705,0,-0,-0,-0
0.571,0,-0,-0,-0
0.5715,0,-0,-0,-0
0.572,0,-0,-0,-0
0.5725,0,-0,-0,-0
0.573,0,-0,-0,-0
0.5735,0,-0,-0,-0
0.574,0,-0,-0,-0
0.5745,0,-0,-0,-0
0.575,0,-0,-0,-0
0.5755,0,-0,-0,-0
0.576,0,-0,-0,-0
0.5765,0,-0,-0,-0
0.577,0,-0,-0,-0
0.5775,0,-0,-0,-0
0.578,0,-0,-0,-0
0.5785,0,-0,-0,-0
0.579,0,-0,-0,-0
0.5795,0,-0,-0,-0
0.58,0,-0,-0,-0
0.5805,0,-0,-0,-0
0.581,0,-0,-0,-0
0.5815,0,-0,-0,-0
0.582,0,-0,-0,-0
0.5825,0,-0,-0,-0
0.583,0,-0,-0,-0
0.5835,0,-0,-0,-0
0.584,0,-0,-0,-0
0.5845,0,-0,-0,-0
0.585,0,-0,-0,-0
0.5855,0,-0,-0,-0
0.586,0,-0,-0,-0
0.5865,0,-0,-0,-0
0.587,0,-0,-0,-0
0.5875,0,-0,-0,-0
0.588,0,-0,-0,-0
0.5885,0,-0,-0,-0
0.589,0,-0,-0,-0
0.5895,0,-0,-0,-0
0.59,0,-0,-0,-0
0.5905,0,-0,-0,-0
0.591,0,-0,-0,-0
0.5915,0,-0,-0,-0
0.592,0,-0,-0,-0
0.5925,0,-0,-0,-0
0.593,0,-0,-0,-0
0.5935,0,-0,-0,-0
0.594,0,-0,-0,-0
0.5945,0,-0,-0,-0
0.595,0,-0,-0,-0
0.5955,0,-0,-0,-0
0.596,0,-0,-0,-0
0.5965,0,-0,-0,-0
0.597,0,-0,-0,-0
0.5975,0,-0,-0,-0
0.598,0,-0,-0,-0
0.5985,0,-0,-0,-0
0.599,0,-0,-0,-0
0.5995,0,-0,-0,-0
0.6,0,-0,-0,-0
0.6005,0,-0,-0,-0
0.601,0,-0,-0,-0
0.6015,0,-0,-0,-0
0.602,0,-0,-0,-0
0.6025,0,-0,-0,-0
0.603,0,-0,-0,-0
0.6035,0,-0,-0,-0
0.604,0,-0,-0,-0
0.6045,0,-0,-0,-0
0.605,0,-0,-0,-0
0.6055,0,-0,-0,-0
0.606,0,-0,-0,-0
0.6065,0,-0,-0,-0
0.607,0,-0,-0,-0
0.6075,0,-0,-0,-0
0.608,0,-0,-0,-0
0.6085,0,-0,-0,-0
0.609,0,-0,-0,-0
0.6095,0,-0,-0,-0
0.61,0,-0,-0,-0
0.6105,0,-0,-0,-0
0.611,0,-0,-0,-0
0.6115,0,-0,-0,-0
0.612,0,-0,-0,-0
0.6125,0,-0,-0,-0
0.613,0,-0,-0,-0
0.6135,0,-0,-0,-0
0.614,0,-0,-0,-0
0.6145,0,-0,-0,-0
0.615,0,-0,-0,-0
0.6155,0,-0,-0,-0
0.616,0,-0,-0,-0
0.6165,0,-0,-0,-0
0.617,0,-0,-0,-0
0.6175,0,-0,-0,-0
0.618,0,-0,-0,-0
0.6185,0,-0,-0,-0
0.619,0,-0,-0,-0
0.6195,0,-0,-0,-0
0.62,0,-0,-0,-0
0.6205,0,-0,-0,-0
0.621,0,-0,-0,-0
0.6215,0,-0,-0,-0
0.622,0,-0,-0,-0
0.6225,0,-0,-0,-0
0.623,0,-0,-0,-0
0.6235,0,-0,-0,-0
0.624,0,-0,-0,-0
0.6245,0,-0,-0,-0
0.625,0,-0,-0,-0
0.6255,0,-0,-0,-0
0.626,0,-0,-0,-0
0.6265,0,-0,-0,-0
0.627,0,-0,-0,-0
0.6275,0,-0,-0,-0
0.628,0,-0,-0,-0
0.6285,0,-0,-0,-0
0.629,0,-0,-0,-0
0.6295,0,-0,-0,-0
0.63,0,-0,-0,-0
0.6305,0,-0,-0,-0
0.631,0,-0,-0,-0
0.6315,0,-0,-0,-0
0.632,0,-0,-0,-0
0.6325,0,-0,-0,-0
0.633,0,-0,-0,-0
0.6335,0,-0,-0,-0
0.634,0,-0,-0,-0
0.6345,0,-0,-0,-0
0.635,0,-0,-0,-0
0.6355,0,-0,-0,-0
0.636,0,-0,-0,-0
0.6365,0,-0,-0,-0
0.637,0,-0,-0,-0
0.6375,0,-0,-0,-0
0.638,0,-0,-0,-0
0.6385,0,-0,-0,-0
0.639,0,-0,-0,-0
0.6395,0,-0,-0,-0
0.64,0,-0,-0,-0
0.6405,0,-0,-0,-0
0.641,0,-0,-0,-0
0.6415,0,-0,-0,-0
0.642,0,-0,-0,-0
0.6425,0,-0,-0,-0
0.643,0,-0,-0,-0
0.6435,0,-0,-0,-0
0.644,0,-0,-0,-0
0.6445,0,-0,-0,-0
0.645,0,-0,-0,-0
0.6455,0,-0,-0,-0
0.646,0,-0,-0,-0
0.6465,0,-0,-0,-0
0.647,0,-0,-0,-0
0.6475,0,-0,-0,-0
0.648,0,-0,-0,-0
0.6485,0,-0,-0,-0
0.649,0,-0,-0,-0
0.6495,0,-0,-0,-0
0.65,0,-0,-0,-0
0.6505,0,-0,-0,-0
0.651,0,-0,-0,-0
0.6515,0,-0,-0,-0
0.652,0,-0,-0,-0
0.6525,0,-0,-0,-0
0.653,0,-0,-0,-0
0.6535,0,-0,-0,-0
0.654,0,-0,-0,-0
0.6545,0,-0,-0,-0
0.655,0,-0,-0,-0
0.6555,0,-0,-0,-0
0.656,0,-0,-0,-0
0.6565,0,-0,-0,-0
0.657,0,-0,-0,-0
0.6575,0,-0,-0,-0
0.658,0,-0,-0,-0
0.6585,0,-0,-0,-0
0.659,0,-0,-0,-0
0.6595,0,-0,-0,-0
0.66,0,-0,-0,-0
0.6605,0,-0,-0,-0
0.661,0,-0,-0,-0
0.6615,0,-0,-0,-0
0.662,0,-0,-0,-0
0.6625,0,-0,-0,-0
0.663,0,-0,-0,-0
0.6635,0,-0,-0,-0
0.664,0,-0,-0,-0
0.6645,0,-0,-0,-0
0.665,0,-0,-0,-0
0.6655,0,-0,-0,-0
0.666,0,-0,-0,-0
0.6665,0,-0,-0,-0
0.667,0,-0,-0,-0
0.6675,0,-0,-0,-0
0.668,0,-0,-0,-0
0.6685,0,-0,-0,-0
0.669,0,-0,-0,-0
0.6695,0,-0,-0,-0
0.67,0,-0,-0,-0
0.6705,0,-0,-0,-0
0.671,0,-0,-0,-0
0.6715,0,-0,-0,-0
0.672,0,-0,-0,-0
0.6725,0,-0,-0,-0
0.673,0,-0,-0,-0
0.6735,0,-0,-0,-0
0.674,0,-0,-0,-0
0.6745,0,-0,-0,-0
0.675,0,-0,-0,-0
0.6755,0,-0,-0,-0
0.676,0,-0,-0,-0
0.6765,0,-0,-0,-0
0.677,0,-0,-0,-0
0.6775,0,-0,-0,-0
0.678,0,-0,-0,-0
0.6785,0,-0,-0,-0
0.679,0,-0,-0,-0
0.6795,0,-0,-0,-0
0.68,0,-0,-0,-0
0.6805,0,-0,-0,-0
0.681,0,-0,-0,-0
0.6815,0,-0,-0,-0
0.682,0,-0,-0,-0
0.6825,0,-0,-0,-0
0.683,0,-0,-0,-0
0.6835,0,-0,-0,-0
0.684,0,-0,-0,-0
0.6845,0,-0,-0,-0
0.685,0,-0,-0,-0
0.6855,0,-0,-0,-0
0.686,0,-0,-0,-0
0.6865,0,-0,-0,-0
0.687,0,-0,-0,-0
0.6875,0,-0,-0,-0
0.688,0,-0,-0,-0
0.6885,0,-0,-0,-0
0.689,0,-0,-0,-0
0.6895,0,-0,-0,-0
0.69,0,-0,-0,-0
0.6905,0,-0,-0,-0
0.691,0,-0,-0,-0
0.6915,0,-0,-0,-0
0.692,0,-0,-0,-0
0.6925,0,-0,-0,-0
0.693,0,-0,-0,-0
0.6935,0,-0,-0,-0
0.694,0,-0,-0,-0
0.6945,0,-0,-0,-0
0.695,0,-0,-0,-0
0.6955,0,-0,-0,-0
0.696,0,-0,-0,-0
0.6965,0,-0,-0,-0
0.697,0,-0,-0,-0
0.6975,0,-0,-0,-0
0.698,0,-0,-0,-0
0.6985,0,-0,-0,-0
0.699,0,-0,-0,-0
0.6995,0,-0,-0,-0
0.7,0,-0,-0,-0
0.7005,0,-0,-0,-0
0.701,0,-0,-0,-0
0.7015,0,-0,-0,-0
0.702,0,-0,-0,-0
0.7025,0,-0,-0,-0
0.703,0,-0,-0,-0
0.7035,0,-0,-0,-0
0.704,0,-0,-0,-0
0.7045,0,-0,-0,-0
0.705,0,-0,-0,-0
0.7055,0,-0,-0,-0
0.706,0,-0,-0,-0
0.7065,0,-0,-0,-0
0.707,0,-0,-0,-0
0.7075,0,-0,-0,-0
0.708,0,-0,-0,-0
0.7085,0,-0,-0,-0
0.709,0,-0,-0,-0
0.7095,0,-0,-0,-0
0.71,0,-0,-0,-0
0.7105,0,-0,-0,-0
0.711,0,-0,-0,-0
0.7115,0,-0,-0,-0
0.712,0,-0,-0,-0
0.7125,0,-0,-0,-0
0.713,0,-0,-0,-0
0.7135,0,-0,-0,-0
0.714,0,-0,-0,-0
0.7145,0,-0,-0,-0
0.715,0,-0,-0,-0
0.7155,0,-0,-0,-0
0.716,0,-0,-0,-0
0.7165,0,-0,-0,-0
0.717,0,-0,-0,-0
0.7175,0,-0,-0,-0
0.718,0,-0,-0,-0
0.7185,0,-0,-0,-0
0.719,0,-0,-0,-0
0.7195,0,-0,-0,-0
0.72,0,-0,-0,-0
0.7205,0,-0,-0,-0
0.721,0,-0,-0,-0
0.7215,0,-0,-0,-0
0.722,0,-0,-0,-0
0.7225,0,-0,-0,-0
0.723,0,-0,-0,-0
0.7235,0,-0,-0,-0
0.724,0,-0,-0,-0
0.7245,0,-0,-0,-0
0.725,0,-0,-0,-0
0.7255,0,-0,-0,-0
0.726,0,-0,-0,-0
0.7265,0,-0,-0,-0
0.727,0,-0,-0,-0
0.7275,0,-0,-0,-0
0.728,0,-0,-0,-0
0.7285,0,-0,-0,-0
0.729,0,-0,-0,-0
0.7295,0,-0,-0,-0
0.73,0,-0,-0,-0
0.7305,0,-0,-0,-0
0.731,0,-0,-0,-0
0.7315,0,-0,-0,-0
0.732,0,-0,-0,-0
0.7325,0,-0,-0,-0
0.733,0,-0,-0,-0
0.7335,0,-0,-0,-0
0.734,0,-0,-0,-0
0.7345,0,-0,-0,-0
0.735,0,-0,-0,-0
0.7355,0,-0,-0,-0
0.736,0,-0,-0,-0
0.7365,0,-0,-0,-0
0.737,0,-0,-0,-0
0.7375,0,-0,-0,-0
0.738,0,-0,-0,-0
0.7385,0,-0,-0,-0
0.739,0,-0,-0,-0
0.7395,0,-0,-0,-0
0.74,0,-0,-0,-0
0.7405,0,-0,-0,-0
0.741,0,-0,-0,-0
0.7415,0,-0,-0,-0
0.742,0,-0,-0,-0
0.7425,0,-0,-0,-0
0.743,0,-0,-0,-0
0.7435,0,-0,-0,-0
0.744,0,-0,-0,-0
0.7445,0,-0,-0,-0
0.745,0,-0,-0,-0
0.7455,0,-0,-0,-0
0.746,0,-0,-0,-0
0.7465,0,-0,-0,-0
0.747,0,-0,-0,-0
0.7475,0,-0,-0,-0
0.748,0,-0,-0,-0
0.7485,0,-0,-0,-0
0.749,0,-0,-0,-0
0.7495,0,-0,-0,-0
0.75,0,-0,-0,-0
0.7505,0,-0,-0,-0
0.751,0,-0,-0,-0
0.7515,0,-0,-0,-0
0.752,0,-0,-0,-0
0.7525,0,-0,-0,-0
0.753,0,-0,-0,-0
0.7535,0,-0,-0,-0
0.754,0,-0,-0,-0
0.7545,0,-0,-0,-0
0.755,0,-0,-0,-0
0.7555,0,-0,-0,-0
0.756,0,-0,-0,-0
0.7565,0,-0,-0,-0
0.757,0,-0,-0,-0
0.7575,0,-0,-0,-0
0.758,0,-0,-0,-0
0.7585,0,-0,-0,-0
0.759,0,-0,-0,-0
0.7595,0,-0,-0,-0
0.76,0,-0,-0,-0
0.7605,0,-0,-0,-0
0.761,0,-0,-0,-0
0.7615,0,-0,-0,-0
0.762,0,-0,-0,-0
0.7625,0,-0,-0,-0
0.763,0,-0,-0,-0
0.7635,0,-0,-0,-0
0.764,0,-0,-0,-0
0.7645,0,-0,-0,-0
0.765,0,-0,-0,-0
0.7655,0,-0,-0,-0
0.766,0,-0,-0,-0
0.7665,0,-0,-0,-0
0.767,0,-0,-0,-0
0.7675,0,-0,-0,-0
0.768,0,-0,-0,-0
0.7685,0,-0,-0,-0
0.769,0,-0,-0,-0
0.7695,0,-0,-0,-0
0.77,0,-0,-0,-0
0.7705,0,-0,-0,-0
0.771,0,-0,-0,-0
0.7715,0,-0,-0,-0
0.772,0,-0,-0,-0
0.7725,0,-0,-0,-0
0.773,0,-0,-0,-0
0.7735,0,-0,-0,-0
0.774,0,-0,-0,-0
0.7745,0,-0,-0,-0
0.775,0,-0,-0,-0
0.7755,0,-0,-0,-0
0.776,0,-0,-0,-0
0.7765,0,-0,-0,-0
0.777,0,-0,-0,-0
0.7775,0,-0,-0,-0
0.778,0,-0,-0,-0
0.7785,0,-0,-0,-0
0.779,0,-0,-0,-0
0.7795,0,-0,-0,-0
0.78,0,-0,-0,-0
0.7805,0,-0,-0,-0
0.781,0,-0,-0,-0
0.7815,0,-0,-0,-0
0.782,0,-0,-0,-0
0.7825,0,-0,-0,-0
0.783,0,-0,-0,-0
0.7835,0,-0,-0,-0
0.784,0,-0,-0,-0
0.7845,0,-0,-0,-0
0.785,0,-0,-0,-0
0.7855,0,-0,-0,-0
0.786,0,-0,-0,-0
0.7865,0,-0,-0,-0
0.787,0,-0,-0,-0
0.7875,0,-0,-0,-0
0.788,0,-0,-0,-0
0.7885,0,-0,-0,-0
0.789,0,-0,-0,-0
0.7895,0,-0,-0,-0
0.79,0,-0,-0,-0
0.7905,0,-0,-0,-0
0.791,0,-0,-0,-0
0.7915,0,-0,-0,-0
0.792,0,-0,-0,-0
0.7925,0,-0,-0,-0
0.793,0,-0,-0,-0
0.7935,0,-0,-0,-0
0.794,0,-0,-0,-0
0.7945,0,-0,-0,-0
0.795,0,-0,-0,-0
0.7955,0,-0,-0,-0
0.796,0,-0,-0,-0
0.7965,0,-0,-0,-0
0.797,0,-0,-0,-0
0.7975,0,-0,-0,-0
0.798,0,-0,-0,-0
0.7985,0,-0,-0,-0
0.799,0,-0,-0,-0
0.7995,0,-0,-0,-0
0.8,0,-0,-0,-0
0.8005,0,-0,-0,-0
0.801,0,-0,-0,-0
0.8015,0,-0,-0,-0
0.802,0,-0,-0,-0
0.8025,0,-0,-0,-0
0.803,0,-0,-0,-0
0.8035,0,-0,-0,-0
0.804,0,-0,-0,-0
0.8045,0,-0,-0,-0
0.805,0,-0,-0,-0
0.8055,0,-0,-0,-0
0.806,0,-0,-0,-0
0.8065,0,-0,-0,-0
0.807,0,-0,-0,-0
0.8075,0,-0,-0,-0
0.808,0,-0,-0,-0
0.8085,0,-0,-0,-0
0.809,0,-0,-0,-0
0.8095,0,-0,-0,-0
0.81,0,-0,-0,-0
0.8105,0,-0,-0,-0
0.811,0,-0,-0,-0
0.8115,0,-0,-0,-0
0.812,0,-0,-0,-0
0.8125,0,-0,-0,-0
0.813,0,-0,-0,-0
0.8135,0,-0,-0,-0
0.814,0,-0,-0,-0
0.8145,0,-0,-0,-0
0.815,0,-0,-0,-0
0.8155,0,-0,-0,-0
0.816,0,-0,-0,-0
0.8165,0,-0,-0,-0
0.817,0,-0,-0,-0
0.8175,0,-0,-0,-0
0.818,0,-0,-0,-0
0.8185,0,-0,-0,-0
0.819,0,-0,-0,-0
0.8195,0,-0,-0,-0
0.82,0,-0,-0,-0
0.8205,0,-0,-0,-0
0.821,0,-0,-0,-0
0.8215,0,-0,-0,-0
0.822,0,-0,-0,-0
0.8225,0,-0,-0,-0
0.823,0,-0,-0,-0
0.8235,0,-0,-0,-0
0.824,0,-0,-0,-0
0.8245,0,-0,-0,-0
0.825,0,-0,-0,-0
0.8255,0,-0,-0,-0
0.826,0,-0,-0,-0
0.8265,0,-0,-0,-0
0.827,0,-0,-0,-0
0.8275,0,-0,-0,-0
0.828,0,-0,-0,-0
0.8285,0,-0,-0,-0
0.829,0,-0,-0,-0
0.8295,0,-0,-0,-0
0.83,0,-0,-0,-0
0.8305,0,-0,-0,-0
0.831,0,-0,-0,-0
0.8315,0,-0,-0,-0
0.832,0,-0,-0,-0
0.8325,0,-0,-0,-0
0.833,0,-0,-0,-0
0.8335,0,-0,-0,-0
0.834,0,-0,-0,-0
0.8345,0,-0,-0,-0
0.835,0,-0,-0,-0
0.8355,0,-0,-0,-0
0.836,0,-0,-0,-0
0.8365,0,-0,-0,-0
0.837,0,-0,-0,-0
0.8375,0,-0,-0,-0
0.838,0,-0,-0,-0
0.8385,0,-0,-0,-0
0.839,0,-0,-0,-0
0.8395,0,-0,-0,-0
0.84,0,-0,-0,-0
0.8405,0,-0,-0,-0
0.841,0,-0,-0,-0
0.8415,0,-0,-0,-0
0.842,0,-0,-0,-0
0.8425,0,-0,-0,-0
0.843,0,-0,-0,-0
0.8435,0,-0,-0,-0
0.844,0,-0,-0,-0
0.8445,0,-0,-0,-0
0.845,0,-0,-0,-0
0.8455,0,-0,-0,-0
0.846,0,-0,-0,-0
0.8465,0,-0,-0,-0
0.847,0,-0,-0,-0
0.8475,0,-0,-0,-0
0.848,0,-0,-0,-0
0.8485,0,-0,-0,-0
0.849,0,-0,-0,-0
0.8495,0,-0,-0,-0
0.85,0,-0,-0,-0
0.8505,0,-0,-0,-0
0.851,0,-0,-0,-0
0.8515,0,-0,-0,-0
0.852,0,-0,-0,-0
0.8525,0,-0,-0,-0
0.853,0,-0,-0,-0
0.8535,0,-0,-0,-0
0.854,0,-0,-0,-0
0.8545,0,-0,-0,-0
0.855,0,-0,-0,-0
0.8555,0,-0,-0,-0
0.856,0,-0,-0,-0
0.8565,0,-0,-0,-0
0.857,0,-0,-0,-0
0.8575,0,-0,-0,-0
0.858,0,-0,-0,-0
0.8585,0,-0,-0,-0
0.859,0,-0,-0,-0
0.8595,0,-0,-0,-0
0.86,0,-0,-0,-0
0.8605,0,-0,-0,-0
0.861,0,-0,-0,-0
0.8615,0,-0,-0,-0
0.862,0,-0,-0,-0
0.8625,0,-0,-0,-0
0.863,0,-0,-0,-0
0.8635,0,-0,-0,-0
0.864,0,-0,-0,-0
0.8645,0,-0,-0,-0
0.865,0,-0,-0,-0
0.8655,0,-0,-0,-0
0.866,0,-0,-0,-0
0.8665,0,-0,-0,-0
0.867,0,-0,-0,-0
0.8675,0,-0,-0,-0
0.868,0,-0,-0,-0
0.8685,0,-0,-0,-0
0.869,0,-0,-0,-0
0.8695,0,-0,-0,-0
0.87,0,-0,-0,-0
0.8705,0,-0,-0,-0
0.871,0,-0,-0,-0
0.8715,0,-0,-0,-0
0.872,0,-0,-0,-0
0.8725,0,-0,-0,-0
0.873,0,-0,-0,-0
0.8735,0,-0,-0,-0
0.874,0,-0,-0,-0
0.8745,0,-0,-0,-0
0.875,0,-0,-0,-0
0.8755,0,-0,-0,-0
0.876,0,-0,-0,-0
0.8765,0,-0,-0,-0
0.877,0,-0,-0,-0
0.8775,0,-0,-0,-0
0.878,0,-0,-0,-0
0.8785,0,-0,-0,-0
0.879,0,-0,-0,-0
0.8795,0,-0,-0,-0
0.88,0,-0,-0,-0
0.8805,0,-0,-0,-0
0.881,0,-0,-0,-0
0.8815,0,-0,-0,-0
0.882,0,-0,-0,-0
0.8825,0,-0,-0,-0
0.883,0,-0,-0,-0
0.8835,0,-0,-0,-0
0.884,0,-0,-0,-0
0.8845,0,-0,-0,-0
0.885,0,-0,-0,-0
0.8855,0,-0,-0,-0
0.886,0,-0,-0,-0
0.8865,0,-0,-0,-0
0.887,0,-0,-0,-0
0.8875,0,-0,-0,-0
0.888,0,-0,-0,-0
0.8885,0,-0,-0,-0
0.889,0,-0,-0,-0
0.8895,0,-0,-0,-0
0.89,0,-0,-0,-0
0.8905,0,-0,-0,-0
0.891,0,-0,-0,-0
0.8915,0,-0,-0,-0
0.892,0,-0,-0,-0
0.8925,0,-0,-0,-0
0.893,0,-0,-0,-0
0.8935,0,-0,-0,-0
0.894,0,-0,-0,-0
0.8945,0,-0,-0,-0
0.895,0,-0,-0,-0
0.8955,0,-0,-0,-0
0.896,0,-0,-0,-0
0.8965,0,-0,-0,-0
0.897,0,-0,-0,-0
0.8975,0,-0,-0,-0
0.898,0,-0,-0,-0
0.8985,0,-0,-0,-0
0.899,0,-0,-0,-0
0.8995,0,-0,-0,-0
0.9,0,-0,-0,-0
0.9005,0,-0,-0,-0
0.901,0,-0,-0,-0
0.9015,0,-0,-0,-0
0.902,0,-0,-0,-0
0.9025,0,-0,-0,-0
0.903,0,-0,-0,-0
0.9035,0,-0,-0,-0
0.904,0,-0,-0,-0
0.9045,0,-0,-0,-0
0.905,0,-0,-0,-0
0.9055,0,-0,-0,-0
0.906,0,-0,-0,-0
0.9065,0,-0,-0,-0
0.907,0,-0,-0,-0
0.9075,0,-0,-0,-0
0.908,0,-0,-0,-0
0.9085,0,-0,-0,-0
0.909,0,-0,-0,-0
0.9095,0,-0,-0,-0
0.91,0,-0,-0,-0
0.9105,0,-0,-0,-0
0.911,0,-0,-0,-0
0.9115,0,-0,-0,-0
0.912,0,-0,-0,-0
0.9125,0,-0,-0,-0
0.913,0,-0,-0,-0
0.9135,0,-0,-0,-0
0.914,0,-0,-0,-0
0.9145,0,-0,-0,-0
0.915,0,-0,-0,-0
0.9155,0,-0,-0,-0
0.916,0,-0,-0,-0
0.9165,0,-0,-0,-0
0.917,0,-0,-0,-0
0.9175,0,-0,-0,-0
0.918,0,-0,-0,-0
0.9185,0,-0,-0,-0
0.919,0,-0,-0,-0
0.9195,0,-0,-0,-0
0.92,0,-0,-0,-0
0.9205,0,-0,-0,-0
0.921,0,-0,-0,-0
0.9215,0,-0,-0,-0
0.922,0,-0,-0,-0
0.9225,0,-0,-0,-0
0.923,0,-0,-0,-0
0.9235,0,-0,-0,-0
0.924,0,-0,-0,-0
0.9245,0,-0,-0,-0
0.925,0,-0,-0,-0
0.9255,0,-0,-0,-0
0.926,0,-0,-0,-0
0.9265,0,-0,-0,-0
0.927,0,-0,-0,-0
0.9275,0,-0,-0,-0
0.928,0,-0,-0,-0
0.9285,0,-0,-0,-0
0.929,0,-0,-0,-0
0.9295,0,-0,-0,-0
0.93,0,-0,-0,-0
0.9305,0,-0,-0,-0
0.931,0,-0,-0,-0
0.9315,0,-0,-0,-0
0.932,0,-0,-0,-0
0.9325,0,-0,-0,-0
0.933,0,-0,-0,-0
0.9335,0,-0,-0,-0
0.934,0,-0,-0,-0
0.9345,0,-0,-0,-0
0.935,0,-0,-0,-0
0.9355,0,-0,-0,-0
0.936,0,-0,-0,-0
0.9365,0,-0,-0,-0
0.937,0,-0,-0,-0
0.9375,0,-0,-0,-0
0.938,0,-0,-0,-0
0.9385,0,-0,-0,-0
0.939,0,-0,-0,-0
0.9395,0,-0,-0,-0
0.94,0,-0,-0,-0
0.9405,0,-0,-0,-0
0.941,0,-0,-0,-0
0.9415,0,-0,-0,-0
0.942,0,-0,-0,-0
0.9425,0,-0,-0,-0
0.943,0,-0,-0,-0
0.9435,0,-0,-0,-0
0.944,0,-0,-0,-0
0.9445,0,-0,-0,-0
0.945,0,-0,-0,-0
0.9455,0,-0,-0,-0
0.946,0,-0,-0,-0
0.9465,0,-0,-0,-0
0.947,0,-0,-0,-0
0.9475,0,-0,-0,-0
0.948,0,-0,-0,-0
0.9485,0,-0,-0,-0
0.949,0,-0,-0,-0
0.9495,0,-0,-0,-0
0.95,0,-0,-0,-0
0.9505,0,-0,-0,-0
0.951,0,-0,-0,-0
0.9515,0,-0,-0,-0
0.952,0,-0,-0,-0
0.9525,0,-0,-0,-0
0.953,0,-0,-0,-0
0.9535,0,-0,-0,-0
0.954,0,-0,-0,-0
0.9545,0,-0,-0,-0
0.955,0,-0,-0,-0
0.9555,0,-0,-0,-0
0.956,0,-0,-0,-0
0.9565,0,-0,-0,-0
0.957,0,-0,-0,-0
0.9575,0,-0,-0,-0
0.958,0,-0,-0,-0
0.9585,0,-0,-0,-0
0.959,0,-0,-0,-0
0.9595,0,-0,-0,-0
0.96,0,-0,-0,-0
0.9605,0,-0,-0,-0
0.961,0,-0,-0,-0
0.9615,0,-0,-0,-0
0.962,0,-0,-0,-0
0.9625,0,-0,-0,-0
0.963,0,-0,-0,-0
0.9635,0,-0,-0,-0
0.964,0,-0,-0,-0
0.9645,0,-0,-0,-0
0.965,0,-0,-0,-0
0.9655,0,-0,-0,-0
0.966,0,-0,-0,-0
0.9665,0,-0,-0,-0
0.967,0,-0,-0,-0
0.9675,0,-0,-0,-0
0.968,0,-0,-0,-0
0.9685,0,-0,-0,-0
0.969,0,-0,-0,-0
0.9695,0,-0,-0,-0
0.97,0,-0,-0,-0
0.9705,0,-0,-0,-0
0.971,0,-0,-0,-0
0.9715,0,-0,-0,-0
0.972,0,-0,-0,-0
0.9725,0,-0,-0,-0
0.973,0,-0,-0,-0
0.9735,0,-0,-0,-0
0.974,0,-0,-0,-0
0.9745,0,-0,-0,-0
0.975,0,-0,-0,-0
0.9755,0,-0,-0,-0
0.976,0,-0,-0,-0
0.9765,0,-0,-0,-0
0.977,0,-0,-0,-0
0.9775,0,-0,-0,-0
0.978,0,-0,-0,-0
0.9785,0,-0,-0,-0
0.979,0,-0,-0,-0
0.9795,0,-0,-0,-0
0.98,0,-0,-0,-0
0.9805,0,-0,-0,-0
0.981,0,-0,-0,-0
0.9815,0,-0,-0,-0
0.982,0,-0,-0,-0
0.9825,0,-0,-0,-0
0.983,0,-0,-0,-0
0.9835,0,-0,-0,-0
0.984,0,-0,-0,-0
0.9845,0,-0,-0,-0
0.985,0,-0,-0,-0
0.9855,0,-0,-0,-0
0.986,0,-0,-0,-0
0.9865,0,-0,-0,-0
0.987,0,-0,-0,-0
0.9875,0,-0,-0,-0
0.988,0,-0,-0,-0
0.9885,0,-0,-0,-0
0.989,0,-0,-0,-0
0.9895,0,-0,-0,-0
0.99,0,-0,-0,-0
0.9905,0,-0,-0,-0
0.991,0,-0,-0,-0
0.9915,0,-0,-0,-0
0.992,0,-0,-0,-0
0.9925,0,-0,-0,-0
0.993,0,-0,-0,-0
0.9935,0,-0,-0,-0
0.994,0,-0,-0,-0
0.9945,0,-0,-0,-0
0.995,0,-0,-0,-0
0.9955,0,-0,-0,-0
0.996,0,-0,-0,-0
0.9965,0,-0,-0,-0
0.997,0,-0,-0,-0
0.9975,0,-0,-0,-0
0.998,0,-0,-0,-0
0.9985,0,-0,-0,-0
0.999,0,-0,-0,-0
0.9995,0,-0,-0,-0
1,0,-0,-0,-0
1.0005,0,-0,-0,-0
1.001,0,-0,-0,-0
1.0015,0,-0,-0,-0
1.002,0,-0,-0,-0
1.0025,0,-0,-0,-0
1.003,0,-0,-0,-0
1.0035,0,-0,-0,-0
1.004,0,-0,-0,-0
1.0045,0,-0,-0,-0
1.005,0,-0,-0,-0
1.0055,0,-0,-0,-0
1.006,0,-0,-0,-0
1.0065,0,-0,-0,-0
1.007,0,-0,-0,-0
1.0075,0,-0,-0,-0
1.008,0,-0,-0,-0
1.0085,0,-0,-0,-0
1.009,0,-0,-0,-0
1.0095,0,-0,-0,-0
1.01,0,-0,-0,-0
1.0105,0,-0,-0,-0
1.011,0,-0,-0,-0
1.0115,0,-0,-0,-0
1.012,0,-0,-0,-0
1.0125,0,-0,-0,-0
1.013,0,-0,-0,-0
1.0135,0,-0,-0,-0
1.014,0,-0,-0,-0
1.0145,0,-0,-0,-0
1.015,0,-0,-0,-0
1.0155,0,-0,-0,-0
1.016,0,-0,-0,-0
1.0165,0,-0,-0,-0
1.017,0,-0,-0,-0
1.0175,0,-0,-0,-0
1.018,0,-0,-0,-0
1.0185,0,-0,-0,-0
1.019,0,-0,-0,-0
1.0195,0,-0,-0,-0
1.02,0,-0,-0,-0
1.0205,0,-0,-0,-0
1.021,0,-0,-0,-0
1.0215,0,-0,-0,-0
1.022,0,-0,-0,-0
1.0225,0,-0,-0,-0
1.023,0,-0,-0,-0
1.0235,0,-0,-0,-0
1.024,0,-0,-0,-0
1.0245,0,-0,-0,-0
1.025,0,-0,-0,-0
1.0255,0,-0,-0,-0
1.026,0,-0,-0,-0
1.0265,0,-0,-0,-0
1.027,0,-0,-0,-0
1.0275,0,-0,-0,-0
1.028,0,-0,-0,-0
1.0285,0,-0,-0,-0
1.029,0,-0,-0,-0
1.0295,0,-0,-0,-0
1.03,0,-0,-0,-0
1.0305,0,-0,-0,-0
1.031,0,-0,-0,-0
1.0315,0,-0,-0,-0
1.032,0,-0,-0,-0
1.0325,0,-0,-0,-0
1.033,0,-0,-0,-0
1.0335,0,-0,-0,-0
1.034,0,-0,-0,-0
1.0345,0,-0,-0,-0
1.035,0,-0,-0,-0
1.0355,0,-0,-0,-0
1.036,0,-0,-0,-0
1.0365,0,-0,-0,-0
1.037,0,-0,-0,-0
1.0375,0,-0,-0,-0
1.038,0,-0,-0,-0
1.0385,0,-0,-0,-0
1.039,0,-0,-0,-0
1.0395,0,-0,-0,-0
1.04,0,-0,-0,-0
1.0405,0,-0,-0,-0
1.041,0,-0,-0,-0
1.0415,0,-0,-0,-0
1.042,0,-0,-0,-0
1.0425,0,-0,-0,-0
1.043,0,-0,-0,-0
1.0435,0,-0,-0,-0
1.044,0,-0,-0,-0
1.0445,0,-0,-0,-0
1.045,0,-0,-0,-0
1.0455,0,-0,-0,-0
1.046,0,-0,-0,-0
1.0465,0,-0,-0,-0
1.047,0,-0,-0,-0
1.0475,0,-0,-0,-0
1.048,0,-0,-0,-0
1.0485,0,-0,-0,-0
1.049,0,-0,-0,-0
1.0495,0,-0,-0,-0
1.05,0,-0,-0,-0
1.0505,0,-0,-0,-0
1.051,0,-0,-0,-0
1.0515,0,-0,-0,-0
1.052,0,-0,-0,-0
1.0525,0,-0,-0,-0
1.053,0,-0,-0,-0
1.0535,0,-0,-0,-0
1.054,0,-0,-0,-0
1.0545,0,-0,-0,-0
1.055,0,-0,-0,-0
1.0555,0,-0,-0,-0
1.056,0,-0,-0,-0
1.0565,0,-0,-0,-0
1.057,0,-0,-0,-0
1.0575,0,-0,-0,-0
1.058,0,-0,-0,-0
1.0585,0,-0,-0,-0
1.059,0,-0,-0,-0
1.0595,0,-0,-0,-0
1.06,0,-0,-0,-0
1.0605,0,-0,-0,-0
1.061,0,-0,-0,-0
1.0615,0,-0,-0,-0
1.062,0,-0,-0,-0
1.0625,0,-0,-0,-0
1.063,0,-0,-0,-0
1.0635,0,-0,-0,-0
1.064,0,-0,-0,-0
1.0645,0,-0,-0,-0
1.065,0,-0,-0,-0
1.0655,0,-0,-0,-0
1.066,0,-0,-0,-0
1.0665,0,-0,-0,-0
1.067,0,-0,-0,-0
1.0675,0,-0,-0,-0
1.068,0,-0,-0,-0
1.0685,0,-0,-0,-0
1.069,0,-0,-0,-0
1.0695,0,-0,-0,-0
1.07,0,-0,-0,-0
1.0705,0,-0,-0,-0
1.071,0,-0,-0,-0
1.0715,0,-0,-0,-0
1.072,0,-0,-0,-0
1.0725,0,-0,-0,-0
1.073,0,-0,-0,-0
1.0735,0,-0,-0,-0
1.074,0,-0,-0,-0
1.0745,0,-0,-0,-0
1.075,0,-0,-0,-0
1.0755,0,-0,-0,-0
1.076,0,-0,-0,-0
1.0765,0,-0,-0,-0
1.077,0,-0,-0,-0
1.0775,0,-0,-0,-0
1.078,0,-0,-0,-0
1.0785,0,-0,-0,-0
1.079,0,-0,-0,-0
1.0795,0,-0,-0,-0
1.08,0,-0,-0,-0
1.0805,0,-0,-0,-0
1.081,0,-0,-0,-0
1.0815,0,-0,-0,-0
1.082,0,-0,-0,-0
1.0825,0,-0,-0,-0
1.083,0,-0,-0,-0
1.0835,0,-0,-0,-0
1.084,0,-0,-0,-0
1.0845,0,-0,-0,-0
1.085,0,-0,-0,-0
1.0855,0,-0,-0,-0
1.086,0,-0,-0,-0
1.0865,0,-0,-0,-0
1.087,0,-0,-0,-0
1.0875,0,-0,-0,-0
1.088,0,-0,-0,-0
1.0885,0,-0,-0,-0
1.089,0,-0,-0,-0
1.0895,0,-0,-0,-0
1.09,0,-0,-0,-0
1.0905,0,-0,-0,-0
1.091,0,-0,-0,-0
1.0915,0,-0,-0,-0
1.092,0,-0,-0,-0
1.0925,0,-0,-0,-0
1.093,0,-0,-0,-0
1.0935,0,-0,-0,-0
1.094,0,-0,-0,-0
1.0945,0,-0,-0,-0
1.095,0,-0,-0,-0
1.0955,0,-0,-0,-0
1.096,0,-0,-0,-0
1.0965,0,-0,-0,-0
1.097,0,-0,-0,-0
1.0975,0,-0,-0,-0
1.098,0,-0,-0,-0
1.0985,0,-0,-0,-0
1.099,0,-0,-0,-0
1.0995,0,-0,-0,-0
1.1,0,-0,-0,-0
1.1005,0,-0,-0,-0
1.101,0,-0,-0,-0
1.1015,0,-0,-0,-0
1.102,0,-0,-0,-0
1.1025,0,-0,-0,-0
1.103,0,-0,-0,-0
1.1035,0,-0,-0,-0
1.104,0,-0,-0,-0
1.1045,0,-0,-0,-0
1.105,0,-0,-0,-0
1.1055,0,-0,-0,-0
1.106,0,-0,-0,-0
1.1065,0,-0,-0,-0
1.107,0,-0,-0,-0
1.1075,0,-0,-0,-0
1.108,0,-0,-0,-0
1.1085,0,-0,-0,-0
1.109,0,-0,-0,-0
1.1095,0,-0,-0,-0
1.11,0,-0,-0,-0
1.1105,0,-0,-0,-0
1.111,0,-0,-0,-0
1.1115,0,-0,-0,-0
1.112,0,-0,-0,-0
1.1125,0,-0,-0,-0
1.113,0,-0,-0,-0
1.1135,0,-0,-0,-0
1.114,0,-0,-0,-0
1.1145,0,-0,-0,-0
1.115,0,-0,-0,-0
1.1155,0,-0,-0,-0
1.116,0,-0,-0,-0
1.1165,0,-0,-0,-0
1.117,0,-0,-0,-0
1.1175,0,-0,-0,-0
1.118,0,-0,-0,-0
1.1185,0,-0,-0,-0
1.119,0,-0,-0,-0
1.1195,0,-0,-0,-0
1.12,0,-0,-0,-0
1.1205,0,-0,-0,-0
1.121,0,-0,-0,-0
1.1215,0,-0,-0,-0
1.122,0,-0,-0,-0
1.1225,0,-0,-0,-0
1.123,0,-0,-0,-0
1.1235,0,-0,-0,-0
1.124,0,-0,-0,-0
1.1245,0,-0,-0,-0
1.125,0,-0,-0,-0
1.1255,0,-0,-0,-0
1.126,0,-0,-0,-0
1.1265,0,-0,-0,-0
1.127,0,-0,-0,-0
1.1275,0,-0,-0,-0
1.128,0,-0,-0,-0
1.1285,0,-0,-0,-0
1.129,0,-0,-0,-0
1.1295,0,-0,-0,-0
1.13,0,-0,-0,-0
1.1305,0,-0,-0,-0
1.131,0,-0,-0,-0
1.1315,0,-0,-0,-0
1.132,0,-0,-0,-0
1.1325,0,-0,-0,-0
1.133,0,-0,-0,-0
1.1335,0,-0,-0,-0
1.134,0,-0,-0,-0
1.1345,0,-0,-0,-0
1.135,0,-0,-0,-0
1.1355,0,-0,-0,-0
1.136,0,-0,-0,-0
1.1365,0,-0,-0,-0
1.137,0,-0,-0,-0
1.1375,0,-0,-0,-0
1.138,0,-0,-0,-0
1.1385,0,-0,-0,-0
1.139,0,-0,-0,-0
1.1395,0,-0,-0,-0
1.14,0,-0,-0,-0
1.1405,0,-0,-0,-0
1.141,0,-0,-0,-0
1.1415,0,-0,-0,-0
1.142,0,-0,-0,-0
1.1425,0,-0,-0,-0
1.143,0,-0,-0,-0
1.1435,0,-0,-0,-0
1.144,0,-0,-0,-0
1.1445,0,-0,-0,-0
1.145,0,-0,-0,-0
1.1455,0,-0,-0,-0
1.146,0,-0,-0,-0
1.1465,0,-0,-0,-0
1.147,0,-0,-0,-0
1.1475,0,-0,-0,-0
1.148,0,-0,-0,-0
1.1485,0,-0,-0,-0
1.149,0,-0,-0,-0
1.1495,0,-0,-0,-0
1.15,0,-0,-0,-0
1.1505,0,-0,-0,-0
1.151,0,-0,-0,-0
1.1515,0,-0,-0,-0
1.152,0,-0,-0,-0
1.1525,0,-0,-0,-0
1.153,0,-0,-0,-0
1.1535,0,-0,-0,-0
1.154,0,-0,-0,-0
1.1545,0,-0,-0,-0
1.155,0,-0,-0,-0
1.1555,0,-0,-0,-0
1.156,0,-0,-0,-0
1.1565,0,-0,-0,-0
1.157,0,-0,-0,-0
1.1575,0,-0,-0,-0
1.158,0,-0,-0,-0
1.1585,0,-0,-0,-0
1.159,0,-0,-0,-0
1.1595,0,-0,-0,-0
1.16,0,-0,-0,-0
1.1605,0,-0,-0,-0
1.161,0,-0,-0,-0
1.1615,0,-0,-0,-0
1.162,0,-0,-0,-0
1.1625,0,-0,-0,-0
1.163,0,-0,-0,-0
1.1635,0,-0,-0,-0
1.164,0,-0,-0,-0
1.1645,0,-0,-0,-0
1.165,0,-0,-0,-0
1.1655,0,-0,-0,-0
1.166,0,-0,-0,-0
1.1665,0,-0,-0,-0
1.167,0,-0,-0,-0
1.1675,0,-0,-0,-0
1.168,0,-0,-0,-0
1.1685,0,-0,-0,-0
1.169,0,-0,-0,-0
1.1695,0,-0,-0,-0
1.17,0,-0,-0,-0
1.1705,0,-0,-0,-0
1.171,0,-0,-0,-0
1.1715,0,-0,-0,-0
1.172,0,-0,-0,-0
1.1725,0,-0,-0,-0
1.173,0,-0,-0,-0
1.1735,0,-0,-0,-0
1.174,0,-0,-0,-0
1.1745,0,-0,-0,-0
1.175,0,-0,-0,-0
1.1755,0,-0,-0,-0
1.176,0,-0,-0,-0
1.1765,0,-0,-0,-0
1.177,0,-0,-0,-0
1.1775,0,-0,-0,-0
1.178,0,-0,-0,-0
1.1785,0,-0,-0,-0
1.179,0,-0,-0,-0
1.1795,0,-0,-0,-0
1.18,0,-0,-0,-0
1.1805,0,-0,-0,-0
1.181,0,-0,-0,-0
1.1815,0,-0,-0,-0
1.182,0,-0,-0,-0
1.1825,0,-0,-0,-0
1.183,0,-0,-0,-0
1.1835,0,-0,-0,-0
1.184,0,-0,-0,-0
1.1845,0,-0,-0,-0
1.185,0,-0,-0,-0
1.1855,0,-0,-0,-0
1.186,0,-0,-0,-0
1.1865,0,-0,-0,-0
1.187,0,-0,-0,-0
1.1875,0,-0,-0,-0
1.188,0,-0,-0,-0
1.1885,0,-0,-0,-0
1.189,0,-0,-0,-0
1.1895,0,-0,-0,-0
1.19,0,-0,-0,-0
1.1905,0,-0,-0,-0
1.191,0,-0,-0,-0
1.1915,0,-0,-0,-0
1.192,0,-0,-0,-0
1.1925,0,-0,-0,-0
1.193,0,-0,-0,-0
1.1935,0,-0,-0,-0
1.194,0,-0,-0,-0
1.1945,0,-0,-0,-0
1.195,0,-0,-0,-0
1.1955,0,-0,-0,-0
1.196,0,-0,-0,-0
1.1965,0,-0,-0,-0
1.197,0,-0,-0,-0
1.1975,0,-0,-0,-0
1.198,0,-0,-0,-0
1.1985,0,-0,-0,-0
1.199,0,-0,-0,-0
1.1995,0,-0,-0,-0
1.2,0,-0,-0,-0
1.2005,0,-0,-0,-0
1.201,0,-0,-0,-0
1.2015,0,-0,-0,-0
1.202,0,-0,-0,-0
1.2025,0,-0,-0,-0
1.203,0,-0,-0,-0
1.2035,0,-0,-0,-0
1.204,0,-0,-0,-0
1.2045,0,-0,-0,-0
1.205,0,-0,-0,-0
1.2055,0,-0,-0,-0
1.206,0,-0,-0,-0
1.2065,0,-0,-0,-0
1.207,0,-0,-0,-0
1.2075,0,-0,-0,-0
1.208,0,-0,-0,-0
1.2085,0,-0,-0,-0
1.209,0,-0,-0,-0
1.2095,0,-0,-0,-0
1.21,0,-0,-0,-0
1.2105,0,-0,-0,-0
1.211,0,-0,-0,-0
1.2115,0,-0,-0,-0
1.212,0,-0,-0,-0
1.2125,0,-0,-0,-0
1.213,0,-0,-0,-0
1.2135,0,-0,-0,-0
1.214,0,-0,-0,-0
1.2145,0,-0,-0,-0
1.215,0,-0,-0,-0
1.2155,0,-0,-0,-0
1.216,0,-0,-0,-0
1.2165,0,-0,-0,-0
1.217,0,-0,-0,-0
1.2175,0,-0,-0,-0
1.218,0,-0,-0,-0
1.2185,0,-0,-0,-0
1.219,0,-0,-0,-0
1.2195,0,-0,-0,-0
1.22,0,-0,-0,-0
1.2205,0,-0,-0,-0
1.221,0,-0,-0,-0
1.2215,0,-0,-0,-0
1.222,0,-0,-0,-0
1.2225,0,-0,-0,-0
1.223,0,-0,-0,-0
1.2235,0,-0,-0,-0
1.224,0,-0,-0,-0
1.2245,0,-0,-0,-0
1.225,0,-0,-0,-0
1.2255,0,-0,-0,-0
1.226,0,-0,-0,-0
1.2265,0,-0,-0,-0
1.227,0,-0,-0,-0
1.2275,0,-0,-0,-0
1.228,0,-0,-0,-0
1.2285,0,-0,-0,-0
1.229,0,-0,-0,-0
1.2295,0,-0,-0,-0
1.23,0,-0,-0,-0
1.2305,0,-0,-0,-0
1.231,0,-0,-0,-0
1.2315,0,-0,-0,-0
1.232,0,-0,-0,-0
1.2325,0,-0,-0,-0
1.233,0,-0,-0,-0
1.2335,0,-0,-0,-0
1.234,0,-0,-0,-0
1.2345,0,-0,-0,-0
1.235,0,-0,-0,-0
1.2355,0,-0,-0,-0
1.236,0,-0,-0,-0
1.2365,0,-0,-0,-0
1.237,0,-0,-0,-0
1.2375,0,-0,-0,-0
1.238,0,-0,-0,-0
1.2385,0,-0,-0,-0
1.239,0,-0,-0,-0
1.2395,0,-0,-0,-0
1.24,0,-0,-0,-0
1.2405,0,-0,-0,-0
1.241,0,-0,-0,-0
1.2415,0,-0,-0,-0
1.242,0,-0,-0,-0
1.2425,0,-0,-0,-0
1.243,0,-0,-0,-0
1.2435,0,-0,-0,-0
1.244,0,-0,-0,-0
1.2445,0,-0,-0,-0
1.245,0,-0,-0,-0
1.2455,0,-0,-0,-0
1.246,0,-0,-0,-0
1.2465,0,-0,-0,-0
1.247,0,-0,-0,-0
1.2475,0,-0,-0,-0
1.248,0,-0,-0,-0
1.2485,0,-0,-0,-0
1.249,0,-0,-0,-0
1.2495,0,-0,-0,-0
1.25,0,-0,-0,-0
1.2505,0,-0,-0,-0
1.251,0,-0,-0,-0
1.2515,0,-0,-0,-0
1.252,0,-0,-0,-0
1.2525,0,-0,-0,-0
1.253,0,-0,-0,-0
1.2535,0,-0,-0,-0
1.254,0,-0,-0,-0
1.2545,0,-0,-0,-0
1.255,0,-0,-0,-0
1.2555,0,-0,-0,-0
1.256,0,-0,-0,-0
1.2565,0,-0,-0,-0
1.257,0,-0,-0,-0
1.2575,0,-0,-0,-0
1.258,0,-0,-0,-0
1.2585,0,-0,-0,-0
1.259,0,-0,-0,-0
1.2595,0,-0,-0,-0
1.26,0,-0,-0,-0
1.2605,0,-0,-0,-0
1.261,0,-0,-0,-0
1.2615,0,-0,-0,-0
1.262,0,-0,-0,-0
1.2625,0,-0,-0,-0
1.263,0,-0,-0,-0
1.2635,0,-0,-0,-0
1.264,0,-0,-0,-0
1.2645,0,-0,-0,-0
1.265,0,-0,-0,-0
1.2655,0,-0,-0,-0
1.266,0,-0,-0,-0
1.2665,0,-0,-0,-0
1.267,0,-0,-0,-0
1.2675,0,-0,-0,-0
1.268,0,-0,-0,-0
1.2685,0,-0,-0,-0
1.269,0,-0,-0,-0
1.2695,0,-0,-0,-0
1.27,0,-0,-0,-0
1.2705,0,-0,-0,-0
1.271,0,-0,-0,-0
1.2715,0,-0,-0,-0
1.272,0,-0,-0,-0
1.2725,0,-0,-0,-0
1.273,0,-0,-0,-0
1.2735,0,-0,-0,-0
1.274,0,-0,-0,-0
1.2745,0,-0,-0,-0
1.275,0,-0,-0,-0
1.2755,0,-0,-0,-0
1.276,0,-0,-0,-0
1.2765,0,-0,-0,-0
1.277,0,-0,-0,-0
1.2775,0,-0,-0,-0
1.278,0,-0,-0,-0
1.2785,0,-0,-0,-0
1.279,0,-0,-0,-0
1.2795,0,-0,-0,-0
1.28,0,-0,-0,-0
1.2805,0,-0,-0,-0
1.281,0,-0,-0,-0
1.2815,0,-0,-0,-0
1.282,0,-0,-0,-0
1.2825,0,-0,-0,-0
1.283,0,-0,-0,-0
1.2835,0,-0,-0,-0
1.284,0,-0,-0,-0
1.2845,0,-0,-0,-0
1.285,0,-0,-0,-0
1.2855,0,-0,-0,-0
1.286,0,-0,-0,-0
1.2865,0,-0,-0,-0
1.287,0,-0,-0,-0
1.2875,0,-0,-0,-0
1.288,0,-0,-0,-0
1.2885,0,-0,-0,-0
1.289,0,-0,-0,-0
1.2895,0,-0,-0,-0
1.29,0,-0,-0,-0
1.2905,0,-0,-0,-0
1.291,0,-0,-0,-0
1.2915,0,-0,-0,-0
1.292,0,-0,-0,-0
1.2925,0,-0,-0,-0
1.293,0,-0,-0,-0
1.2935,0,-0,-0,-0
1.294,0,-0,-0,-0
1.2945,0,-0,-0,-0
1.295,0,-0,-0,-0
1.2955,0,-0,-0,-0
1.296,0,-0,-0,-0
1.2965,0,-0,-0,-0
1.297,0,-0,-0,-0
1.2975,0,-0,-0,-0
1.298,0,-0,-0,-0
1.2985,0,-0,-0,-0
1.299,0,-0,-0,-0
1.2995,0,-0,-0,-0
1.3,0,-0,-0,-0
1.3005,0,-0,-0,-0
1.301,0,-0,-0,-0
1.3015,0,-0,-0,-0
1.302,0,-0,-0,-0
1.3025,0,-0,-0,-0
1.303,0,-0,-0,-0
1.3035,0,-0,-0,-0
1.304,0,-0,-0,-0
1.3045,0,-0,-0,-0
1.305,0,-0,-0,-0
1.3055,0,-0,-0,-0
1.306,0,-0,-0,-0
1.3065,0,-0,-0,-0
1.307,0,-0,-0,-0
1.3075,0,-0,-0,-0
1.308,0,-0,-0,-0
1.3085,0,-0,-0,-0
1.309,0,-0,-0,-0
1.3095,0,-0,-0,-0
1.31,0,-0,-0,-0
1.3105,0,-0,-0,-0
1.311,0,-0,-0,-0
1.3115,0,-0,-0,-0
1.312,0,-0,-0,-0
1.3125,0,-0,-0,-0
1.313,0,-0,-0,-0
1.3135,0,-0,-0,-0
1.314,0,-0,-0,-0
1.3145,0,-0,-0,-0
1.315,0,-0,-0,-0
1.3155,0,-0,-0,-0
1.316,0,-0,-0,-0
1.3165,0,-0,-0,-0
1.317,0,-0,-0,-0
1.3175,0,-0,-0,-0
1.318,0,-0,-0,-0
1.3185,0,-0,-0,-0
1.319,0,-0,-0,-0
1.3195,0,-0,-0,-0
1.32,0,-0,-0,-0
1.3205,0,-0,-0,-0
1.321,0,-0,-0,-0
1.3215,0,-0,-0,-0
1.322,0,-0,-0,-0
1.3225,0,-0,-0,-0
1.323,0,-0,-0,-0
1.3235,0,-0,-0,-0
1.324,0,-0,-0,-0
1.3245,0,-0,-0,-0
1.325,0,-0,-0,-0
1.3255,0,-0,-0,-0
1.326,0,-0,-0,-0
1.3265,0,-0,-0,-0
1.327,0,-0,-0,-0
1.3275,0,-0,-0,-0
1.328,0,-0,-0,-0
1.3285,0,-0,-0,-0
1.329,0,-0,-0,-0
1.3295,0,-0,-0,-0
1.33,0,-0,-0,-0
1.3305,0,-0,-0,-0
1.331,0,-0,-0,-0
1.3315,0,-0,-0,-0
1.332,0,-0,-0,-0
1.3325,0,-0,-0,-0
1.333,0,-0,-0,-0
1.3335,0,-0,-0,-0
1.334,0,-0,-0,-0
1.3345,0,-0,-0,-0
1.335,0,-0,-0,-0
1.3355,0,-0,-0,-0
1.336,0,-0,-0,-0
1.3365,0,-0,-0,-0
1.337,0,-0,-0,-0
1.3375,0,-0,-0,-0
1.338,0,-0,-0,-0
1.3385,0,-0,-0,-0
1.339,0,-0,-0,-0
1.3395,0,-0,-0,-0
1.34,0,-0,-0,-0
1.3405,0,-0,-0,-0
1.341,0,-0,-0,-0
1.3415,0,-0,-0,-0
1.342,0,-0,-0,-0
1.3425,0,-0,-0,-0
1.343,0,-0,-0,-0
1.3435,0,-0,-0,-0
1.344,0,-0,-0,-0
1.3445,0,-0,-0,-0
1.345,0,-0,-0,-0
1.3455,0,-0,-0,-0
1.346,0,-0,-0,-0
1.3465,0,-0,-0,-0
1.347,0,-0,-0,-0
1.3475,0,-0,-0,-0
1.348,0,-0,-0,-0
1.3485,0,-0,-0,-0
1.349,0,-0,-0,-0
1.3495,0,-0,-0,-0
1.35,0,-0,-0,-0
1.3505,0,-0,-0,-0
1.351,0,-0,-0,-0
1.3515,0,-0,-0,-0
1.352,0,-0,-0,-0
1.3525,0,-0,-0,-0
1.353,0,-0,-0,-0
1.3535,0,-0,-0,-0
1.354,0,-0,-0,-0
1.3545,0,-0,-0,-0
1.355,0,-0,-0,-0
1.3555,0,-0,-0,-0
1.356,0,-0,-0,-0
1.3565,0,-0,-0,-0
1.357,0,-0,-0,-0
1.3575,0,-0,-0,-0
1.358,0,-0,-0,-0
1.3585,0,-0,-0,-0
1.359,0,-0,-0,-0
1.3595,0,-0,-0,-0
1.36,0,-0,-0,-0
1.3605,0,-0,-0,-0
1.361,0,-0,-0,-0
1.3615,0,-0,-0,-0
1.362,0,-0,-0,-0
1.3625,0,-0,-0,-0
1.363,0,-0,-0,-0
1.3635,0,-0,-0,-0
1.364,0,-0,-0,-0
1.3645,0,-0,-0,-0
1.365,0,-0,-0,-0
1.3655,0,-0,-0,-0
1.366,0,-0,-0,-0
1.3665,0,-0,-0,-0
1.367,0,-0,-0,-0
1.3675,0,-0,-0,-0
1.368,0,-0,-0,-0
1.3685,0,-0,-0,-0
1.369,0,-0,-0,-0
1.3695,0,-0,-0,-0
1.37,0,-0,-0,-0
1.3705,0,-0,-0,-0
1.371,0,-0,-0,-0
1.3715,0,-0,-0,-0
1.372,0,-0,-0,-0
1.3725,0,-0,-0,-0
1.373,0,-0,-0,-0
1.3735,0,-0,-0,-0
1.374,0,-0,-0,-0
1.3745,0,-0,-0,-0
1.375,0,-0,-0,-0
1.3755,0,-0,-0,-0
1.376,0,-0,-0,-0
1.3765,0,-0,-0,-0
1.377,0,-0,-0,-0
1.3775,0,-0,-0,-0
1.378,0,-0,-0,-0
1.3785,0,-0,-0,-0
1.379,0,-0,-0,-0
1.3795,0,-0,-0,-0
1.38,0,-0,-0,-0
1.3805,0,-0,-0,-0
1.381,0,-0,-0,-0
1.3815,0,-0,-0,-0
1.382,0,-0,-0,-0
1.3825,0,-0,-0,-0
1.383,0,-0,-0,-0
1.3835,0,-0,-0,-0
1.384,0,-0,-0,-0
1.3845,0,-0,-0,-0
1.385,0,-0,-0,-0
1.3855,0,-0,-0,-0
1.386,0,-0,-0,-0
1.3865,0,-0,-0,-0
1.387,0,-0,-0,-0
1.3875,0,-0,-0,-0
1.388,0,-0,-0,-0
1.3885,0,-0,-0,-0
1.389,0,-0,-0,-0
1.3895,0,-0,-0,-0
1.39,0,-0,-0,-0
1.3905,0,-0,-0,-0
1.391,0,-0,-0,-0
1.3915,0,-0,-0,-0
1.392,0,-0,-0,-0
1.3925,0,-0,-0,-0
1.393,0,-0,-0,-0
1.3935,0,-0,-0,-0
1.394,0,-0,-0,-0
1.3945,0,-0,-0,-0
1.395,0,-0,-0,-0
1.3955,0,-0,-0,-0
1.396,0,-0,-0,-0
1.3965,0,-0,-0,-0
1.397,0,-0,-0,-0
1.3975,0,-0,-0,-0
1.398,0,-0,-0,-0
1.3985,0,-0,-0,-0
1.399,0,-0,-0,-0
1.3995,0,-0,-0,-0
1.4,0,-0,-0,-0
1.4005,0,-0,-0,-0
1.401,0,-0,-0,-0
1.4015,0,-0,-0,-0
1.402,0,-0,-0,-0
1.4025,0,-0,-0,-0
1.403,0,-0,-0,-0
1.4035,0,-0,-0,-0
1.404,0,-0,-0,-0
1.4045,0,-0,-0,-0
1.405,0,-0,-0,-0
1.4055,0,-0,-0,-0
1.406,0,-0,-0,-0
1.4065,0,-0,-0,-0
1.407,0,-0,-0,-0
1.4075,0,-0,-0,-0
1.408,0,-0,-0,-0
1.4085,0,-0,-0,-0
1.409,0,-0,-0,-0
1.4095,0,-0,-0,-0
1.41,0,-0,-0,-0
1.4105,0,-0,-0,-0
1.411,0,-0,-0,-0
1.4115,0,-0,-0,-0
1.412,0,-0,-0,-0
1.4125,0,-0,-0,-0
1.413,0,-0,-0,-0
1.4135,0,-0,-0,-0
1.414,0,-0,-0,-0
1.4145,0,-0,-0,-0
1.415,0,-0,-0,-0
1.4155,0,-0,-0,-0
1.416,0,-0,-0,-0
1.4165,0,-0,-0,-0
1.417,0,-0,-0,-0
1.4175,0,-0,-0,-0
1.418,0,-0,-0,-0
1.4185,0,-0,-0,-0
1.419,0,-0,-0,-0
1.4195,0,-0,-0,-0
1.42,0,-0,-0,-0
1.4205,0,-0,-0,-0
1.421,0,-0,-0,-0
1.4215,0,-0,-0,-0
1.422,0,-0,-0,-0
1.4225,0,-0,-0,-0
1.423,0,-0,-0,-0
1.4235,0,-0,-0,-0
1.424,0,-0,-0,-0
1.4245,0,-0,-0,-0
1.425,0,-0,-0,-0
1.4255,0,-0,-0,-0
1.426,0,-0,-0,-0
1.4265,0,-0,-0,-0
1.427,0,-0,-0,-0
1.4275,0,-0,-0,-0
1.428,0,-0,-0,-0
1.4285,0,-0,-0,-0
1.429,0,-0,-0,-0
1.4295,0,-0,-0,-0
1.43,0,-0,-0,-0
1.4305,0,-0,-0,-0
1.431,0,-0,-0,-0
1.4315,0,-0,-0,-0
1.432,0,-0,-0,-0
1.4325,0,-0,-0,-0
1.433,0,-0,-0,-0
1.4335,0,-0,-0,-0
1.434,0,-0,-0,-0
1.4345,0,-0,-0,-0
1.435,0,-0,-0,-0
1.4355,0,-0,-0,-0
1.436,0,-0,-0,-0
1.4365,0,-0,-0,-0
1.437,0,-0,-0,-0
1.4375,0,-0,-0,-0
1.438,0,-0,-0,-0
1.4385,0,-0,-0,-0
1.439,0,-0,-0,-0
1.4395,0,-0,-0,-0
1.44,0,-0,-0,-0
1.4405,0,-0,-0,-0
1.441,0,-0,-0,-0
1.4415,0,-0,-0,-0
1.442,0,-0,-0,-0
1.4425,0,-0,-0,-0
1.443,0,-0,-0,-0
1.4435,0,-0,-0,-0
1.444,0,-0,-0,-0
1.4445,0,-0,-0,-0
1.445,0,-0,-0,-0
1.4455,0,-0,-0,-0
1.446,0,-0,-0,-0
1.4465,0,-0,-0,-0
1.447,0,-0,-0,-0
1.4475,0,-0,-0,-0
1.448,0,-0,-0,-0
1.4485,0,-0,-0,-0
1.449,0,-0,-0,-0
1.4495,0,-0,-0,-0
1.45,0,-0,-0,-0
1.4505,0,-0,-0,-0
1.451,0,-0,-0,-0
1.4515,0,-0,-0,-0
1.452,0,-0,-0,-0
1.4525,0,-0,-0,-0
1.453,0,-0,-0,-0
1.4535,0,-0,-0,-0
1.454,0,-0,-0,-0
1.4545,0,-0,-0,-0
1.455,0,-0,-0,-0
1.4555,0,-0,-0,-0
1.456,0,-0,-0,-0
1.4565,0,-0,-0,-0
1.457,0,-0,-0,-0
1.4575,0,-0,-0,-0
1.458,0,-0,-0,-0
1.4585,0,-0,-0,-0
1.459,0,-0,-0,-0
1.4595,0,-0,-0,-0
1.46,0,-0,-0,-0
1.4605,0,-0,-0,-0
1.461,0,-0,-0,-0
1.4615,0,-0,-0,-0
1.462,0,-0,-0,-0
1.4625,0,-0,-0,-0
1.463,0,-0,-0,-0
1.4635,0,-0,-0,-0
1.464,0,-0,-0,-0
1.4645,0,-0,-0,-0
1.465,0,-0,-0,-0
1.4655,0,-0,-0,-0
1.466,0,-0,-0,-0
1.4665,0,-0,-0,-0
1.467,0,-0,-0,-0
1.4675,0,-0,-0,-0
1.468,0,-0,-0,-0
1.4685,0,-0,-0,-0
1.469,0,-0,-0,-0
1.4695,0,-0,-0,-0
1.47,0,-0,-0,-0
1.4705,0,-0,-0,-0
1.471,0,-0,-0,-0
1.4715,0,-0,-0,-0
1.472,0,-0,-0,-0
1.4725,0,-0,-0,-0
1.473,0,-0,-0,-0
1.4735,0,-0,-0,-0
1.474,0,-0,-0,-0
1.4745,0,-0,-0,-0
1.475,0,-0,-0,-0
1.4755,0,-0,-0,-0
1.476,0,-0,-0,-0
1.4765,0,-0,-0,-0
1.477,0,-0,-0,-0
1.4775,0,-0,-0,-0
1.478,0,-0,-0,-0
1.4785,0,-0,-0,-0
1.479,0,-0,-0,-0
1.4795,0,-0,-0,-0
1.48,0,-0,-0,-0
1.4805,0,-0,-0,-0
1.481,0,-0,-0,-0
1.4815,0,-0,-0,-0
1.482,0,-0,-0,-0
1.4825,0,-0,-0,-0
1.483,0,-0,-0,-0
1.4835,0,-0,-0,-0
1.484,0,-0,-0,-0
1.4845,0,-0,-0,-0
1.485,0,-0,-0,-0
1.4855,0,-0,-0,-0
1.486,0,-0,-0,-0
1.4865,0,-0,-0,-0
1.487,0,-0,-0,-0
1.4875,0,-0,-0,-0
1.488,0,-0,-0,-0
1.4885,0,-0,-0,-0
1.489,0,-0,-0,-0
1.4895,0,-0,-0,-0
1.49,0,-0,-0,-0
1.4905,0,-0,-0,-0
1.491,0,-0,-0,-0
1.4915,0,-0,-0,-0
1.492,0,-0,-0,-0
1.4925,0,-0,-0,-0
1.493,0,-0,-0,-0
1.4935,0,-0,-0,-0
1.494,0,-0,-0,-0
1.4945,0,-0,-0,-0
1.495,0,-0,-0,-0
1.4955,0,-0,-0,-0
1.496,0,-0,-0,-0
1.4965,0,-0,-0,-0
1.497,0,-0,-0,-0
1.4975,0,-0,-0,-0
1.498,0,-0,-0,-0
1.4985,0,-0,-0,-0
1.499,0,-0,-0,-0
1.4995,0,-0,-0,-0
1.5,0,-0,-0,-0
1.5005,0,-0,-0,-0
1.501,0,-0,-0,-0
1.5015,0,-0,-0,-0
1.502,0,-0,-0,-0
1.5025,0,-0,-0,-0
1.503,0,-0,-0,-0
1.5035,0,-0,-0,-0
1.504,0,-0,-0,-0
1.5045,0,-0,-0,-0
1.505,0,-0,-0,-0
1.5055,0,-0,-0,-0
1.506,0,-0,-0,-0
1.5065,0,-0,-0,-0
1.507,0,-0,-0,-0
1.5075,0,-0,-0,-0
1.508,0,-0,-0,-0
1.5085,0,-0,-0,-0
1.509,0,-0,-0,-0
1.5095,0,-0,-0,-0
1.51,0,-0,-0,-0
1.5105,0,-0,-0,-0
1.511,0,-0,-0,-0
1.5115,0,-0,-0,-0
1.512,0,-0,-0,-0
1.5125,0,-0,-0,-0
1.513,0,-0,-0,-0
1.5135,0,-0,-0,-0
1.514,0,-0,-0,-0
1.5145,0,-0,-0,-0
1.515,0,-0,-0,-0
1.5155,0,-0,-0,-0
1.516,0,-0,-0,-0
1.5165,0,-0,-0,-0
1.517,0,-0,-0,-0
1.5175,0,-0,-0,-0
1.518,0,-0,-0,-0
1.5185,0,-0,-0,-0
1.519,0,-0,-0,-0
1.5195,0,-0,-0,-0
1.52,0,-0,-0,-0
1.5205,0,-0,-0,-0
1.521,0,-0,-0,-0
1.5215,0,-0,-0,-0
1.522,0,-0,-0,-0
1.5225,0,-0,-0,-0
1.523,0,-0,-0,-0
1.5235,0,-0,-0,-0
1.524,0,-0,-0,-0
1.5245,0,-0,-0,-0
1.525,0,-0,-0,-0
1.5255,0,-0,-0,-0
1.526,0,-0,-0,-0
1.5265,0,-0,-0,-0
1.527,0,-0,-0,-0
1.5275,0,-0,-0,-0
1.528,0,-0,-0,-0
1.5285,0,-0,-0,-0
1.529,0,-0,-0,-0
1.5295,0,-0,-0,-0
1.53,0,-0,-0,-0
1.5305,0,-0,-0,-0
1.531,0,-0,-0,-0
1.5315,0,-0,-0,-0
1.532,0,-0,-0,-0
1.5325,0,-0,-0,-0
1.533,0,-0,-0,-0
1.5335,0,-0,-0,-0
1.534,0,-0,-0,-0
1.5345,0,-0,-0,-0
1.535,0,-0,-0,-0
1.5355,0,-0,-0,-0
1.536,0,-0,-0,-0
1.5365,0,-0,-0,-0
1.537,0,-0,-0,-0
1.5375,0,-0,-0,-0
1.538,0,-0,-0,-0
1.5385,0,-0,-0,-0
1.539,0,-0,-0,-0
1.5395,0,-0,-0,-0
1.54,0,-0,-0,-0
1.5405,0,-0,-0,-0
1.541,0,-0,-0,-0
1.5415,0,-0,-0,-0
1.542,0,-0,-0,-0
1.5425,0,-0,-0,-0
1.543,0,-0,-0,-0
1.5435,0,-0,-0,-0
1.544,0,-0,-0,-0
1.5445,0,-0,-0,-0
1.545,0,-0,-0,-0
1.5455,0,-0,-0,-0
1.546,0,-0,-0,-0
1.5465,0,-0,-0,-0
1.547,0,-0,-0,-0
1.5475,0,-0,-0,-0
1.548,0,-0,-0,-0
1.5485,0,-0,-0,-0
1.549,0,-0,-0,-0
1.5495,0,-0,-0,-0
1.55,0,0,0,0
1.5505,0,0,0,0
1.551,0,0,0,0
1.5515,0,0,0,0
1.552,0,0,0,0
1.5525,0,0,0,0
1.553,0,0,0,0
1.5535,0,0,0,0
1.554,0,0,0,0
1.5545,0,0,0,0
1.555,0,0,0,0
1.5555,0,0,0,0
1.556,0,0,0,0
1.5565,0,0,0,0
1.557,0,0,0,0
1.5575,0,0,0,0
1.558,0,0,0,0
1.5585,0,0,0,0
1.559,0,0,0,0
1.5595,0,0,0,0
1.56,0,0,0,0
1.5605,0,0,0,0
1.561,0,0,0,0
1.5615,0,0,0,0
1.562,0,0,0,0
1.5625,0,0,0,0
1.563,0,0,0,0
1.5635,0,0,0,0
1.564,0,0,0,0
1.5645,0,0,0,0
1.565,0,0,0,0
1.5655,0,0,0,0
1.566,0,0,0,0
1.5665,0,0,0,0
1.567,0,0,0,0
1.5675,0,0,0,0
1.568,0,0,0,0
1.5685,0,0,0,0
1.569,0,0,0,0
1.5695,0,0,0,0
1.57,0,0,0,0
1.5705,0,0,0,0
1.571,0,0,0,0
1.5715,0,0,0,0
1.572,0,0,0,0
1.5725,0,0,0,0
1.573,0,0,0,0
1.5735,0,0,0,0
1.574,0,0,0,0
1.5745,0,0,0,0
1.575,0,0,0,0
1.5755,0,0,0,0
1.576,0,0,0,0
1.5765,0,0,0,0
1.577,0,0,0,0
1.5775,0,0,0,0
1.578,0,0,0,0
1.5785,0,0,0,0
1.579,0,0,0,0
1.5795,0,0,0,0
1.58,0,0,0,0
1.5805,0,0,0,0
1.581,0,0,0,0
1.5815,0,0,0,0
1.582,0,0,0,0
1.5825,0,0,0,0
1.583,0,0,0,0
1.5835,0,0,0,0
1.584,0,0,0,0
1.5845,0,0,0,0
1.585,0,0,0,0
1.5855,0,0,0,0
1.586,0,0,0,0
1.5865,0,0,0,0
1.587,0,0,0,0
1.5875,0,0,0,0
1.588,0,0,0,0
1.5885,0,0,0,0
1.589,0,0,0,0
1.5895,0,0,0,0
1.59,0,0,0,0
1.5905,0,0,0,0
1.591,0,0,0,0
1.5915,0,0,0,0
1.592,0,0,0,0
1.5925,0,0,0,0
1.593,0,0,0,0
1.5935,0,0,0,0
1.594,0,0,0,0
1.5945,0,0,0,0
1.595,0,0,0,0
1.5955,0,0,0,0
1.596,0,0,0,0
1.5965,0,0,0,0
1.597,0,0,0,0
1.5975,0,0,0,0
1.598,0,0,0,0
1.5985,0,0,0,0
1.599,0,0,0,0
1.5995,0,0,0,0
1.6,0,0,0,0
1.6005,0,0,0,0
1.601,0,0,0,0
1.6015,0,0,0,0
1.602,0,0,0,0
1.6025,0,0,0,0
1.603,0,0,0,0
1.6035,0,0,0,0
1.604,0,0,0,0
1.6045,0,0,0,0
1.605,0,0,0,0
1.6055,0,0,0,0
1.606,0,0,0,0
1.6065,0,0,0,0
1.607,0,0,0,0
1.6075,0,0,0,0
1.608,0,0,0,0
1.6085,0,0,0,0
1.609,0,0,0,0
1.6095,0,0,0,0
1.61,0,0,0,0
1.6105,0,0,0,0
1.611,0,0,0,0
1.6115,0,0,0,0
1.612,0,0,0,0
1.6125,0,0,0,0
1.613,0,0,0,0
1.6135,0,0,0,0
1.614,0,0,0,0
1.6145,0,0,0,0
1.615,0,0,0,0
1.6155,0,0,0,0
1.616,0,0,0,0
1.6165,0,0,0,0
1.617,0,0,0,0
1.6175,0,0,0,0
1.618,0,0,0,0
1.6185,0,0,0,0
1.619,0,0,0,0
1.6195,0,0,0,0
1.62,0,0,0,0
1.6205,0,0,0,0
1.621,0,0,0,0
1.6215,0,0,0,0
1.622,0,0,0,0
1.6225,0,0,0,0
1.623,0,0,0,0
1.6235,0,0,0,0
1.624,0,0,0,0
1.6245,0,0,0,0
1.625,0,0,0,0
1.6255,0,0,0,0
1.626,0,0,0,0
1.6265,0,0,0,0
1.627,0,0,0,0
1.6275,0,0,0,0
1.628,0,0,0,0
1.6285,0,0,0,0
1.629,0,0,0,0
1.6295,0,0,0,0
1.63,0,0,0,0
1.6305,0,0,0,0
1.631,0,0,0,0
1.6315,0,0,0,0
1.632,0,0,0,0
1.6325,0,0,0,0
1.633,0,0,0,0
1.6335,0,0,0,0
1.634,0,0,0,0
1.6345,0,0,0,0
1.635,0,0,0,0
1.6355,0,0,0,0
1.636,0,0,0,0
1.6365,0,0,0,0
1.637,0,0,0,0
1.6375,0,0,0,0
1.638,0,0,0,0
1.6385,0,0,0,0
1.639,0,0,0,0
1.6395,0,0,0,0
1.64,0,0,0,0
1.6405,0,0,0,0
1.641,0,0,0,0
1.6415,0,0,0,0
1.642,0,0,0,0
1.6425,0,0,0,0
1.643,0,0,0,0
1.6435,0,0,0,0
1.644,0,0,0,0
1.6445,0,0,0,0
1.645,0,0,0,0
1.6455,0,0,0,0
1.646,0,0,0,0
1.6465,0,0,0,0
1.647,0,0,0,0
1.6475,0,0,0,0
1.648,0,0,0,0
1.6485,0,0,0,0
1.649,0,0,0,0
1.6495,0,0,0,0
1.65,0,0,0,0
1.6505,0,0,0,0
1.651,0,0,0,0
1.6515,0,0,0,0
1.652,0,0,0,0
1.6525,0,0,0,0
1.653,0,0,0,0
1.6535,0,0,0,0
1.654,0,0,0,0
1.6545,0,0,0,0
1.655,0,0,0,0
1.6555,0,0,0,0
1.656,0,0,0,0
1.6565,0,0,0,0
1.657,0,0,0,0
1.6575,0,0,0,0
1.658,0,0,0,0
1.6585,0,0,0,0
1.659,0,0,0,0
1.6595,0,0,0,0
1.66,0,0,0,0
1.6605,0,0,0,0
1.661,0,0,0,0
1.6615,0,0,0,0
1.662,0,0,0,0
1.6625,0,0,0,0
1.663,0,0,0,0
1.6635,0,0,0,0
1.664,0,0,0,0
1.6645,0,0,0,0
1.665,0,0,0,0
1.6655,0,0,0,0
1.666,0,0,0,0
1.6665,0,0,0,0
1.667,0,0,0,0
1.6675,0,0,0,0
1.668,0,0,0,0
1.6685,0,0,0,0
1.669,0,0,0,0
1.6695,0,0,0,0
1.67,0,0,0,0
1.6705,0,0,0,0
1.671,0,0,0,0
1.6715,0,0,0,0
1.672,0,0,0,0
1.6725,0,0,0,0
1.673,0,0,0,0
1.6735,0,0,0,0
1.674,0,0,0,0
1.6745,0,0,0,0
1.675,0,0,0,0
1.6755,0,0,0,0
1.676,0,0,0,0
1.6765,0,0,0,0
1.677,0,0,0,0
1.6775,0,0,0,0
1.678,0,0,0,0
1.6785,0,0,0,0
1.679,0,0,0,0
1.6795,0,0,0,0
1.68,0,0,0,0
1.6805,0,0,0,0
1.681,0,0,0,0
1.6815,0,0,0,0
1.682,0,0,0,0
1.6825,0,0,0,0
1.683,0,0,0,0
1.6835,0,0,0,0
1.684,0,0,0,0
1.6845,0,0,0,0
1.685,0,0,0,0
1.6855,0,0,0,0
1.686,0,0,0,0
1.6865,0,0,0,0
1.687,0,0,0,0
1.6875,0,0,0,0
1.688,0,0,0,0
1.6885,0,0,0,0
1.689,0,0,0,0
1.6895,0,0,0,0
1.69,0,0,0,0
1.6905,0,0,0,0
1.691,0,0,0,0
1.6915,0,0,0,0
1.692,0,0,0,0
1.6925,0,0,0,0
1.693,0,0,0,0
1.6935,0,0,0,0
1.694,0,0,0,0
1.6945,0,0,0,0
1.695,0,0,0,0
1.6955,0,0,0,0
1.696,0,0,0,0
1.6965,0,0,0,0
1.697,0,0,0,0
1.6975,0,0,0,0
1.698,0,0,0,0
1.6985,0,0,0,0
1.699,0,0,0,0
1.6995,0,0,0,0
1.7,0,0,0,0
1.7005,0,0,0,0
1.701,0,0,0,0
1.7015,0,0,0,0
1.702,0,0,0,0
1.7025,0,0,0,0
1.703,0,0,0,0
1.7035,0,0,0,0
1.704,0,0,0,0
1.7045,0,0,0,0
1.705,0,0,0,0
1.7055,0,0,0,0
1.706,0,0,0,0
1.7065,0,0,0,0
1.707,0,0,0,0
1.7075,0,0,0,0
1.708,0,0,0,0
1.7085,0,0,0,0
1.709,0,0,0,0
1.7095,0,0,0,0
1.71,0,0,0,0
1.7105,0,0,0,0
1.711,0,0,0,0
1.7115,0,0,0,0
1.712,0,0,0,0
1.7125,0,0,0,0
1.713,0,0,0,0
1.7135,0,0,0,0
1.714,0,0,0,0
1.7145,0,0,0,0
1.715,0,0,0,0
1.7155,0,0,0,0
1.716,0,0,0,0
1.7165,0,0,0,0
1.717,0,0,0,0
1.7175,0,0,0,0
1.718,0,0,0,0
1.7185,0,0,0,0
1.719,0,0,0,0
1.7195,0,0,0,0
1.72,0,0,0,0
1.7205,0,0,0,0
1.721,0,0,0,0
1.7215,0,0,0,0
1.722,0,0,0,0
1.7225,0,0,0,0
1.723,0,0,0,0
1.7235,0,0,0,0
1.724,0,0,0,0
1.7245,0,0,0,0
1.725,0,0,0,0
1.7255,0,0,0,0
1.726,0,0,0,0
1.7265,0,0,0,0
1.727,0,0,0,0
1.7275,0,0,0,0
1.728,0,0,0,0
1.7285,0,0,0,0
1.729,0,0,0,0
1.7295,0,0,0,0
1.73,0,0,0,0
1.7305,0,0,0,0
1.731,0,0,0,0
1.7315,0,0,0,0
1.732,0,0,0,0
1.7325,0,0,0,0
1.733,0,0,0,0
1.7335,0,0,0,0
1.734,0,0,0,0
1.7345,0,0,0,0
1.735,0,0,0,0
1.7355,0,0,0,0
1.736,0,0,0,0
1.7365,0,0,0,0
1.737,0,0,0,0
1.7375,0,0,0,0
1.738,0,0,0,0
1.7385,0,0,0,0
1.739,0,0,0,0
1.7395,0,0,0,0
1.74,0,0,0,0
1.7405,0,0,0,0
1.741,0,0,0,0
1.7415,0,0,0,0
1.742,0,0,0,0
1.7425,0,0,0,0
1.743,0,0,0,0
1.7435,0,0,0,0
1.744,0,0,0,0
1.7445,0,0,0,0
1.745,0,0,0,0
1.7455,0,0,0,0
1.746,0,0,0,0
1.7465,0,0,0,0
1.747,0,0,0,0
1.7475,0,0,0,0
1.748,0,0,0,0
1.7485,0,0,0,0
1.749,0,0,0,0
1.7495,0,0,0,0
1.75,0,0,0,0
1.7505,0,0,0,0
1.751,0,0,0,0
1.7515,0,0,0,0
1.752,0,0,0,0
1.7525,0,0,0,0
1.753,0,0,0,0
1.7535,0,0,0,0
1.754,0,0,0,0
1.7545,0,0,0,0
1.755,0,0,0,0
1.7555,0,0,0,0
1.756,0,0,0,0
1.7565,0,0,0,0
1.757,0,0,0,0
1.7575,0,0,0,0
1.758,0,0,0,0
1.7585,0,0,0,0
1.759,0,0,0,0
1.7595,0,0,0,0
1.76,0,0,0,0
1.7605,0,0,0,0
1.761,0,0,0,0
1.7615,0,0,0,0
1.762,0,0,0,0
1.7625,0,0,0,0
1.763,0,0,0,0
1.7635,0,0,0,0
1.764,0,0,0,0
1.7645,0,0,0,0
1.765,0,0,0,0
1.7655,0,0,0,0
1.766,0,0,0,0
1.7665,0,0,0,0
1.767,0,0,0,0
1.7675,0,0,0,0
1.768,0,0,0,0
1.7685,0,0,0,0
1.769,0,0,0,0
1.7695,0,0,0,0
1.77,0,0,0,0
1.7705,0,0,0,0
1.771,0,0,0,0
1.7715,0,0,0,0
1.772,0,0,0,0
1.7725,0,0,0,0
1.773,0,0,0,0
1.7735,0,0,0,0
1.774,0,0,0,0
1.7745,0,0,0,0
1.775,0,0,0,0
1.7755,0,0,0,0
1.776,0,0,0,0
1.7765,0,0,0,0
1.777,0,0,0,0
1.7775,0,0,0,0
1.778,0,0,0,0
1.7785,0,0,0,0
1.779,0,0,0,0
1.7795,0,0,0,0
1.78,0,0,0,0
1.7805,0,0,0,0
1.781,0,0,0,0
1.7815,0,0,0,0
1.782,0,0,0,0
1.7825,0,0,0,0
1.783,0,0,0,0
1.7835,0,0,0,0
1.784,0,0,0,0
1.7845,0,0,0,0
1.785,0,0,0,0
1.7855,0,0,0,0
1.786,0,0,0,0
1.7865,0,0,0,0
1.787,0,0,0,0
1.7875,0,0,0,0
1.788,0,0,0,0
1.7885,0,0,0,0
1.789,0,0,0,0
1.7895,0,0,0,0
1.79,0,0,0,0
1.7905,0,0,0,0
1.791,0,0,0,0
1.7915,0,0,0,0
1.792,0,0,0,0
1.7925,0,0,0,0
1.793,0,0,0,0
1.7935,0,0,0,0
1.794,0,0,0,0
1.7945,0,0,0,0
1.795,0,0,0,0
1.7955,0,0,0,0
1.796,0,0,0,0
1.7965,0,0,0,0
1.797,0,0,0,0
1.7975,0,0,0,0
1.798,0,0,0,0
1.7985,0,0,0,0
1.799,0,0,0,0
1.7995,0,0,0,0
1.8,0,0,0,0
1.8005,0,0,0,0
1.801,0,0,0,0
1.8015,0,0,0,0
1.802,0,0,0,0
1.8025,0,0,0,0
1.803,0,0,0,0
1.8035,0,0,0,0
1.804,0,0,0,0
1.8045,0,0,0,0
1.805,0,0,0,0
1.8055,0,0,0,0
1.806,0,0,0,0
1.8065,0,0,0,0
1.807,0,0,0,0
1.8075,0,0,0,0
1.808,0,0,0,0
1.8085,0,0,0,0
1.809,0,0,0,0
1.8095,0,0,0,0
1.81,0,0,0,0
1.8105,0,0,0,0
1.811,0,0,0,0
1.8115,0,0,0,0
1.812,0,0,0,0
1.8125,0,0,0,0
1.813,0,0,0,0
1.8135,0,0,0,0
1.814,0,0,0,0
1.8145,0,0,0,0
1.815,0,0,0,0
1.8155,0,0,0,0
1.816,0,0,0,0
1.8165,0,0,0,0
1.817,0,0,0,0
1.8175,0,0,0,0
1.818,0,0,0,0
1.8185,0,0,0,0
1.819,0,0,0,0
1.8195,0,0,0,0
1.82,0,0,0,0
1.8205,0,0,0,0
1.821,0,0,0,0
1.8215,0,0,0,0
1.822,0,0,0,0
1.8225,0,0,0,0
1.823,0,0,0,0
1.8235,0,0,0,0
1.824,0,0,0,0
1.8245,0,0,0,0
1.825,0,0,0,0
1.8255,0,0,0,0
1.826,0,0,0,0
1.8265,0,0,0,0
1.827,0,0,0,0
1.8275,0,0,0,0
1.828,0,0,0,0
1.8285,0,0,0,0
1.829,0,0,0,0
1.8295,0,0,0,0
1.83,0,0,0,0
1.8305,0,0,0,0
1.831,0,0,0,0
1.8315,0,0,0,0
1.832,0,0,0,0
1.8325,0,0,0,0
1.833,0,0,0,0
1.8335,0,0,0,0
1.834,0,0,0,0
1.8345,0,0,0,0
1.835,0,0,0,0
1.8355,0,0,0,0
1.836,0,0,0,0
1.8365,0,0,0,0
1.837,0,0,0,0
1.8375,0,0,0,0
1.838,0,0,0,0
1.8385,0,0,0,0
1.839,0,0,0,0
1.8395,0,0,0,0
1.84,0,0,0,0
1.8405,0,0,0,0
1.841,0,0,0,0
1.8415,0,0,0,0
1.842,0,0,0,0
1.8425,0,0,0,0
1.843,0,0,0,0
1.8435,0,0,0,0
1.844,0,0,0,0
1.8445,0,0,0,0
1.845,0,0,0,0
1.8455,0,0,0,0
1.846,0,0,0,0
1.8465,0,0,0,0
1.847,0,0,0,0
1.8475,0,0,0,0
1.848,0,0,0,0
1.8485,0,0,0,0
1.849,0,0,0,0
1.8495,0,0,0,0
1.85,0,0,0,0
1.8505,0,0,0,0
1.851,0,0,0,0
1.8515,0,0,0,0
1.852,0,0,0,0
1.8525,0,0,0,0
1.853,0,0,0,0
1.8535,0,0,0,0
1.854,0,0,0,0
1.8545,0,0,0,0
1.855,0,0,0,0
1.8555,0,0,0,0
1.856,0,0,0,0
1.8565,0,0,0,0
1.857,0,0,0,0
1.8575,0,0,0,0
1.858,0,0,0,0
1.8585,0,0,0,0
1.859,0,0,0,0
1.8595,0,0,0,0
1.86,0,0,0,0
1.8605,0,0,0,0
1.861,0,0,0,0
1.8615,0,0,0,0
1.862,0,0,0,0
1.8625,0,0,0,0
1.863,0,0,0,0
1.8635,0,0,0,0
1.864,0,0,0,0
1.8645,0,0,0,0
1.865,0,0,0,0
1.8655,0,0,0,0
1.866,0,0,0,0
1.8665,0,0,0,0
1.867,0,0,0,0
1.8675,0,0,0,0
1.868,0,0,0,0
1.8685,0,0,0,0
1.869,0,0,0,0
1.8695,0,0,0,0
1.87,0,0,0,0
1.8705,0,0,0,0
1.871,0,0,0,0
1.8715,0,0,0,0
1.872,0,0,0,0
1.8725,0,0,0,0
1.873,0,0,0,0
1.8735,0,0,0,0
1.874,0,0,0,0
1.8745,0,0,0,0
1.875,0,0,0,0
1.8755,0,0,0,0
1.876,0,0,0,0
1.8765,0,0,0,0
1.877,0,0,0,0
1.8775,0,0,0,0
1.878,0,0,0,0
1.8785,0,0,0,0
1.879,0,0,0,0
1.8795,0,0,0,0
1.88,0,0,0,0
1.8805,0,0,0,0
1.881,0,0,0,0
1.8815,0,0,0,0
1.882,0,0,0,0
1.8825,0,0,0,0
1.883,0,0,0,0
1.8835,0,0,0,0
1.884,0,0,0,0
1.8845,0,0,0,0
1.885,0,0,0,0
1.8855,0,0,0,0
1.886,0,0,0,0
1.8865,0,0,0,0
1.887,0,0,0,0
1.8875,0,0,0,0
1.888,0,0,0,0
1.8885,0,0,0,0
1.889,0,0,0,0
1.8895,0,0,0,0
1.89,0,0,0,0
1.8905,0,0,0,0
1.891,0,0,0,0
1.8915,0,0,0,0
1.892,0,0,0,0
1.8925,0,0,0,0
1.893,0,0,0,0
1.8935,0,0,0,0
1.894,0,0,0,0
1.8945,0,0,0,0
1.895,0,0,0,0
1.8955,0,0,0,0
1.896,0,0,0,0
1.8965,0,0,0,0
1.897,0,0,0,0
1.8975,0,0,0,0
1.898,0,0,0,0
1.8985,0,0,0,0
1.899,0,0,0,0
1.8995,0,0,0,0
1.9,0,0,0,0
1.9005,0,0,0,0
1.901,0,0,0,0
1.9015,0,0,0,0
1.902,0,0,0,0
1.9025,0,0,0,0
1.903,0,0,0,0
1.9035,0,0,0,0
1.904,0,0,0,0
1.9045,0,0,0,0
1.905,0,0,0,0
1.9055,0,0,0,0
1.906,0,0,0,0
1.9065,0,0,0,0
1.907,0,0,0,0
1.9075,0,0,0,0
1.908,0,0,0,0
1.9085,0,0,0,0
1.909,0,0,0,0
1.9095,0,0,0,0
1.91,0,0,0,0
1.9105,0,0,0,0
1.911,0,0,0,0
1.9115,0,0,0,0
1.912,0,0,0,0
1.9125,0,0,0,0
1.913,0,0,0,0
1.9135,0,0,0,0
1.914,0,0,0,0
1.9145,0,0,0,0
1.915,0,0,0,0
1.9155,0,0,0,0
1.916,0,0,0,0
1.9165,0,0,0,0
1.917,0,0,0,0
1.9175,0,0,0,0
1.918,0,0,0,0
1.9185,0,0,0,0
1.919,0,0,0,0
1.9195,0,0,0,0
1.92,0,0,0,0
1.9205,0,0,0,0
1.921,0,0,0,0
1.9215,0,0,0,0
1.922,0,0,0,0
1.9225,0,0,0,0
1.923,0,0,0,0
1.9235,0,0,0,0
1.924,0,0,0,0
1.9245,0,0,0,0
1.925,0,0,0,0
1.9255,0,0,0,0
1.926,0,0,0,0
1.9265,0,0,0,0
1.927,0,0,0,0
1.9275,0,0,0,0
1.928,0,0,0,0
1.9285,0,0,0,0
1.929,0,0,0,0
1.9295,0,0,0,0
1.93,0,0,0,0
1.9305,0,0,0,0
1.931,0,0,0,0
1.9315,0,0,0,0
1.932,0,0,0,0
1.9325,0,0,0,0
1.933,0,0,0,0
1.9335,0,0,0,0
1.934,0,0,0,0
1.9345,0,0,0,0
1.935,0,0,0,0
1.9355,0,0,0,0
1.936,0,0,0,0
1.9365,0,0,0,0
1.937,0,0,0,0
1.9375,0,0,0,0
1.938,0,0,0,0
1.9385,0,0,0,0
1.939,0,0,0,0
1.9395,0,0,0,0
1.94,0,0,0,0
1.9405,0,0,0,0
1.941,0,0,0,0
1.9415,0,0,0,0
1.942,0,0,0,0
1.9425,0,0,0,0
1.943,0,0,0,0
1.9435,0,0,0,0
1.944,0,0,0,0
1.9445,0,0,0,0
1.945,0,0,0,0
1.9455,0,0,0,0
1.946,0,0,0,0
1.9465,0,0,0,0
1.947,0,0,0,0
1.9475,0,0,0,0
1.948,0,0,0,0
1.9485,0,0,0,0
1.949,0,0,0,0
1.9495,0,0,0,0
1.95,0,0,0,0
1.9505,0,0,0,0
1.951,0,0,0,0
1.9515,0,0,0,0
1.952,0,0,0,0
1.9525,0,0,0,0
1.953,0,0,0,0
1.9535,0,0,0,0
1.954,0,0,0,0
1.9545,0,0,0,0
1.955,0,0,0,0
1.9555,0,0,0,0
1.956,0,0,0,0
1.9565,0,0,0,0
1.957,0,0,0,0
1.9575,0,0,0,0
1.958,0,0,0,0
1.9585,0,0,0,0
1.959,0,0,0,0
1.9595,0,0,0,0
1.96,0,0,0,0
1.9605,0,0,0,0
1.961,0,0,0,0
1.9615,0,0,0,0
1.962,0,0,0,0
1.9625,0,0,0,0
1.963,0,0,0,0
1.9635,0,0,0,0
1.964,0,0,0,0
1.9645,0,0,0,0
1.965,0,0,0,0
1.9655,0,0,0,0
1.966,0,0,0,0
1.9665,0,0,0,0
1.967,0,0,0,0
1.9675,0,0,0,0
1.968,0,0,0,0
1.9685,0,0,0,0
1.969,0,0,0,0
1.9695,0,0,0,0
1.97,0,0,0,0
1.9705,0,0,0,0
1.971,0,0,0,0
1.9715,0,0,0,0
1.972,0,0,0,0
1.9725,0,0,0,0
1.973,0,0,0,0
1.9735,0,0,0,0
1.974,0,0,0,0
1.9745,0,0,0,0
1.975,0,0,0,0
1.9755,0,0,0,0
1.976,0,0,0,0
1.9765,0,0,0,0
1.977,0,0,0,0
1.9775,0,0,0,0
1.978,0,0,0,0
1.9785,0,0,0,0
1.979,0,0,0,0
1.9795,0,0,0,0
1.98,0,0,0,0
1.9805,0,0,0,0
1.981,0,0,0,0
1.9815,0,0,0,0
1.982,0,0,0,0
1.9825,0,0,0,0
1.983,0,0,0,0
1.9835,0,0,0,0
1.984,0,0,0,0
1.9845,0,0,0,0
1.985,0,0,0,0
1.9855,0,0,0,0
1.986,0,0,0,0
1.9865,0,0,0,0
1.987,0,0,0,0
1.9875,0,0,0,0
1.988,0,0,0,0
1.9885,0,0,0,0
1.989,0,0,0,0
1.9895,0,0,0,0
1.99,0,0,0,0
1.9905,0,0,0,0
1.991,0,0,0,0
1.9915,0,0,0,0
1.992,0,0,0,0
1.9925,0,0,0,0
1.993,0,0,0,0
1.9935,0,0,0,0
1.994,0,0,0,0
1.9945,0,0,0,0
1.995,0,0,0,0
1.9955,0,0,0,0
1.996,0,0,0,0
1.9965,0,0,0,0
1.997,0,0,0,0
1.9975,0,0,0,0
1.998,0,0,0,0
1.9985,0,0,0,0
1.999,0,0,0,0
1.9995,0,0,0,0
2,0,0,0,0
2.0005,0,0,0,0
2.001,0,0,0,0
2.0015,0,0,0,0
2.002,0,0,0,0
2.0025,0,0,0,0
2.003,0,0,0,0
2.0035,0,0,0,0
2.004,0,0,0,0
2.0045,0,0,0,0
2.005,0,0,0,0
2.0055,0,0,0,0
2.006,0,0,0,0
2.0065,0,0,0,0
2.007,0,0,0,0
2.0075,0,0,0,0
2.008,0,0,0,0
2.0085,0,0,0,0
2.009,0,0,0,0
2.0095,0,0,0,0
2.01,0,0,0,0
2.0105,0,0,0,0
2.011,0,0,0,0
2.0115,0,0,0,0
2.012,0,0,0,0
2.0125,0,0,0,0
2.013,0,0,0,0
2.0135,0,0,0,0
2.014,0,0,0,0
2.0145,0,0,0,0
2.015,0,0,0,0
2.0155,0,0,0,0
2.016,0,0,0,0
2.0165,0,0,0,0
2.017,0,0,0,0
2.0175,0,0,0,0
2.018,0,0,0,0
2.0185,0,0,0,0
2.019,0,0,0,0
2.0195,0,0,0,0
2.02,0,0,0,0
2.0205,0,0,0,0
2.021,0,0,0,0
2.0215,0,0,0,0
2.022,0,0,0,0
2.0225,0,0,0,0
2.023,0,0,0,0
2.0235,0,0,0,0
2.024,0,0,0,0
2.0245,0,0,0,0
2.025,0,0,0,0
2.0255,0,0,0,0
2.026,0,0,0,0
2.0265,0,0,0,0
2.027,0,0,0,0
2.0275,0,0,0,0
2.028,0,0,0,0
2.0285,0,0,0,0
2.029,0,0,0,0
2.0295,0,0,0,0
2.03,0,0,0,0
2.0305,0,0,0,0
2.031,0,0,0,0
2.0315,0,0,0,0
2.032,0,0,0,0
2.0325,0,0,0,0
2.033,0,0,0,0
2.0335,0,0,0,0
2.034,0,0,0,0
2.0345,0,0,0,0
2.035,0,0,0,0
2.0355,0,0,0,0
2.036,0,0,0,0
2.0365,0,0,0,0
2.037,0,0,0,0
2.0375,0,0,0,0
2.038,0,0,0,0
2.0385,0,0,0,0
2.039,0,0,0,0
2.0395,0,0,0,0
2.04,0,0,0,0
2.0405,0,0,0,0
2.041,0,0,0,0
2.0415,0,0,0,0
2.042,0,0,0,0
2.0425,0,0,0,0
2.043,0,0,0,0
2.0435,0,0,0,0
2.044,0,0,0,0
2.0445,0,0,0,0
2.045,0,0,0,0
2.0455,0,0,0,0
2.046,0,0,0,0
2.0465,0,0,0,0
2.047,0,0,0,0
2.0475,0,0,0,0
2.048,0,0,0,0
2.0485,0,0,0,0
2.049,0,0,0,0
2.0495,0,0,0,0
2.05,0,0,0,0
2.0505,0,0,0,0
2.051,0,0,0,0
2.0515,0,0,0,0
2.052,0,0,0,0
2.0525,0,0,0,0
2.053,0,0,0,0
2.0535,0,0,0,0
2.054,0,0,0,0
2.0545,0,0,0,0
2.055,0,0,0,0
2.0555,0,0,0,0
2.056,0,0,0,0
2.0565,0,0,0,0
2.057,0,0,0,0
2.0575,0,0,0,0
2.058,0,0,0,0
2.0585,0,0,0,0
2.059,0,0,0,0
2.0595,0,0,0,0
2.06,0,0,0,0
2.0605,0,0,0,0
2.061,0,0,0,0
2.0615,0,0,0,0
2.062,0,0,0,0
2.0625,0,0,0,0
2.063,0,0,0,0
2.0635,0,0,0,0
2.064,0,0,0,0
2.0645,0,0,0,0
2.065,0,0,0,0
2.0655,0,0,0,0
2.066,0,0,0,0
2.0665,0,0,0,0
2.067,0,0,0,0
2.0675,0,0,0,0
2.068,0,0,0,0
2.0685,0,0,0,0
2.069,0,0,0,0
2.0695,0,0,0,0
2.07,0,0,0,0
2.0705,0,0,0,0
2.071,0,0,0,0
2.0715,0,0,0,0
2.072,0,0,0,0
2.0725,0,0,0,0
2.073,0,0,0,0
2.0735,0,0,0,0
2.074,0,0,0,0
2.0745,0,0,0,0
2.075,0,0,0,0
2.0755,0,0,0,0
2.076,0,0,0,0
2.0765,0,0,0,0
2.077,0,0,0,0
2.0775,0,0,0,0
2.078,0,0,0,0
2.0785,0,0,0,0
2.079,0,0,0,0
2.0795,0,0,0,0
2.08,0,0,0,0
2.0805,0,0,0,0
2.081,0,0,0,0
2.0815,0,0,0,0
2.082,0,0,0,0
2.0825,0,0,0,0
2.083,0,0,0,0
2.0835,0,0,0,0
2.084,0,0,0,0
2.0845,0,0,0,0
2.085,0,0,0,0
2.0855,0,0,0,0
2.086,0,0,0,0
2.0865,0,0,0,0
2.087,0,0,0,0
2.0875,0,0,0,0
2.088,0,0,0,0
2.0885,0,0,0,0
2.089,0,0,0,0
2.0895,0,0,0,0
2.09,0,0,0,0
2.0905,0,0,0,0
2.091,0,0,0,0
2.0915,0,0,0,0
2.092,0,0,0,0
2.0925,0,0,0,0
2.093,0,0,0,0
2.0935,0,0,0,0
2.094,0,0,0,0
2.0945,0,0,0,0
2.095,0,0,0,0
2.0955,0,0,0,0
2.096,0,0,0,0
2.0965,0,0,0,0
2.097,0,0,0,0
2.0975,0,0,0,0
2.098,0,0,0,0
2.0985,0,0,0,0
2.099,0,0,0,0
2.0995,0,0,0,0
2.1,0,0,0,0
2.1005,0,0,0,0
2.101,0,0,0,0
2.1015,0,0,0,0
2.102,0,0,0,0
2.1025,0,0,0,0
2.103,0,0,0,0
2.1035,0,0,0,0
2.104,0,0,0,0
2.1045,0,0,0,0
2.105,0,0,0,0
2.1055,0,0,0,0
2.106,0,0,0,0
2.1065,0,0,0,0
2.107,0,0,0,0
2.1075,0,0,0,0
2.108,0,0,0,0
2.1085,0,0,0,0
2.109,0,0,0,0
2.1095,0,0,0,0
2.11,0,0,0,0
2.1105,0,0,0,0
2.111,0,0,0,0
2.1115,0,0,0,0
2.112,0,0,0,0
2.1125,0,0,0,0
2.113,0,0,0,0
2.1135,0,0,0,0
2.114,0,0,0,0
2.1145,0,0,0,0
2.115,0,0,0,0
2.1155,0,0,0,0
2.116,0,0,0,0
2.1165,0,0,0,0
2.117,0,0,0,0
2.1175,0,0,0,0
2.118,0,0,0,0
2.1185,0,0,0,0
2.119,0,0,0,0
2.1195,0,0,0,0
2.12,0,0,0,0
2.1205,0,0,0,0
2.121,0,0,0,0
2.1215,0,0,0,0
2.122,0,0,0,0
2.1225,0,0,0,0
2.123,0,0,0,0
2.1235,0,0,0,0
2.124,0,0,0,0
2.1245,0,0,0,0
2.125,0,0,0,0
2.1255,0,0,0,0
2.126,0,0,0,0
2.1265,0,0,0,0
2.127,0,0,0,0
2.1275,0,0,0,0
2.128,0,0,0,0
2.1285,0,0,0,0
2.129,0,0,0,0
2.1295,0,0,0,0
2.13,0,0,0,0
2.1305,0,0,0,0
2.131,0,0,0,0
2.1315,0,0,0,0
2.132,0,0,0,0
2.1325,0,0,0,0
2.133,0,0,0,0
2.1335,0,0,0,0
2.134,0,0,0,0
2.1345,0,0,0,0
2.135,0,0,0,0
2.1355,0,0,0,0
2.136,0,0,0,0
2.1365,0,0,0,0
2.137,0,0,0,0
2.1375,0,0,0,0
2.138,0,0,0,0
2.1385,0,0,0,0
2.139,0,0,0,0
2.1395,0,0,0,0
2.14,0,0,0,0
2.1405,0,0,0,0
2.141,0,0,0,0
2.1415,0,0,0,0
2.142,0,0,0,0
2.1425,0,0,0,0
2.143,0,0,0,0
2.1435,0,0,0,0
2.144,0,0,0,0
2.1445,0,0,0,0
2.145,0,0,0,0
2.1455,0,0,0,0
2.146,0,0,0,0
2.1465,0,0,0,0
2.147,0,0,0,0
2.1475,0,0,0,0
2.148,0,0,0,0
2.1485,0,0,0,0
2.149,0,0,0,0
2.1495,0,0,0,0
2.15,0,0,0,0
2.1505,0,0,0,0
2.151,0,0,0,0
2.1515,0,0,0,0
2.152,0,0,0,0
2.1525,0,0,0,0
2.153,0,0,0,0
2.1535,0,0,0,0
2.154,0,0,0,0
2.1545,0,0,0,0
2.155,0,0,0,0
2.1555,0,0,0,0
2.156,0,0,0,0
2.1565,0,0,0,0
2.157,0,0,0,0
2.1575,0,0,0,0
2.158,0,0,0,0
2.1585,0,0,0,0
2.159,0,0,0,0
2.1595,0,0,0,0
2.16,0,0,0,0
2.1605,0,0,0,0
2.161,0,0,0,0
2.1615,0,0,0,0
2.162,0,0,0,0
2.1625,0,0,0,0
2.163,0,0,0,0
2.1635,0,0,0,0
2.164,0,0,0,0
2.1645,0,0,0,0
2.165,0,0,0,0
2.1655,0,0,0,0
2.166,0,0,0,0
2.1665,0,0,0,0
2.167,0,0,0,0
2.1675,0,0,0,0
2.168,0,0,0,0
2.1685,0,0,0,0
2.169,0,0,0,0
2.1695,0,0,0,0
2.17,0,0,0,0
2.1705,0,0,0,0
2.171,0,0,0,0
2.1715,0,0,0,0
2.172,0,0,0,0
2.1725,0,0,0,0
2.173,0,0,0,0
2.1735,0,0,0,0
2.174,0,0,0,0
2.1745,0,0,0,0
2.175,0,0,0,0
2.1755,0,0,0,0
2.176,0,0,0,0
2.1765,0,0,0,0
2.177,0,0,0,0
2.1775,0,0,0,0
2.178,0,0,0,0
2.1785,0,0,0,0
2.179,0,0,0,0
2.1795,0,0,0,0
2.18,0,0,0,0
2.1805,0,0,0,0
2.181,0,0,0,0
2.1815,0,0,0,0
2.182,0,0,0,0
2.1825,0,0,0,0
2.183,0,0,0,0
2.1835,0,0,0,0
2.184,0,0,0,0
2.1845,0,0,0,0
2.185,0,0,0,0
2.1855,0,0,0,0
2.186,0,0,0,0
2.1865,0,0,0,0
2.187,0,0,0,0
2.1875,0,0,0,0
2.188,0,0,0,0
2.1885,0,0,0,0
2.189,0,0,0,0
2.1895,0,0,0,0
2.19,0,0,0,0
2.1905,0,0,0,0
2.191,0,0,0,0
2.1915,0,0,0,0
2.192,0,0,0,0
2.1925,0,0,0,0
2.193,0,0,0,0
2.1935,0,0,0,0
2.194,0,0,0,0
2.1945,0,0,0,0
2.195,0,0,0,0
2.1955,0,0,0,0
2.196,0,0,0,0
2.1965,0,0,0,0
2.197,0,0,0,0
2.1975,0,0,0,0
2.198,0,0,0,0
2.1985,0,0,0,0
2.199,0,0,0,0
2.1995,0,0,0,0
2.2,0,0,0,0
2.2005,0,0,0,0
2.201,0,0,0,0
2.2015,0,0,0,0
2.202,0,0,0,0
2.2025,0,0,0,0
2.203,0,0,0,0
2.2035,0,0,0,0
2.204,0,0,0,0
2.2045,0,0,0,0
2.205,0,0,0,0
2.2055,0,0,0,0
2.206,0,0,0,0
2.2065,0,0,0,0
2.207,0,0,0,0
2.2075,0,0,0,0
2.208,0,0,0,0
2.2085,0,0,0,0
2.209,0,0,0,0
2.2095,0,0,0,0
2.21,0,0,0,0
2.2105,0,0,0,0
2.211,0,0,0,0
2.2115,0,0,0,0
2.212,0,0,0,0
2.2125,0,0,0,0
2.213,0,0,0,0
2.2135,0,0,0,0
2.214,0,0,0,0
2.2145,0,0,0,0
2.215,0,0,0,0
2.2155,0,0,0,0
2.216,0,0,0,0
2.2165,0,0,0,0
2.217,0,0,0,0
2.2175,0,0,0,0
2.218,0,0,0,0
2.2185,0,0,0,0
2.219,0,0,0,0
2.2195,0,0,0,0
2.22,0,0,0,0
2.2205,0,0,0,0
2.221,0,0,0,0
2.2215,0,0,0,0
2.222,0,0,0,0
2.2225,0,0,0,0
2.223,0,0,0,0
2.2235,0,0,0,0
2.224,0,0,0,0
2.2245,0,0,0,0
2.225,0,0,0,0
2.2255,0,0,0,0
2.226,0,0,0,0
2.2265,0,0,0,0
2.227,0,0,0,0
2.2275,0,0,0,0
2.228,0,0,0,0
2.2285,0,0,0,0
2.229,0,0,0,0
2.2295,0,0,0,0
2.23,0,0,0,0
2.2305,0,0,0,0
2.231,0,0,0,0
2.2315,0,0,0,0
2.232,0,0,0,0
2.2325,0,0,0,0
2.233,0,0,0,0
2.2335,0,0,0,0
2.234,0,0,0,0
2.2345,0,0,0,0
2.235,0,0,0,0
2.2355,0,0,0,0
2.236,0,0,0,0
2.2365,0,0,0,0
2.237,0,0,0,0
2.2375,0,0,0,0
2.238,0,0,0,0
2.2385,0,0,0,0
2.239,0,0,0,0
2.2395,0,0,0,0
2.24,0,0,0,0
2.2405,0,0,0,0
2.241,0,0,0,0
2.2415,0,0,0,0
2.242,0,0,0,0
2.2425,0,0,0,0
2.243,0,0,0,0
2.2435,0,0,0,0
2.244,0,0,0,0
2.2445,0,0,0,0
2.245,0,0,0,0
2.2455,0,0,0,0
2.246,0,0,0,0
2.2465,0,0,0,0
2.247,0,0,0,0
2.2475,0,0,0,0
2.248,0,0,0,0
2.2485,0,0,0,0
2.249,0,0,0,0
2.2495,0,0,0,0
2.25,0,0,0,0
2.2505,0,0,0,0
2.251,0,0,0,0
2.2515,0,0,0,0
2.252,0,0,0,0
2.2525,0,0,0,0
2.253,0,0,0,0
2.2535,0,0,0,0
2.254,0,0,0,0
2.2545,0,0,0,0
2.255,0,0,0,0
2.2555,0,0,0,0
2.256,0,0,0,0
2.2565,0,0,0,0
2.257,0,0,0,0
2.2575,0,0,0,0
2.258,0,0,0,0
2.2585,0,0,0,0
2.259,0,0,0,0
2.2595,0,0,0,0
2.26,0,0,0,0
2.2605,0,0,0,0
2.261,0,0,0,0
2.2615,0,0,0,0
2.262,0,0,0,0
2.2625,0,0,0,0
2.263,0,0,0,0
2.2635,0,0,0,0
2.264,0,0,0,0
2.2645,0,0,0,0
2.265,0,0,0,0
2.2655,0,0,0,0
2.266,0,0,0,0
2.2665,0,0,0,0
2.267,0,0,0,0
2.2675,0,0,0,0
2.268,0,0,0,0
2.2685,0,0,0,0
2.269,0,0,0,0
2.2695,0,0,0,0
2.27,0,0,0,0
2.2705,0,0,0,0
2.271,0,0,0,0
2.2715,0,0,0,0
2.272,0,0,0,0
2.2725,0,0,0,0
2.273,0,0,0,0
2.2735,0,0,0,0
2.274,0,0,0,0
2.2745,0,0,0,0
2.275,0,0,0,0
2.2755,0,0,0,0
2.276,0,0,0,0
2.2765,0,0,0,0
2.277,0,0,0,0
2.2775,0,0,0,0
2.278,0,0,0,0
2.2785,0,0,0,0
2.279,0,0,0,0
2.2795,0,0,0,0
2.28,0,0,0,0
2.2805,0,0,0,0
2.281,0,0,0,0
2.2815,0,0,0,0
2.282,0,0,0,0
2.2825,0,0,0,0
2.283,0,0,0,0
2.2835,0,0,0,0
2.284,0,0,0,0
2.2845,0,0,0,0
2.285,0,0,0,0
2.2855,0,0,0,0
2.286,0,0,0,0
2.2865,0,0,0,0
2.287,0,0,0,0
2.2875,0,0,0,0
2.288,0,0,0,0
2.2885,0,0,0,0
2.289,0,0,0,0
2.2895,0,0,0,0
2.29,0,0,0,0
2.2905,0,0,0,0
2.291,0,0,0,0
2.2915,0,0,0,0
2.292,0,0,0,0
2.2925,0,0,0,0
2.293,0,0,0,0
2.2935,0,0,0,0
2.294,0,0,0,0
2.2945,0,0,0,0
2.295,0,0,0,0
2.2955,0,0,0,0
2.296,0,0,0,0
2.2965,0,0,0,0
2.297,0,0,0,0
2.2975,0,0,0,0
2.298,0,0,0,0
2.2985,0,0,0,0
2.299,0,0,0,0
2.2995,0,0,0,0
2.3,0,0,0,0
2.3005,0,0,0,0
2.301,0,0,0,0
2.3015,0,0,0,0
2.302,0,0,0,0
2.3025,0,0,0,0
2.303,0,0,0,0
2.3035,0,0,0,0
2.304,0,0,0,0
2.3045,0,0,0,0
2.305,0,0,0,0
2.3055,0,0,0,0
2.306,0,0,0,0
2.3065,0,0,0,0
2.307,0,0,0,0
2.3075,0,0,0,0
2.308,0,0,0,0
2.3085,0,0,0,0
2.309,0,0,0,0
2.3095,0,0,0,0
2.31,0,0,0,0
2.3105,0,0,0,0
2.311,0,0,0,0
2.3115,0,0,0,0
2.312,0,0,0,0
2.3125,0,0,0,0
2.313,0,0,0,0
2.3135,0,0,0,0
2.314,0,0,0,0
2.3145,0,0,0,0
2.315,0,0,0,0
2.3155,0,0,0,0
2.316,0,0,0,0
2.3165,0,0,0,0
2.317,0,0,0,0
2.3175,0,0,0,0
2.318,0,0,0,0
2.3185,0,0,0,0
2.319,0,0,0,0
2.3195,0,0,0,0
2.32,0,0,0,0
2.3205,0,0,0,0
2.321,0,0,0,0
2.3215,0,0,0,0
2.322,0,0,0,0
2.3225,0,0,0,0
2.323,0,0,0,0
2.3235,0,0,0,0
2.324,0,0,0,0
2.3245,0,0,0,0
2.325,0,0,0,0
2.3255,0,0,0,0
2.326,0,0,0,0
2.3265,0,0,0,0
2.327,0,0,0,0
2.3275,0,0,0,0
2.328,0,0,0,0
2.3285,0,0,0,0
2.329,0,0,0,0
2.3295,0,0,0,0
2.33,0,0,0,0
2.3305,0,0,0,0
2.331,0,0,0,0
2.3315,0,0,0,0
2.332,0,0,0,0
2.3325,0,0,0,0
2.333,0,0,0,0
2.3335,0,0,0,0
2.334,0,0,0,0
2.3345,0,0,0,0
2.335,0,0,0,0
2.3355,0,0,0,0
2.336,0,0,0,0
2.3365,0,0,0,0
2.337,0,0,0,0
2.3375,0,0,0,0
2.338,0,0,0,0
2.3385,0,0,0,0
2.339,0,0,0,0
2.3395,0,0,0,0
2.34,0,0,0,0
2.3405,0,0,0,0
2.341,0,0,0,0
2.3415,0,0,0,0
2.342,0,0,0,0
2.3425,0,0,0,0
2.343,0,0,0,0
2.3435,0,0,0,0
2.344,0,0,0,0
2.3445,0,0,0,0
2.345,0,0,0,0
2.3455,0,0,0,0
2.346,0,0,0,0
2.3465,0,0,0,0
2.347,0,0,0,0
2.3475,0,0,0,0
2.348,0,0,0,0
2.3485,0,0,0,0
2.349,0,0,0,0
2.3495,0,0,0,0
2.35,0,0,0,0
2.3505,0,0,0,0
2.351,0,0,0,0
2.3515,0,0,0,0
2.352,0,0,0,0
2.3525,0,0,0,0
2.353,0,0,0,0
2.3535,0,0,0,0
2.354,0,0,0,0
2.3545,0,0,0,0
2.355,0,0,0,0
2.3555,0,0,0,0
2.356,0,0,0,0
2.3565,0,0,0,0
2.357,0,0,0,0
2.3575,0,0,0,0
2.358,0,0,0,0
2.3585,0,0,0,0
2.359,0,0,0,0
2.3595,0,0,0,0
2.36,0,0,0,0
2.3605,0,0,0,0
2.361,0,0,0,0
2.3615,0,0,0,0
2.362,0,0,0,0
2.3625,0,0,0,0
2.363,0,0,0,0
2.3635,0,0,0,0
2.364,0,0,0,0
2.3645,0,0,0,0
2.365,0,0,0,0
2.3655,0,0,0,0
2.366,0,0,0,0
2.3665,0,0,0,0
2.367,0,0,0,0
2.3675,0,0,0,0
2.368,0,0,0,0
2.3685,0,0,0,0
2.369,0,0,0,0
2.3695,0,0,0,0
2.37,0,0,0,0
2.3705,0,0,0,0
2.371,0,0,0,0
2.3715,0,0,0,0
2.372,0,0,0,0
2.3725,0,0,0,0
2.373,0,0,0,0
2.3735,0,0,0,0
2.374,0,0,0,0
2.3745,0,0,0,0
2.375,0,0,0,0
2.3755,0,0,0,0
2.376,0,0,0,0
2.3765,0,0,0,0
2.377,0,0,0,0
2.3775,0,0,0,0
2.378,0,0,0,0
2.3785,0,0,0,0
2.379,0,0,0,0
2.3795,0,0,0,0
2.38,0,0,0,0
2.3805,0,0,0,0
2.381,0,0,0,0
2.3815,0,0,0,0
2.382,0,0,0,0
2.3825,0,0,0,0
2.383,0,0,0,0
2.3835,0,0,0,0
2.384,0,0,0,0
2.3845,0,0,0,0
2.385,0,0,0,0
2.3855,0,0,0,0
2.386,0,0,0,0
2.3865,0,0,0,0
2.387,0,0,0,0
2.3875,0,0,0,0
2.388,0,0,0,0
2.3885,0,0,0,0
2.389,0,0,0,0
2.3895,0,0,0,0
2.39,0,0,0,0
2.3905,0,0,0,0
2.391,0,0,0,0
2.3915,0,0,0,0
2.392,0,0,0,0
2.3925,0,0,0,0
2.393,0,0,0,0
2.3935,0,0,0,0
2.394,0,0,0,0
2.3945,0,0,0,0
2.395,0,0,0,0
2.3955,0,0,0,0
2.396,0,0,0,0
2.3965,0,0,0,0
2.397,0,0,0,0
2.3975,0,0,0,0
2.398,0,0,0,0
2.3985,0,0,0,0
2.399,0,0,0,0
2.3995,0,0,0,0
2.4,0,0,0,0
2.4005,0,0,0,0
2.401,0,0,0,0
2.4015,0,0,0,0
2.402,0,0,0,0
2.4025,0,0,0,0
2.403,0,0,0,0
2.4035,0,0,0,0
2.404,0,0,0,0
2.4045,0,0,0,0
2.405,0,0,0,0
2.4055,0,0,0,0
2.406,0,0,0,0
2.4065,0,0,0,0
2.407,0,0,0,0
2.4075,0,0,0,0
2.408,0,0,0,0
2.4085,0,0,0,0
2.409,0,0,0,0
2.4095,0,0,0,0
2.41,0,0,0,0
2.4105,0,0,0,0
2.411,0,0,0,0
2.4115,0,0,0,0
2.412,0,0,0,0
2.4125,0,0,0,0
2.413,0,0,0,0
2.4135,0,0,0,0
2.414,0,0,0,0
2.4145,0,0,0,0
2.415,0,0,0,0
2.4155,0,0,0,0
2.416,0,0,0,0
2.4165,0,0,0,0
2.417,0,0,0,0
2.4175,0,0,0,0
2.418,0,0,0,0
2.4185,0,0,0,0
2.419,0,0,0,0
2.4195,0,0,0,0
2.42,0,0,0,0
2.4205,0,0,0,0
2.421,0,0,0,0
2.4215,0,0,0,0
2.422,0,0,0,0
2.4225,0,0,0,0
2.423,0,0,0,0
2.4235,0,0,0,0
2.424,0,0,0,0
2.4245,0,0,0,0
2.425,0,0,0,0
2.4255,0,0,0,0
2.426,0,0,0,0
2.4265,0,0,0,0
2.427,0,0,0,0
2.4275,0,0,0,0
2.428,0,0,0,0
2.4285,0,0,0,0
2.429,0,0,0,0
2.4295,0,0,0,0
2.43,0,0,0,0
2.4305,0,0,0,0
2.431,0,0,0,0
2.4315,0,0,0,0
2.432,0,0,0,0
2.4325,0,0,0,0
2.433,0,0,0,0
2.4335,0,0,0,0
2.434,0,0,0,0
2.4345,0,0,0,0
2.435,0,0,0,0
2.4355,0,0,0,0
2.436,0,0,0,0
2.4365,0,0,0,0
2.437,0,0,0,0
2.4375,0,0,0,0
2.438,0,0,0,0
2.4385,0,0,0,0
2.439,0,0,0,0
2.4395,0,0,0,0
2.44,0,0,0,0
2.4405,0,0,0,0
2.441,0,0,0,0
2.4415,0,0,0,0
2.442,0,0,0,0
2.4425,0,0,0,0
2.443,0,0,0,0
2.4435,0,0,0,0
2.444,0,0,0,0
2.4445,0,0,0,0
2.445,0,0,0,0
2.4455,0,0,0,0
2.446,0,0,0,0
2.4465,0,0,0,0
2.447,0,0,0,0
2.4475,0,0,0,0
2.448,0,0,0,0
2.4485,0,0,0,0
2.449,0,0,0,0
2.4495,0,0,0,0
2.45,0,0,0,0
2.4505,0,0,0,0
2.451,0,0,0,0
2.4515,0,0,0,0
2.452,0,0,0,0
2.4525,0,0,0,0
2.453,0,0,0,0
2.4535,0,0,0,0
2.454,0,0,0,0
2.4545,0,0,0,0
2.455,0,0,0,0
2.4555,0,0,0,0
2.456,0,0,0,0
2.4565,0,0,0,0
2.457,0,0,0,0
2.4575,0,0,0,0
2.458,0,0,0,0
2.4585,0,0,0,0
2.459,0,0,0,0
2.4595,0,0,0,0
2.46,0,0,0,0
2.4605,0,0,0,0
2.461,0,0,0,0
2.4615,0,0,0,0
2.462,0,0,0,0
2.4625,0,0,0,0
2.463,0,0,0,0
2.4635,0,0,0,0
2.464,0,0,0,0
2.4645,0,0,0,0
2.465,0,0,0,0
2.4655,0,0,0,0
2.466,0,0,0,0
2.4665,0,0,0,0
2.467,0,0,0,0
2.4675,0,0,0,0
2.468,0,0,0,0
2.4685,0,0,0,0
2.469,0,0,0,0
2.4695,0,0,0,0
2.47,0,0,0,0
2.4705,0,0,0,0
2.471,0,0,0,0
2.4715,0,0,0,0
2.472,0,0,0,0
2.4725,0,0,0,0
2.473,0,0,0,0
2.4735,0,0,0,0
2.474,0,0,0,0
2.4745,0,0,0,0
2.475,0,0,0,0
2.4755,0,0,0,0
2.476,0,0,0,0
2.4765,0,0,0,0
2.477,0,0,0,0
2.4775,0,0,0,0
2.478,0,0,0,0
2.4785,0,0,0,0
2.479,0,0,0,0
2.4795,0,0,0,0
2.48,0,0,0,0
2.4805,0,0,0,0
2.481,0,0,0,0
2.4815,0,0,0,0
2.482,0,0,0,0
2.4825,0,0,0,0
2.483,0,0,0,0
2.4835,0,0,0,0
2.484,0,0,0,0
2.4845,0,0,0,0
2.485,0,0,0,0
2.4855,0,0,0,0
2.486,0,0,0,0
2.4865,0,0,0,0
2.487,0,0,0,0
2.4875,0,0,0,0
2.488,0,0,0,0
2.4885,0,0,0,0
2.489,0,0,0,0
2.4895,0,0,0,0
2.49,0,0,0,0
2.4905,0,0,0,0
2.491,0,0,0,0
2.4915,0,0,0,0
2.492,0,0,0,0
2.4925,0,0,0,0
2.493,0,0,0,0
2.4935,0,0,0,0
2.494,0,0,0,0
2.4945,0,0,0,0
2.495,0,0,0,0
2.4955,0,0,0,0
2.496,0,0,0,0
2.4965,0,0,0,0
2.497,0,0,0,0
2.4975,0,0,0,0
2.498,0,0,0,0
2.4985,0,0,0,0
2.499,0,0,0,0
2.4995,0,0,0,0
2.5,0,0,0,0
2.5005,0,0,0,0
2.501,0,0,0,0
2.5015,0,0,0,0
2.502,0,0,0,0
2.5025,0,0,0,0
2.503,0,0,0,0
2.5035,0,0,0,0
2.504,0,0,0,0
2.5045,0,0,0,0
2.505,0,0,0,0
2.5055,0,0,0,0
2.506,0,0,0,0
2.5065,0,0,0,0
2.507,0,0,0,0
2.5075,0,0,0,0
2.508,0,0,0,0
2.5085,0,0,0,0
2.509,0,0,0,0
2.5095,0,0,0,0
2.51,0,0,0,0
2.5105,0,0,0,0
2.511,0,0,0,0
2.5115,0,0,0,0
2.512,0,0,0,0
2.5125,0,0,0,0
2.513,0,0,0,0
2.5135,0,0,0,0
2.514,0,0,0,0
2.5145,0,0,0,0
2.515,0,0,0,0
2.5155,0,0,0,0
2.516,0,0,0,0
2.5165,0,0,0,0
2.517,0,0,0,0
2.5175,0,0,0,0
2.518,0,0,0,0
2.5185,0,0,0,0
2.519,0,0,0,0
2.5195,0,0,0,0
2.52,0,0,0,0
2.5205,0,0,0,0
2.521,0,0,0,0
2.5215,0,0,0,0
2.522,0,0,0,0
2.5225,0,0,0,0
2.523,0,0,0,0
2.5235,0,0,0,0
2.524,0,0,0,0
2.5245,0,0,0,0
2.525,0,0,0,0
2.5255,0,0,0,0
2.526,0,0,0,0
2.5265,0,0,0,0
2.527,0,0,0,0
2.5275,0,0,0,0
2.528,0,0,0,0
2.5285,0,0,0,0
2.529,0,0,0,0
2.5295,0,0,0,0
2.53,0,0,0,0
2.5305,0,0,0,0
2.531,0,0,0,0
2.5315,0,0,0,0
2.532,0,0,0,0
2.5325,0,0,0,0
2.533,0,0,0,0
2.5335,0,0,0,0
2.534,0,0,0,0
2.5345,0,0,0,0
2.535,0,0,0,0
2.5355,0,0,0,0
2.536,0,0,0,0
2.5365,0,0,0,0
2.537,0,0,0,0
2.5375,0,0,0,0
2.538,0,0,0,0
2.5385,0,0,0,0
2.539,0,0,0,0
2.5395,0,0,0,0
2.54,0,0,0,0
2.5405,0,0,0,0
2.541,0,0,0,0
2.5415,0,0,0,0
2.542,0,0,0,0
2.5425,0,0,0,0
2.543,0,0,0,0
2.5435,0,0,0,0
2.544,0,0,0,0
2.5445,0,0,0,0
2.545,0,0,0,0
2.5455,0,0,0,0
2.546,0,0,0,0
2.5465,0,0,0,0
2.547,0,0,0,0
2.5475,0,0,0,0
2.548,0,0,0,0
2.5485,0,0,0,0
2.549,0,0,0,0
2.5495,0,0,0,0
2.55,0,0,0,0
2.5505,0,0,0,0
2.551,0,0,0,0
2.5515,0,0,0,0
2.552,0,0,0,0
2.5525,0,0,0,0
2.553,0,0,0,0
2.5535,0,0,0,0
2.554,0,0,0,0
2.5545,0,0,0,0
2.555,0,0,0,0
2.5555,0,0,0,0
2.556,0,0,0,0
2.5565,0,0,0,0
2.557,0,0,0,0
2.5575,0,0,0,0
2.558,0,0,0,0
2.5585,0,0,0,0
2.559,0,0,0,0
2.5595,0,0,0,0
2.56,0,0,0,0
2.5605,0,0,0,0
2.561,0,0,0,0
2.5615,0,0,0,0
2.562,0,0,0,0
2.5625,0,0,0,0
2.563,0,0,0,0
2.5635,0,0,0,0
2.564,0,0,0,0
2.5645,0,0,0,0
2.565,0,0,0,0
2.5655,0,0,0,0
2.566,0,0,0,0
2.5665,0,0,0,0
2.567,0,0,0,0
2.5675,0,0,0,0
2.568,0,0,0,0
2.5685,0,0,0,0
2.569,0,0,0,0
2.5695,0,0,0,0
2.57,0,0,0,0
2.5705,0,0,0,0
2.571,0,0,0,0
2.5715,0,0,0,0
2.572,0,0,0,0
2.5725,0,0,0,0
2.573,0,0,0,0
2.5735,0,0,0,0
2.574,0,0,0,0
2.5745,0,0,0,0
2.575,0,0,0,0
2.5755,0,0,0,0
2.576,0,0,0,0
2.5765,0,0,0,0
2.577,0,0,0,0
2.5775,0,0,0,0
2.578,0,0,0,0
2.5785,0,0,0,0
2.579,0,0,0,0
2.5795,0,0,0,0
2.58,0,0,0,0
2.5805,0,0,0,0
2.581,0,0,0,0
2.5815,0,0,0,0
2.582,0,0,0,0
2.5825,0,0,0,0
2.583,0,0,0,0
2.5835,0,0,0,0
2.584,0,0,0,0
2.5845,0,0,0,0
2.585,0,0,0,0
2.5855,0,0,0,0
2.586,0,0,0,0
2.5865,0,0,0,0
2.587,0,0,0,0
2.5875,0,0,0,0
2.588,0,0,0,0
2.5885,0,0,0,0
2.589,0,0,0,0
2.5895,0,0,0,0
2.59,0,0,0,0
2.5905,0,0,0,0
2.591,0,0,0,0
2.5915,0,0,0,0
2.592,0,0,0,0
2.5925,0,0,0,0
2.593,0,0,0,0
2.5935,0,0,0,0
2.594,0,0,0,0
2.5945,0,0,0,0
2.595,0,0,0,0
2.5955,0,0,0,0
2.596,0,0,0,0
2.5965,0,0,0,0
2.597,0,0,0,0
2.5975,0,0,0,0
2.598,0,0,0,0
2.5985,0,0,0,0
2.599,0,0,0,0
2.5995,0,0,0,0
2.6,0,0,0,0
2.6005,0,0,0,0
2.601,0,0,0,0
2.6015,0,0,0,0
2.602,0,0,0,0
2.6025,0,0,0,0
2.603,0,0,0,0
2.6035,0,0,0,0
2.604,0,0,0,0
2.6045,0,0,0,0
2.605,0,0,0,0
2.6055,0,0,0,0
2.606,0,0,0,0
2.6065,0,0,0,0
2.607,0,0,0,0
2.6075,0,0,0,0
2.608,0,0,0,0
2.6085,0,0,0,0
2.609,0,0,0,0
2.6095,0,0,0,0
2.61,0,0,0,0
2.6105,0,0,0,0
2.611,0,0,0,0
2.6115,0,0,0,0
2.612,0,0,0,0
2.6125,0,0,0,0
2.613,0,0,0,0
2.6135,0,0,0,0
2.614,0,0,0,0
2.6145,0,0,0,0
2.615,0,0,0,0
2.6155,0,0,0,0
2.616,0,0,0,0
2.6165,0,0,0,0
2.617,0,0,0,0
2.6175,0,0,0,0
2.618,0,0,0,0
2.6185,0,0,0,0
2.619,0,0,0,0
2.6195,0,0,0,0
2.62,0,0,0,0
2.6205,0,0,0,0
2.621,0,0,0,0
2.6215,0,0,0,0
2.622,0,0,0,0
2.6225,0,0,0,0
2.623,0,0,0,0
2.6235,0,0,0,0
2.624,0,0,0,0
2.6245,0,0,0,0
2.625,0,0,0,0
2.6255,0,0,0,0
2.626,0,0,0,0
2.6265,0,0,0,0
2.627,0,0,0,0
2.6275,0,0,0,0
2.628,0,0,0,0
2.6285,0,0,0,0
2.629,0,0,0,0
2.6295,0,0,0,0
2.63,0,0,0,0
2.6305,0,0,0,0
2.631,0,0,0,0
2.6315,0,0,0,0
2.632,0,0,0,0
2.6325,0,0,0,0
2.633,0,0,0,0
2.6335,0,0,0,0
2.634,0,0,0,0
2.6345,0,0,0,0
2.635,0,0,0,0
2.6355,0,0,0,0
2.636,0,0,0,0
2.6365,0,0,0,0
2.637,0,0,0,0
2.6375,0,0,0,0
2.638,0,0,0,0
2.6385,0,0,0,0
2.639,0,0,0,0
2.6395,0,0,0,0
2.64,0,0,0,0
2.6405,0,0,0,0
2.641,0,0,0,0
2.6415,0,0,0,0
2.642,0,0,0,0
2.6425,0,0,0,0
2.643,0,0,0,0
2.6435,0,0,0,0
2.644,0,0,0,0
2.6445,0,0,0,0
2.645,0,0,0,0
2.6455,0,0,0,0
2.646,0,0,0,0
2.6465,0,0,0,0
2.647,0,0,0,0
2.6475,0,0,0,0
2.648,0,0,0,0
2.6485,0,0,0,0
2.649,0,0,0,0
2.6495,0,0,0,0
2.65,0,0,0,0
2.6505,0,0,0,0
2.651,0,0,0,0
2.6515,0,0,0,0
2.652,0,0,0,0
2.6525,0,0,0,0
2.653,0,0,0,0
2.6535,0,0,0,0
2.654,0,0,0,0
2.6545,0,0,0,0
2.655,0,0,0,0
2.6555,0,0,0,0
2.656,0,0,0,0
2.6565,0,0,0,0
2.657,0,0,0,0
2.6575,0,0,0,0
2.658,0,0,0,0
2.6585,0,0,0,0
2.659,0,0,0,0
2.6595,0,0,0,0
2.66,0,0,0,0
2.6605,0,0,0,0
2.661,0,0,0,0
2.6615,0,0,0,0
2.662,0,0,0,0
2.6625,0,0,0,0
2.663,0,0,0,0
2.6635,0,0,0,0
2.664,0,0,0,0
2.6645,0,0,0,0
2.665,0,0,0,0
2.6655,0,0,0,0
2.666,0,0,0,0
2.6665,0,0,0,0
2.667,0,0,0,0
2.6675,0,0,0,0
2.668,0,0,0,0
2.6685,0,0,0,0
2.669,0,0,0,0
2.6695,0,0,0,0
2.67,0,0,0,0
2.6705,0,0,0,0
2.671,0,0,0,0
2.6715,0,0,0,0
2.672,0,0,0,0
2.6725,0,0,0,0
2.673,0,0,0,0
2.6735,0,0,0,0
2.674,0,0,0,0
2.6745,0,0,0,0
2.675,0,0,0,0
2.6755,0,0,0,0
2.676,0,0,0,0
2.6765,0,0,0,0
2.677,0,0,0,0
2.6775,0,0,0,0
2.678,0,0,0,0
2.6785,0,0,0,0
2.679,0,0,0,0
2.6795,0,0,0,0
2.68,0,0,0,0
2.6805,0,0,0,0
2.681,0,0,0,0
2.6815,0,0,0,0
2.682,0,0,0,0
2.6825,0,0,0,0
2.683,0,0,0,0
2.6835,0,0,0,0
2.684,0,0,0,0
2.6845,0,0,0,0
2.685,0,0,0,0
2.6855,0,0,0,0
2.686,0,0,0,0
2.6865,0,0,0,0
2.687,0,0,0,0
2.6875,0,0,0,0
2.688,0,0,0,0
2.6885,0,0,0,0
2.689,0,0,0,0
2.6895,0,0,0,0
2.69,0,0,0,0
2.6905,0,0,0,0
2.691,0,0,0,0
2.6915,0,0,0,0
2.692,0,0,0,0
2.6925,0,0,0,0
2.693,0,0,0,0
2.6935,0,0,0,0
2.694,0,0,0,0
2.6945,0,0,0,0
2.695,0,0,0,0
2.6955,0,0,0,0
2.696,0,0,0,0
2.6965,0,0,0,0
2.697,0,0,0,0
2.6975,0,0,0,0
2.698,0,0,0,0
2.6985,0,0,0,0
2.699,0,0,0,0
2.6995,0,0,0,0
2.7,0,0,0,0
2.7005,0,0,0,0
2.701,0,0,0,0
2.7015,0,0,0,0
2.702,0,0,0,0
2.7025,0,0,0,0
2.703,0,0,0,0
2.7035,0,0,0,0
2.704,0,0,0,0
2.7045,0,0,0,0
2.705,0,0,0,0
2.7055,0,0,0,0
2.706,0,0,0,0
2.7065,0,0,0,0
2.707,0,0,0,0
2.7075,0,0,0,0
2.708,0,0,0,0
2.7085,0,0,0,0
2.709,0,0,0,0
2.7095,0,0,0,0
2.71,0,0,0,0
2.7105,0,0,0,0
2.711,0,0,0,0
2.7115,0,0,0,0
2.712,0,0,0,0
2.7125,0,0,0,0
2.713,0,0,0,0
2.7135,0,0,0,0
2.714,0,0,0,0
2.7145,0,0,0,0
2.715,0,0,0,0
2.7155,0,0,0,0
2.716,0,0,0,0
2.7165,0,0,0,0
2.717,0,0,0,0
2.7175,0,0,0,0
2.718,0,0,0,0
2.7185,0,0,0,0
2.719,0,0,0,0
2.7195,0,0,0,0
2.72,0,0,0,0
2.7205,0,0,0,0
2.721,0,0,0,0
2.7215,0,0,0,0
2.722,0,0,0,0
2.7225,0,0,0,0
2.723,0,0,0,0
2.7235,0,0,0,0
2.724,0,0,0,0
2.7245,0,0,0,0
2.725,0,0,0,0
2.7255,0,0,0,0
2.726,0,0,0,0
2.7265,0,0,0,0
2.727,0,0,0,0
2.7275,0,0,0,0
2.728,0,0,0,0
2.7285,0,0,0,0
2.729,0,0,0,0
2.7295,0,0,0,0
2.73,0,0,0,0
2.7305,0,0,0,0
2.731,0,0,0,0
2.7315,0,0,0,0
2.732,0,0,0,0
2.7325,0,0,0,0
2.733,0,0,0,0
2.7335,0,0,0,0
2.734,0,0,0,0
2.7345,0,0,0,0
2.735,0,0,0,0
2.7355,0,0,0,0
2.736,0,0,0,0
2.7365,0,0,0,0
2.737,0,0,0,0
2.7375,0,0,0,0
2.738,0,0,0,0
2.7385,0,0,0,0
2.739,0,0,0,0
2.7395,0,0,0,0
2.74,0,0,0,0
2.7405,0,0,0,0
2.741,0,0,0,0
2.7415,0,0,0,0
2.742,0,0,0,0
2.7425,0,0,0,0
2.743,0,0,0,0
2.7435,0,0,0,0
2.744,0,0,0,0
2.7445,0,0,0,0
2.745,0,0,0,0
2.7455,0,0,0,0
2.746,0,0,0,0
2.7465,0,0,0,0
2.747,0,0,0,0
2.7475,0,0,0,0
2.748,0,0,0,0
2.7485,0,0,0,0
2.749,0,0,0,0
2.7495,0,0,0,0
2.75,0,0,0,0
2.7505,0,0,0,0
2.751,0,0,0,0
2.7515,0,0,0,0
2.752,0,0,0,0
2.7525,0,0,0,0
2.753,0,0,0,0
2.7535,0,0,0,0
2.754,0,0,0,0
2.7545,0,0,0,0
2.755,0,0,0,0
2.7555,0,0,0,0
2.756,0,0,0,0
2.7565,0,0,0,0
2.757,0,0,0,0
2.7575,0,0,0,0
2.758,0,0,0,0
2.7585,0,0,0,0
2.759,0,0,0,0
2.7595,0,0,0,0
2.76,0,0,0,0
2.7605,0,0,0,0
2.761,0,0,0,0
2.7615,0,0,0,0
2.762,0,0,0,0
2.7625,0,0,0,0
2.763,0,0,0,0
2.7635,0,0,0,0
2.764,0,0,0,0
2.7645,0,0,0,0
2.765,0,0,0,0
2.7655,0,0,0,0
2.766,0,0,0,0
2.7665,0,0,0,0
2.767,0,0,0,0
2.7675,0,0,0,0
2.768,0,0,0,0
2.7685,0,0,0,0
2.769,0,0,0,0
2.7695,0,0,0,0
2.77,0,0,0,0
2.7705,0,0,0,0
2.771,0,0,0,0
2.7715,0,0,0,0
2.772,0,0,0,0
2.7725,0,0,0,0
2.773,0,0,0,0
2.7735,0,0,0,0
2.774,0,0,0,0
2.7745,0,0,0,0
2.775,0,0,0,0
2.7755,0,0,0,0
2.776,0,0,0,0
2.7765,0,0,0,0
2.777,0,0,0,0
2.7775,0,0,0,0
2.778,0,0,0,0
2.7785,0,0,0,0
2.779,0,0,0,0
2.7795,0,0,0,0
2.78,0,0,0,0
2.7805,0,0,0,0
2.781,0,0,0,0
2.7815,0,0,0,0
2.782,0,0,0,0
2.7825,0,0,0,0
2.783,0,0,0,0
2.7835,0,0,0,0
2.784,0,0,0,0
2.7845,0,0,0,0
2.785,0,0,0,0
2.7855,0,0,0,0
2.786,0,0,0,0
2.7865,0,0,0,0
2.787,0,0,0,0
2.7875,0,0,0,0
2.788,0,0,0,0
2.7885,0,0,0,0
2.789,0,0,0,0
2.7895,0,0,0,0
2.79,0,0,0,0
2.7905,0,0,0,0
2.791,0,0,0,0
2.7915,0,0,0,0
2.792,0,0,0,0
2.7925,0,0,0,0
2.793,0,0,0,0
2.7935,0,0,0,0
2.794,0,0,0,0
2.7945,0,0,0,0
2.795,0,0,0,0
2.7955,0,0,0,0
2.796,0,0,0,0
2.7965,0,0,0,0
2.797,0,0,0,0
2.7975,0,0,0,0
2.798,0,0,0,0
2.7985,0,0,0,0
2.799,0,0,0,0
2.7995,0,0,0,0
2.8,0,0,0,0
2.8005,0,0,0,0
2.801,0,0,0,0
2.8015,0,0,0,0
2.802,0,0,0,0
2.8025,0,0,0,0
2.803,0,0,0,0
2.8035,0,0,0,0
2.804,0,0,0,0
2.8045,0,0,0,0
2.805,0,0,0,0
2.8055,0,0,0,0
2.806,0,0,0,0
2.8065,0,0,0,0
2.807,0,0,0,0
2.8075,0,0,0,0
2.808,0,0,0,0
2.8085,0,0,0,0
2.809,0,0,0,0
2.8095,0,0,0,0
2.81,0,0,0,0
2.8105,0,0,0,0
2.811,0,0,0,0
2.8115,0,0,0,0
2.812,0,0,0,0
2.8125,0,0,0,0
2.813,0,0,0,0
2.8135,0,0,0,0
2.814,0,0,0,0
2.8145,0,0,0,0
2.815,0,0,0,0
2.8155,0,0,0,0
2.816,0,0,0,0
2.8165,0,0,0,0
2.817,0,0,0,0
2.8175,0,0,0,0
2.818,0,0,0,0
2.8185,0,0,0,0
2.819,0,0,0,0
2.8195,0,0,0,0
2.82,0,0,0,0
2.8205,0,0,0,0
2.821,0,0,0,0
2.8215,0,0,0,0
2.822,0,0,0,0
2.8225,0,0,0,0
2.823,0,0,0,0
2.8235,0,0,0,0
2.824,0,0,0,0
2.8245,0,0,0,0
2.825,0,0,0,0
2.8255,0,0,0,0
2.826,0,0,0,0
2.8265,0,0,0,0
2.827,0,0,0,0
2.8275,0,0,0,0
2.828,0,0,0,0
2.8285,0,0,0,0
2.829,0,0,0,0
2.8295,0,0,0,0
2.83,0,0,0,0
2.8305,0,0,0,0
2.831,0,0,0,0
2.8315,0,0,0,0
2.832,0,0,0,0
2.8325,0,0,0,0
2.833,0,0,0,0
2.8335,0,0,0,0
2.834,0,0,0,0
2.8345,0,0,0,0
2.835,0,0,0,0
2.8355,0,0,0,0
2.836,0,0,0,0
2.8365,0,0,0,0
2.837,0,0,0,0
2.8375,0,0,0,0
2.838,0,0,0,0
2.8385,0,0,0,0
2.839,0,0,0,0
2.8395,0,0,0,0
2.84,0,0,0,0
2.8405,0,0,0,0
2.841,0,0,0,0
2.8415,0,0,0,0
2.842,0,0,0,0
2.8425,0,0,0,0
2.843,0,0,0,0
2.8435,0,0,0,0
2.844,0,0,0,0
2.8445,0,0,0,0
2.845,0,0,0,0
2.8455,0,0,0,0
2.846,0,0,0,0
2.8465,0,0,0,0
2.847,0,0,0,0
2.8475,0,0,0,0
2.848,0,0,0,0
2.8485,0,0,0,0
2.849,0,0,0,0
2.8495,0,0,0,0
2.85,0,0,0,0
2.8505,0,0,0,0
2.851,0,0,0,0
2.8515,0,0,0,0
2.852,0,0,0,0
2.8525,0,0,0,0
2.853,0,0,0,0
2.8535,0,0,0,0
2.854,0,0,0,0
2.8545,0,0,0,0
2.855,0,0,0,0
2.8555,0,0,0,0
2.856,0,0,0,0
2.8565,0,0,0,0
2.857,0,0,0,0
2.8575,0,0,0,0
2.858,0,0,0,0
2.8585,0,0,0,0
2.859,0,0,0,0
2.8595,0,0,0,0
2.86,0,0,0,0
2.8605,0,0,0,0
2.861,0,0,0,0
2.8615,0,0,0,0
2.862,0,0,0,0
2.8625,0,0,0,0
2.863,0,0,0,0
2.8635,0,0,0,0
2.864,0,0,0,0
2.8645,0,0,0,0
2.865,0,0,0,0
2.8655,0,0,0,0
2.866,0,0,0,0
2.8665,0,0,0,0
2.867,0,0,0,0
2.8675,0,0,0,0
2.868,0,0,0,0
2.8685,0,0,0,0
2.869,0,0,0,0
2.8695,0,0,0,0
2.87,0,0,0,0
2.8705,0,0,0,0
2.871,0,0,0,0
2.8715,0,0,0,0
2.872,0,0,0,0
2.8725,0,0,0,0
2.873,0,0,0,0
2.8735,0,0,0,0
2.874,0,0,0,0
2.8745,0,0,0,0
2.875,0,0,0,0
2.8755,0,0,0,0
2.876,0,0,0,0
2.8765,0,0,0,0
2.877,0,0,0,0
2.8775,0,0,0,0
2.878,0,0,0,0
2.8785,0,0,0,0
2.879,0,0,0,0
2.8795,0,0,0,0
2.88,0,0,0,0
2.8805,0,0,0,0
2.881,0,0,0,0
2.8815,0,0,0,0
2.882,0,0,0,0
2.8825,0,0,0,0
2.883,0,0,0,0
2.8835,0,0,0,0
2.884,0,0,0,0
2.8845,0,0,0,0
2.885,0,0,0,0
2.8855,0,0,0,0
2.886,0,0,0,0
2.8865,0,0,0,0
2.887,0,0,0,0
2.8875,0,0,0,0
2.888,0,0,0,0
2.8885,0,0,0,0
2.889,0,0,0,0
2.8895,0,0,0,0
2.89,0,0,0,0
2.8905,0,0,0,0
2.891,0,0,0,0
2.8915,0,0,0,0
2.892,0,0,0,0
2.8925,0,0,0,0
2.893,0,0,0,0
2.8935,0,0,0,0
2.894,0,0,0,0
2.8945,0,0,0,0
2.895,0,0,0,0
2.8955,0,0,0,0
2.896,0,0,0,0
2.8965,0,0,0,0
2.897,0,0,0,0
2.8975,0,0,0,0
2.898,0,0,0,0
2.8985,0,0,0,0
2.899,0,0,0,0
2.8995,0,0,0,0
2.9,0,0,0,0
2.9005,0,0,0,0
2.901,0,0,0,0
2.9015,0,0,0,0
2.902,0,0,0,0
2.9025,0,0,0,0
2.903,0,0,0,0
2.9035,0,0,0,0
2.904,0,0,0,0
2.9045,0,0,0,0
2.905,0,0,0,0
2.9055,0,0,0,0
2.906,0,0,0,0
2.9065,0,0,0,0
2.907,0,0,0,0
2.9075,0,0,0,0
2.908,0,0,0,0
2.9085,0,0,0,0
2.909,0,0,0,0
2.9095,0,0,0,0
2.91,0,0,0,0
2.9105,0,0,0,0
2.911,0,0,0,0
2.9115,0,0,0,0
2.912,0,0,0,0
2.9125,0,0,0,0
2.913,0,0,0,0
2.9135,0,0,0,0
2.914,0,0,0,0
2.9145,0,0,0,0
2.915,0,0,0,0
2.9155,0,0,0,0
2.916,0,0,0,0
2.9165,0,0,0,0
2.917,0,0,0,0
2.9175,0,0,0,0
2.918,0,0,0,0
2.9185,0,0,0,0
2.919,0,0,0,0
2.9195,0,0,0,0
2.92,0,0,0,0
2.9205,0,0,0,0
2.921,0,0,0,0
2.9215,0,0,0,0
2.922,0,0,0,0
2.9225,0,0,0,0
2.923,0,0,0,0
2.9235,0,0,0,0
2.924,0,0,0,0
2.9245,0,0,0,0
2.925,0,0,0,0
2.9255,0,0,0,0
2.926,0,0,0,0
2.9265,0,0,0,0
2.927,0,0,0,0
2.9275,0,0,0,0
2.928,0,0,0,0
2.9285,0,0,0,0
2.929,0,0,0,0
2.9295,0,0,0,0
2.93,0,0,0,0
2.9305,0,0,0,0
2.931,0,0,0,0
2.9315,0,0,0,0
2.932,0,0,0,0
2.9325,0,0,0,0
2.933,0,0,0,0
2.9335,0,0,0,0
2.934,0,0,0,0
2.9345,0,0,0,0
2.935,0,0,0,0
2.9355,0,0,0,0
2.936,0,0,0,0
2.9365,0,0,0,0
2.937,0,0,0,0
2.9375,0,0,0,0
2.938,0,0,0,0
2.9385,0,0,0,0
2.939,0,0,0,0
2.9395,0,0,0,0
2.94,0,0,0,0
2.9405,0,0,0,0
2.941,0,0,0,0
2.9415,0,0,0,0
2.942,0,0,0,0
2.9425,0,0,0,0
2.943,0,0,0,0
2.9435,0,0,0,0
2.944,0,0,0,0
2.9445,0,0,0,0
2.945,0,0,0,0
2.9455,0,0,0,0
2.946,0,0,0,0
2.9465,0,0,0,0
2.947,0,0,0,0
2.9475,0,0,0,0
2.948,0,0,0,0
2.9485,0,0,0,0
2.949,0,0,0,0
2.9495,0,0,0,0
2.95,0,0,0,0
2.9505,0,0,0,0
2.951,0,0,0,0
2.9515,0,0,0,0
2.952,0,0,0,0
2.9525,0,0,0,0
2.953,0,0,0,0
2.9535,0,0,0,0
2.954,0,0,0,0
2.9545,0,0,0,0
2.955,0,0,0,0
2.9555,0,0,0,0
2.956,0,0,0,0
2.9565,0,0,0,0
2.957,0,0,0,0
2.9575,0,0,0,0
2.958,0,0,0,0
2.9585,0,0,0,0
2.959,0,0,0,0
2.9595,0,0,0,0
2.96,0,0,0,0
2.9605,0,0,0,0
2.961,0,0,0,0
2.9615,0,0,0,0
2.962,0,0,0,0
2.9625,0,0,0,0
2.963,0,0,0,0
2.9635,0,0,0,0
2.964,0,0,0,0
2.9645,0,0,0,0
2.965,0,0,0,0
2.9655,0,0,0,0
2.966,0,0,0,0
2.9665,0,0,0,0
2.967,0,0,0,0
2.9675,0,0,0,0
2.968,0,0,0,0
2.9685,0,0,0,0
2.969,0,0,0,0
2.9695,0,0,0,0
2.97,0,0,0,0
2.9705,0,0,0,0
2.971,0,0,0,0
2.9715,0,0,0,0
2.972,0,0,0,0
2.9725,0,0,0,0
2.973,0,0,0,0
2.9735,0,0,0,0
2.974,0,0,0,0
2.9745,0,0,0,0
2.975,0,0,0,0
2.9755,0,0,0,0
2.976,0,0,0,0
2.9765,0,0,0,0
2.977,0,0,0,0
2.9775,0,0,0,0
2.978,0,0,0,0
2.9785,0,0,0,0
2.979,0,0,0,0
2.9795,0,0,0,0
2.98,0,0,0,0
2.9805,0,0,0,0
2.981,0,0,0,0
2.9815,0,0,0,0
2.982,0,0,0,0
2.9825,0,0,0,0
2.983,0,0,0,0
2.9835,0,0,0,0
2.984,0,0,0,0
2.9845,0,0,0,0
2.985,0,0,0,0
2.9855,0,0,0,0
2.986,0,0,0,0
2.9865,0,0,0,0
2.987,0,0,0,0
2.9875,0,0,0,0
2.988,0,0,0,0
2.9885,0,0,0,0
2.989,0,0,0,0
2.9895,0,0,0,0
2.99,0,0,0,0
2.9905,0,0,0,0
2.991,0,0,0,0
2.9915,0,0,0,0
2.992,0,0,0,0
2.9925,0,0,0,0
2.993,0,0,0,0
2.9935,0,0,0,0
2.994,0,0,0,0
2.9945,0,0,0,0
2.995,0,0,0,0
2.9955,0,0,0,0
2.996,0,0,0,0
2.9965,0,0,0,0
2.997,0,0,0,0
2.9975,0,0,0,0
2.998,0,0,0,0
2.9985,0,0,0,0
2.999,0,0,0,0
2.9995,0,0,0,0
3,0,0,0,0
3.0005,0,0,0,0
3.001,0,0,0,0
3.0015,0,0,0,0
3.002,0,0,0,0
3.0025,0,0,0,0
3.003,0,0,0,0
3.0035,0,0,0,0
3.004,0,0,0,0
3.0045,0,0,0,0
3.005,0,0,0,0
3.0055,0,0,0,0
3.006,0,0,0,0
3.0065,0,0,0,0
3.007,0,0,0,0
3.0075,0,0,0,0
3.008,0,0,0,0
3.0085,0,0,0,0
3.009,0,0,0,0
3.0095,0,0,0,0
3.01,0,0,0,0
3.0105,0,0,0,0
3.011,0,0,0,0
3.0115,0,0,0,0
3.012,0,0,0,0
3.0125,0,0,0,0
3.013,0,0,0,0
3.0135,0,0,0,0
3.014,0,0,0,0
3.0145,0,0,0,0
3.015,0,0,0,0
3.0155,0,0,0,0
3.016,0,0,0,0
3.0165,0,0,0,0
3.017,0,0,0,0
3.0175,0,0,0,0
3.018,0,0,0,0
3.0185,0,0,0,0
3.019,0,0,0,0
3.0195,0,0,0,0
3.02,0,0,0,0
3.0205,0,0,0,0
3.021,0,0,0,0
3.0215,0,0,0,0
3.022,0,0,0,0
3.0225,0,0,0,0
3.023,0,0,0,0
3.0235,0,0,0,0
3.024,0,0,0,0
3.0245,0,0,0,0
3.025,0,0,0,0
3.0255,0,0,0,0
3.026,0,0,0,0
3.0265,0,0,0,0
3.027,0,0,0,0
3.0275,0,0,0,0
3.028,0,0,0,0
3.0285,0,0,0,0
3.029,0,0,0,0
3.0295,0,0,0,0
3.03,0,0,0,0
3.0305,0,0,0,0
3.031,0,0,0,0
3.0315,0,0,0,0
3.032,0,0,0,0
3.0325,0,0,0,0
3.033,0,0,0,0
3.0335,0,0,0,0
3.034,0,0,0,0
3.0345,0,0,0,0
3.035,0,0,0,0
3.0355,0,0,0,0
3.036,0,0,0,0
3.0365,0,0,0,0
3.037,0,0,0,0
3.0375,0,0,0,0
3.038,0,0,0,0
3.0385,0,0,0,0
3.039,0,0,0,0
3.0395,0,0,0,0
3.04,0,0,0,0
3.0405,0,0,0,0
3.041,0,0,0,0
3.0415,0,0,0,0
3.042,0,0,0,0
3.0425,0,0,0,0
3.043,0,0,0,0
3.0435,0,0,0,0
3.044,0,0,0,0
3.0445,0,0,0,0
3.045,0,0,0,0
3.0455,0,0,0,0
3.046,0,0,0,0
3.0465,0,0,0,0
3.047,0,0,0,0
3.0475,0,0,0,0
3.048,0,0,0,0
3.0485,0,0,0,0
3.049,0,0,0,0
3.0495,0,0,0,0
3.05,0,0,0,0
3.0505,0,0,0,0
3.051,0,0,0,0
3.0515,0,0,0,0
3.052,0,0,0,0
3.0525,0,0,0,0
3.053,0,0,0,0
3.0535,0,0,0,0
3.054,0,0,0,0
3.0545,0,0,0,0
3.055,0,0,0,0
3.0555,0,0,0,0
3.056,0,0,0,0
3.0565,0,0,0,0
3.057,0,0,0,0
3.0575,0,0,0,0
3.058,0,0,0,0
3.0585,0,0,0,0
3.059,0,0,0,0
3.0595,0,0,0,0
3.06,0,0,0,0
3.0605,0,0,0,0
3.061,0,0,0,0
3.0615,0,0,0,0
3.062,0,0,0,0
3.0625,0,0,0,0
3.063,0,0,0,0
3.0635,0,0,0,0
3.064,0,0,0,0
3.0645,0,0,0,0
3.065,0,0,0,0
3.0655,0,0,0,0
3.066,0,0,0,0
3.0665,0,0,0,0
3.067,0,0,0,0
3.0675,0,0,0,0
3.068,0,0,0,0
3.0685,0,0,0,0
3.069,0,0,0,0
3.0695,0,0,0,0
3.07,0,0,0,0
3.0705,0,0,0,0
3.071,0,0,0,0
3.0715,0,0,0,0
3.072,0,0,0,0
3.0725,0,0,0,0
3.073,0,0,0,0
3.0735,0,0,0,0
3.074,0,0,0,0
3.0745,0,0,0,0
3.075,0,0,0,0
3.0755,0,0,0,0
3.076,0,0,0,0
3.0765,0,0,0,0
3.077,0,0,0,0
3.0775,0,0,0,0
3.078,0,0,0,0
3.0785,0,0,0,0
3.079,0,0,0,0
3.0795,0,0,0,0
3.08,0,0,0,0
3.0805,0,0,0,0
3.081,0,0,0,0
3.0815,0,0,0,0
3.082,0,0,0,0
3.0825,0,0,0,0
3.083,0,0,0,0
3.0835,0,0,0,0
3.084,0,0,0,0
3.0845,0,0,0,0
3.085,0,0,0,0
3.0855,0,0,0,0
3.086,0,0,0,0
3.0865,0,0,0,0
3.087,0,0,0,0
3.0875,0,0,0,0
3.088,0,0,0,0
3.0885,0,0,0,0
3.089,0,0,0,0
3.0895,0,0,0,0
3.09,0,0,0,0
3.0905,0,0,0,0
3.091,0,0,0,0
3.0915,0,0,0,0
3.092,0,0,0,0
3.0925,0,0,0,0
3.093,0,0,0,0
3.0935,0,0,0,0
3.094,0,0,0,0
3.0945,0,0,0,0
3.095,0,0,0,0
3.0955,0,0,0,0
3.096,0,0,0,0
3.0965,0,0,0,0
3.097,0,0,0,0
3.0975,0,0,0,0
3.098,0,0,0,0
3.0985,0,0,0,0
3.099,0,0,0,0
3.0995,0,0,0,0
