0,0.0747691687230594,1073.44,389.17,-1
2.26757369614512e-05,0.105737436304277,1073.44,389.17,-1.03379451122704
4.53514739229025e-05,0.141572346674914,1073.44,389.17,-1.06758902245407
6.80272108843537e-05,0.182043271556245,1073.44,389.17,-1.10138353368111
9.0702947845805e-05,0.226784401440382,1073.44,389.17,-1.13517804490814
0.000113378684807256,0.275319851665248,1073.44,389.17,-1.16897255613518
0.000136054421768707,0.32709538025355,1073.44,389.17,-1.20276706736221
0.000158730158730159,0.381513768396947,1073.44,389.17,-1.23656157858925
0.00018140589569161,0.437970688234079,1073.44,389.17,-1.27035608981628
0.000204081632653061,0.49588800464774,1073.44,389.17,-1.30415060104332
0.000226757369614512,0.554741899549455,1073.44,389.17,-1.33794511227036
0.000249433106575964,0.61408390134743,1073.44,389.17,-1.37173962349739
0.000272108843537415,0.673553753658781,1073.44,389.17,-1.40553413472443
0.000294784580498866,0.732883956179078,1073.44,389.17,-1.43932864595146
0.000317460317460317,0.791896648232433,1073.44,389.17,-1.4731231571785
0.000340136054421769,0.850494188415399,1073.44,389.17,-1.50691766840553
0.00036281179138322,0.908645245097965,1073.44,389.17,-1.54071217963257
0.000385487528344671,0.96636841918079,1073.44,389.17,-1.57450669085961
0.000408163265306122,1.02371537471183,1073.44,389.17,-1.60830120208664
0.000430839002267574,1.08075518917273,1073.44,389.17,-1.64209571331368
0.000453514739229025,1.13756121246052,1073.44,389.17,-1.67589022454071
0.000476190476190476,1.19420121495232,1073.44,389.17,-1.70968473576775
0.000498866213151927,1.25073108630253,1073.44,389.17,-1.74347924699478
0.000521541950113379,1.30719188534759,1073.44,389.17,-1.77727375822182
0.00054421768707483,1.36360968852265,1073.44,389.17,-1.81106826944885
0.000566893424036281,1.41999746846444,1073.44,389.17,-1.84486278067589
0.000589569160997732,1.47635816163624,1073.44,389.17,-1.87865729190293
0.000612244897959184,1.53268813849525,1073.44,389.17,-1.91245180312996
0.000634920634920635,1.58898044069485,1073.44,389.17,-1.946246314357
0.000657596371882086,1.64522113455133,1073.44,389.17,-1.98004082558403
0.000680272108843537,1.7014083934286,1073.44,389.17,-2.01383533681107
0.000702947845804989,1.75754039242606,1073.44,389.17,-2.0476298480381
0.00072562358276644,1.81361530843792,1073.44,389.17,-2.08142435926514
0.000748299319727891,1.86963132021236,1073.44,389.17,-2.11521887049217
0.000770975056689342,1.92558660841072,1073.44,389.17,-2.14901338171921
0.000793650793650794,1.98147935566656,1073.44,389.17,-2.18280789294625
0.000816326530612245,2.03730774664471,1073.44,389.17,-2.21660240417328
0.000839002267573696,2.09306996810024,1073.44,389.17,-2.25039691540032
0.000861678004535147,2.14876420893729,1073.44,389.17,-2.28419142662735
0.000884353741496599,2.20438866026797,1073.44,389.17,-2.31798593785439
0.00090702947845805,2.25994151547107,1073.44,389.17,-2.35178044908142
0.000929705215419501,2.31542097025075,1073.44,389.17,-2.38557496030846
0.000952380952380952,2.37082522269511,1073.44,389.17,-2.4193694715355
0.000975056689342404,2.42615247333476,1073.44,389.17,-2.45316398276253
0.000997732426303855,2.48140092520125,1073.44,389.17,-2.48695849398957
0.00102040816326531,2.53656878388541,1073.44,389.17,-2.5207530052166
0.00104308390022676,2.59165425759565,1073.44,389.17,-2.55454751644364
0.00106575963718821,2.64665555721618,1073.44,389.17,-2.58834202767067
0.00108843537414966,2.70157089636505,1073.44,389.17,-2.62213653889771
0.00111111111111111,2.75639849145225,1073.44,389.17,-2.65593105012475
0.00113378684807256,2.81113656173758,1073.44,389.17,-2.68972556135178
0.00115646258503401,2.86578332938851,1073.44,389.17,-2.72352007257882
0.00117913832199546,2.92033701953792,1073.44,389.17,-2.75731458380585
0.00120181405895692,2.97479586034175,1073.44,389.17,-2.79110909503289
0.00122448979591837,3.02915808303655,1073.44,389.17,-2.82490360625992
0.00124716553287982,3.08342192199689,1073.44,389.17,-2.85869811748696
0.00126984126984127,3.13758561479277,1073.44,389.17,-2.89249262871399
0.00129251700680272,3.19164740224681,1073.44,389.17,-2.92628713994103
0.00131519274376417,3.24560552849141,1073.44,389.17,-2.96008165116807
0.00133786848072562,3.29945824102576,1073.44,389.17,-2.9938761623951
0.00136054421768707,3.3532037907728,1073.44,389.17,-3.02767067362214
0.00138321995464853,3.40684043213597,1073.44,389.17,-3.06146518484917
0.00140589569160998,3.46036642305594,1073.44,389.17,-3.09525969607621
0.00142857142857143,3.5137800250672,1073.44,389.17,-3.12905420730324
0.00145124716553288,3.56707950335451,1073.44,389.17,-3.16284871853028
0.00147392290249433,3.62026312680922,1073.44,389.17,-3.19664322975731
0.00149659863945578,3.67332916808553,1073.44,389.17,-3.23043774098435
0.00151927437641723,3.72627590365659,1073.44,389.17,-3.26423225221139
0.00154195011337868,3.77910161387046,1073.44,389.17,-3.29802676343842
0.00156462585034014,3.83180458300597,1073.44,389.17,-3.33182127466546
0.00158730158730159,3.88438309932844,1073.44,389.17,-3.36561578589249
0.00160997732426304,3.9368354551453,1073.44,389.17,-3.39941029711953
0.00163265306122449,3.98915994686152,1073.44,389.17,-3.43320480834656
0.00165532879818594,4.04135487503495,1073.44,389.17,-3.4669993195736
0.00167800453514739,4.09341854443154,1073.44,389.17,-3.50079383080064
0.00170068027210884,4.14534926408037,1073.44,389.17,-3.53458834202767
0.00172335600907029,4.19714534732859,1073.44,389.17,-3.56838285325471
0.00174603174603175,4.24880511189617,1073.44,389.17,-3.60217736448174
0.0017687074829932,4.3003268799306,1073.44,389.17,-3.63597187570878
0.00179138321995465,4.3517089780613,1073.44,389.17,-3.66976638693581
0.0018140589569161,4.40294973745406,1073.44,389.17,-3.70356089816285
0.00183673469387755,4.45404749386517,1073.44,389.17,-3.73735540938988
0.001859410430839,4.50500058769551,1073.44,389.17,-3.77114992061692
0.00188208616780045,4.55580736404443,1073.44,389.17,-3.80494443184396
0.0019047619047619,4.60646617276353,1073.44,389.17,-3.83873894307099
0.00192743764172336,4.65697536851023,1073.44,389.17,-3.87253345429803
0.00195011337868481,4.70733331080119,1073.44,389.17,-3.90632796552506
0.00197278911564626,4.75753836406567,1073.44,389.17,-3.9401224767521
0.00199546485260771,4.80758889769855,1073.44,389.17,-3.97391698797913
0.00201814058956916,4.85748328611334,1073.44,389.17,-4.00771149920617
0.00204081632653061,4.90721990879503,1073.44,389.17,-4.0415060104332
0.00206349206349206,4.95679715035259,1073.44,389.17,-4.07530052166024
0.00208616780045351,5.00621340057158,1073.44,389.17,-4.10909503288728
0.00210884353741497,5.05546705446634,1073.44,389.17,-4.14288954411431
0.00213151927437642,5.10455651233218,1073.44,389.17,-4.17668405534135
0.00215419501133787,5.15348017979731,1073.44,389.17,-4.21047856656838
0.00217687074829932,5.20223646787464,1073.44,389.17,-4.24427307779542
0.00219954648526077,5.25082379301337,1073.44,389.17,-4.27806758902245
0.00222222222222222,5.29924057715043,1073.44,389.17,-4.31186210024949
0.00224489795918367,5.34748524776174,1073.44,389.17,-4.34565661147653
0.00226757369614512,5.39555623791328,1073.44,389.17,-4.37945112270356
0.00229024943310658,5.44345198631197,1073.44,389.17,-4.4132456339306
0.00231292517006803,5.4911709373564,1073.44,389.17,-4.44704014515763
0.00233560090702948,5.53871154118735,1073.44,389.17,-4.48083465638467
0.00235827664399093,5.5860722537381,1073.44,389.17,-4.5146291676117
0.00238095238095238,5.63325153678463,1073.44,389.17,-4.54842367883874
0.00240362811791383,5.68024785799553,1073.44,389.17,-4.58221819006577
0.00242630385487528,5.7270596909818,1073.44,389.17,-4.61601270129281
0.00244897959183673,5.77368551534641,1073.44,389.17,-4.64980721251985
0.00247165532879819,5.82012381673369,1073.44,389.17,-4.68360172374688
0.00249433106575964,5.8663730868785,1073.44,389.17,-4.71739623497392
0.00251700680272109,5.91243182365526,1073.44,389.17,-4.75119074620095
0.00253968253968254,5.95829853112666,1073.44,389.17,-4.78498525742799
0.00256235827664399,6.00397171959232,1073.44,389.17,-4.81877976865502
0.00258503401360544,6.04944990563714,1073.44,389.17,-4.85257427988206
0.00260770975056689,6.09473161217947,1073.44,389.17,-4.8863687911091
0.00263038548752834,6.13981536851914,1073.44,389.17,-4.92016330233613
0.0026530612244898,6.18469971038514,1073.44,389.17,-4.95395781356317
0.00267573696145125,6.22938317998324,1073.44,389.17,-4.9877523247902
0.0026984126984127,6.27386432604333,1073.44,389.17,-5.02154683601724
0.00272108843537415,6.31814170386653,1073.44,389.17,-5.05534134724427
0.0027437641723356,6.36221387537215,1073.44,389.17,-5.08913585847131
0.00276643990929705,6.40607940914435,1073.44,389.17,-5.12293036969834
0.0027891156462585,6.44973688047868,1073.44,389.17,-5.15672488092538
0.00281179138321995,6.49318487142833,1073.44,389.17,-5.19051939215242
0.00283446712018141,6.53642197085016,1073.44,389.17,-5.22431390337945
0.00285714285714286,6.57944677445058,1073.44,389.17,-5.25810841460649
0.00287981859410431,6.62225788483112,1073.44,389.17,-5.29190292583352
0.00290249433106576,6.66485391153383,1073.44,389.17,-5.32569743706056
0.00292517006802721,6.70723347108647,1073.44,389.17,-5.35949194828759
0.00294784580498866,6.74939518704739,1073.44,389.17,-5.39328645951463
0.00297052154195011,6.79133769005025,1073.44,389.17,-5.42708097074166
0.00299319727891156,6.83305961784855,1073.44,389.17,-5.4608754819687
0.00301587301587302,6.87455961535978,1073.44,389.17,-5.49466999319574
0.00303854875283447,6.91583633470952,1073.44,389.17,-5.52846450442277
0.00306122448979592,6.95688843527516,1073.44,389.17,-5.56225901564981
0.00308390022675737,6.99771458372947,1073.44,389.17,-5.59605352687684
0.00310657596371882,7.0383134540839,1073.44,389.17,-5.62984803810388
0.00312925170068027,7.07868372773163,1073.44,389.17,-5.66364254933091
0.00315192743764172,7.11882409349043,1073.44,389.17,-5.69743706055795
0.00317460317460317,7.15873324764521,1073.44,389.17,-5.73123157178498
0.00319727891156463,7.19840989399039,1073.44,389.17,-5.76502608301202
0.00321995464852608,7.23785274387197,1073.44,389.17,-5.79882059423906
0.00324263038548753,7.27706051622943,1073.44,389.17,-5.83261510546609
0.00326530612244898,7.3160319376373,1073.44,389.17,-5.86640961669313
0.00328798185941043,7.35476574234652,1073.44,389.17,-5.90020412792016
0.00331065759637188,7.39326067232557,1073.44,389.17,-5.9339986391472
0.00333333333333333,7.43151547730131,1073.44,389.17,-5.96779315037423
0.00335600907029478,7.46952891479961,1073.44,389.17,-6.00158766160127
0.00337868480725624,7.50729975018568,1073.44,389.17,-6.03538217282831
0.00340136054421769,7.54482675670419,1073.44,389.17,-6.06917668405534
0.00342403628117914,7.58210871551909,1073.44,389.17,-6.10297119528238
0.00344671201814059,7.61914441575323,1073.44,389.17,-6.13676570650941
0.00346938775510204,7.65593265452766,1073.44,389.17,-6.17056021773645
0.00349206349206349,7.6924722370007,1073.44,389.17,-6.20435472896348
0.00351473922902494,7.72876197640677,1073.44,389.17,-6.23814924019052
0.00353741496598639,7.76480069409489,1073.44,389.17,-6.27194375141756
0.00356009070294785,7.80058721956703,1073.44,389.17,-6.30573826264459
0.0035827664399093,7.83612039051605,1073.44,389.17,-6.33953277387163
0.00360544217687075,7.87139905286352,1073.44,389.17,-6.37332728509866
0.0036281179138322,7.90642206079714,1073.44,389.17,-6.4071217963257
0.00365079365079365,7.941188276808,1073.44,389.17,-6.44091630755273
0.0036734693877551,7.97569657172752,1073.44,389.17,-6.47471081877977
0.00369614512471655,8.0099458247641,1073.44,389.17,-6.5085053300068
0.003718820861678,8.04393492353953,1073.44,389.17,-6.54229984123384
0.00374149659863946,8.07766276412514,1073.44,389.17,-6.57609435246088
0.00376417233560091,8.11112825107764,1073.44,389.17,-6.60988886368791
0.00378684807256236,8.14433029747469,1073.44,389.17,-6.64368337491495
0.00380952380952381,8.17726782495021,1073.44,389.17,-6.67747788614198
0.00383219954648526,8.20993976372942,1073.44,389.17,-6.71127239736902
0.00385487528344671,8.24234505266355,1073.44,389.17,-6.74506690859605
0.00387755102040816,8.27448263926434,1073.44,389.17,-6.77886141982309
0.00390022675736961,8.30635147973818,1073.44,389.17,-6.81265593105012
0.00392290249433107,8.33795053902009,1073.44,389.17,-6.84645044227716
0.00394557823129252,8.36927879080724,1073.44,389.17,-6.8802449535042
0.00396825396825397,8.40033521759235,1073.44,389.17,-6.91403946473123
0.00399092970521542,8.43111881069673,1073.44,389.17,-6.94783397595827
0.00401360544217687,8.461628570303,1073.44,389.17,-6.9816284871853
0.00403628117913832,8.49186350548762,1073.44,389.17,-7.01542299841234
0.00405895691609977,8.52182263425302,1073.44,389.17,-7.04921750963937
0.00408163265306122,8.55150498355955,1073.44,389.17,-7.08301202086641
0.00410430839002268,8.58090958935704,1073.44,389.17,-7.11680653209345
0.00412698412698413,8.6100354966161,1073.44,389.17,-7.15060104332048
0.00414965986394558,8.63888175935921,1073.44,389.17,-7.18439555454752
0.00417233560090703,8.66744744069135,1073.44,389.17,-7.21819006577455
0.00419501133786848,8.69573161283053,1073.44,389.17,-7.25198457700159
0.00421768707482993,8.72373335713781,1073.44,389.17,-7.28577908822862
0.00424036281179138,8.75145176414723,1073.44,389.17,-7.31957359945566
0.00426303854875283,8.77888593359533,1073.44,389.17,-7.35336811068269
0.00428571428571429,8.80603497445034,1073.44,389.17,-7.38716262190973
0.00430839002267574,8.83289800494117,1073.44,389.17,-7.42095713313677
0.00433106575963719,8.85947415258603,1073.44,389.17,-7.4547516443638
0.00435374149659864,8.88576255422079,1073.44,389.17,-7.48854615559084
0.00437641723356009,8.91176235602696,1073.44,389.17,-7.52234066681787
0.00439909297052154,8.93747271355948,1073.44,389.17,-7.55613517804491
0.00442176870748299,8.96289279177413,1073.44,389.17,-7.58992968927194
0.00444444444444444,8.98802176505461,1073.44,389.17,-7.62372420049898
0.0044671201814059,9.01285881723942,1073.44,389.17,-7.65751871172601
0.00448979591836735,9.03740314164832,1073.44,389.17,-7.69131322295305
0.0045124716553288,9.06165394110857,1073.44,389.17,-7.72510773418009
0.00453514739229025,9.08561042798078,1073.44,389.17,-7.75890224540712
0.0045578231292517,9.1092718241845,1073.44,389.17,-7.79269675663416
0.00458049886621315,9.13263736122352,1073.44,389.17,-7.82649126786119
0.0046031746031746,9.15570628021083,1073.44,389.17,-7.86028577908823
0.00462585034013605,9.17847783189319,1073.44,389.17,-7.89408029031526
0.00464852607709751,9.20095127667558,1073.44,389.17,-7.9278748015423
0.00467120181405896,9.22312588464514,1073.44,389.17,-7.96166931276934
0.00469387755102041,9.24500093559492,1073.44,389.17,-7.99546382399637
0.00471655328798186,9.26657571904722,1073.44,389.17,-8.02925833522341
0.00473922902494331,9.28784953427673,1073.44,389.17,-8.06305284645044
0.00476190476190476,9.30882169033326,1073.44,389.17,-8.09684735767748
0.00478458049886621,9.32949150606415,1073.44,389.17,-8.13064186890451
0.00480725623582766,9.34985831013644,1073.44,389.17,-8.16443638013155
0.00482993197278912,9.36992144105868,1073.44,389.17,-8.19823089135858
0.00485260770975057,9.38968024720233,1073.44,389.17,-8.23202540258562
0.00487528344671202,9.40913408682307,1073.44,389.17,-8.26581991381266
0.00489795918367347,9.42828232808147,1073.44,389.17,-8.29961442503969
0.00492063492063492,9.44712434906365,1073.44,389.17,-8.33340893626673
0.00494331065759637,9.46565953780143,1073.44,389.17,-8.36720344749376
0.00496598639455782,9.48388729229221,1073.44,389.17,-8.4009979587208
0.00498866213151927,9.50180702051847,1073.44,389.17,-8.43479246994783
0.00501133786848073,9.51941814046709,1073.44,389.17,-8.46858698117487
0.00503401360544218,9.53672008014821,1073.44,389.17,-8.50238149240191
0.00505668934240363,9.55371227761378,1073.44,389.17,-8.53617600362894
0.00507936507936508,9.57039418097584,1073.44,389.17,-8.56997051485598
0.00510204081632653,9.58676524842448,1073.44,389.17,-8.60376502608301
0.00512471655328798,9.60282494824535,1073.44,389.17,-8.63755953731005
0.00514739229024943,9.61857275883702,1073.44,389.17,-8.67135404853708
0.00517006802721088,9.63400816872784,1073.44,389.17,-8.70514855976412
0.00519274376417234,9.64913067659264,1073.44,389.17,-8.73894307099116
0.00521541950113379,9.66393979126891,1073.44,389.17,-8.77273758221819
0.00523809523809524,9.67843503177287,1073.44,389.17,-8.80653209344523
0.00526077097505669,9.69261592731497,1073.44,389.17,-8.84032660467226
0.00528344671201814,9.70648201731528,1073.44,389.17,-8.8741211158993
0.00530612244897959,9.72003285141838,1073.44,389.17,-8.90791562712633
0.00532879818594104,9.73326798950805,1073.44,389.17,-8.94171013835337
0.00535147392290249,9.74618700172149,1073.44,389.17,-8.9755046495804
0.00537414965986395,9.75878946846336,1073.44,389.17,-9.00929916080744
0.0053968253968254,9.77107498041935,1073.44,389.17,-9.04309367203448
0.00541950113378685,9.78304313856949,1073.44,389.17,-9.07688818326151
0.0054421768707483,9.79469355420113,1073.44,389.17,-9.11068269448855
0.00546485260770975,9.80602584892153,1073.44,389.17,-9.14447720571558
0.0054875283446712,9.8170396546702,1073.44,389.17,-9.17827171694262
0.00551020408163265,9.82773461373075,1073.44,389.17,-9.21206622816965
0.0055328798185941,9.83811037874269,1073.44,389.17,-9.24586073939669
0.00555555555555556,9.84816661271252,1073.44,389.17,-9.27965525062372
0.00557823129251701,9.85790298902478,1073.44,389.17,-9.31344976185076
0.00560090702947846,9.86731919145264,1073.44,389.17,-9.34724427307779
0.00562358276643991,9.87641491416817,1073.44,389.17,-9.38103878430483
0.00564625850340136,9.88518986175226,1073.44,389.17,-9.41483329553187
0.00566893424036281,9.89364374920424,1073.44,389.17,-9.4486278067589
0.00569160997732426,9.9017763019511,1073.44,389.17,-9.48242231798594
0.00571428571428571,9.90958725585645,1073.44,389.17,-9.51621682921297
0.00573696145124717,9.91707635722906,1073.44,389.17,-9.55001134044001
0.00575963718820862,9.92424336283112,1073.44,389.17,-9.58380585166704
0.00578231292517007,9.93108803988617,1073.44,389.17,-9.61760036289408
0.00580498866213152,9.93761016608658,1073.44,389.17,-9.65139487412112
0.00582766439909297,9.94380952960084,1073.44,389.17,-9.68518938534815
0.00585034013605442,9.94968592908042,1073.44,389.17,-9.71898389657519
0.00587301587301587,9.95523917366631,1073.44,389.17,-9.75277840780222
0.00589569160997732,9.96046908299521,1073.44,389.17,-9.78657291902926
0.00591836734693878,9.96537548720539,1073.44,389.17,-9.82036743025629
0.00594104308390023,9.96995822694223,1073.44,389.17,-9.85416194148333
0.00596371882086168,9.97421715336337,1073.44,389.17,-9.88795645271036
0.00598639455782313,9.97815212814353,1073.44,389.17,-9.9217509639374
0.00600907029478458,9.98176302347905,1073.44,389.17,-9.95554547516444
0.00603174603174603,9.98504972209201,1073.44,389.17,-9.98933998639147
0.00605442176870748,9.98801211723405,1073.44,389.17,-10.0231344976185
0.00607709750566893,9.9906501126898,1073.44,389.17,-10.0569290088455
0.00609977324263039,9.99296362278008,1073.44,389.17,-10.0907235200726
0.00612244897959184,9.99495257236461,1073.44,389.17,-10.1245180312996
0.00614512471655329,9.99661689684449,1073.44,389.17,-10.1583125425266
0.00616780045351474,9.99795654216428,1073.44,389.17,-10.1921070537537
0.00619047619047619,9.99897146481377,1073.44,389.17,-10.2259015649807
0.00621315192743764,9.99966163182938,1073.44,389.17,-10.2596960762078
0.00623582766439909,10.0000270207953,1073.44,389.17,-10.2934905874348
0.00625850340136054,10.000067619844,1073.44,389.17,-10.3272850986618
0.006281179138322,9.99978342765687,1073.44,389.17,-10.3610796098889
0.00630385487528345,9.99917445346423,1073.44,389.17,-10.3948741211159
0.0063265306122449,9.99824071704488,1073.44,389.17,-10.4286686323429
0.00634920634920635,9.99698224872555,1073.44,389.17,-10.46246314357
0.0063718820861678,9.99539908937988,1073.44,389.17,-10.496257654797
0.00639455782312925,9.99349129042719,1073.44,389.17,-10.530052166024
0.0064172335600907,9.99125891383069,1073.44,389.17,-10.5638466772511
0.00643990929705215,9.98870203209551,1073.44,389.17,-10.5976411884781
0.00646258503401361,9.98582072826637,1073.44,389.17,-10.6314356997051
0.00648526077097506,9.98261509592486,1073.44,389.17,-10.6652302109322
0.00650793650793651,9.97908523918643,1073.44,389.17,-10.6990247221592
0.00653061224489796,9.97523127269692,1073.44,389.17,-10.7328192333863
0.00655328798185941,9.97105332162896,1073.44,389.17,-10.7666137446133
0.00657596371882086,9.96655152167783,1073.44,389.17,-10.8004082558403
0.00659863945578231,9.96172601905703,1073.44,389.17,-10.8342027670674
0.00662131519274376,9.95657697049361,1073.44,389.17,-10.8679972782944
0.00664399092970522,9.95110454322303,1073.44,389.17,-10.9017917895214
0.00666666666666667,9.94530891498373,1073.44,389.17,-10.9355863007485
0.00668934240362812,9.93919027401135,1073.44,389.17,-10.9693808119755
0.00671201814058957,9.93274881903265,1073.44,389.17,-11.0031753232025
0.00673469387755102,9.92598475925903,1073.44,389.17,-11.0369698344296
0.00675736961451247,9.91889831437973,1073.44,389.17,-11.0707643456566
0.00678004535147392,9.91148971455473,1073.44,389.17,-11.1045588568836
0.00680272108843537,9.90375920040722,1073.44,389.17,-11.1383533681107
0.00682539682539683,9.89570702301581,1073.44,389.17,-11.1721478793377
0.00684807256235828,9.88733344390643,1073.44,389.17,-11.2059423905648
0.00687074829931973,9.87863873504373,1073.44,389.17,-11.2397369017918
0.00689342403628118,9.86962317882232,1073.44,389.17,-11.2735314130188
0.00691609977324263,9.8602870680576,1073.44,389.17,-11.3073259242459
0.00693877551020408,9.85063070597621,1073.44,389.17,-11.3411204354729
0.00696145124716553,9.84065440620621,1073.44,389.17,-11.3749149466999
0.00698412698412698,9.83035849276687,1073.44,389.17,-11.408709457927
0.00700680272108843,9.81974330005818,1073.44,389.17,-11.442503969154
0.00702947845804989,9.80880917284997,1073.44,389.17,-11.476298480381
0.00705215419501134,9.79755646627069,1073.44,389.17,-11.5100929916081
0.00707482993197279,9.78598554579594,1073.44,389.17,-11.5438875028351
0.00709750566893424,9.77409678723652,1073.44,389.17,-11.5776820140621
0.00712018140589569,9.76189057672629,1073.44,389.17,-11.6114765252892
0.00714285714285714,9.74936731070956,1073.44,389.17,-11.6452710365162
0.00716553287981859,9.73652739592832,1073.44,389.17,-11.6790655477433
0.00718820861678005,9.72337124940891,1073.44,389.17,-11.7128600589703
0.0072108843537415,9.70989929844855,1073.44,389.17,-11.7466545701973
0.00723356009070295,9.69611198060144,1073.44,389.17,-11.7804490814244
0.0072562358276644,9.68200974366457,1073.44,389.17,-11.8142435926514
0.00727891156462585,9.66759304566311,1073.44,389.17,-11.8480381038784
0.0073015873015873,9.65286235483563,1073.44,389.17,-11.8818326151055
0.00732426303854875,9.63781814961882,1073.44,389.17,-11.9156271263325
0.0073469387755102,9.62246091863197,1073.44,389.17,-11.9494216375595
0.00736961451247166,9.60679116066111,1073.44,389.17,-11.9832161487866
0.00739229024943311,9.59080938464281,1073.44,389.17,-12.0170106600136
0.00741496598639456,9.57451610964764,1073.44,389.17,-12.0508051712406
0.00743764172335601,9.55791186486332,1073.44,389.17,-12.0845996824677
0.00746031746031746,9.5409971895775,1073.44,389.17,-12.1183941936947
0.00748299319727891,9.5237726331603,1073.44,389.17,-12.1521887049218
0.00750566893424036,9.50623875504645,1073.44,389.17,-12.1859832161488
0.00752834467120181,9.48839612471708,1073.44,389.17,-12.2197777273758
0.00755102040816327,9.47024532168126,1073.44,389.17,-12.2535722386029
0.00757369614512472,9.4517869354572,1073.44,389.17,-12.2873667498299
0.00759637188208617,9.43302156555304,1073.44,389.17,-12.3211612610569
0.00761904761904762,9.41394982144743,1073.44,389.17,-12.354955772284
0.00764172335600907,9.3945723225697,1073.44,389.17,-12.388750283511
0.00766439909297052,9.3748896982798,1073.44,389.17,-12.422544794738
0.00768707482993197,9.35490258784778,1073.44,389.17,-12.4563393059651
0.00770975056689342,9.33461164043308,1073.44,389.17,-12.4901338171921
0.00773242630385487,9.31401751506344,1073.44,389.17,-12.5239283284191
0.00775510204081633,9.29312088061347,1073.44,389.17,-12.5577228396462
0.00777777777777778,9.27192241578296,1073.44,389.17,-12.5915173508732
0.00780045351473923,9.25042280907481,1073.44,389.17,-12.6253118621002
0.00782312925170068,9.22862275877268,1073.44,389.17,-12.6591063733273
0.00784580498866213,9.20652297291832,1073.44,389.17,-12.6929008845543
0.00786848072562358,9.18412416928853,1073.44,389.17,-12.7266953957814
0.00789115646258503,9.16142707537193,1073.44,389.17,-12.7604899070084
0.00791383219954649,9.13843242834523,1073.44,389.17,-12.7942844182354
0.00793650793650794,9.11514097504938,1073.44,389.17,-12.8280789294625
0.00795918367346939,9.09155347196525,1073.44,389.17,-12.8618734406895
0.00798185941043084,9.06767068518908,1073.44,389.17,-12.8956679519165
0.00800453514739229,9.04349339040761,1073.44,389.17,-12.9294624631436
0.00802721088435374,9.01902237287288,1073.44,389.17,-12.9632569743706
0.00804988662131519,8.99425842737671,1073.44,389.17,-12.9970514855976
0.00807256235827664,8.96920235822492,1073.44,389.17,-13.0308459968247
0.00809523809523809,8.94385497921116,1073.44,389.17,-13.0646405080517
0.00811791383219955,8.91821711359053,1073.44,389.17,-13.0984350192787
0.008140589569161,8.8922895940528,1073.44,389.17,-13.1322295305058
0.00816326530612245,8.86607326269538,1073.44,389.17,-13.1660240417328
0.0081859410430839,8.839568970996,1073.44,389.17,-13.1998185529599
0.00820861678004535,8.81277757978497,1073.44,389.17,-13.2336130641869
0.0082312925170068,8.78569995921735,1073.44,389.17,-13.2674075754139
0.00825396825396825,8.75833698874455,1073.44,389.17,-13.301202086641
0.0082766439909297,8.73068955708588,1073.44,389.17,-13.334996597868
0.00829931972789116,8.70275856219959,1073.44,389.17,-13.368791109095
0.00832199546485261,8.67454491125381,1073.44,389.17,-13.4025856203221
0.00834467120181406,8.64604952059698,1073.44,389.17,-13.4363801315491
0.00836734693877551,8.61727331572817,1073.44,389.17,-13.4701746427761
0.00839002267573696,8.58821723126696,1073.44,389.17,-13.5039691540032
0.00841269841269841,8.55888221092314,1073.44,389.17,-13.5377636652302
0.00843537414965986,8.52926920746601,1073.44,389.17,-13.5715581764572
0.00845804988662132,8.49937918269347,1073.44,389.17,-13.6053526876843
0.00848072562358277,8.46921310740075,1073.44,389.17,-13.6391471989113
0.00850340136054422,8.43877196134894,1073.44,389.17,-13.6729417101384
0.00852607709750567,8.40805673323307,1073.44,389.17,-13.7067362213654
0.00854875283446712,8.3770684206501,1073.44,389.17,-13.7405307325924
0.00857142857142857,8.34580803006646,1073.44,389.17,-13.7743252438195
0.00859410430839002,8.31427657678536,1073.44,389.17,-13.8081197550465
0.00861678004535147,8.28247508491386,1073.44,389.17,-13.8419142662735
0.00863945578231293,8.25040458732954,1073.44,389.17,-13.8757087775006
0.00866213151927438,8.21806612564702,1073.44,389.17,-13.9095032887276
0.00868480725623583,8.18546075018411,1073.44,389.17,-13.9432977999546
0.00870748299319728,8.15258951992763,1073.44,389.17,-13.9770923111817
0.00873015873015873,8.11945350249914,1073.44,389.17,-14.0108868224087
0.00875283446712018,8.08605377412016,1073.44,389.17,-14.0446813336357
0.00877551020408163,8.05239141957727,1073.44,389.17,-14.0784758448628
0.00879818594104308,8.01846753218683,1073.44,389.17,-14.1122703560898
0.00882086167800454,7.98428321375953,1073.44,389.17,-14.1460648673169
0.00884353741496599,7.94983957456456,1073.44,389.17,-14.1798593785439
0.00886621315192744,7.91513773329358,1073.44,389.17,-14.2136538897709
0.00888888888888889,7.88017881702435,1073.44,389.17,-14.247448400998
0.00891156462585034,7.84496396118416,1073.44,389.17,-14.281242912225
0.00893424036281179,7.80949430951293,1073.44,389.17,-14.315037423452
0.00895691609977324,7.77377101402607,1073.44,389.17,-14.3488319346791
0.00897959183673469,7.73779523497706,1073.44,389.17,-14.3826264459061
0.00900226757369615,7.70156814081977,1073.44,389.17,-14.4164209571331
0.0090249433106576,7.66509090817053,1073.44,389.17,-14.4502154683602
0.00904761904761905,7.62836472176984,1073.44,389.17,-14.4840099795872
0.0090702947845805,7.59139077444402,1073.44,389.17,-14.5178044908142
0.00909297052154195,7.55417026706633,1073.44,389.17,-14.5515990020413
0.0091156462585034,7.51670440851807,1073.44,389.17,-14.5853935132683
0.00913832199546485,7.47899441564924,1073.44,389.17,-14.6191880244954
0.0091609977324263,7.4410415132391,1073.44,389.17,-14.6529825357224
0.00918367346938776,7.4028469339563,1073.44,389.17,-14.6867770469494
0.00920634920634921,7.36441191831893,1073.44,389.17,-14.7205715581765
0.00922902494331066,7.32573771465417,1073.44,389.17,-14.7543660694035
0.00925170068027211,7.28682557905775,1073.44,389.17,-14.7881605806305
0.00927437641723356,7.24767677535321,1073.44,389.17,-14.8219550918576
0.00929705215419501,7.20829257505077,1073.44,389.17,-14.8557496030846
0.00931972789115646,7.16867425730608,1073.44,389.17,-14.8895441143116
0.00934240362811791,7.12882310887869,1073.44,389.17,-14.9233386255387
0.00936507936507936,7.08874042409023,1073.44,389.17,-14.9571331367657
0.00938775510204082,7.04842750478235,1073.44,389.17,-14.9909276479927
0.00941043083900227,7.0078856602745,1073.44,389.17,-15.0247221592198
0.00943310657596372,6.96711620732135,1073.44,389.17,-15.0585166704468
0.00945578231292517,6.92612047007004,1073.44,389.17,-15.0923111816738
0.00947845804988662,6.88489978001719,1073.44,389.17,-15.1261056929009
0.00950113378684807,6.84345547596563,1073.44,389.17,-15.1599002041279
0.00952380952380952,6.80178890398094,1073.44,389.17,-15.193694715355
0.00954648526077097,6.75990141734769,1073.44,389.17,-15.227489226582
0.00956916099773243,6.71779437652556,1073.44,389.17,-15.261283737809
0.00959183673469388,6.67546914910506,1073.44,389.17,-15.2950782490361
0.00961451247165533,6.63292710976321,1073.44,389.17,-15.3288727602631
0.00963718820861678,6.5901696402188,1073.44,389.17,-15.3626672714901
0.00965986394557823,6.54719812918758,1073.44,389.17,-15.3964617827172
0.00968253968253968,6.50401397233715,1073.44,389.17,-15.4302562939442
0.00970521541950113,6.46061857224157,1073.44,389.17,-15.4640508051712
0.00972789115646258,6.41701333833587,1073.44,389.17,-15.4978453163983
0.00975056689342404,6.37319968687028,1073.44,389.17,-15.5316398276253
0.00977324263038549,6.32917904086415,1073.44,389.17,-15.5654343388523
0.00979591836734694,6.28495283005983,1073.44,389.17,-15.5992288500794
0.00981859410430839,6.24052249087617,1073.44,389.17,-15.6330233613064
0.00984126984126984,6.19588946636188,1073.44,389.17,-15.6668178725335
0.00986394557823129,6.15105520614869,1073.44,389.17,-15.7006123837605
0.00988662131519274,6.10602116640422,1073.44,389.17,-15.7344068949875
0.0099092970521542,6.06078880978473,1073.44,389.17,-15.7682014062146
0.00993197278911565,6.01535960538759,1073.44,389.17,-15.8019959174416
0.0099546485260771,5.96973502870355,1073.44,389.17,-15.8357904286686
0.00997732426303855,5.92391656156887,1073.44,389.17,-15.8695849398957
0.01,5.87790569211713,1073.44,389.17,-15.9033794511227
0.0100226757369615,5.83170391473095,1073.44,389.17,-15.9371739623497
0.0100453514739229,5.78531272999342,1073.44,389.17,-15.9709684735768
0.0100680272108844,5.73873364463938,1073.44,389.17,-16.0047629848038
0.0100907029478458,5.69196817150645,1073.44,389.17,-16.0385574960308
0.0101133786848073,5.64501782948596,1073.44,389.17,-16.0723520072579
0.0101360544217687,5.59788414347354,1073.44,389.17,-16.1061465184849
0.0101587301587302,5.55056864431967,1073.44,389.17,-16.139941029712
0.0101814058956916,5.50307286877989,1073.44,389.17,-16.173735540939
0.0102040816326531,5.45539835946494,1073.44,389.17,-16.207530052166
0.0102267573696145,5.40754666479062,1073.44,389.17,-16.2413245633931
0.010249433106576,5.35951933892754,1073.44,389.17,-16.2751190746201
0.0102721088435374,5.31131794175058,1073.44,389.17,-16.3089135858471
0.0102947845804989,5.26294403878832,1073.44,389.17,-16.3427080970742
0.0103174603174603,5.21439920117209,1073.44,389.17,-16.3765026083012
0.0103401360544218,5.16568500558501,1073.44,389.17,-16.4102971195282
0.0103628117913832,5.11680303421076,1073.44,389.17,-16.4440916307553
0.0103854875283447,5.06775487468219,1073.44,389.17,-16.4778861419823
0.0104081632653061,5.01854212002978,1073.44,389.17,-16.5116806532093
0.0104308390022676,4.96916636862984,1073.44,389.17,-16.5454751644364
0.010453514739229,4.91962922415267,1073.44,389.17,-16.5792696756634
0.0104761904761905,4.86993229551043,1073.44,389.17,-16.6130641868905
0.0104988662131519,4.82007719680488,1073.44,389.17,-16.6468586981175
0.0105215419501134,4.77006554727499,1073.44,389.17,-16.6806532093445
0.0105442176870748,4.71989897124433,1073.44,389.17,-16.7144477205716
0.0105668934240363,4.66957909806829,1073.44,389.17,-16.7482422317986
0.0105895691609977,4.6191075620812,1073.44,389.17,-16.7820367430256
0.0106122448979592,4.56848600254324,1073.44,389.17,-16.8158312542527
0.0106349206349206,4.51771606358717,1073.44,389.17,-16.8496257654797
0.0106575963718821,4.46679939416497,1073.44,389.17,-16.8834202767067
0.0106802721088435,4.41573764799425,1073.44,389.17,-16.9172147879338
0.010702947845805,4.36453248350456,1073.44,389.17,-16.9510092991608
0.0107256235827664,4.31318556378353,1073.44,389.17,-16.9848038103878
0.0107482993197279,4.26169855652282,1073.44,389.17,-17.0185983216149
0.0107709750566893,4.21007313396399,1073.44,389.17,-17.0523928328419
0.0107936507936508,4.1583109728442,1073.44,389.17,-17.086187344069
0.0108163265306122,4.1064137543417,1073.44,389.17,-17.119981855296
0.0108390022675737,4.05438316402126,1073.44,389.17,-17.153776366523
0.0108616780045351,4.00222089177943,1073.44,389.17,-17.1875708777501
0.0108843537414966,3.94992863178965,1073.44,389.17,-17.2213653889771
0.010907029478458,3.89750808244719,1073.44,389.17,-17.2551599002041
0.0109297052154195,3.84496094631405,1073.44,389.17,-17.2889544114312
0.010952380952381,3.79228893006363,1073.44,389.17,-17.3227489226582
0.0109750566893424,3.73949374442526,1073.44,389.17,-17.3565434338852
0.0109977324263039,3.68657710412872,1073.44,389.17,-17.3903379451123
0.0110204081632653,3.63354072784849,1073.44,389.17,-17.4241324563393
0.0110430839002268,3.58038633814793,1073.44,389.17,-17.4579269675663
0.0110657596371882,3.52711566142336,1073.44,389.17,-17.4917214787934
0.0110884353741497,3.47373042784799,1073.44,389.17,-17.5255159900204
0.0111111111111111,3.42023237131567,1073.44,389.17,-17.5593105012474
0.0111337868480726,3.36662322938466,1073.44,389.17,-17.5931050124745
0.011156462585034,3.31290474322112,1073.44,389.17,-17.6268995237015
0.0111791383219955,3.25907865754261,1073.44,389.17,-17.6606940349286
0.0112018140589569,3.20514672056139,1073.44,389.17,-17.6944885461556
0.0112244897959184,3.15111068392766,1073.44,389.17,-17.7282830573826
0.0112471655328798,3.09697230267267,1073.44,389.17,-17.7620775686097
0.0112698412698413,3.04273333515171,1073.44,389.17,-17.7958720798367
0.0112925170068027,2.98839554298699,1073.44,389.17,-17.8296665910637
0.0113151927437642,2.93396069101044,1073.44,389.17,-17.8634611022908
0.0113378684807256,2.87943054720639,1073.44,389.17,-17.8972556135178
0.0113605442176871,2.82480688265416,1073.44,389.17,-17.9310501247448
0.0113832199546485,2.77009147147048,1073.44,389.17,-17.9648446359719
0.01140589569161,2.71528609075195,1073.44,389.17,-17.9986391471989
0.0114285714285714,2.66039252051726,1073.44,389.17,-18.0324336584259
0.0114512471655329,2.60541254364941,1073.44,389.17,-18.066228169653
0.0114739229024943,2.55034794583779,1073.44,389.17,-18.10002268088
0.0114965986394558,2.49520051552017,1073.44,389.17,-18.1338171921071
0.0115192743764172,2.43997204382466,1073.44,389.17,-18.1676117033341
0.0115419501133787,2.38466432451148,1073.44,389.17,-18.2014062145611
0.0115646258503401,2.32927915391474,1073.44,389.17,-18.2352007257882
0.0115873015873016,2.27381833088406,1073.44,389.17,-18.2689952370152
0.011609977324263,2.21828365672621,1073.44,389.17,-18.3027897482422
0.0116326530612245,2.16267693514651,1073.44,389.17,-18.3365842594693
0.0116553287981859,2.10699997219035,1073.44,389.17,-18.3703787706963
0.0116780045351474,2.05125457618445,1073.44,389.17,-18.4041732819233
0.0117006802721088,1.99544255767819,1073.44,389.17,-18.4379677931504
0.0117233560090703,1.93956572938474,1073.44,389.17,-18.4717623043774
0.0117460317460317,1.88362590612225,1073.44,389.17,-18.5055568156044
0.0117687074829932,1.82762490475486,1073.44,389.17,-18.5393513268315
0.0117913832199546,1.77156454413372,1073.44,389.17,-18.5731458380585
0.0118140589569161,1.7154466450379,1073.44,389.17,-18.6069403492856
0.0118367346938776,1.65927303011525,1073.44,389.17,-18.6407348605126
0.011859410430839,1.60304552382322,1073.44,389.17,-18.6745293717396
0.0118820861678005,1.54676595236958,1073.44,389.17,-18.7083238829667
0.0119047619047619,1.49043614365313,1073.44,389.17,-18.7421183941937
0.0119274376417234,1.43405792720431,1073.44,389.17,-18.7759129054207
0.0119501133786848,1.37763313412581,1073.44,389.17,-18.8097074166478
0.0119727891156463,1.32116359703306,1073.44,389.17,-18.8435019278748
0.0119954648526077,1.26465114999473,1073.44,389.17,-18.8772964391018
0.0120181405895692,1.20809762847316,1073.44,389.17,-18.9110909503289
0.0120408163265306,1.15150486926474,1073.44,389.17,-18.9448854615559
0.0120634920634921,1.09487471044027,1073.44,389.17,-18.9786799727829
0.0120861678004535,1.03820899128523,1073.44,389.17,-19.01247448401
0.012108843537415,0.981509552240077,1073.44,389.17,-19.046268995237
0.0121315192743764,0.924778234840445,1073.44,389.17,-19.0800635064641
0.0121541950113379,0.868016881657341,1073.44,389.17,-19.1138580176911
0.0121768707482993,0.811227336237305,1073.44,389.17,-19.1476525289181
0.0121995464852608,0.754411443042529,1073.44,389.17,-19.1814470401452
0.0122222222222222,0.69757104739095,1073.44,389.17,-19.2152415513722
0.0122448979591837,0.640707995396319,1073.44,389.17,-19.2490360625992
0.0122675736961451,0.583824133908241,1073.44,389.17,-19.2828305738263
0.0122902494331066,0.52692131045219,1073.44,389.17,-19.3166250850533
0.012312925170068,0.470001373169505,1073.44,389.17,-19.3504195962803
0.0123356009070295,0.413066170757361,1073.44,389.17,-19.3842141075074
0.0123582766439909,0.356117552408728,1073.44,389.17,-19.4180086187344
0.0123809523809524,0.299157367752313,1073.44,389.17,-19.4518031299614
0.0124036281179138,0.242187466792483,1073.44,389.17,-19.4855976411885
0.0124263038548753,0.18520969984918,1073.44,389.17,-19.5193921524155
0.0124489795918367,0.128225917497823,1073.44,389.17,-19.5531866636425
0.0124716553287982,0.0712379705092073,1073.44,389.17,-19.5869811748696
0.0124943310657596,0.014247709789389,1073.44,389.17,-19.6207756860966
0.0125170068027211,-0.0427430136804271,1073.44,389.17,-19.6545701973237
0.0125396825396825,-0.0997323489040071,1073.44,389.17,-19.6883647085507
0.012562358276644,-0.156718444930206,1073.44,389.17,-19.7221592197777
0.0125850340136054,-0.213699450913083,1073.44,389.17,-19.7559537310048
0.0126077097505669,-0.270673516172018,1073.44,389.17,-19.7897482422318
0.0126303854875283,-0.327638790251818,1073.44,389.17,-19.8235427534588
0.0126530612244898,-0.384593422982817,1073.44,389.17,-19.8573372646859
0.0126757369614512,-0.441535564540968,1073.44,389.17,-19.8911317759129
0.0126984126984127,-0.498463365507925,1073.44,389.17,-19.9249262871399
0.0127210884353742,-0.555374976931108,1073.44,389.17,-19.958720798367
0.0127437641723356,-0.612268550383754,1073.44,389.17,-19.992515309594
0.0127664399092971,-0.669142238024957,1073.44,389.17,-20.026309820821
0.0127891156462585,-0.725994192659677,1073.44,389.17,-20.0601043320481
0.01281179138322,-0.782822567798741,1073.44,389.17,-20.0938988432751
0.0128344671201814,-0.839625517718809,1073.44,389.17,-20.1276933545022
0.0128571428571429,-0.896401197522329,1073.44,389.17,-20.1614878657292
0.0128798185941043,-0.953147763197446,1073.44,389.17,-20.1952823769562
0.0129024943310658,-1.00986337167791,1073.44,389.17,-20.2290768881833
0.0129251700680272,-1.06654618090291,1073.44,389.17,-20.2628713994103
0.0129478458049887,-1.12319434987693,1073.44,389.17,-20.2966659106373
0.0129705215419501,-1.17980603872955,1073.44,389.17,-20.3304604218644
0.0129931972789116,-1.23637940877514,1073.44,389.17,-20.3642549330914
0.013015873015873,-1.29291262257266,1073.44,389.17,-20.3980494443184
0.0130385487528345,-1.34940384398528,1073.44,389.17,-20.4318439555455
0.0130612244897959,-1.40585123824006,1073.44,389.17,-20.4656384667725
0.0130839002267574,-1.4622529719875,1073.44,389.17,-20.4994329779995
0.0131065759637188,-1.51860721336109,1073.44,389.17,-20.5332274892266
0.0131292517006803,-1.57491213203686,1073.44,389.17,-20.5670220004536
0.0131519274376417,-1.63116589929275,1073.44,389.17,-20.6008165116807
0.0131746031746032,-1.68736668806805,1073.44,389.17,-20.6346110229077
0.0131972789115646,-1.74351267302276,1073.44,389.17,-20.6684055341347
0.0132199546485261,-1.79960203059681,1073.44,389.17,-20.7022000453618
0.0132426303854875,-1.85563293906934,1073.44,389.17,-20.7359945565888
0.013265306122449,-1.91160357861787,1073.44,389.17,-20.7697890678158
0.0132879818594104,-1.96751213137737,1073.44,389.17,-20.8035835790429
0.0133106575963719,-2.02335678149931,1073.44,389.17,-20.8373780902699
0.0133333333333333,-2.07913571521069,1073.44,389.17,-20.8711726014969
0.0133560090702948,-2.13484712087285,1073.44,389.17,-20.904967112724
0.0133786848072562,-2.19048918904041,1073.44,389.17,-20.938761623951
0.0134013605442177,-2.24606011251998,1073.44,389.17,-20.972556135178
0.0134240362811791,-2.30155808642887,1073.44,389.17,-21.0063506464051
0.0134467120181406,-2.35698130825373,1073.44,389.17,-21.0401451576321
0.013469387755102,-2.41232797790904,1073.44,389.17,-21.0739396688592
0.0134920634920635,-2.46759629779565,1073.44,389.17,-21.1077341800862
0.0135147392290249,-2.52278447285909,1073.44,389.17,-21.1415286913132
0.0135374149659864,-2.57789071064794,1073.44,389.17,-21.1753232025403
0.0135600907029478,-2.63291322137199,1073.44,389.17,-21.2091177137673
0.0135827664399093,-2.68785021796039,1073.44,389.17,-21.2429122249943
0.0136054421768707,-2.74269991611971,1073.44,389.17,-21.2767067362214
0.0136281179138322,-2.79746053439187,1073.44,389.17,-21.3105012474484
0.0136507936507937,-2.85213029421202,1073.44,389.17,-21.3442957586754
0.0136734693877551,-2.90670741996626,1073.44,389.17,-21.3780902699025
0.0136961451247166,-2.96119013904938,1073.44,389.17,-21.4118847811295
0.013718820861678,-3.01557668192238,1073.44,389.17,-21.4456792923565
0.0137414965986395,-3.06986528216995,1073.44,389.17,-21.4794738035836
0.0137641723356009,-3.12405417655786,1073.44,389.17,-21.5132683148106
0.0137868480725624,-3.17814160509021,1073.44,389.17,-21.5470628260376
0.0138095238095238,-3.2321258110666,1073.44,389.17,-21.5808573372647
0.0138321995464853,-3.28600504113921,1073.44,389.17,-21.6146518484917
0.0138548752834467,-3.33977754536968,1073.44,389.17,-21.6484463597188
0.0138775510204082,-3.39344157728601,1073.44,389.17,-21.6822408709458
0.0139002267573696,-3.44699539393928,1073.44,389.17,-21.7160353821728
0.0139229024943311,-3.5004372559602,1073.44,389.17,-21.7498298933999
0.0139455782312925,-3.55376542761568,1073.44,389.17,-21.7836244046269
0.013968253968254,-3.60697817686515,1073.44,389.17,-21.8174189158539
0.0139909297052154,-3.66007377541684,1073.44,389.17,-21.851213427081
0.0140136054421769,-3.7130504987839,1073.44,389.17,-21.885007938308
0.0140362811791383,-3.76590662634043,1073.44,389.17,-21.918802449535
0.0140589569160998,-3.81864044137733,1073.44,389.17,-21.9525969607621
0.0140816326530612,-3.87125023115808,1073.44,389.17,-21.9863914719891
0.0141043083900227,-3.92373428697438,1073.44,389.17,-22.0201859832161
0.0141269841269841,-3.97609090420163,1073.44,389.17,-22.0539804944432
0.0141496598639456,-4.02831838235427,1073.44,389.17,-22.0877750056702
0.014172335600907,-4.08041502514107,1073.44,389.17,-22.1215695168973
0.0141950113378685,-4.13237914052015,1073.44,389.17,-22.1553640281243
0.0142176870748299,-4.18420904075402,1073.44,389.17,-22.1891585393513
0.0142403628117914,-4.23590304246432,1073.44,389.17,-22.2229530505784
0.0142630385487528,-4.28745946668653,1073.44,389.17,-22.2567475618054
0.0142857142857143,-4.33887663892451,1073.44,389.17,-22.2905420730324
0.0143083900226757,-4.39015288920484,1073.44,389.17,-22.3243365842595
0.0143310657596372,-4.44128655213113,1073.44,389.17,-22.3581310954865
0.0143537414965986,-4.49227596693805,1073.44,389.17,-22.3919256067135
0.0143764172335601,-4.54311947754529,1073.44,389.17,-22.4257201179406
0.0143990929705215,-4.59381543261136,1073.44,389.17,-22.4595146291676
0.014421768707483,-4.64436218558719,1073.44,389.17,-22.4933091403946
0.0144444444444444,-4.69475809476966,1073.44,389.17,-22.5271036516217
0.0144671201814059,-4.74500152335486,1073.44,389.17,-22.5608981628487
0.0144897959183673,-4.79509083949131,1073.44,389.17,-22.5946926740758
0.0145124716553288,-4.84502441633292,1073.44,389.17,-22.6284871853028
0.0145351473922902,-4.89480063209184,1073.44,389.17,-22.6622816965298
0.0145578231292517,-4.94441787009115,1073.44,389.17,-22.6960762077569
0.0145804988662132,-4.99387451881732,1073.44,389.17,-22.7298707189839
0.0146031746031746,-5.04316897197263,1073.44,389.17,-22.7636652302109
0.0146258503401361,-5.09229962852726,1073.44,389.17,-22.797459741438
0.0146485260770975,-5.14126489277133,1073.44,389.17,-22.831254252665
0.014671201814059,-5.19006317436674,1073.44,389.17,-22.865048763892
0.0146938775510204,-5.23869288839877,1073.44,389.17,-22.8988432751191
0.0147165532879819,-5.28715245542762,1073.44,389.17,-22.9326377863461
0.0147392290249433,-5.33544030153967,1073.44,389.17,-22.9664322975731
0.0147619047619048,-5.38355485839859,1073.44,389.17,-23.0002268088002
0.0147845804988662,-5.43149456329632,1073.44,389.17,-23.0340213200272
0.0148072562358277,-5.47925785920379,1073.44,389.17,-23.0678158312543
0.0148299319727891,-5.52684319482149,1073.44,389.17,-23.1016103424813
0.0148526077097506,-5.57424902462988,1073.44,389.17,-23.1354048537083
0.014875283446712,-5.62147380893957,1073.44,389.17,-23.1691993649354
0.0148979591836735,-5.66851601394132,1073.44,389.17,-23.2029938761624
0.0149206349206349,-5.71537411175587,1073.44,389.17,-23.2367883873894
0.0149433106575964,-5.76204658048357,1073.44,389.17,-23.2705828986165
0.0149659863945578,-5.80853190425379,1073.44,389.17,-23.3043774098435
0.0149886621315193,-5.85482857327416,1073.44,389.17,-23.3381719210705
0.0150113378684807,-5.90093508387961,1073.44,389.17,-23.3719664322976
0.0150340136054422,-5.94684993858122,1073.44,389.17,-23.4057609435246
0.0150566893424036,-5.99257164611482,1073.44,389.17,-23.4395554547516
0.0150793650793651,-6.03809872148948,1073.44,389.17,-23.4733499659787
0.0151020408163265,-6.08342968603567,1073.44,389.17,-23.5071444772057
0.015124716553288,-6.12856306745337,1073.44,389.17,-23.5409389884327
0.0151473922902494,-6.1734973998598,1073.44,389.17,-23.5747334996598
0.0151700680272109,-6.2182312238371,1073.44,389.17,-23.6085280108868
0.0151927437641723,-6.26276308647971,1073.44,389.17,-23.6423225221139
0.0152154195011338,-6.30709154144152,1073.44,389.17,-23.6761170333409
0.0152380952380952,-6.35121514898291,1073.44,389.17,-23.7099115445679
0.0152607709750567,-6.39513247601746,1073.44,389.17,-23.743706055795
0.0152834467120181,-6.43884209615854,1073.44,389.17,-23.777500567022
0.0153061224489796,-6.48234258976558,1073.44,389.17,-23.811295078249
0.015328798185941,-6.52563254399023,1073.44,389.17,-23.8450895894761
0.0153514739229025,-6.56871055282222,1073.44,389.17,-23.8788841007031
0.0153741496598639,-6.61157521713505,1073.44,389.17,-23.9126786119301
0.0153968253968254,-6.65422514473139,1073.44,389.17,-23.9464731231572
0.0154195011337868,-6.69665895038836,1073.44,389.17,-23.9802676343842
0.0154421768707483,-6.73887525590244,1073.44,389.17,-24.0140621456112
0.0154648526077097,-6.7808726901343,1073.44,389.17,-24.0478566568383
0.0154875283446712,-6.82264988905332,1073.44,389.17,-24.0816511680653
0.0155102040816327,-6.86420549578186,1073.44,389.17,-24.1154456792924
0.0155328798185941,-6.90553816063936,1073.44,389.17,-24.1492401905194
0.0155555555555556,-6.94664654118617,1073.44,389.17,-24.1830347017464
0.015578231292517,-6.98752930226715,1073.44,389.17,-24.2168292129735
0.0156009070294785,-7.02818511605502,1073.44,389.17,-24.2506237242005
0.0156235827664399,-7.06861266209351,1073.44,389.17,-24.2844182354275
0.0156462585034014,-7.10881062734025,1073.44,389.17,-24.3182127466546
0.0156689342403628,-7.14877770620937,1073.44,389.17,-24.3520072578816
0.0156916099773243,-7.18851260061396,1073.44,389.17,-24.3858017691086
0.0157142857142857,-7.2280140200082,1073.44,389.17,-24.4195962803357
0.0157369614512472,-7.26728068142928,1073.44,389.17,-24.4533907915627
0.0157596371882086,-7.30631130953908,1073.44,389.17,-24.4871853027897
0.0157823129251701,-7.34510463666559,1073.44,389.17,-24.5209798140168
0.0158049886621315,-7.38365940284404,1073.44,389.17,-24.5547743252438
0.015827664399093,-7.4219743558579,1073.44,389.17,-24.5885688364709
0.0158503401360544,-7.46004825127948,1073.44,389.17,-24.6223633476979
0.0158730158730159,-7.4978798525104,1073.44,389.17,-24.6561578589249
0.0158956916099773,-7.5354679308217,1073.44,389.17,-24.689952370152
0.0159183673469388,-7.57281126539381,1073.44,389.17,-24.723746881379
0.0159410430839002,-7.60990864335614,1073.44,389.17,-24.757541392606
0.0159637188208617,-7.64675885982653,1073.44,389.17,-24.7913359038331
0.0159863945578231,-7.68336071795032,1073.44,389.17,-24.8251304150601
0.0160090702947846,-7.71971302893929,1073.44,389.17,-24.8589249262871
0.016031746031746,-7.75581461211022,1073.44,389.17,-24.8927194375142
0.0160544217687075,-7.79166429492325,1073.44,389.17,-24.9265139487412
0.0160770975056689,-7.82726091301998,1073.44,389.17,-24.9603084599682
0.0160997732426304,-7.86260331026128,1073.44,389.17,-24.9941029711953
0.0161224489795918,-7.8976903387648,1073.44,389.17,-25.0278974824223
0.0161451247165533,-7.93252085894233,1073.44,389.17,-25.0616919936494
0.0161678004535147,-7.96709373953675,1073.44,389.17,-25.0954865048764
0.0161904761904762,-8.00140785765878,1073.44,389.17,-25.1292810161034
0.0162131519274376,-8.03546209882349,1073.44,389.17,-25.1630755273305
0.0162358276643991,-8.06925535698644,1073.44,389.17,-25.1968700385575
0.0162585034013605,-8.10278653457964,1073.44,389.17,-25.2306645497845
0.016281179138322,-8.1360545425472,1073.44,389.17,-25.2644590610116
0.0163038548752834,-8.16905830038069,1073.44,389.17,-25.2982535722386
0.0163265306122449,-8.20179673615421,1073.44,389.17,-25.3320480834656
0.0163492063492063,-8.23426878655928,1073.44,389.17,-25.3658425946927
0.0163718820861678,-8.26647339693926,1073.44,389.17,-25.3996371059197
0.0163945578231293,-8.29840952132373,1073.44,389.17,-25.4334316171467
0.0164172335600907,-8.33007612246235,1073.44,389.17,-25.4672261283738
0.0164399092970522,-8.36147217185863,1073.44,389.17,-25.5010206396008
0.0164625850340136,-8.39259664980331,1073.44,389.17,-25.5348151508279
0.0164852607709751,-8.42344854540746,1073.44,389.17,-25.5686096620549
0.0165079365079365,-8.45402685663531,1073.44,389.17,-25.6024041732819
0.016530612244898,-8.48433059033682,1073.44,389.17,-25.636198684509
0.0165532879818594,-8.51435876227997,1073.44,389.17,-25.669993195736
0.0165759637188209,-8.54411039718261,1073.44,389.17,-25.703787706963
0.0165986394557823,-8.57358452874426,1073.44,389.17,-25.7375822181901
0.0166213151927438,-8.60278019967745,1073.44,389.17,-25.7713767294171
0.0166439909297052,-8.63169646173876,1073.44,389.17,-25.8051712406441
0.0166666666666667,-8.6603323757597,1073.44,389.17,-25.8389657518712
0.0166893424036281,-8.68868701167718,1073.44,389.17,-25.8727602630982
0.0167120181405896,-8.71675944856369,1073.44,389.17,-25.9065547743252
0.016734693877551,-8.74454877465725,1073.44,389.17,-25.9403492855523
0.0167573696145125,-8.77205408739102,1073.44,389.17,-25.9741437967793
0.0167800453514739,-8.79927449342257,1073.44,389.17,-26.0079383080064
0.0168027210884354,-8.82620910866297,1073.44,389.17,-26.0417328192334
0.0168253968253968,-8.85285705830541,1073.44,389.17,-26.0755273304604
0.0168480725623583,-8.87921747685372,1073.44,389.17,-26.1093218416875
0.0168707482993197,-8.90528950815039,1073.44,389.17,-26.1431163529145
0.0168934240362812,-8.9310723054044,1073.44,389.17,-26.1769108641415
0.0169160997732426,-8.95656503121878,1073.44,389.17,-26.2107053753686
0.0169387755102041,-8.98176685761772,1073.44,389.17,-26.2444998865956
0.0169614512471655,-9.00667696607354,1073.44,389.17,-26.2782943978226
0.016984126984127,-9.0312945475332,1073.44,389.17,-26.3120889090497
0.0170068027210884,-9.05561880244464,1073.44,389.17,-26.3458834202767
0.0170294784580499,-9.07964894078273,1073.44,389.17,-26.3796779315037
0.0170521541950113,-9.1033841820749,1073.44,389.17,-26.4134724427308
0.0170748299319728,-9.12682375542655,1073.44,389.17,-26.4472669539578
0.0170975056689342,-9.149966899546,1073.44,389.17,-26.4810614651848
0.0171201814058957,-9.17281286276932,1073.44,389.17,-26.5148559764119
0.0171428571428571,-9.19536090308465,1073.44,389.17,-26.5486504876389
0.0171655328798186,-9.21761028815637,1073.44,389.17,-26.582444998866
0.01718820861678,-9.23956029534881,1073.44,389.17,-26.616239510093
0.0172108843537415,-9.26121021174983,1073.44,389.17,-26.65003402132
0.0172335600907029,-9.28255933419385,1073.44,389.17,-26.6838285325471
0.0172562358276644,-9.30360696928477,1073.44,389.17,-26.7176230437741
0.0172789115646259,-9.3243524334185,1073.44,389.17,-26.7514175550011
0.0173015873015873,-9.34479505280507,1073.44,389.17,-26.7852120662282
0.0173242630385488,-9.36493416349063,1073.44,389.17,-26.8190065774552
0.0173469387755102,-9.38476911137892,1073.44,389.17,-26.8528010886822
0.0173696145124717,-9.40429925225259,1073.44,389.17,-26.8865955999093
0.0173922902494331,-9.42352395179407,1073.44,389.17,-26.9203901111363
0.0174149659863946,-9.44244258560617,1073.44,389.17,-26.9541846223633
0.017437641723356,-9.46105453923242,1073.44,389.17,-26.9879791335904
0.0174603174603175,-9.47935920817696,1073.44,389.17,-27.0217736448174
0.0174829931972789,-9.4973559979242,1073.44,389.17,-27.0555681560445
0.0175056689342404,-9.51504432395813,1073.44,389.17,-27.0893626672715
0.0175283446712018,-9.53242361178133,1073.44,389.17,-27.1231571784985
0.0175510204081633,-9.54949329693356,1073.44,389.17,-27.1569516897256
0.0175736961451247,-9.56625282501016,1073.44,389.17,-27.1907462009526
0.0175963718820862,-9.58270165168003,1073.44,389.17,-27.2245407121796
0.0176190476190476,-9.5988392427033,1073.44,389.17,-27.2583352234067
0.0176417233560091,-9.61466507394872,1073.44,389.17,-27.2921297346337
0.0176643990929705,-9.63017863141062,1073.44,389.17,-27.3259242458607
0.017687074829932,-9.64537941122566,1073.44,389.17,-27.3597187570878
0.0177097505668934,-9.66026691968917,1073.44,389.17,-27.3935132683148
0.0177324263038549,-9.6748406732712,1073.44,389.17,-27.4273077795418
0.0177551020408163,-9.6891001986322,1073.44,389.17,-27.4611022907689
0.0177777777777778,-9.70304503263843,1073.44,389.17,-27.4948968019959
0.0178004535147392,-9.71667472237695,1073.44,389.17,-27.528691313223
0.0178231292517007,-9.72998882517037,1073.44,389.17,-27.56248582445
0.0178458049886621,-9.74298690859124,1073.44,389.17,-27.596280335677
0.0178684807256236,-9.75566855047606,1073.44,389.17,-27.6300748469041
0.017891156462585,-9.76803333893899,1073.44,389.17,-27.6638693581311
0.0179138321995465,-9.78008087238525,1073.44,389.17,-27.6976638693581
0.0179365079365079,-9.79181075952417,1073.44,389.17,-27.7314583805852
0.0179591836734694,-9.80322261938186,1073.44,389.17,-27.7652528918122
0.0179818594104308,-9.81431608131363,1073.44,389.17,-27.7990474030392
0.0180045351473923,-9.82509078501599,1073.44,389.17,-27.8328419142663
0.0180272108843537,-9.83554638053837,1073.44,389.17,-27.8666364254933
0.0180498866213152,-9.8456825282945,1073.44,389.17,-27.9004309367203
0.0180725623582766,-9.8554988990734,1073.44,389.17,-27.9342254479474
0.0180952380952381,-9.86499517405012,1073.44,389.17,-27.9680199591744
0.0181179138321995,-9.87417104479603,1073.44,389.17,-28.0018144704015
0.018140589569161,-9.88302621328893,1073.44,389.17,-28.0356089816285
0.0181632653061224,-9.89156039192264,1073.44,389.17,-28.0694034928555
0.0181859410430839,-9.89977330351639,1073.44,389.17,-28.1031980040826
0.0182086167800454,-9.90766468132383,1073.44,389.17,-28.1369925153096
0.0182312925170068,-9.91523426904164,1073.44,389.17,-28.1707870265366
0.0182539682539683,-9.92248182081792,1073.44,389.17,-28.2045815377637
0.0182766439909297,-9.92940710126012,1073.44,389.17,-28.2383760489907
0.0182993197278912,-9.93600988544273,1073.44,389.17,-28.2721705602177
0.0183219954648526,-9.94228995891456,1073.44,389.17,-28.3059650714448
0.0183446712018141,-9.9482471177057,1073.44,389.17,-28.3397595826718
0.0183673469387755,-9.95388116833416,1073.44,389.17,-28.3735540938988
0.018390022675737,-9.95919192781216,1073.44,389.17,-28.4073486051259
0.0184126984126984,-9.96417922365204,1073.44,389.17,-28.4411431163529
0.0184353741496599,-9.96884289387192,1073.44,389.17,-28.47493762758
0.0184580498866213,-9.97318278700087,1073.44,389.17,-28.508732138807
0.0184807256235828,-9.97719876208394,1073.44,389.17,-28.542526650034
0.0185034013605442,-9.98089068868666,1073.44,389.17,-28.5763211612611
0.0185260770975057,-9.9842584468993,1073.44,389.17,-28.6101156724881
0.0185487528344671,-9.98730192734075,1073.44,389.17,-28.6439101837151
0.0185714285714286,-9.99002103116212,1073.44,389.17,-28.6777046949422
0.01859410430839,-9.99241567004989,1073.44,389.17,-28.7114992061692
0.0186167800453515,-9.99448576622881,1073.44,389.17,-28.7452937173962
0.0186394557823129,-9.99623125246444,1073.44,389.17,-28.7790882286233
0.0186621315192744,-9.99765207206528,1073.44,389.17,-28.8128827398503
0.0186848072562358,-9.99874817888468,1073.44,389.17,-28.8466772510773
0.0187074829931973,-9.99951953732229,1073.44,389.17,-28.8804717623044
0.0187301587301587,-9.99996612232523,1073.44,389.17,-28.9142662735314
0.0187528344671202,-10.0000879193889,1073.44,389.17,-28.9480607847585
0.0187755102040816,-9.99988492455748,1073.44,389.17,-28.9818552959855
0.0187981859410431,-9.99935714442402,1073.44,389.17,-29.0156498072125
0.0188208616780045,-9.99850459613024,1073.44,389.17,-29.0494443184396
0.018843537414966,-9.99732730736596,1073.44,389.17,-29.0832388296666
0.0188662131519274,-9.99582531636823,1073.44,389.17,-29.1170333408936
0.0188888888888889,-9.99399867192009,1073.44,389.17,-29.1508278521207
0.0189115646258503,-9.99184743334893,1073.44,389.17,-29.1846223633477
0.0189342403628118,-9.98937167052464,1073.44,389.17,-29.2184168745747
0.0189569160997732,-9.98657146385726,1073.44,389.17,-29.2522113858018
0.0189795918367347,-9.98344690429446,1073.44,389.17,-29.2860058970288
0.0190022675736961,-9.97999809331848,1073.44,389.17,-29.3198004082558
0.0190249433106576,-9.97622514294294,1073.44,389.17,-29.3535949194829
0.019047619047619,-9.97212817570913,1073.44,389.17,-29.3873894307099
0.0190702947845805,-9.96770732468207,1073.44,389.17,-29.4211839419369
0.0190929705215419,-9.96296273344613,1073.44,389.17,-29.454978453164
0.0191156462585034,-9.95789455610043,1073.44,389.17,-29.488772964391
0.0191383219954649,-9.95250295725384,1073.44,389.17,-29.5225674756181
0.0191609977324263,-9.94678811201957,1073.44,389.17,-29.5563619868451
0.0191836734693878,-9.94075020600953,1073.44,389.17,-29.5901564980721
0.0192063492063492,-9.93438943532829,1073.44,389.17,-29.6239510092992
0.0192290249433107,-9.92770600656671,1073.44,389.17,-29.6577455205262
0.0192517006802721,-9.92070013679522,1073.44,389.17,-29.6915400317532
0.0192743764172336,-9.91337205355681,1073.44,389.17,-29.7253345429803
0.019297052154195,-9.90572199485958,1073.44,389.17,-29.7591290542073
0.0193197278911565,-9.89775020916904,1073.44,389.17,-29.7929235654343
0.0193424036281179,-9.88945695540009,1073.44,389.17,-29.8267180766614
0.0193650793650794,-9.88084250290848,1073.44,389.17,-29.8605125878884
0.0193877551020408,-9.87190713148222,1073.44,389.17,-29.8943070991154
0.0194104308390023,-9.86265113133235,1073.44,389.17,-29.9281016103425
0.0194331065759637,-9.85307480308362,1073.44,389.17,-29.9618961215695
0.0194557823129252,-9.8431784577647,1073.44,389.17,-29.9956906327966
0.0194784580498866,-9.83296241679801,1073.44,389.17,-30.0294851440236
0.0195011337868481,-9.82242701198937,1073.44,389.17,-30.0632796552506
0.0195238095238095,-9.81157258551718,1073.44,389.17,-30.0970741664777
0.019546485260771,-9.80039948992132,1073.44,389.17,-30.1308686777047
0.0195691609977324,-9.78890808809169,1073.44,389.17,-30.1646631889317
0.0195918367346939,-9.77709875325642,1073.44,389.17,-30.1984577001588
0.0196145124716553,-9.76497186896976,1073.44,389.17,-30.2322522113858
0.0196371882086168,-9.75252782909964,1073.44,389.17,-30.2660467226128
0.0196598639455782,-9.73976703781481,1073.44,389.17,-30.2998412338399
0.0196825396825397,-9.7266899095718,1073.44,389.17,-30.3336357450669
0.0197052154195011,-9.71329686910139,1073.44,389.17,-30.3674302562939
0.0197278911564626,-9.69958835139487,1073.44,389.17,-30.401224767521
0.019750566893424,-9.68556480168986,1073.44,389.17,-30.435019278748
0.0197732426303855,-9.67122667545588,1073.44,389.17,-30.4688137899751
0.0197959183673469,-9.65657443837958,1073.44,389.17,-30.5026083012021
0.0198185941043084,-9.64160856634953,1073.44,389.17,-30.5364028124291
0.0198412698412698,-9.62632954544086,1073.44,389.17,-30.5701973236562
0.0198639455782313,-9.61073787189943,1073.44,389.17,-30.6039918348832
0.0198866213151927,-9.5948340521257,1073.44,389.17,-30.6377863461102
0.0199092970521542,-9.57861860265831,1073.44,389.17,-30.6715808573373
0.0199319727891156,-9.56209205015728,1073.44,389.17,-30.7053753685643
0.0199546485260771,-9.54525493138692,1073.44,389.17,-30.7391698797913
0.0199773242630386,-9.52810779319841,1073.44,389.17,-30.7729643910184
0.02,-9.51065119251199,1073.44,389.17,-30.8067589022454
0.0200226757369615,-9.49288569629892,1073.44,389.17,-30.8405534134724
0.0200453514739229,-9.47481188156305,1073.44,389.17,-30.8743479246995
0.0200680272108844,-9.45643033532206,1073.44,389.17,-30.9081424359265
0.0200907029478458,-9.43774165458844,1073.44,389.17,-30.9419369471536
0.0201133786848073,-9.41874644635004,1073.44,389.17,-30.9757314583806
0.0201360544217687,-9.39944532755042,1073.44,389.17,-31.0095259696076
0.0201587301587302,-9.37983892506875,1073.44,389.17,-31.0433204808347
0.0201814058956916,-9.35992787569951,1073.44,389.17,-31.0771149920617
0.0202040816326531,-9.33971282613175,1073.44,389.17,-31.1109095032887
0.0202267573696145,-9.31919443292812,1073.44,389.17,-31.1447040145158
0.020249433106576,-9.29837336250355,1073.44,389.17,-31.1784985257428
0.0202721088435374,-9.27725029110358,1073.44,389.17,-31.2122930369698
0.0202947845804989,-9.25582590478242,1073.44,389.17,-31.2460875481969
0.0203174603174603,-9.23410089938067,1073.44,389.17,-31.2798820594239
0.0203401360544218,-9.21207598050266,1073.44,389.17,-31.3136765706509
0.0203628117913832,-9.18975186349365,1073.44,389.17,-31.347471081878
0.0203854875283447,-9.16712927341646,1073.44,389.17,-31.381265593105
0.0204081632653061,-9.14420894502805,1073.44,389.17,-31.415060104332
0.0204308390022676,-9.12099162275555,1073.44,389.17,-31.4488546155591
0.020453514739229,-9.09747806067214,1073.44,389.17,-31.4826491267861
0.0204761904761905,-9.07366902247255,1073.44,389.17,-31.5164436380132
0.0204988662131519,-9.04956528144823,1073.44,389.17,-31.5502381492402
0.0205215419501134,-9.02516762046229,1073.44,389.17,-31.5840326604672
0.0205442176870748,-9.00047683192402,1073.44,389.17,-31.6178271716943
0.0205668934240363,-8.97549371776314,1073.44,389.17,-31.6516216829213
0.0205895691609977,-8.95021908940385,1073.44,389.17,-31.6854161941483
0.0206122448979592,-8.92465376773835,1073.44,389.17,-31.7192107053754
0.0206349206349206,-8.89879858310027,1073.44,389.17,-31.7530052166024
0.0206575963718821,-8.8726543752377,1073.44,389.17,-31.7867997278294
0.0206802721088435,-8.84622199328582,1073.44,389.17,-31.8205942390565
0.020702947845805,-8.81950229573943,1073.44,389.17,-31.8543887502835
0.0207256235827664,-8.79249615042504,1073.44,389.17,-31.8881832615105
0.0207482993197279,-8.76520443447264,1073.44,389.17,-31.9219777727376
0.0207709750566893,-8.73762803428724,1073.44,389.17,-31.9557722839646
0.0207936507936508,-8.70976784552012,1073.44,389.17,-31.9895667951917
0.0208163265306122,-8.68162477303964,1073.44,389.17,-32.0233613064187
0.0208390022675737,-8.65319973090197,1073.44,389.17,-32.0571558176457
0.0208616780045351,-8.62449364232132,1073.44,389.17,-32.0909503288728
0.0208843537414966,-8.59550743963999,1073.44,389.17,-32.1247448400998
0.0209070294784581,-8.56624206429805,1073.44,389.17,-32.1585393513268
0.0209297052154195,-8.53669846680285,1073.44,389.17,-32.1923338625539
0.020952380952381,-8.50687760669802,1073.44,389.17,-32.2261283737809
0.0209750566893424,-8.47678045253245,1073.44,389.17,-32.2599228850079
0.0209977324263039,-8.44640798182868,1073.44,389.17,-32.293717396235
0.0210204081632653,-8.41576118105129,1073.44,389.17,-32.327511907462
0.0210430839002268,-8.38484104557477,1073.44,389.17,-32.361306418689
0.0210657596371882,-8.35364857965125,1073.44,389.17,-32.3951009299161
0.0210884353741497,-8.32218479637781,1073.44,389.17,-32.4288954411431
0.0211111111111111,-8.29045071766366,1073.44,389.17,-32.4626899523702
0.0211337868480726,-8.25844737419689,1073.44,389.17,-32.4964844635972
0.021156462585034,-8.22617580541102,1073.44,389.17,-32.5302789748242
0.0211791383219955,-8.19363705945123,1073.44,389.17,-32.5640734860513
0.0212018140589569,-8.16083219314033,1073.44,389.17,-32.5978679972783
0.0212244897959184,-8.12776227194442,1073.44,389.17,-32.6316625085053
0.0212471655328798,-8.0944283699383,1073.44,389.17,-32.6654570197324
0.0212698412698413,-8.06083156977056,1073.44,389.17,-32.6992515309594
0.0212925170068027,-8.02697296262845,1073.44,389.17,-32.7330460421864
0.0213151927437642,-7.99285364820243,1073.44,389.17,-32.7668405534135
0.0213378684807256,-7.95847473465042,1073.44,389.17,-32.8006350646405
0.0213605442176871,-7.92383733856186,1073.44,389.17,-32.8344295758675
0.0213832199546485,-7.88894258492141,1073.44,389.17,-32.8682240870946
0.02140589569161,-7.85379160707243,1073.44,389.17,-32.9020185983216
0.0214285714285714,-7.81838554668013,1073.44,389.17,-32.9358131095486
0.0214512471655329,-7.78272555369457,1073.44,389.17,-32.9696076207757
0.0214739229024943,-7.74681278631323,1073.44,389.17,-33.0034021320027
0.0214965986394558,-7.71064841094343,1073.44,389.17,-33.0371966432298
0.0215192743764172,-7.67423360216444,1073.44,389.17,-33.0709911544568
0.0215419501133787,-7.63756954268935,1073.44,389.17,-33.1047856656838
0.0215646258503401,-7.60065742332661,1073.44,389.17,-33.1385801769109
0.0215873015873016,-7.56349844294141,1073.44,389.17,-33.1723746881379
0.021609977324263,-7.5260938084167,1073.44,389.17,-33.2061691993649
0.0216326530612245,-7.48844473461402,1073.44,389.17,-33.239963710592
0.0216553287981859,-7.45055244433402,1073.44,389.17,-33.273758221819
0.0216780045351474,-7.41241816827675,1073.44,389.17,-33.307552733046
0.0217006802721088,-7.3740431450017,1073.44,389.17,-33.3413472442731
0.0217233560090703,-7.33542862088757,1073.44,389.17,-33.3751417555001
0.0217460317460317,-7.29657585009178,1073.44,389.17,-33.4089362667271
0.0217687074829932,-7.25748609450974,1073.44,389.17,-33.4427307779542
0.0217913832199546,-7.21816062373387,1073.44,389.17,-33.4765252891812
0.0218140589569161,-7.17860071501235,1073.44,389.17,-33.5103198004083
0.0218367346938776,-7.13880765320767,1073.44,389.17,-33.5441143116353
0.021859410430839,-7.09878273075485,1073.44,389.17,-33.5779088228623
0.0218820861678005,-7.05852724761951,1073.44,389.17,-33.6117033340894
0.0219047619047619,-7.01804251125561,1073.44,389.17,-33.6454978453164
0.0219274376417234,-6.97732983656302,1073.44,389.17,-33.6792923565434
0.0219501133786848,-6.9363905458448,1073.44,389.17,-33.7130868677705
0.0219727891156463,-6.89522596876422,1073.44,389.17,-33.7468813789975
0.0219954648526077,-6.85383744230165,1073.44,389.17,-33.7806758902245
0.0220181405895692,-6.81222631071106,1073.44,389.17,-33.8144704014516
0.0220408163265306,-6.77039392547638,1073.44,389.17,-33.8482649126786
0.0220634920634921,-6.72834164526764,1073.44,389.17,-33.8820594239056
0.0220861678004535,-6.68607083589682,1073.44,389.17,-33.9158539351327
0.022108843537415,-6.64358287027348,1073.44,389.17,-33.9496484463597
0.0221315192743764,-6.60087912836015,1073.44,389.17,-33.9834429575868
0.0221541950113379,-6.55796099712759,1073.44,389.17,-34.0172374688138
0.0221768707482993,-6.51482987050964,1073.44,389.17,-34.0510319800408
0.0221995464852608,-6.47148714935804,1073.44,389.17,-34.0848264912679
0.0222222222222222,-6.42793424139685,1073.44,389.17,-34.1186210024949
0.0222448979591837,-6.3841725611768,1073.44,389.17,-34.1524155137219
0.0222675736961451,-6.34020353002928,1073.44,389.17,-34.186210024949
0.0222902494331066,-6.29602857602025,1073.44,389.17,-34.220004536176
0.022312925170068,-6.25164913390378,1073.44,389.17,-34.253799047403
0.0223356009070295,-6.20706664507552,1073.44,389.17,-34.2875935586301
0.0223582766439909,-6.16228255752585,1073.44,389.17,-34.3213880698571
0.0223809523809524,-6.11729832579283,1073.44,389.17,-34.3551825810841
0.0224036281179138,-6.072115410915,1073.44,389.17,-34.3889770923112
0.0224263038548753,-6.02673528038394,1073.44,389.17,-34.4227716035382
0.0224489795918367,-5.98115940809653,1073.44,389.17,-34.4565661147653
0.0224716553287982,-5.93538927430715,1073.44,389.17,-34.4903606259923
0.0224943310657596,-5.88942636557958,1073.44,389.17,-34.5241551372193
0.0225170068027211,-5.84327217473872,1073.44,389.17,-34.5579496484464
0.0225396825396825,-5.79692820082211,1073.44,389.17,-34.5917441596734
0.022562358276644,-5.75039594903121,1073.44,389.17,-34.6255386709004
0.0225850340136054,-5.70367693068258,1073.44,389.17,-34.6593331821275
0.0226077097505669,-5.65677266315871,1073.44,389.17,-34.6931276933545
0.0226303854875283,-5.6096846698588,1073.44,389.17,-34.7269222045815
0.0226530612244898,-5.56241448014928,1073.44,389.17,-34.7607167158086
0.0226757369614512,-5.51496362931408,1073.44,389.17,-34.7945112270356
0.0226984126984127,-5.46733365850484,1073.44,389.17,-34.8283057382626
0.0227210884353742,-5.41952611469081,1073.44,389.17,-34.8621002494897
0.0227437641723356,-5.37154255060861,1073.44,389.17,-34.8958947607167
0.0227664399092971,-5.3233845247118,1073.44,389.17,-34.9296892719438
0.0227891156462585,-5.27505360112029,1073.44,389.17,-34.9634837831708
0.02281179138322,-5.2265513495695,1073.44,389.17,-34.9972782943978
0.0228344671201814,-5.1778793453594,1073.44,389.17,-35.0310728056249
0.0228571428571429,-5.12903916930334,1073.44,389.17,-35.0648673168519
0.0228798185941043,-5.08003240767671,1073.44,389.17,-35.0986618280789
0.0229024943310658,-5.03086065216541,1073.44,389.17,-35.132456339306
0.0229251700680272,-4.98152549981418,1073.44,389.17,-35.166250850533
0.0229478458049887,-4.93202855297467,1073.44,389.17,-35.20004536176
0.0229705215419501,-4.88237141925347,1073.44,389.17,-35.2338398729871
0.0229931972789116,-4.83255571145988,1073.44,389.17,-35.2676343842141
0.023015873015873,-4.78258304755345,1073.44,389.17,-35.3014288954411
0.0230385487528345,-4.73245505059157,1073.44,389.17,-35.3352234066682
0.0230612244897959,-4.68217334867661,1073.44,389.17,-35.3690179178952
0.0230839002267574,-4.63173957490315,1073.44,389.17,-35.4028124291222
0.0231065759637188,-4.58115536730489,1073.44,389.17,-35.4366069403493
0.0231292517006803,-4.53042236880143,1073.44,389.17,-35.4704014515763
0.0231519274376417,-4.47954222714498,1073.44,389.17,-35.5041959628034
0.0231746031746032,-4.42851659486676,1073.44,389.17,-35.5379904740304
0.0231972789115646,-4.37734712922339,1073.44,389.17,-35.5717849852574
0.0232199546485261,-4.32603549214301,1073.44,389.17,-35.6055794964845
0.0232426303854875,-4.27458335017138,1073.44,389.17,-35.6393740077115
0.023265306122449,-4.22299237441765,1073.44,389.17,-35.6731685189385
0.0232879818594104,-4.17126424050019,1073.44,389.17,-35.7069630301656
0.0233106575963719,-4.11940062849208,1073.44,389.17,-35.7407575413926
0.0233333333333333,-4.0674032228666,1073.44,389.17,-35.7745520526196
0.0233560090702948,-4.01527371244248,1073.44,389.17,-35.8083465638467
0.0233786848072562,-3.9630137903291,1073.44,389.17,-35.8421410750737
0.0234013605442177,-3.91062515387145,1073.44,389.17,-35.8759355863007
0.0234240362811791,-3.85810950459501,1073.44,389.17,-35.9097300975278
0.0234467120181406,-3.80546854815051,1073.44,389.17,-35.9435246087548
0.023469387755102,-3.75270399425853,1073.44,389.17,-35.9773191199819
0.0234920634920635,-3.69981755665394,1073.44,389.17,-36.0111136312089
0.0235147392290249,-3.64681095303027,1073.44,389.17,-36.0449081424359
0.0235374149659864,-3.5936859049839,1073.44,389.17,-36.078702653663
0.0235600907029478,-3.54044413795818,1073.44,389.17,-36.11249716489
0.0235827664399093,-3.48708738118733,1073.44,389.17,-36.146291676117
0.0236054421768707,-3.43361736764034,1073.44,389.17,-36.1800861873441
0.0236281179138322,-3.38003583396464,1073.44,389.17,-36.2138806985711
0.0236507936507937,-3.32634452042972,1073.44,389.17,-36.2476752097981
0.0236734693877551,-3.2725451708706,1073.44,389.17,-36.2814697210252
0.0236961451247166,-3.21863953263117,1073.44,389.17,-36.3152642322522
0.023718820861678,-3.16462935650749,1073.44,389.17,-36.3490587434792
0.0237414965986395,-3.11051639669088,1073.44,389.17,-36.3828532547063
0.0237641723356009,-3.05630241071096,1073.44,389.17,-36.4166477659333
0.0237868480725624,-3.00198915937859,1073.44,389.17,-36.4504422771604
0.0238095238095238,-2.94757840672863,1073.44,389.17,-36.4842367883874
0.0238321995464853,-2.89307191996269,1073.44,389.17,-36.5180312996144
0.0238548752834467,-2.83847146939172,1073.44,389.17,-36.5518258108415
0.0238775510204082,-2.78377882837851,1073.44,389.17,-36.5856203220685
0.0239002267573696,-2.7289957732801,1073.44,389.17,-36.6194148332955
0.0239229024943311,-2.67412408339007,1073.44,389.17,-36.6532093445226
0.0239455782312925,-2.61916554088076,1073.44,389.17,-36.6870038557496
0.023968253968254,-2.56412193074541,1073.44,389.17,-36.7207983669766
0.0239909297052154,-2.50899504074013,1073.44,389.17,-36.7545928782037
0.0240136054421769,-2.45378666132589,1073.44,389.17,-36.7883873894307
0.0240362811791383,-2.39849858561035,1073.44,389.17,-36.8221819006577
0.0240589569160998,-2.34313260928961,1073.44,389.17,-36.8559764118848
0.0240816326530612,-2.28769053058989,1073.44,389.17,-36.8897709231118
0.0241043083900227,-2.23217415020915,1073.44,389.17,-36.9235654343389
0.0241269841269841,-2.17658527125856,1073.44,389.17,-36.9573599455659
0.0241496598639456,-2.120925699204,1073.44,389.17,-36.9911544567929
0.024172335600907,-2.06519724180735,1073.44,389.17,-37.02494896802
0.0241950113378685,-2.00940170906784,1073.44,389.17,-37.058743479247
0.0242176870748299,-1.9535409131632,1073.44,389.17,-37.092537990474
0.0242403628117914,-1.89761666839087,1073.44,389.17,-37.1263325017011
0.0242630385487528,-1.84163079110902,1073.44,389.17,-37.1601270129281
0.0242857142857143,-1.78558509967758,1073.44,389.17,-37.1939215241551
0.0243083900226757,-1.72948141439918,1073.44,389.17,-37.2277160353822
0.0243310657596372,-1.67332155746003,1073.44,389.17,-37.2615105466092
0.0243537414965986,-1.61710735287072,1073.44,389.17,-37.2953050578362
0.0243764172335601,-1.56084062640701,1073.44,389.17,-37.3290995690633
0.0243990929705215,-1.50452320555051,1073.44,389.17,-37.3628940802903
0.024421768707483,-1.44815691942931,1073.44,389.17,-37.3966885915174
0.0244444444444444,-1.39174359875861,1073.44,389.17,-37.4304831027444
0.0244671201814059,-1.33528507578123,1073.44,389.17,-37.4642776139714
0.0244897959183673,-1.27878318420812,1073.44,389.17,-37.4980721251985
0.0245124716553288,-1.22223975915879,1073.44,389.17,-37.5318666364255
0.0245351473922902,-1.16565663710171,1073.44,389.17,-37.5656611476525
0.0245578231292517,-1.10903565579466,1073.44,389.17,-37.5994556588796
0.0245804988662132,-1.05237865422507,1073.44,389.17,-37.6332501701066
0.0246031746031746,-0.99568747255024,1073.44,389.17,-37.6670446813336
0.0246258503401361,-0.938963952037617,1073.44,389.17,-37.7008391925607
0.0246485260770975,-0.882209935004977,1073.44,389.17,-37.7346337037877
0.024671201814059,-0.825427264760588,1073.44,389.17,-37.7684282150147
0.0246938775510204,-0.768617785543343,1073.44,389.17,-37.8022227262418
0.0247165532879819,-0.711783342462862,1073.44,389.17,-37.8360172374688
0.0247392290249433,-0.654925781439563,1073.44,389.17,-37.8698117486959
0.0247619047619048,-0.59804694914471,1073.44,389.17,-37.9036062599229
0.0247845804988662,-0.541148692940434,1073.44,389.17,-37.9374007711499
0.0248072562358277,-0.484232860819733,1073.44,389.17,-37.971195282377
0.0248299319727891,-0.427301301346452,1073.44,389.17,-38.004989793604
0.0248526077097506,-0.370355863595245,1073.44,389.17,-38.038784304831
0.024875283446712,-0.313398397091514,1073.44,389.17,-38.0725788160581
0.0248979591836735,-0.256430751751343,1073.44,389.17,-38.1063733272851
0.0249206349206349,-0.199454777821415,1073.44,389.17,-38.1401678385121
0.0249433106575964,-0.142472325818914,1073.44,389.17,-38.1739623497392
0.0249659863945578,-0.0854852464714265,1073.44,389.17,-38.2077568609662
0.0249886621315193,-0.028495390656829,1073.44,389.17,-38.2415513721932
0.0250113378684807,0.0284953906568249,1073.44,389.17,-38.2753458834203
0.0250340136054422,0.0854852464714222,1073.44,389.17,-38.3091403946473
0.0250566893424036,0.14247232581891,1073.44,389.17,-38.3429349058744
0.0250793650793651,0.199454777821411,1073.44,389.17,-38.3767294171014
0.0251020408163265,0.256430751751339,1073.44,389.17,-38.4105239283284
0.025124716553288,0.313398397091509,1073.44,389.17,-38.4443184395555
0.0251473922902494,0.37035586359524,1073.44,389.17,-38.4781129507825
0.0251700680272109,0.427301301346447,1073.44,389.17,-38.5119074620095
0.0251927437641723,0.484232860819727,1073.44,389.17,-38.5457019732366
0.0252154195011338,0.541148692940428,1073.44,389.17,-38.5794964844636
0.0252380952380952,0.598046949144705,1073.44,389.17,-38.6132909956906
0.0252607709750567,0.654925781439558,1073.44,389.17,-38.6470855069177
0.0252834467120181,0.711783342462857,1073.44,389.17,-38.6808800181447
0.0253061224489796,0.768617785543338,1073.44,389.17,-38.7146745293717
0.025328798185941,0.825427264760583,1073.44,389.17,-38.7484690405988
0.0253514739229025,0.882209935004972,1073.44,389.17,-38.7822635518258
0.0253741496598639,0.938963952037613,1073.44,389.17,-38.8160580630529
0.0253968253968254,0.995687472550235,1073.44,389.17,-38.8498525742799
0.0254195011337868,1.05237865422507,1073.44,389.17,-38.8836470855069
0.0254421768707483,1.10903565579466,1073.44,389.17,-38.917441596734
0.0254648526077098,1.1656566371017,1073.44,389.17,-38.951236107961
0.0254875283446712,1.22223975915879,1073.44,389.17,-38.985030619188
0.0255102040816327,1.27878318420812,1073.44,389.17,-39.0188251304151
0.0255328798185941,1.33528507578122,1073.44,389.17,-39.0526196416421
0.0255555555555556,1.3917435987586,1073.44,389.17,-39.0864141528691
0.025578231292517,1.4481569194293,1073.44,389.17,-39.1202086640962
0.0256009070294785,1.5045232055505,1073.44,389.17,-39.1540031753232
0.0256235827664399,1.56084062640701,1073.44,389.17,-39.1877976865502
0.0256462585034014,1.61710735287072,1073.44,389.17,-39.2215921977773
0.0256689342403628,1.67332155746002,1073.44,389.17,-39.2553867090043
0.0256916099773243,1.72948141439918,1073.44,389.17,-39.2891812202313
0.0257142857142857,1.78558509967758,1073.44,389.17,-39.3229757314584
0.0257369614512472,1.84163079110902,1073.44,389.17,-39.3567702426854
0.0257596371882086,1.89761666839087,1073.44,389.17,-39.3905647539125
0.0257823129251701,1.9535409131632,1073.44,389.17,-39.4243592651395
0.0258049886621315,2.00940170906783,1073.44,389.17,-39.4581537763665
0.025827664399093,2.06519724180735,1073.44,389.17,-39.4919482875936
0.0258503401360544,2.120925699204,1073.44,389.17,-39.5257427988206
0.0258730158730159,2.17658527125856,1073.44,389.17,-39.5595373100476
0.0258956916099773,2.23217415020915,1073.44,389.17,-39.5933318212747
0.0259183673469388,2.28769053058989,1073.44,389.17,-39.6271263325017
0.0259410430839002,2.34313260928961,1073.44,389.17,-39.6609208437287
0.0259637188208617,2.39849858561035,1073.44,389.17,-39.6947153549558
0.0259863945578231,2.45378666132589,1073.44,389.17,-39.7285098661828
0.0260090702947846,2.50899504074012,1073.44,389.17,-39.7623043774098
0.026031746031746,2.5641219307454,1073.44,389.17,-39.7960988886369
0.0260544217687075,2.61916554088076,1073.44,389.17,-39.8298933998639
0.0260770975056689,2.67412408339006,1073.44,389.17,-39.8636879110909
0.0260997732426304,2.72899577328009,1073.44,389.17,-39.897482422318
0.0261224489795918,2.78377882837851,1073.44,389.17,-39.931276933545
0.0261451247165533,2.83847146939172,1073.44,389.17,-39.9650714447721
0.0261678004535147,2.89307191996268,1073.44,389.17,-39.9988659559991
0.0261904761904762,2.94757840672862,1073.44,389.17,-40.0326604672261
0.0262131519274376,3.00198915937859,1073.44,389.17,-40.0664549784532
0.0262358276643991,3.05630241071096,1073.44,389.17,-40.1002494896802
0.0262585034013605,3.11051639669088,1073.44,389.17,-40.1340440009072
0.026281179138322,3.16462935650748,1073.44,389.17,-40.1678385121343
0.0263038548752834,3.21863953263116,1073.44,389.17,-40.2016330233613
0.0263265306122449,3.27254517087059,1073.44,389.17,-40.2354275345883
0.0263492063492063,3.32634452042972,1073.44,389.17,-40.2692220458154
0.0263718820861678,3.38003583396464,1073.44,389.17,-40.3030165570424
0.0263945578231293,3.43361736764034,1073.44,389.17,-40.3368110682694
0.0264172335600907,3.48708738118733,1073.44,389.17,-40.3706055794965
0.0264399092970522,3.54044413795817,1073.44,389.17,-40.4044000907235
0.0264625850340136,3.5936859049839,1073.44,389.17,-40.4381946019506
0.0264852607709751,3.64681095303026,1073.44,389.17,-40.4719891131776
0.0265079365079365,3.69981755665393,1073.44,389.17,-40.5057836244046
0.026530612244898,3.75270399425852,1073.44,389.17,-40.5395781356317
0.0265532879818594,3.80546854815051,1073.44,389.17,-40.5733726468587
0.0265759637188209,3.858109504595,1073.44,389.17,-40.6071671580857
0.0265986394557823,3.91062515387145,1073.44,389.17,-40.6409616693128
0.0266213151927438,3.9630137903291,1073.44,389.17,-40.6747561805398
0.0266439909297052,4.01527371244248,1073.44,389.17,-40.7085506917668
0.0266666666666667,4.0674032228666,1073.44,389.17,-40.7423452029939
0.0266893424036281,4.11940062849208,1073.44,389.17,-40.7761397142209
0.0267120181405896,4.17126424050018,1073.44,389.17,-40.8099342254479
0.026734693877551,4.22299237441765,1073.44,389.17,-40.843728736675
0.0267573696145125,4.27458335017137,1073.44,389.17,-40.877523247902
0.0267800453514739,4.32603549214301,1073.44,389.17,-40.9113177591291
0.0268027210884354,4.37734712922338,1073.44,389.17,-40.9451122703561
0.0268253968253968,4.42851659486676,1073.44,389.17,-40.9789067815831
0.0268480725623583,4.47954222714498,1073.44,389.17,-41.0127012928102
0.0268707482993197,4.53042236880143,1073.44,389.17,-41.0464958040372
0.0268934240362812,4.58115536730488,1073.44,389.17,-41.0802903152642
0.0269160997732426,4.63173957490315,1073.44,389.17,-41.1140848264913
0.0269387755102041,4.68217334867661,1073.44,389.17,-41.1478793377183
0.0269614512471655,4.73245505059156,1073.44,389.17,-41.1816738489453
0.026984126984127,4.78258304755345,1073.44,389.17,-41.2154683601724
0.0270068027210884,4.83255571145987,1073.44,389.17,-41.2492628713994
0.0270294784580499,4.88237141925347,1073.44,389.17,-41.2830573826264
0.0270521541950113,4.93202855297466,1073.44,389.17,-41.3168518938535
0.0270748299319728,4.98152549981417,1073.44,389.17,-41.3506464050805
0.0270975056689342,5.03086065216541,1073.44,389.17,-41.3844409163076
0.0271201814058957,5.08003240767671,1073.44,389.17,-41.4182354275346
0.0271428571428571,5.12903916930334,1073.44,389.17,-41.4520299387616
0.0271655328798186,5.17787934535939,1073.44,389.17,-41.4858244499887
0.02718820861678,5.22655134956949,1073.44,389.17,-41.5196189612157
0.0272108843537415,5.27505360112028,1073.44,389.17,-41.5534134724427
0.0272335600907029,5.3233845247118,1073.44,389.17,-41.5872079836698
0.0272562358276644,5.3715425506086,1073.44,389.17,-41.6210024948968
0.0272789115646258,5.4195261146908,1073.44,389.17,-41.6547970061238
0.0273015873015873,5.46733365850484,1073.44,389.17,-41.6885915173509
0.0273242630385488,5.51496362931408,1073.44,389.17,-41.7223860285779
0.0273469387755102,5.56241448014927,1073.44,389.17,-41.7561805398049
0.0273696145124717,5.6096846698588,1073.44,389.17,-41.789975051032
0.0273922902494331,5.6567726631587,1073.44,389.17,-41.823769562259
0.0274149659863946,5.70367693068257,1073.44,389.17,-41.8575640734861
0.027437641723356,5.75039594903121,1073.44,389.17,-41.8913585847131
0.0274603174603175,5.79692820082211,1073.44,389.17,-41.9251530959401
0.0274829931972789,5.84327217473872,1073.44,389.17,-41.9589476071672
0.0275056689342404,5.88942636557958,1073.44,389.17,-41.9927421183942
0.0275283446712018,5.93538927430714,1073.44,389.17,-42.0265366296212
0.0275510204081633,5.98115940809652,1073.44,389.17,-42.0603311408483
0.0275736961451247,6.02673528038393,1073.44,389.17,-42.0941256520753
0.0275963718820862,6.072115410915,1073.44,389.17,-42.1279201633023
0.0276190476190476,6.11729832579282,1073.44,389.17,-42.1617146745294
0.0276417233560091,6.16228255752584,1073.44,389.17,-42.1955091857564
0.0276643990929705,6.20706664507552,1073.44,389.17,-42.2293036969834
0.027687074829932,6.25164913390378,1073.44,389.17,-42.2630982082105
0.0277097505668934,6.29602857602024,1073.44,389.17,-42.2968927194375
0.0277324263038549,6.34020353002928,1073.44,389.17,-42.3306872306646
0.0277551020408163,6.38417256117679,1073.44,389.17,-42.3644817418916
0.0277777777777778,6.42793424139685,1073.44,389.17,-42.3982762531186
0.0278004535147392,6.47148714935803,1073.44,389.17,-42.4320707643457
0.0278231292517007,6.51482987050964,1073.44,389.17,-42.4658652755727
0.0278458049886621,6.55796099712758,1073.44,389.17,-42.4996597867997
0.0278684807256236,6.60087912836015,1073.44,389.17,-42.5334542980268
0.027891156462585,6.64358287027347,1073.44,389.17,-42.5672488092538
0.0279138321995465,6.68607083589682,1073.44,389.17,-42.6010433204808
0.0279365079365079,6.72834164526764,1073.44,389.17,-42.6348378317079
0.0279591836734694,6.77039392547637,1073.44,389.17,-42.6686323429349
0.0279818594104308,6.81222631071105,1073.44,389.17,-42.7024268541619
0.0280045351473923,6.85383744230165,1073.44,389.17,-42.736221365389
0.0280272108843537,6.89522596876422,1073.44,389.17,-42.770015876616
0.0280498866213152,6.93639054584479,1073.44,389.17,-42.8038103878431
0.0280725623582766,6.97732983656302,1073.44,389.17,-42.8376048990701
0.0280952380952381,7.01804251125561,1073.44,389.17,-42.8713994102971
0.0281179138321995,7.05852724761951,1073.44,389.17,-42.9051939215242
0.028140589569161,7.09878273075485,1073.44,389.17,-42.9389884327512
0.0281632653061225,7.13880765320767,1073.44,389.17,-42.9727829439782
0.0281859410430839,7.17860071501235,1073.44,389.17,-43.0065774552053
0.0282086167800454,7.21816062373387,1073.44,389.17,-43.0403719664323
0.0282312925170068,7.25748609450974,1073.44,389.17,-43.0741664776593
0.0282539682539683,7.29657585009178,1073.44,389.17,-43.1079609888864
0.0282766439909297,7.33542862088757,1073.44,389.17,-43.1417555001134
0.0282993197278912,7.3740431450017,1073.44,389.17,-43.1755500113404
0.0283219954648526,7.41241816827674,1073.44,389.17,-43.2093445225675
0.0283446712018141,7.45055244433402,1073.44,389.17,-43.2431390337945
0.0283673469387755,7.48844473461402,1073.44,389.17,-43.2769335450215
0.028390022675737,7.5260938084167,1073.44,389.17,-43.3107280562486
0.0284126984126984,7.56349844294141,1073.44,389.17,-43.3445225674756
0.0284353741496599,7.60065742332661,1073.44,389.17,-43.3783170787027
0.0284580498866213,7.63756954268934,1073.44,389.17,-43.4121115899297
0.0284807256235828,7.67423360216444,1073.44,389.17,-43.4459061011567
0.0285034013605442,7.71064841094343,1073.44,389.17,-43.4797006123838
0.0285260770975057,7.74681278631323,1073.44,389.17,-43.5134951236108
0.0285487528344671,7.78272555369457,1073.44,389.17,-43.5472896348378
0.0285714285714286,7.81838554668013,1073.44,389.17,-43.5810841460649
0.02859410430839,7.85379160707242,1073.44,389.17,-43.6148786572919
0.0286167800453515,7.88894258492141,1073.44,389.17,-43.6486731685189
0.0286394557823129,7.92383733856186,1073.44,389.17,-43.682467679746
0.0286621315192744,7.95847473465042,1073.44,389.17,-43.716262190973
0.0286848072562358,7.99285364820243,1073.44,389.17,-43.7500567022
0.0287074829931973,8.02697296262845,1073.44,389.17,-43.7838512134271
0.0287301587301587,8.06083156977057,1073.44,389.17,-43.8176457246541
0.0287528344671202,8.0944283699383,1073.44,389.17,-43.8514402358811
0.0287755102040816,8.12776227194442,1073.44,389.17,-43.8852347471082
0.0287981859410431,8.16083219314033,1073.44,389.17,-43.9190292583352
0.0288208616780045,8.19363705945123,1073.44,389.17,-43.9528237695623
0.028843537414966,8.22617580541102,1073.44,389.17,-43.9866182807893
0.0288662131519274,8.25844737419689,1073.44,389.17,-44.0204127920163
0.0288888888888889,8.29045071766366,1073.44,389.17,-44.0542073032434
0.0289115646258503,8.32218479637781,1073.44,389.17,-44.0880018144704
0.0289342403628118,8.35364857965124,1073.44,389.17,-44.1217963256974
0.0289569160997732,8.38484104557477,1073.44,389.17,-44.1555908369245
0.0289795918367347,8.41576118105129,1073.44,389.17,-44.1893853481515
0.0290022675736961,8.44640798182868,1073.44,389.17,-44.2231798593785
0.0290249433106576,8.47678045253244,1073.44,389.17,-44.2569743706056
0.029047619047619,8.50687760669802,1073.44,389.17,-44.2907688818326
0.0290702947845805,8.53669846680284,1073.44,389.17,-44.3245633930596
0.029092970521542,8.56624206429806,1073.44,389.17,-44.3583579042867
0.0291156462585034,8.59550743963998,1073.44,389.17,-44.3921524155137
0.0291383219954649,8.62449364232132,1073.44,389.17,-44.4259469267408
0.0291609977324263,8.65319973090197,1073.44,389.17,-44.4597414379678
0.0291836734693878,8.68162477303964,1073.44,389.17,-44.4935359491948
0.0292063492063492,8.70976784552011,1073.44,389.17,-44.5273304604219
0.0292290249433107,8.73762803428725,1073.44,389.17,-44.5611249716489
0.0292517006802721,8.76520443447264,1073.44,389.17,-44.5949194828759
0.0292743764172336,8.79249615042504,1073.44,389.17,-44.628713994103
0.029297052154195,8.81950229573944,1073.44,389.17,-44.66250850533
0.0293197278911565,8.84622199328581,1073.44,389.17,-44.696303016557
0.0293424036281179,8.8726543752377,1073.44,389.17,-44.7300975277841
0.0293650793650794,8.89879858310028,1073.44,389.17,-44.7638920390111
0.0293877551020408,8.92465376773834,1073.44,389.17,-44.7976865502381
0.0294104308390023,8.95021908940384,1073.44,389.17,-44.8314810614652
0.0294331065759637,8.97549371776314,1073.44,389.17,-44.8652755726922
0.0294557823129252,9.00047683192401,1073.44,389.17,-44.8990700839193
0.0294784580498866,9.02516762046229,1073.44,389.17,-44.9328645951463
0.0295011337868481,9.04956528144823,1073.44,389.17,-44.9666591063733
0.0295238095238095,9.07366902247255,1073.44,389.17,-45.0004536176004
0.029546485260771,9.09747806067214,1073.44,389.17,-45.0342481288274
0.0295691609977324,9.12099162275554,1073.44,389.17,-45.0680426400544
0.0295918367346939,9.14420894502805,1073.44,389.17,-45.1018371512815
0.0296145124716553,9.16712927341646,1073.44,389.17,-45.1356316625085
0.0296371882086168,9.18975186349364,1073.44,389.17,-45.1694261737355
0.0296598639455782,9.21207598050266,1073.44,389.17,-45.2032206849626
0.0296825396825397,9.23410089938066,1073.44,389.17,-45.2370151961896
0.0297052154195011,9.25582590478242,1073.44,389.17,-45.2708097074166
0.0297278911564626,9.27725029110359,1073.44,389.17,-45.3046042186437
0.029750566893424,9.29837336250355,1073.44,389.17,-45.3383987298707
0.0297732426303855,9.31919443292812,1073.44,389.17,-45.3721932410978
0.0297959183673469,9.33971282613174,1073.44,389.17,-45.4059877523248
0.0298185941043084,9.35992787569952,1073.44,389.17,-45.4397822635518
0.0298412698412698,9.37983892506876,1073.44,389.17,-45.4735767747789
0.0298639455782313,9.39944532755042,1073.44,389.17,-45.5073712860059
0.0298866213151927,9.41874644635003,1073.44,389.17,-45.5411657972329
0.0299092970521542,9.43774165458844,1073.44,389.17,-45.57496030846
0.0299319727891156,9.45643033532206,1073.44,389.17,-45.608754819687
0.0299546485260771,9.47481188156304,1073.44,389.17,-45.642549330914
0.0299773242630385,9.49288569629892,1073.44,389.17,-45.6763438421411
0.03,9.51065119251199,1073.44,389.17,-45.7101383533681
0.0300226757369615,9.52810779319842,1073.44,389.17,-45.7439328645951
0.0300453514739229,9.54525493138693,1073.44,389.17,-45.7777273758222
0.0300680272108844,9.56209205015728,1073.44,389.17,-45.8115218870492
0.0300907029478458,9.57861860265831,1073.44,389.17,-45.8453163982763
0.0301133786848073,9.5948340521257,1073.44,389.17,-45.8791109095033
0.0301360544217687,9.61073787189942,1073.44,389.17,-45.9129054207303
0.0301587301587302,9.62632954544086,1073.44,389.17,-45.9466999319574
0.0301814058956916,9.64160856634952,1073.44,389.17,-45.9804944431844
0.0302040816326531,9.65657443837957,1073.44,389.17,-46.0142889544114
0.0302267573696145,9.67122667545588,1073.44,389.17,-46.0480834656385
0.030249433106576,9.68556480168986,1073.44,389.17,-46.0818779768655
0.0302721088435374,9.69958835139487,1073.44,389.17,-46.1156724880925
0.0302947845804989,9.71329686910139,1073.44,389.17,-46.1494669993196
0.0303174603174603,9.7266899095718,1073.44,389.17,-46.1832615105466
0.0303401360544218,9.73976703781481,1073.44,389.17,-46.2170560217736
0.0303628117913832,9.75252782909963,1073.44,389.17,-46.2508505330007
0.0303854875283447,9.76497186896977,1073.44,389.17,-46.2846450442277
0.0304081632653061,9.77709875325642,1073.44,389.17,-46.3184395554548
0.0304308390022676,9.78890808809169,1073.44,389.17,-46.3522340666818
0.030453514739229,9.80039948992132,1073.44,389.17,-46.3860285779088
0.0304761904761905,9.81157258551718,1073.44,389.17,-46.4198230891359
0.0304988662131519,9.82242701198937,1073.44,389.17,-46.4536176003629
0.0305215419501134,9.83296241679801,1073.44,389.17,-46.4874121115899
0.0305442176870748,9.8431784577647,1073.44,389.17,-46.521206622817
0.0305668934240363,9.85307480308363,1073.44,389.17,-46.555001134044
0.0305895691609977,9.86265113133235,1073.44,389.17,-46.588795645271
0.0306122448979592,9.87190713148221,1073.44,389.17,-46.6225901564981
0.0306349206349206,9.88084250290848,1073.44,389.17,-46.6563846677251
0.0306575963718821,9.88945695540009,1073.44,389.17,-46.6901791789521
0.0306802721088435,9.89775020916905,1073.44,389.17,-46.7239736901792
0.030702947845805,9.90572199485957,1073.44,389.17,-46.7577682014062
0.0307256235827664,9.9133720535568,1073.44,389.17,-46.7915627126333
0.0307482993197279,9.92070013679522,1073.44,389.17,-46.8253572238603
0.0307709750566893,9.9277060065667,1073.44,389.17,-46.8591517350873
0.0307936507936508,9.9343894353283,1073.44,389.17,-46.8929462463144
0.0308163265306122,9.94075020600953,1073.44,389.17,-46.9267407575414
0.0308390022675737,9.94678811201957,1073.44,389.17,-46.9605352687684
0.0308616780045351,9.95250295725384,1073.44,389.17,-46.9943297799955
0.0308843537414966,9.95789455610043,1073.44,389.17,-47.0281242912225
0.0309070294784581,9.96296273344612,1073.44,389.17,-47.0619188024495
0.0309297052154195,9.96770732468206,1073.44,389.17,-47.0957133136766
0.030952380952381,9.97212817570914,1073.44,389.17,-47.1295078249036
0.0309750566893424,9.97622514294295,1073.44,389.17,-47.1633023361306
0.0309977324263039,9.97999809331848,1073.44,389.17,-47.1970968473577
0.0310204081632653,9.98344690429445,1073.44,389.17,-47.2308913585847
0.0310430839002268,9.98657146385726,1073.44,389.17,-47.2646858698117
0.0310657596371882,9.98937167052464,1073.44,389.17,-47.2984803810388
0.0310884353741497,9.99184743334893,1073.44,389.17,-47.3322748922658
0.0311111111111111,9.99399867192009,1073.44,389.17,-47.3660694034929
0.0311337868480726,9.99582531636823,1073.44,389.17,-47.3998639147199
0.031156462585034,9.99732730736595,1073.44,389.17,-47.4336584259469
0.0311791383219955,9.99850459613024,1073.44,389.17,-47.467452937174
0.0312018140589569,9.99935714442402,1073.44,389.17,-47.501247448401
0.0312244897959184,9.99988492455748,1073.44,389.17,-47.535041959628
0.0312471655328798,10.0000879193889,1073.44,389.17,-47.5688364708551
0.0312698412698413,9.99996612232522,1073.44,389.17,-47.6026309820821
0.0312925170068027,9.99951953732229,1073.44,389.17,-47.6364254933091
0.0313151927437642,9.99874817888468,1073.44,389.17,-47.6702200045362
0.0313378684807256,9.99765207206528,1073.44,389.17,-47.7040145157632
0.0313605442176871,9.99623125246444,1073.44,389.17,-47.7378090269902
0.0313832199546485,9.99448576622882,1073.44,389.17,-47.7716035382173
0.03140589569161,9.99241567004989,1073.44,389.17,-47.8053980494443
0.0314285714285714,9.99002103116213,1073.44,389.17,-47.8391925606714
0.0314512471655329,9.98730192734076,1073.44,389.17,-47.8729870718984
0.0314739229024943,9.98425844689929,1073.44,389.17,-47.9067815831254
0.0314965986394558,9.98089068868667,1073.44,389.17,-47.9405760943525
0.0315192743764172,9.97719876208394,1073.44,389.17,-47.9743706055795
0.0315419501133787,9.97318278700087,1073.44,389.17,-48.0081651168065
0.0315646258503401,9.96884289387192,1073.44,389.17,-48.0419596280336
0.0315873015873016,9.96417922365205,1073.44,389.17,-48.0757541392606
0.031609977324263,9.95919192781215,1073.44,389.17,-48.1095486504876
0.0316326530612245,9.95388116833417,1073.44,389.17,-48.1433431617147
0.0316553287981859,9.9482471177057,1073.44,389.17,-48.1771376729417
0.0316780045351474,9.94228995891456,1073.44,389.17,-48.2109321841687
0.0317006802721088,9.93600988544273,1073.44,389.17,-48.2447266953958
0.0317233560090703,9.92940710126012,1073.44,389.17,-48.2785212066228
0.0317460317460317,9.92248182081792,1073.44,389.17,-48.3123157178499
0.0317687074829932,9.91523426904164,1073.44,389.17,-48.3461102290769
0.0317913832199547,9.90766468132383,1073.44,389.17,-48.3799047403039
0.0318140589569161,9.89977330351639,1073.44,389.17,-48.413699251531
0.0318367346938776,9.89156039192263,1073.44,389.17,-48.447493762758
0.031859410430839,9.88302621328893,1073.44,389.17,-48.481288273985
0.0318820861678005,9.87417104479603,1073.44,389.17,-48.5150827852121
0.0319047619047619,9.86499517405012,1073.44,389.17,-48.5488772964391
0.0319274376417234,9.8554988990734,1073.44,389.17,-48.5826718076661
0.0319501133786848,9.8456825282945,1073.44,389.17,-48.6164663188932
0.0319727891156463,9.83554638053837,1073.44,389.17,-48.6502608301202
0.0319954648526077,9.82509078501599,1073.44,389.17,-48.6840553413472
0.0320181405895692,9.81431608131363,1073.44,389.17,-48.7178498525743
0.0320408163265306,9.80322261938186,1073.44,389.17,-48.7516443638013
0.0320634920634921,9.79181075952417,1073.44,389.17,-48.7854388750283
0.0320861678004535,9.78008087238525,1073.44,389.17,-48.8192333862554
0.032108843537415,9.76803333893898,1073.44,389.17,-48.8530278974824
0.0321315192743764,9.75566855047605,1073.44,389.17,-48.8868224087095
0.0321541950113379,9.74298690859125,1073.44,389.17,-48.9206169199365
0.0321768707482993,9.72998882517037,1073.44,389.17,-48.9544114311635
0.0321995464852608,9.71667472237695,1073.44,389.17,-48.9882059423906
0.0322222222222222,9.70304503263843,1073.44,389.17,-49.0220004536176
0.0322448979591837,9.6891001986322,1073.44,389.17,-49.0557949648446
0.0322675736961451,9.6748406732712,1073.44,389.17,-49.0895894760717
0.0322902494331066,9.66026691968917,1073.44,389.17,-49.1233839872987
0.032312925170068,9.64537941122566,1073.44,389.17,-49.1571784985257
0.0323356009070295,9.63017863141062,1073.44,389.17,-49.1909730097528
0.0323582766439909,9.61466507394872,1073.44,389.17,-49.2247675209798
0.0323809523809524,9.59883924270331,1073.44,389.17,-49.2585620322068
0.0324036281179138,9.58270165168003,1073.44,389.17,-49.2923565434339
0.0324263038548753,9.56625282501016,1073.44,389.17,-49.3261510546609
0.0324489795918367,9.54949329693356,1073.44,389.17,-49.359945565888
0.0324716553287982,9.53242361178133,1073.44,389.17,-49.393740077115
0.0324943310657596,9.51504432395813,1073.44,389.17,-49.427534588342
0.0325170068027211,9.4973559979242,1073.44,389.17,-49.4613290995691
0.0325396825396825,9.47935920817696,1073.44,389.17,-49.4951236107961
0.032562358276644,9.46105453923242,1073.44,389.17,-49.5289181220231
0.0325850340136054,9.44244258560617,1073.44,389.17,-49.5627126332502
0.0326077097505669,9.42352395179407,1073.44,389.17,-49.5965071444772
0.0326303854875283,9.4042992522526,1073.44,389.17,-49.6303016557042
0.0326530612244898,9.38476911137892,1073.44,389.17,-49.6640961669313
0.0326757369614512,9.36493416349063,1073.44,389.17,-49.6978906781583
0.0326984126984127,9.34479505280507,1073.44,389.17,-49.7316851893853
0.0327210884353741,9.3243524334185,1073.44,389.17,-49.7654797006124
0.0327437641723356,9.30360696928478,1073.44,389.17,-49.7992742118394
0.032766439909297,9.28255933419386,1073.44,389.17,-49.8330687230665
0.0327891156462585,9.26121021174983,1073.44,389.17,-49.8668632342935
0.03281179138322,9.23956029534882,1073.44,389.17,-49.9006577455205
0.0328344671201814,9.21761028815637,1073.44,389.17,-49.9344522567476
0.0328571428571429,9.19536090308466,1073.44,389.17,-49.9682467679746
0.0328798185941043,9.17281286276933,1073.44,389.17,-50.0020412792016
0.0329024943310658,9.14996689954601,1073.44,389.17,-50.0358357904287
0.0329251700680272,9.12682375542655,1073.44,389.17,-50.0696303016557
0.0329478458049887,9.10338418207491,1073.44,389.17,-50.1034248128827
0.0329705215419501,9.07964894078273,1073.44,389.17,-50.1372193241098
0.0329931972789116,9.05561880244464,1073.44,389.17,-50.1710138353368
0.033015873015873,9.0312945475332,1073.44,389.17,-50.2048083465638
0.0330385487528345,9.00667696607354,1073.44,389.17,-50.2386028577909
0.0330612244897959,8.98176685761773,1073.44,389.17,-50.2723973690179
0.0330839002267574,8.95656503121878,1073.44,389.17,-50.306191880245
0.0331065759637188,8.93107230540441,1073.44,389.17,-50.339986391472
0.0331292517006803,8.90528950815039,1073.44,389.17,-50.373780902699
0.0331519274376417,8.87921747685373,1073.44,389.17,-50.4075754139261
0.0331746031746032,8.85285705830542,1073.44,389.17,-50.4413699251531
0.0331972789115646,8.82620910866297,1073.44,389.17,-50.4751644363801
0.0332199546485261,8.79927449342257,1073.44,389.17,-50.5089589476072
0.0332426303854875,8.77205408739102,1073.44,389.17,-50.5427534588342
0.033265306122449,8.74454877465726,1073.44,389.17,-50.5765479700612
0.0332879818594104,8.71675944856369,1073.44,389.17,-50.6103424812883
0.0333106575963719,8.68868701167718,1073.44,389.17,-50.6441369925153
0.0333333333333333,8.6603323757597,1073.44,389.17,-50.6779315037423
0.0333560090702948,8.63169646173876,1073.44,389.17,-50.7117260149694
0.0333786848072562,8.60278019967745,1073.44,389.17,-50.7455205261964
0.0334013605442177,8.57358452874427,1073.44,389.17,-50.7793150374235
0.0334240362811791,8.54411039718261,1073.44,389.17,-50.8131095486505
0.0334467120181406,8.51435876227997,1073.44,389.17,-50.8469040598775
0.033469387755102,8.48433059033683,1073.44,389.17,-50.8806985711046
0.0334920634920635,8.4540268566353,1073.44,389.17,-50.9144930823316
0.0335147392290249,8.42344854540746,1073.44,389.17,-50.9482875935586
0.0335374149659864,8.39259664980332,1073.44,389.17,-50.9820821047857
0.0335600907029478,8.36147217185864,1073.44,389.17,-51.0158766160127
0.0335827664399093,8.33007612246235,1073.44,389.17,-51.0496711272397
0.0336054421768707,8.29840952132373,1073.44,389.17,-51.0834656384668
0.0336281179138322,8.26647339693926,1073.44,389.17,-51.1172601496938
0.0336507936507937,8.23426878655928,1073.44,389.17,-51.1510546609208
0.0336734693877551,8.20179673615422,1073.44,389.17,-51.1848491721479
0.0336961451247166,8.16905830038069,1073.44,389.17,-51.2186436833749
0.033718820861678,8.13605454254721,1073.44,389.17,-51.252438194602
0.0337414965986395,8.10278653457964,1073.44,389.17,-51.286232705829
0.0337641723356009,8.06925535698644,1073.44,389.17,-51.320027217056
0.0337868480725624,8.03546209882349,1073.44,389.17,-51.3538217282831
0.0338095238095238,8.00140785765879,1073.44,389.17,-51.3876162395101
0.0338321995464853,7.96709373953675,1073.44,389.17,-51.4214107507371
0.0338548752834467,7.93252085894234,1073.44,389.17,-51.4552052619642
0.0338775510204082,7.8976903387648,1073.44,389.17,-51.4889997731912
0.0339002267573696,7.86260331026128,1073.44,389.17,-51.5227942844182
0.0339229024943311,7.82726091301999,1073.44,389.17,-51.5565887956453
0.0339455782312925,7.79166429492325,1073.44,389.17,-51.5903833068723
0.033968253968254,7.75581461211022,1073.44,389.17,-51.6241778180993
0.0339909297052154,7.71971302893929,1073.44,389.17,-51.6579723293264
0.0340136054421769,7.68336071795032,1073.44,389.17,-51.6917668405534
0.0340362811791383,7.64675885982653,1073.44,389.17,-51.7255613517804
0.0340589569160998,7.60990864335614,1073.44,389.17,-51.7593558630075
0.0340816326530612,7.57281126539381,1073.44,389.17,-51.7931503742345
0.0341043083900227,7.5354679308217,1073.44,389.17,-51.8269448854616
0.0341269841269841,7.4978798525104,1073.44,389.17,-51.8607393966886
0.0341496598639456,7.46004825127948,1073.44,389.17,-51.8945339079156
0.034172335600907,7.4219743558579,1073.44,389.17,-51.9283284191427
0.0341950113378685,7.38365940284404,1073.44,389.17,-51.9621229303697
0.0342176870748299,7.34510463666559,1073.44,389.17,-51.9959174415967
0.0342403628117914,7.30631130953909,1073.44,389.17,-52.0297119528238
0.0342630385487528,7.26728068142928,1073.44,389.17,-52.0635064640508
0.0342857142857143,7.2280140200082,1073.44,389.17,-52.0973009752778
0.0343083900226757,7.18851260061396,1073.44,389.17,-52.1310954865049
0.0343310657596372,7.14877770620937,1073.44,389.17,-52.1648899977319
0.0343537414965986,7.10881062734025,1073.44,389.17,-52.1986845089589
0.0343764172335601,7.06861266209352,1073.44,389.17,-52.232479020186
0.0343990929705215,7.02818511605502,1073.44,389.17,-52.266273531413
0.034421768707483,6.98752930226716,1073.44,389.17,-52.3000680426401
0.0344444444444444,6.94664654118618,1073.44,389.17,-52.3338625538671
0.0344671201814059,6.90553816063937,1073.44,389.17,-52.3676570650941
0.0344897959183673,6.86420549578187,1073.44,389.17,-52.4014515763212
0.0345124716553288,6.82264988905333,1073.44,389.17,-52.4352460875482
0.0345351473922903,6.78087269013431,1073.44,389.17,-52.4690405987752
0.0345578231292517,6.73887525590244,1073.44,389.17,-52.5028351100023
0.0345804988662132,6.69665895038836,1073.44,389.17,-52.5366296212293
0.0346031746031746,6.6542251447314,1073.44,389.17,-52.5704241324563
0.0346258503401361,6.61157521713505,1073.44,389.17,-52.6042186436834
0.0346485260770975,6.56871055282222,1073.44,389.17,-52.6380131549104
0.034671201814059,6.52563254399023,1073.44,389.17,-52.6718076661374
0.0346938775510204,6.48234258976558,1073.44,389.17,-52.7056021773645
0.0347165532879819,6.43884209615854,1073.44,389.17,-52.7393966885915
0.0347392290249433,6.39513247601747,1073.44,389.17,-52.7731911998186
0.0347619047619048,6.35121514898291,1073.44,389.17,-52.8069857110456
0.0347845804988662,6.30709154144153,1073.44,389.17,-52.8407802222726
0.0348072562358277,6.26276308647971,1073.44,389.17,-52.8745747334997
0.0348299319727891,6.21823122383711,1073.44,389.17,-52.9083692447267
0.0348526077097506,6.1734973998598,1073.44,389.17,-52.9421637559537
0.034875283446712,6.12856306745337,1073.44,389.17,-52.9759582671808
0.0348979591836735,6.08342968603568,1073.44,389.17,-53.0097527784078
0.0349206349206349,6.03809872148948,1073.44,389.17,-53.0435472896348
0.0349433106575964,5.99257164611482,1073.44,389.17,-53.0773418008619
0.0349659863945578,5.94684993858122,1073.44,389.17,-53.1111363120889
0.0349886621315193,5.90093508387961,1073.44,389.17,-53.1449308233159
0.0350113378684807,5.85482857327416,1073.44,389.17,-53.178725334543
0.0350340136054422,5.80853190425379,1073.44,389.17,-53.21251984577
0.0350566893424036,5.76204658048358,1073.44,389.17,-53.2463143569971
0.0350793650793651,5.71537411175587,1073.44,389.17,-53.2801088682241
0.0351020408163265,5.66851601394132,1073.44,389.17,-53.3139033794511
0.035124716553288,5.62147380893957,1073.44,389.17,-53.3476978906782
0.0351473922902494,5.57424902462988,1073.44,389.17,-53.3814924019052
0.0351700680272109,5.52684319482149,1073.44,389.17,-53.4152869131322
0.0351927437641723,5.47925785920379,1073.44,389.17,-53.4490814243593
0.0352154195011338,5.43149456329633,1073.44,389.17,-53.4828759355863
0.0352380952380952,5.38355485839859,1073.44,389.17,-53.5166704468133
0.0352607709750567,5.33544030153967,1073.44,389.17,-53.5504649580404
0.0352834467120181,5.28715245542763,1073.44,389.17,-53.5842594692674
0.0353061224489796,5.23869288839878,1073.44,389.17,-53.6180539804944
0.035328798185941,5.19006317436674,1073.44,389.17,-53.6518484917215
0.0353514739229025,5.14126489277134,1073.44,389.17,-53.6856430029485
0.0353741496598639,5.09229962852727,1073.44,389.17,-53.7194375141756
0.0353968253968254,5.04316897197264,1073.44,389.17,-53.7532320254026
0.0354195011337868,4.99387451881733,1073.44,389.17,-53.7870265366296
0.0354421768707483,4.94441787009115,1073.44,389.17,-53.8208210478567
0.0354648526077097,4.89480063209185,1073.44,389.17,-53.8546155590837
0.0354875283446712,4.84502441633292,1073.44,389.17,-53.8884100703107
0.0355102040816327,4.79509083949131,1073.44,389.17,-53.9222045815378
0.0355328798185941,4.74500152335486,1073.44,389.17,-53.9559990927648
0.0355555555555556,4.69475809476966,1073.44,389.17,-53.9897936039918
0.035578231292517,4.6443621855872,1073.44,389.17,-54.0235881152189
0.0356009070294785,4.59381543261136,1073.44,389.17,-54.0573826264459
0.0356235827664399,4.5431194775453,1073.44,389.17,-54.0911771376729
0.0356462585034014,4.49227596693806,1073.44,389.17,-54.1249716489
0.0356689342403628,4.44128655213114,1073.44,389.17,-54.158766160127
0.0356916099773243,4.39015288920485,1073.44,389.17,-54.1925606713541
0.0357142857142857,4.33887663892451,1073.44,389.17,-54.2263551825811
0.0357369614512472,4.28745946668654,1073.44,389.17,-54.2601496938081
0.0357596371882086,4.23590304246433,1073.44,389.17,-54.2939442050352
0.0357823129251701,4.18420904075403,1073.44,389.17,-54.3277387162622
0.0358049886621315,4.13237914052016,1073.44,389.17,-54.3615332274892
0.035827664399093,4.08041502514107,1073.44,389.17,-54.3953277387163
0.0358503401360544,4.02831838235428,1073.44,389.17,-54.4291222499433
0.0358730158730159,3.97609090420163,1073.44,389.17,-54.4629167611703
0.0358956916099773,3.92373428697439,1073.44,389.17,-54.4967112723974
0.0359183673469388,3.87125023115809,1073.44,389.17,-54.5305057836244
0.0359410430839002,3.81864044137733,1073.44,389.17,-54.5643002948514
0.0359637188208617,3.76590662634043,1073.44,389.17,-54.5980948060785
0.0359863945578231,3.71305049878391,1073.44,389.17,-54.6318893173055
0.0360090702947846,3.66007377541685,1073.44,389.17,-54.6656838285326
0.036031746031746,3.60697817686516,1073.44,389.17,-54.6994783397596
0.0360544217687075,3.55376542761569,1073.44,389.17,-54.7332728509866
0.0360770975056689,3.50043725596021,1073.44,389.17,-54.7670673622137
0.0360997732426304,3.44699539393928,1073.44,389.17,-54.8008618734407
0.0361224489795918,3.39344157728602,1073.44,389.17,-54.8346563846677
0.0361451247165533,3.33977754536968,1073.44,389.17,-54.8684508958948
0.0361678004535147,3.28600504113921,1073.44,389.17,-54.9022454071218
0.0361904761904762,3.23212581106661,1073.44,389.17,-54.9360399183488
0.0362131519274376,3.17814160509021,1073.44,389.17,-54.9698344295759
0.0362358276643991,3.12405417655786,1073.44,389.17,-55.0036289408029
0.0362585034013605,3.06986528216995,1073.44,389.17,-55.0374234520299
0.036281179138322,3.01557668192238,1073.44,389.17,-55.071217963257
0.0363038548752834,2.96119013904939,1073.44,389.17,-55.105012474484
0.0363265306122449,2.90670741996627,1073.44,389.17,-55.138806985711
0.0363492063492063,2.85213029421202,1073.44,389.17,-55.1726014969381
0.0363718820861678,2.79746053439188,1073.44,389.17,-55.2063960081651
0.0363945578231293,2.74269991611972,1073.44,389.17,-55.2401905193922
0.0364172335600907,2.68785021796039,1073.44,389.17,-55.2739850306192
0.0364399092970522,2.63291322137199,1073.44,389.17,-55.3077795418462
0.0364625850340136,2.57789071064795,1073.44,389.17,-55.3415740530733
0.0364852607709751,2.5227844728591,1073.44,389.17,-55.3753685643003
0.0365079365079365,2.46759629779565,1073.44,389.17,-55.4091630755273
0.036530612244898,2.41232797790904,1073.44,389.17,-55.4429575867544
0.0365532879818594,2.35698130825373,1073.44,389.17,-55.4767520979814
0.0365759637188209,2.30155808642888,1073.44,389.17,-55.5105466092084
0.0365986394557823,2.24606011251998,1073.44,389.17,-55.5443411204355
0.0366213151927438,2.19048918904041,1073.44,389.17,-55.5781356316625
0.0366439909297052,2.13484712087285,1073.44,389.17,-55.6119301428895
0.0366666666666667,2.07913571521069,1073.44,389.17,-55.6457246541166
0.0366893424036281,2.02335678149932,1073.44,389.17,-55.6795191653436
0.0367120181405896,1.96751213137737,1073.44,389.17,-55.7133136765706
0.036734693877551,1.91160357861788,1073.44,389.17,-55.7471081877977
0.0367573696145125,1.85563293906935,1073.44,389.17,-55.7809026990247
0.0367800453514739,1.79960203059681,1073.44,389.17,-55.8146972102518
0.0368027210884354,1.74351267302276,1073.44,389.17,-55.8484917214788
0.0368253968253968,1.68736668806806,1073.44,389.17,-55.8822862327058
0.0368480725623583,1.63116589929275,1073.44,389.17,-55.9160807439329
0.0368707482993197,1.57491213203686,1073.44,389.17,-55.9498752551599
0.0368934240362812,1.5186072133611,1073.44,389.17,-55.9836697663869
0.0369160997732426,1.4622529719875,1073.44,389.17,-56.017464277614
0.0369387755102041,1.40585123824007,1073.44,389.17,-56.051258788841
0.0369614512471655,1.34940384398529,1073.44,389.17,-56.085053300068
0.036984126984127,1.29291262257266,1073.44,389.17,-56.1188478112951
0.0370068027210884,1.23637940877514,1073.44,389.17,-56.1526423225221
0.0370294784580499,1.17980603872955,1073.44,389.17,-56.1864368337491
0.0370521541950113,1.12319434987694,1073.44,389.17,-56.2202313449762
0.0370748299319728,1.06654618090291,1073.44,389.17,-56.2540258562032
0.0370975056689342,1.00986337167791,1073.44,389.17,-56.2878203674303
0.0371201814058957,0.953147763197451,1073.44,389.17,-56.3216148786573
0.0371428571428571,0.896401197522333,1073.44,389.17,-56.3554093898843
0.0371655328798186,0.839625517718814,1073.44,389.17,-56.3892039011114
0.03718820861678,0.782822567798746,1073.44,389.17,-56.4229984123384
0.0372108843537415,0.725994192659682,1073.44,389.17,-56.4567929235654
0.037233560090703,0.669142238024962,1073.44,389.17,-56.4905874347925
0.0372562358276644,0.612268550383759,1073.44,389.17,-56.5243819460195
0.0372789115646259,0.555374976931112,1073.44,389.17,-56.5581764572465
0.0373015873015873,0.49846336550793,1073.44,389.17,-56.5919709684736
0.0373242630385488,0.441535564540973,1073.44,389.17,-56.6257654797006
0.0373469387755102,0.384593422982822,1073.44,389.17,-56.6595599909276
0.0373696145124717,0.327638790251824,1073.44,389.17,-56.6933545021547
0.0373922902494331,0.270673516172024,1073.44,389.17,-56.7271490133817
0.0374149659863946,0.213699450913088,1073.44,389.17,-56.7609435246088
0.037437641723356,0.156718444930211,1073.44,389.17,-56.7947380358358
0.0374603174603175,0.0997323489040128,1073.44,389.17,-56.8285325470628
0.0374829931972789,0.0427430136804329,1073.44,389.17,-56.8623270582899
0.0375056689342404,-0.0142477097893832,1073.44,389.17,-56.8961215695169
0.0375283446712018,-0.0712379705092015,1073.44,389.17,-56.9299160807439
0.0375510204081633,-0.128225917497817,1073.44,389.17,-56.963710591971
0.0375736961451247,-0.185209699849174,1073.44,389.17,-56.997505103198
0.0375963718820862,-0.242187466792478,1073.44,389.17,-57.031299614425
0.0376190476190476,-0.299157367752308,1073.44,389.17,-57.0650941256521
0.0376417233560091,-0.356117552408722,1073.44,389.17,-57.0988886368791
0.0376643990929705,-0.413066170757355,1073.44,389.17,-57.1326831481061
0.037687074829932,-0.4700013731695,1073.44,389.17,-57.1664776593332
0.0377097505668934,-0.526921310452186,1073.44,389.17,-57.2002721705602
0.0377324263038549,-0.583824133908236,1073.44,389.17,-57.2340666817873
0.0377551020408163,-0.640707995396314,1073.44,389.17,-57.2678611930143
0.0377777777777778,-0.697571047390945,1073.44,389.17,-57.3016557042413
0.0378004535147392,-0.754411443042524,1073.44,389.17,-57.3354502154684
0.0378231292517007,-0.811227336237301,1073.44,389.17,-57.3692447266954
0.0378458049886621,-0.868016881657337,1073.44,389.17,-57.4030392379224
0.0378684807256236,-0.92477823484044,1073.44,389.17,-57.4368337491495
0.037891156462585,-0.981509552240072,1073.44,389.17,-57.4706282603765
0.0379138321995465,-1.03820899128523,1073.44,389.17,-57.5044227716035
0.0379365079365079,-1.09487471044026,1073.44,389.17,-57.5382172828306
0.0379591836734694,-1.15150486926473,1073.44,389.17,-57.5720117940576
0.0379818594104308,-1.20809762847315,1073.44,389.17,-57.6058063052846
0.0380045351473923,-1.26465114999472,1073.44,389.17,-57.6396008165117
0.0380272108843537,-1.32116359703305,1073.44,389.17,-57.6733953277387
0.0380498866213152,-1.37763313412581,1073.44,389.17,-57.7071898389658
0.0380725623582766,-1.43405792720431,1073.44,389.17,-57.7409843501928
0.0380952380952381,-1.49043614365312,1073.44,389.17,-57.7747788614198
0.0381179138321995,-1.54676595236957,1073.44,389.17,-57.8085733726469
0.038140589569161,-1.60304552382321,1073.44,389.17,-57.8423678838739
0.0381632653061224,-1.65927303011524,1073.44,389.17,-57.8761623951009
0.0381859410430839,-1.71544664503789,1073.44,389.17,-57.909956906328
0.0382086167800453,-1.77156454413371,1073.44,389.17,-57.943751417555
0.0382312925170068,-1.82762490475485,1073.44,389.17,-57.977545928782
0.0382539682539683,-1.88362590612224,1073.44,389.17,-58.0113404400091
0.0382766439909297,-1.93956572938473,1073.44,389.17,-58.0451349512361
0.0382993197278912,-1.99544255767818,1073.44,389.17,-58.0789294624631
0.0383219954648526,-2.05125457618445,1073.44,389.17,-58.1127239736902
0.0383446712018141,-2.10699997219034,1073.44,389.17,-58.1465184849172
0.0383673469387755,-2.16267693514651,1073.44,389.17,-58.1803129961443
0.038390022675737,-2.2182836567262,1073.44,389.17,-58.2141075073713
0.0384126984126984,-2.27381833088406,1073.44,389.17,-58.2479020185983
0.0384353741496599,-2.32927915391473,1073.44,389.17,-58.2816965298254
0.0384580498866213,-2.38466432451148,1073.44,389.17,-58.3154910410524
0.0384807256235828,-2.43997204382466,1073.44,389.17,-58.3492855522794
0.0385034013605442,-2.49520051552017,1073.44,389.17,-58.3830800635065
0.0385260770975057,-2.55034794583778,1073.44,389.17,-58.4168745747335
0.0385487528344671,-2.60541254364941,1073.44,389.17,-58.4506690859605
0.0385714285714286,-2.66039252051726,1073.44,389.17,-58.4844635971876
0.03859410430839,-2.71528609075194,1073.44,389.17,-58.5182581084146
0.0386167800453515,-2.77009147147048,1073.44,389.17,-58.5520526196416
0.0386394557823129,-2.82480688265415,1073.44,389.17,-58.5858471308687
0.0386621315192744,-2.87943054720639,1073.44,389.17,-58.6196416420957
0.0386848072562358,-2.93396069101044,1073.44,389.17,-58.6534361533228
0.0387074829931973,-2.98839554298698,1073.44,389.17,-58.6872306645498
0.0387301587301587,-3.04273333515171,1073.44,389.17,-58.7210251757768
0.0387528344671202,-3.09697230267267,1073.44,389.17,-58.7548196870039
0.0387755102040816,-3.15111068392766,1073.44,389.17,-58.7886141982309
0.0387981859410431,-3.20514672056138,1073.44,389.17,-58.8224087094579
0.0388208616780045,-3.2590786575426,1073.44,389.17,-58.856203220685
0.038843537414966,-3.31290474322111,1073.44,389.17,-58.889997731912
0.0388662131519274,-3.36662322938465,1073.44,389.17,-58.923792243139
0.0388888888888889,-3.42023237131567,1073.44,389.17,-58.9575867543661
0.0389115646258503,-3.47373042784798,1073.44,389.17,-58.9913812655931
0.0389342403628118,-3.52711566142336,1073.44,389.17,-59.0251757768201
0.0389569160997732,-3.58038633814792,1073.44,389.17,-59.0589702880472
0.0389795918367347,-3.63354072784848,1073.44,389.17,-59.0927647992742
0.0390022675736961,-3.68657710412871,1073.44,389.17,-59.1265593105012
0.0390249433106576,-3.73949374442525,1073.44,389.17,-59.1603538217283
0.039047619047619,-3.79228893006362,1073.44,389.17,-59.1941483329553
0.0390702947845805,-3.84496094631405,1073.44,389.17,-59.2279428441824
0.039092970521542,-3.89750808244719,1073.44,389.17,-59.2617373554094
0.0391156462585034,-3.94992863178964,1073.44,389.17,-59.2955318666364
0.0391383219954649,-4.00222089177943,1073.44,389.17,-59.3293263778635
0.0391609977324263,-4.05438316402125,1073.44,389.17,-59.3631208890905
0.0391836734693878,-4.10641375434169,1073.44,389.17,-59.3969154003175
0.0392063492063492,-4.15831097284419,1073.44,389.17,-59.4307099115446
0.0392290249433107,-4.21007313396399,1073.44,389.17,-59.4645044227716
0.0392517006802721,-4.26169855652281,1073.44,389.17,-59.4982989339986
0.0392743764172336,-4.31318556378352,1073.44,389.17,-59.5320934452257
0.039297052154195,-4.36453248350456,1073.44,389.17,-59.5658879564527
0.0393197278911565,-4.41573764799425,1073.44,389.17,-59.5996824676797
0.0393424036281179,-4.46679939416497,1073.44,389.17,-59.6334769789068
0.0393650793650794,-4.51771606358717,1073.44,389.17,-59.6672714901338
0.0393877551020408,-4.56848600254324,1073.44,389.17,-59.7010660013609
0.0394104308390023,-4.6191075620812,1073.44,389.17,-59.7348605125879
0.0394331065759637,-4.66957909806828,1073.44,389.17,-59.7686550238149
0.0394557823129252,-4.71989897124432,1073.44,389.17,-59.802449535042
0.0394784580498866,-4.77006554727499,1073.44,389.17,-59.836244046269
0.0395011337868481,-4.82007719680488,1073.44,389.17,-59.870038557496
0.0395238095238095,-4.86993229551042,1073.44,389.17,-59.9038330687231
0.039546485260771,-4.91962922415267,1073.44,389.17,-59.9376275799501
0.0395691609977324,-4.96916636862984,1073.44,389.17,-59.9714220911771
0.0395918367346939,-5.01854212002978,1073.44,389.17,-60.0052166024042
0.0396145124716553,-5.06775487468219,1073.44,389.17,-60.0390111136312
0.0396371882086168,-5.11680303421076,1073.44,389.17,-60.0728056248582
0.0396598639455782,-5.16568500558501,1073.44,389.17,-60.1066001360853
0.0396825396825397,-5.21439920117208,1073.44,389.17,-60.1403946473123
0.0397052154195011,-5.26294403878832,1073.44,389.17,-60.1741891585393
0.0397278911564626,-5.31131794175058,1073.44,389.17,-60.2079836697664
0.039750566893424,-5.35951933892753,1073.44,389.17,-60.2417781809934
0.0397732426303855,-5.40754666479062,1073.44,389.17,-60.2755726922205
0.0397959183673469,-5.45539835946493,1073.44,389.17,-60.3093672034475
0.0398185941043084,-5.50307286877989,1073.44,389.17,-60.3431617146745
0.0398412698412698,-5.55056864431966,1073.44,389.17,-60.3769562259016
0.0398639455782313,-5.59788414347354,1073.44,389.17,-60.4107507371286
0.0398866213151927,-5.64501782948595,1073.44,389.17,-60.4445452483556
0.0399092970521542,-5.69196817150645,1073.44,389.17,-60.4783397595827
0.0399319727891156,-5.73873364463937,1073.44,389.17,-60.5121342708097
0.0399546485260771,-5.78531272999342,1073.44,389.17,-60.5459287820367
0.0399773242630386,-5.83170391473095,1073.44,389.17,-60.5797232932638
0.04,-5.87790569211713,1073.44,389.17,-60.6135178044908
0.0400226757369615,-5.92391656156886,1073.44,389.17,-60.6473123157178
0.0400453514739229,-5.96973502870355,1073.44,389.17,-60.6811068269449
0.0400680272108844,-6.01535960538758,1073.44,389.17,-60.7149013381719
0.0400907029478458,-6.06078880978473,1073.44,389.17,-60.748695849399
0.0401133786848073,-6.10602116640422,1073.44,389.17,-60.782490360626
0.0401360544217687,-6.15105520614868,1073.44,389.17,-60.816284871853
0.0401587301587302,-6.19588946636187,1073.44,389.17,-60.8500793830801
0.0401814058956916,-6.24052249087616,1073.44,389.17,-60.8838738943071
0.0402040816326531,-6.28495283005982,1073.44,389.17,-60.9176684055341
0.0402267573696145,-6.32917904086415,1073.44,389.17,-60.9514629167612
0.040249433106576,-6.37319968687027,1073.44,389.17,-60.9852574279882
0.0402721088435374,-6.41701333833587,1073.44,389.17,-61.0190519392152
0.0402947845804989,-6.46061857224156,1073.44,389.17,-61.0528464504423
0.0403174603174603,-6.50401397233714,1073.44,389.17,-61.0866409616693
0.0403401360544218,-6.54719812918758,1073.44,389.17,-61.1204354728963
0.0403628117913832,-6.59016964021879,1073.44,389.17,-61.1542299841234
0.0403854875283447,-6.63292710976321,1073.44,389.17,-61.1880244953504
0.0404081632653061,-6.67546914910506,1073.44,389.17,-61.2218190065775
0.0404308390022676,-6.71779437652556,1073.44,389.17,-61.2556135178045
0.040453514739229,-6.75990141734769,1073.44,389.17,-61.2894080290315
0.0404761904761905,-6.80178890398093,1073.44,389.17,-61.3232025402586
0.0404988662131519,-6.84345547596563,1073.44,389.17,-61.3569970514856
0.0405215419501134,-6.88489978001719,1073.44,389.17,-61.3907915627126
0.0405442176870748,-6.92612047007004,1073.44,389.17,-61.4245860739397
0.0405668934240363,-6.96711620732135,1073.44,389.17,-61.4583805851667
0.0405895691609977,-7.0078856602745,1073.44,389.17,-61.4921750963937
0.0406122448979592,-7.04842750478235,1073.44,389.17,-61.5259696076208
0.0406349206349206,-7.08874042409023,1073.44,389.17,-61.5597641188478
0.0406575963718821,-7.12882310887869,1073.44,389.17,-61.5935586300748
0.0406802721088435,-7.16867425730608,1073.44,389.17,-61.6273531413019
0.040702947845805,-7.20829257505076,1073.44,389.17,-61.6611476525289
0.0407256235827664,-7.2476767753532,1073.44,389.17,-61.694942163756
0.0407482993197279,-7.28682557905775,1073.44,389.17,-61.728736674983
0.0407709750566893,-7.32573771465416,1073.44,389.17,-61.76253118621
0.0407936507936508,-7.36441191831893,1073.44,389.17,-61.7963256974371
0.0408163265306122,-7.4028469339563,1073.44,389.17,-61.8301202086641
0.0408390022675737,-7.44104151323909,1073.44,389.17,-61.8639147198911
0.0408616780045351,-7.47899441564924,1073.44,389.17,-61.8977092311182
0.0408843537414966,-7.51670440851806,1073.44,389.17,-61.9315037423452
0.040907029478458,-7.55417026706633,1073.44,389.17,-61.9652982535722
0.0409297052154195,-7.59139077444402,1073.44,389.17,-61.9990927647993
0.040952380952381,-7.62836472176985,1073.44,389.17,-62.0328872760263
0.0409750566893424,-7.66509090817052,1073.44,389.17,-62.0666817872533
0.0409977324263039,-7.70156814081977,1073.44,389.17,-62.1004762984804
0.0410204081632653,-7.73779523497706,1073.44,389.17,-62.1342708097074
0.0410430839002268,-7.77377101402606,1073.44,389.17,-62.1680653209345
0.0410657596371882,-7.80949430951293,1073.44,389.17,-62.2018598321615
0.0410884353741497,-7.84496396118416,1073.44,389.17,-62.2356543433885
0.0411111111111111,-7.88017881702435,1073.44,389.17,-62.2694488546156
0.0411337868480726,-7.91513773329358,1073.44,389.17,-62.3032433658426
0.041156462585034,-7.94983957456456,1073.44,389.17,-62.3370378770696
0.0411791383219955,-7.98428321375952,1073.44,389.17,-62.3708323882967
0.0412018140589569,-8.01846753218683,1073.44,389.17,-62.4046268995237
0.0412244897959184,-8.05239141957726,1073.44,389.17,-62.4384214107507
0.0412471655328798,-8.08605377412017,1073.44,389.17,-62.4722159219778
0.0412698412698413,-8.11945350249914,1073.44,389.17,-62.5060104332048
0.0412925170068027,-8.15258951992763,1073.44,389.17,-62.5398049444318
0.0413151927437642,-8.1854607501841,1073.44,389.17,-62.5735994556589
0.0413378684807256,-8.21806612564702,1073.44,389.17,-62.6073939668859
0.0413605442176871,-8.25040458732953,1073.44,389.17,-62.641188478113
0.0413832199546485,-8.28247508491385,1073.44,389.17,-62.67498298934
0.04140589569161,-8.31427657678536,1073.44,389.17,-62.708777500567
0.0414285714285714,-8.34580803006646,1073.44,389.17,-62.7425720117941
0.0414512471655329,-8.37706842065009,1073.44,389.17,-62.7763665230211
0.0414739229024943,-8.40805673323307,1073.44,389.17,-62.8101610342481
0.0414965986394558,-8.43877196134893,1073.44,389.17,-62.8439555454752
0.0415192743764172,-8.46921310740075,1073.44,389.17,-62.8777500567022
0.0415419501133787,-8.49937918269346,1073.44,389.17,-62.9115445679292
0.0415646258503401,-8.52926920746601,1073.44,389.17,-62.9453390791563
0.0415873015873016,-8.55888221092314,1073.44,389.17,-62.9791335903833
0.041609977324263,-8.58821723126696,1073.44,389.17,-63.0129281016103
0.0416326530612245,-8.61727331572817,1073.44,389.17,-63.0467226128374
0.0416553287981859,-8.64604952059698,1073.44,389.17,-63.0805171240644
0.0416780045351474,-8.67454491125381,1073.44,389.17,-63.1143116352915
0.0417006802721088,-8.70275856219959,1073.44,389.17,-63.1481061465185
0.0417233560090703,-8.73068955708587,1073.44,389.17,-63.1819006577455
0.0417460317460317,-8.75833698874455,1073.44,389.17,-63.2156951689726
0.0417687074829932,-8.78569995921735,1073.44,389.17,-63.2494896801996
0.0417913832199546,-8.81277757978497,1073.44,389.17,-63.2832841914266
0.0418140589569161,-8.83956897099599,1073.44,389.17,-63.3170787026537
0.0418367346938776,-8.86607326269538,1073.44,389.17,-63.3508732138807
0.041859410430839,-8.8922895940528,1073.44,389.17,-63.3846677251077
0.0418820861678005,-8.91821711359053,1073.44,389.17,-63.4184622363348
0.0419047619047619,-8.94385497921116,1073.44,389.17,-63.4522567475618
0.0419274376417234,-8.96920235822491,1073.44,389.17,-63.4860512587888
0.0419501133786848,-8.99425842737671,1073.44,389.17,-63.5198457700159
0.0419727891156463,-9.01902237287288,1073.44,389.17,-63.5536402812429
0.0419954648526077,-9.04349339040761,1073.44,389.17,-63.5874347924699
0.0420181405895692,-9.06767068518907,1073.44,389.17,-63.621229303697
0.0420408163265306,-9.09155347196525,1073.44,389.17,-63.655023814924
0.0420634920634921,-9.11514097504938,1073.44,389.17,-63.6888183261511
0.0420861678004535,-9.13843242834523,1073.44,389.17,-63.7226128373781
0.042108843537415,-9.16142707537193,1073.44,389.17,-63.7564073486051
0.0421315192743764,-9.18412416928853,1073.44,389.17,-63.7902018598322
0.0421541950113379,-9.20652297291831,1073.44,389.17,-63.8239963710592
0.0421768707482993,-9.22862275877268,1073.44,389.17,-63.8577908822862
0.0421995464852608,-9.25042280907481,1073.44,389.17,-63.8915853935133
0.0422222222222222,-9.27192241578295,1073.44,389.17,-63.9253799047403
0.0422448979591837,-9.29312088061346,1073.44,389.17,-63.9591744159673
0.0422675736961451,-9.31401751506344,1073.44,389.17,-63.9929689271944
0.0422902494331066,-9.33461164043308,1073.44,389.17,-64.0267634384214
0.042312925170068,-9.35490258784778,1073.44,389.17,-64.0605579496485
0.0423356009070295,-9.3748896982798,1073.44,389.17,-64.0943524608755
0.0423582766439909,-9.3945723225697,1073.44,389.17,-64.1281469721025
0.0423809523809524,-9.41394982144743,1073.44,389.17,-64.1619414833296
0.0424036281179138,-9.43302156555304,1073.44,389.17,-64.1957359945566
0.0424263038548753,-9.4517869354572,1073.44,389.17,-64.2295305057836
0.0424489795918367,-9.47024532168127,1073.44,389.17,-64.2633250170107
0.0424716553287982,-9.48839612471708,1073.44,389.17,-64.2971195282377
0.0424943310657596,-9.50623875504644,1073.44,389.17,-64.3309140394647
0.0425170068027211,-9.5237726331603,1073.44,389.17,-64.3647085506918
0.0425396825396825,-9.5409971895775,1073.44,389.17,-64.3985030619188
0.042562358276644,-9.55791186486331,1073.44,389.17,-64.4322975731458
0.0425850340136054,-9.57451610964765,1073.44,389.17,-64.4660920843729
0.0426077097505669,-9.59080938464281,1073.44,389.17,-64.4998865955999
0.0426303854875283,-9.60679116066111,1073.44,389.17,-64.5336811068269
0.0426530612244898,-9.62246091863197,1073.44,389.17,-64.567475618054
0.0426757369614512,-9.63781814961882,1073.44,389.17,-64.601270129281
0.0426984126984127,-9.65286235483563,1073.44,389.17,-64.635064640508
0.0427210884353742,-9.66759304566311,1073.44,389.17,-64.6688591517351
0.0427437641723356,-9.68200974366457,1073.44,389.17,-64.7026536629621
0.0427664399092971,-9.69611198060145,1073.44,389.17,-64.7364481741891
0.0427891156462585,-9.70989929844855,1073.44,389.17,-64.7702426854162
0.04281179138322,-9.72337124940891,1073.44,389.17,-64.8040371966432
0.0428344671201814,-9.73652739592832,1073.44,389.17,-64.8378317078703
0.0428571428571429,-9.74936731070956,1073.44,389.17,-64.8716262190973
0.0428798185941043,-9.76189057672629,1073.44,389.17,-64.9054207303243
0.0429024943310658,-9.77409678723652,1073.44,389.17,-64.9392152415514
0.0429251700680272,-9.78598554579594,1073.44,389.17,-64.9730097527784
0.0429478458049887,-9.79755646627069,1073.44,389.17,-65.0068042640054
0.0429705215419501,-9.80880917284996,1073.44,389.17,-65.0405987752325
0.0429931972789116,-9.81974330005817,1073.44,389.17,-65.0743932864595
0.043015873015873,-9.83035849276687,1073.44,389.17,-65.1081877976866
0.0430385487528345,-9.84065440620621,1073.44,389.17,-65.1419823089136
0.0430612244897959,-9.85063070597622,1073.44,389.17,-65.1757768201406
0.0430839002267574,-9.86028706805761,1073.44,389.17,-65.2095713313677
0.0431065759637188,-9.86962317882232,1073.44,389.17,-65.2433658425947
0.0431292517006803,-9.87863873504373,1073.44,389.17,-65.2771603538217
0.0431519274376417,-9.88733344390643,1073.44,389.17,-65.3109548650488
0.0431746031746032,-9.89570702301582,1073.44,389.17,-65.3447493762758
0.0431972789115646,-9.90375920040722,1073.44,389.17,-65.3785438875028
0.0432199546485261,-9.91148971455473,1073.44,389.17,-65.4123383987299
0.0432426303854875,-9.91889831437974,1073.44,389.17,-65.4461329099569
0.043265306122449,-9.92598475925903,1073.44,389.17,-65.4799274211839
0.0432879818594104,-9.93274881903265,1073.44,389.17,-65.513721932411
0.0433106575963719,-9.93919027401135,1073.44,389.17,-65.547516443638
0.0433333333333333,-9.94530891498373,1073.44,389.17,-65.581310954865
0.0433560090702948,-9.95110454322303,1073.44,389.17,-65.6151054660921
0.0433786848072562,-9.95657697049361,1073.44,389.17,-65.6488999773191
0.0434013605442177,-9.96172601905703,1073.44,389.17,-65.6826944885462
0.0434240362811791,-9.96655152167782,1073.44,389.17,-65.7164889997732
0.0434467120181406,-9.97105332162896,1073.44,389.17,-65.7502835110002
0.043469387755102,-9.97523127269692,1073.44,389.17,-65.7840780222273
0.0434920634920635,-9.97908523918643,1073.44,389.17,-65.8178725334543
0.0435147392290249,-9.98261509592487,1073.44,389.17,-65.8516670446813
0.0435374149659864,-9.98582072826637,1073.44,389.17,-65.8854615559084
0.0435600907029478,-9.9887020320955,1073.44,389.17,-65.9192560671354
0.0435827664399093,-9.99125891383068,1073.44,389.17,-65.9530505783624
0.0436054421768707,-9.99349129042719,1073.44,389.17,-65.9868450895895
0.0436281179138322,-9.99539908937988,1073.44,389.17,-66.0206396008165
0.0436507936507936,-9.99698224872554,1073.44,389.17,-66.0544341120436
0.0436734693877551,-9.99824071704488,1073.44,389.17,-66.0882286232706
0.0436961451247166,-9.99917445346424,1073.44,389.17,-66.1220231344976
0.043718820861678,-9.99978342765686,1073.44,389.17,-66.1558176457247
0.0437414965986395,-10.000067619844,1073.44,389.17,-66.1896121569517
0.0437641723356009,-10.0000270207953,1073.44,389.17,-66.2234066681787
0.0437868480725624,-9.99966163182938,1073.44,389.17,-66.2572011794058
0.0438095238095238,-9.99897146481377,1073.44,389.17,-66.2909956906328
0.0438321995464853,-9.99795654216428,1073.44,389.17,-66.3247902018598
0.0438548752834467,-9.99661689684449,1073.44,389.17,-66.3585847130869
0.0438775510204082,-9.99495257236461,1073.44,389.17,-66.3923792243139
0.0439002267573696,-9.99296362278008,1073.44,389.17,-66.4261737355409
0.0439229024943311,-9.9906501126898,1073.44,389.17,-66.459968246768
0.0439455782312925,-9.98801211723405,1073.44,389.17,-66.493762757995
0.043968253968254,-9.98504972209202,1073.44,389.17,-66.527557269222
0.0439909297052154,-9.98176302347905,1073.44,389.17,-66.5613517804491
0.0440136054421769,-9.97815212814353,1073.44,389.17,-66.5951462916761
0.0440362811791383,-9.97421715336336,1073.44,389.17,-66.6289408029032
0.0440589569160998,-9.96995822694224,1073.44,389.17,-66.6627353141302
0.0440816326530612,-9.96537548720539,1073.44,389.17,-66.6965298253572
0.0441043083900227,-9.96046908299521,1073.44,389.17,-66.7303243365843
0.0441269841269841,-9.95523917366631,1073.44,389.17,-66.7641188478113
0.0441496598639456,-9.94968592908042,1073.44,389.17,-66.7979133590383
0.044172335600907,-9.94380952960084,1073.44,389.17,-66.8317078702654
0.0441950113378685,-9.93761016608658,1073.44,389.17,-66.8655023814924
0.0442176870748299,-9.93108803988617,1073.44,389.17,-66.8992968927194
0.0442403628117914,-9.92424336283113,1073.44,389.17,-66.9330914039465
0.0442630385487528,-9.91707635722906,1073.44,389.17,-66.9668859151735
0.0442857142857143,-9.90958725585645,1073.44,389.17,-67.0006804264005
0.0443083900226757,-9.9017763019511,1073.44,389.17,-67.0344749376276
0.0443310657596372,-9.89364374920424,1073.44,389.17,-67.0682694488546
0.0443537414965986,-9.88518986175227,1073.44,389.17,-67.1020639600817
0.0443764172335601,-9.87641491416817,1073.44,389.17,-67.1358584713087
0.0443990929705215,-9.86731919145265,1073.44,389.17,-67.1696529825357
0.044421768707483,-9.85790298902478,1073.44,389.17,-67.2034474937628
0.0444444444444444,-9.84816661271253,1073.44,389.17,-67.2372420049898
0.0444671201814059,-9.83811037874269,1073.44,389.17,-67.2710365162168
0.0444897959183673,-9.82773461373076,1073.44,389.17,-67.3048310274439
0.0445124716553288,-9.81703965467019,1073.44,389.17,-67.3386255386709
0.0445351473922902,-9.80602584892154,1073.44,389.17,-67.3724200498979
0.0445578231292517,-9.79469355420112,1073.44,389.17,-67.406214561125
0.0445804988662132,-9.7830431385695,1073.44,389.17,-67.440009072352
0.0446031746031746,-9.77107498041935,1073.44,389.17,-67.473803583579
0.0446258503401361,-9.75878946846337,1073.44,389.17,-67.5075980948061
0.0446485260770975,-9.74618700172149,1073.44,389.17,-67.5413926060331
0.044671201814059,-9.73326798950805,1073.44,389.17,-67.5751871172601
0.0446938775510204,-9.72003285141838,1073.44,389.17,-67.6089816284872
0.0447165532879819,-9.70648201731528,1073.44,389.17,-67.6427761397142
0.0447392290249433,-9.69261592731496,1073.44,389.17,-67.6765706509413
0.0447619047619048,-9.67843503177287,1073.44,389.17,-67.7103651621683
0.0447845804988662,-9.66393979126891,1073.44,389.17,-67.7441596733953
0.0448072562358277,-9.64913067659264,1073.44,389.17,-67.7779541846224
0.0448299319727891,-9.63400816872784,1073.44,389.17,-67.8117486958494
0.0448526077097506,-9.61857275883702,1073.44,389.17,-67.8455432070764
0.044875283446712,-9.60282494824535,1073.44,389.17,-67.8793377183035
0.0448979591836735,-9.58676524842448,1073.44,389.17,-67.9131322295305
0.0449206349206349,-9.57039418097585,1073.44,389.17,-67.9469267407575
0.0449433106575964,-9.55371227761378,1073.44,389.17,-67.9807212519846
0.0449659863945578,-9.53672008014821,1073.44,389.17,-68.0145157632116
0.0449886621315193,-9.51941814046709,1073.44,389.17,-68.0483102744386
0.0450113378684807,-9.50180702051847,1073.44,389.17,-68.0821047856657
0.0450340136054422,-9.48388729229221,1073.44,389.17,-68.1158992968927
0.0450566893424036,-9.46565953780145,1073.44,389.17,-68.1496938081197
0.0450793650793651,-9.44712434906366,1073.44,389.17,-68.1834883193468
0.0451020408163265,-9.42828232808147,1073.44,389.17,-68.2172828305738
0.045124716553288,-9.40913408682306,1073.44,389.17,-68.2510773418009
0.0451473922902494,-9.38968024720234,1073.44,389.17,-68.2848718530279
0.0451700680272109,-9.36992144105868,1073.44,389.17,-68.3186663642549
0.0451927437641723,-9.34985831013645,1073.44,389.17,-68.352460875482
0.0452154195011338,-9.32949150606415,1073.44,389.17,-68.386255386709
0.0452380952380952,-9.30882169033326,1073.44,389.17,-68.420049897936
0.0452607709750567,-9.28784953427673,1073.44,389.17,-68.4538444091631
0.0452834467120181,-9.26657571904722,1073.44,389.17,-68.4876389203901
0.0453061224489796,-9.24500093559492,1073.44,389.17,-68.5214334316171
0.045328798185941,-9.22312588464515,1073.44,389.17,-68.5552279428442
0.0453514739229025,-9.20095127667559,1073.44,389.17,-68.5890224540712
0.0453741496598639,-9.17847783189319,1073.44,389.17,-68.6228169652983
0.0453968253968254,-9.15570628021083,1073.44,389.17,-68.6566114765253
0.0454195011337869,-9.13263736122353,1073.44,389.17,-68.6904059877523
0.0454421768707483,-9.1092718241845,1073.44,389.17,-68.7242004989794
0.0454648526077098,-9.08561042798078,1073.44,389.17,-68.7579950102064
0.0454875283446712,-9.06165394110857,1073.44,389.17,-68.7917895214334
0.0455102040816327,-9.03740314164832,1073.44,389.17,-68.8255840326605
0.0455328798185941,-9.01285881723942,1073.44,389.17,-68.8593785438875
0.0455555555555556,-8.98802176505461,1073.44,389.17,-68.8931730551145
0.045578231292517,-8.96289279177413,1073.44,389.17,-68.9269675663416
0.0456009070294785,-8.93747271355949,1073.44,389.17,-68.9607620775686
0.0456235827664399,-8.91176235602696,1073.44,389.17,-68.9945565887956
0.0456462585034014,-8.88576255422079,1073.44,389.17,-69.0283511000227
0.0456689342403628,-8.85947415258604,1073.44,389.17,-69.0621456112497
0.0456916099773243,-8.83289800494117,1073.44,389.17,-69.0959401224767
0.0457142857142857,-8.80603497445034,1073.44,389.17,-69.1297346337038
0.0457369614512472,-8.77888593359533,1073.44,389.17,-69.1635291449308
0.0457596371882086,-8.75145176414724,1073.44,389.17,-69.1973236561579
0.0457823129251701,-8.72373335713781,1073.44,389.17,-69.2311181673849
0.0458049886621315,-8.69573161283053,1073.44,389.17,-69.2649126786119
0.045827664399093,-8.66744744069136,1073.44,389.17,-69.298707189839
0.0458503401360544,-8.63888175935921,1073.44,389.17,-69.332501701066
0.0458730158730159,-8.61003549661611,1073.44,389.17,-69.366296212293
0.0458956916099773,-8.58090958935704,1073.44,389.17,-69.4000907235201
0.0459183673469388,-8.55150498355956,1073.44,389.17,-69.4338852347471
0.0459410430839002,-8.52182263425303,1073.44,389.17,-69.4676797459741
0.0459637188208617,-8.49186350548762,1073.44,389.17,-69.5014742572012
0.0459863945578231,-8.461628570303,1073.44,389.17,-69.5352687684282
0.0460090702947846,-8.43111881069673,1073.44,389.17,-69.5690632796553
0.046031746031746,-8.40033521759235,1073.44,389.17,-69.6028577908823
0.0460544217687075,-8.36927879080724,1073.44,389.17,-69.6366523021093
0.0460770975056689,-8.33795053902009,1073.44,389.17,-69.6704468133364
0.0460997732426304,-8.30635147973818,1073.44,389.17,-69.7042413245634
0.0461224489795918,-8.27448263926433,1073.44,389.17,-69.7380358357904
0.0461451247165533,-8.24234505266356,1073.44,389.17,-69.7718303470175
0.0461678004535147,-8.20993976372943,1073.44,389.17,-69.8056248582445
0.0461904761904762,-8.17726782495022,1073.44,389.17,-69.8394193694715
0.0462131519274376,-8.1443302974747,1073.44,389.17,-69.8732138806986
0.0462358276643991,-8.11112825107764,1073.44,389.17,-69.9070083919256
0.0462585034013605,-8.07766276412514,1073.44,389.17,-69.9408029031526
0.046281179138322,-8.04393492353953,1073.44,389.17,-69.9745974143797
0.0463038548752834,-8.0099458247641,1073.44,389.17,-70.0083919256067
0.0463265306122449,-7.97569657172752,1073.44,389.17,-70.0421864368337
0.0463492063492063,-7.94118827680801,1073.44,389.17,-70.0759809480608
0.0463718820861678,-7.90642206079714,1073.44,389.17,-70.1097754592878
0.0463945578231292,-7.87139905286352,1073.44,389.17,-70.1435699705149
0.0464172335600907,-7.83612039051606,1073.44,389.17,-70.1773644817419
0.0464399092970522,-7.80058721956703,1073.44,389.17,-70.2111589929689
0.0464625850340136,-7.7648006940949,1073.44,389.17,-70.244953504196
0.0464852607709751,-7.72876197640677,1073.44,389.17,-70.278748015423
0.0465079365079365,-7.69247223700071,1073.44,389.17,-70.31254252665
0.046530612244898,-7.65593265452767,1073.44,389.17,-70.3463370378771
0.0465532879818594,-7.61914441575324,1073.44,389.17,-70.3801315491041
0.0465759637188209,-7.58210871551909,1073.44,389.17,-70.4139260603311
0.0465986394557823,-7.54482675670419,1073.44,389.17,-70.4477205715582
0.0466213151927438,-7.50729975018568,1073.44,389.17,-70.4815150827852
0.0466439909297052,-7.46952891479961,1073.44,389.17,-70.5153095940123
0.0466666666666667,-7.43151547730131,1073.44,389.17,-70.5491041052393
0.0466893424036281,-7.39326067232557,1073.44,389.17,-70.5828986164663
0.0467120181405896,-7.35476574234653,1073.44,389.17,-70.6166931276934
0.046734693877551,-7.3160319376373,1073.44,389.17,-70.6504876389204
0.0467573696145125,-7.27706051622943,1073.44,389.17,-70.6842821501474
0.0467800453514739,-7.23785274387197,1073.44,389.17,-70.7180766613745
0.0468027210884354,-7.19840989399039,1073.44,389.17,-70.7518711726015
0.0468253968253968,-7.15873324764521,1073.44,389.17,-70.7856656838285
0.0468480725623583,-7.11882409349043,1073.44,389.17,-70.8194601950556
0.0468707482993197,-7.07868372773163,1073.44,389.17,-70.8532547062826
0.0468934240362812,-7.0383134540839,1073.44,389.17,-70.8870492175096
0.0469160997732426,-6.99771458372947,1073.44,389.17,-70.9208437287367
0.0469387755102041,-6.95688843527516,1073.44,389.17,-70.9546382399637
0.0469614512471655,-6.91583633470952,1073.44,389.17,-70.9884327511907
0.046984126984127,-6.87455961535978,1073.44,389.17,-71.0222272624178
0.0470068027210884,-6.83305961784855,1073.44,389.17,-71.0560217736448
0.0470294784580499,-6.79133769005026,1073.44,389.17,-71.0898162848719
0.0470521541950113,-6.74939518704739,1073.44,389.17,-71.1236107960989
0.0470748299319728,-6.70723347108648,1073.44,389.17,-71.1574053073259
0.0470975056689342,-6.66485391153384,1073.44,389.17,-71.191199818553
0.0471201814058957,-6.62225788483112,1073.44,389.17,-71.22499432978
0.0471428571428571,-6.57944677445058,1073.44,389.17,-71.258788841007
0.0471655328798186,-6.53642197085016,1073.44,389.17,-71.2925833522341
0.04718820861678,-6.49318487142833,1073.44,389.17,-71.3263778634611
0.0472108843537415,-6.44973688047869,1073.44,389.17,-71.3601723746881
0.0472335600907029,-6.40607940914435,1073.44,389.17,-71.3939668859152
0.0472562358276644,-6.36221387537215,1073.44,389.17,-71.4277613971422
0.0472789115646259,-6.31814170386653,1073.44,389.17,-71.4615559083692
0.0473015873015873,-6.27386432604333,1073.44,389.17,-71.4953504195963
0.0473242630385488,-6.22938317998325,1073.44,389.17,-71.5291449308233
0.0473469387755102,-6.18469971038514,1073.44,389.17,-71.5629394420504
0.0473696145124717,-6.13981536851915,1073.44,389.17,-71.5967339532774
0.0473922902494331,-6.09473161217948,1073.44,389.17,-71.6305284645044
0.0474149659863946,-6.04944990563714,1073.44,389.17,-71.6643229757315
0.047437641723356,-6.00397171959232,1073.44,389.17,-71.6981174869585
0.0474603174603175,-5.95829853112666,1073.44,389.17,-71.7319119981855
0.0474829931972789,-5.91243182365526,1073.44,389.17,-71.7657065094126
0.0475056689342404,-5.86637308687851,1073.44,389.17,-71.7995010206396
0.0475283446712018,-5.82012381673369,1073.44,389.17,-71.8332955318666
0.0475510204081633,-5.77368551534641,1073.44,389.17,-71.8670900430937
0.0475736961451247,-5.72705969098181,1073.44,389.17,-71.9008845543207
0.0475963718820862,-5.68024785799554,1073.44,389.17,-71.9346790655477
0.0476190476190476,-5.63325153678464,1073.44,389.17,-71.9684735767748
0.0476417233560091,-5.58607225373811,1073.44,389.17,-72.0022680880018
0.0476643990929705,-5.53871154118735,1073.44,389.17,-72.0360625992289
0.047687074829932,-5.49117093735641,1073.44,389.17,-72.0698571104559
0.0477097505668934,-5.44345198631197,1073.44,389.17,-72.1036516216829
0.0477324263038549,-5.39555623791328,1073.44,389.17,-72.13744613291
0.0477551020408163,-5.34748524776175,1073.44,389.17,-72.171240644137
0.0477777777777778,-5.29924057715044,1073.44,389.17,-72.205035155364
0.0478004535147392,-5.25082379301338,1073.44,389.17,-72.2388296665911
0.0478231292517007,-5.20223646787465,1073.44,389.17,-72.2726241778181
0.0478458049886621,-5.15348017979732,1073.44,389.17,-72.3064186890451
0.0478684807256236,-5.10455651233218,1073.44,389.17,-72.3402132002722
0.047891156462585,-5.05546705446634,1073.44,389.17,-72.3740077114992
0.0479138321995465,-5.00621340057158,1073.44,389.17,-72.4078022227262
0.0479365079365079,-4.9567971503526,1073.44,389.17,-72.4415967339533
0.0479591836734694,-4.90721990879503,1073.44,389.17,-72.4753912451803
0.0479818594104308,-4.85748328611335,1073.44,389.17,-72.5091857564073
0.0480045351473923,-4.80758889769855,1073.44,389.17,-72.5429802676344
0.0480272108843537,-4.75753836406567,1073.44,389.17,-72.5767747788614
0.0480498866213152,-4.7073333108012,1073.44,389.17,-72.6105692900884
0.0480725623582766,-4.65697536851023,1073.44,389.17,-72.6443638013155
0.0480952380952381,-4.60646617276354,1073.44,389.17,-72.6781583125425
0.0481179138321995,-4.55580736404444,1073.44,389.17,-72.7119528237696
0.048140589569161,-4.50500058769551,1073.44,389.17,-72.7457473349966
0.0481632653061225,-4.45404749386518,1073.44,389.17,-72.7795418462236
0.0481859410430839,-4.40294973745407,1073.44,389.17,-72.8133363574507
0.0482086167800454,-4.35170897806131,1073.44,389.17,-72.8471308686777
0.0482312925170068,-4.3003268799306,1073.44,389.17,-72.8809253799047
0.0482539682539683,-4.24880511189618,1073.44,389.17,-72.9147198911318
0.0482766439909297,-4.19714534732859,1073.44,389.17,-72.9485144023588
0.0482993197278912,-4.14534926408038,1073.44,389.17,-72.9823089135859
0.0483219954648526,-4.09341854443154,1073.44,389.17,-73.0161034248129
0.0483446712018141,-4.04135487503495,1073.44,389.17,-73.0498979360399
0.0483673469387755,-3.98915994686152,1073.44,389.17,-73.083692447267
0.048390022675737,-3.9368354551453,1073.44,389.17,-73.117486958494
0.0484126984126984,-3.88438309932844,1073.44,389.17,-73.151281469721
0.0484353741496599,-3.83180458300597,1073.44,389.17,-73.1850759809481
0.0484580498866213,-3.77910161387046,1073.44,389.17,-73.2188704921751
0.0484807256235828,-3.72627590365659,1073.44,389.17,-73.2526650034021
0.0485034013605442,-3.67332916808553,1073.44,389.17,-73.2864595146292
0.0485260770975057,-3.62026312680922,1073.44,389.17,-73.3202540258562
0.0485487528344671,-3.56707950335451,1073.44,389.17,-73.3540485370832
0.0485714285714286,-3.51378002506721,1073.44,389.17,-73.3878430483103
0.04859410430839,-3.46036642305595,1073.44,389.17,-73.4216375595373
0.0486167800453515,-3.40684043213597,1073.44,389.17,-73.4554320707643
0.0486394557823129,-3.3532037907728,1073.44,389.17,-73.4892265819914
0.0486621315192744,-3.29945824102577,1073.44,389.17,-73.5230210932184
0.0486848072562358,-3.24560552849141,1073.44,389.17,-73.5568156044454
0.0487074829931973,-3.19164740224681,1073.44,389.17,-73.5906101156725
0.0487301587301587,-3.13758561479277,1073.44,389.17,-73.6244046268995
0.0487528344671202,-3.08342192199689,1073.44,389.17,-73.6581991381266
0.0487755102040816,-3.02915808303655,1073.44,389.17,-73.6919936493536
0.0487981859410431,-2.97479586034176,1073.44,389.17,-73.7257881605806
0.0488208616780045,-2.92033701953793,1073.44,389.17,-73.7595826718077
0.048843537414966,-2.86578332938851,1073.44,389.17,-73.7933771830347
0.0488662131519274,-2.81113656173758,1073.44,389.17,-73.8271716942617
0.0488888888888889,-2.75639849145226,1073.44,389.17,-73.8609662054888
0.0489115646258503,-2.70157089636506,1073.44,389.17,-73.8947607167158
0.0489342403628118,-2.64665555721618,1073.44,389.17,-73.9285552279428
0.0489569160997732,-2.59165425759566,1073.44,389.17,-73.9623497391699
0.0489795918367347,-2.53656878388541,1073.44,389.17,-73.9961442503969
0.0490022675736961,-2.48140092520125,1073.44,389.17,-74.029938761624
0.0490249433106576,-2.42615247333477,1073.44,389.17,-74.063733272851
0.049047619047619,-2.37082522269511,1073.44,389.17,-74.097527784078
0.0490702947845805,-2.31542097025075,1073.44,389.17,-74.1313222953051
0.0490929705215419,-2.25994151547108,1073.44,389.17,-74.1651168065321
0.0491156462585034,-2.20438866026798,1073.44,389.17,-74.1989113177591
0.0491383219954649,-2.14876420893729,1073.44,389.17,-74.2327058289862
0.0491609977324263,-2.09306996810024,1073.44,389.17,-74.2665003402132
0.0491836734693878,-2.03730774664472,1073.44,389.17,-74.3002948514402
0.0492063492063492,-1.98147935566656,1073.44,389.17,-74.3340893626673
0.0492290249433107,-1.92558660841072,1073.44,389.17,-74.3678838738943
0.0492517006802721,-1.86963132021237,1073.44,389.17,-74.4016783851213
0.0492743764172336,-1.81361530843793,1073.44,389.17,-74.4354728963484
0.049297052154195,-1.75754039242607,1073.44,389.17,-74.4692674075754
0.0493197278911565,-1.70140839342861,1073.44,389.17,-74.5030619188024
0.0493424036281179,-1.64522113455134,1073.44,389.17,-74.5368564300295
0.0493650793650794,-1.58898044069486,1073.44,389.17,-74.5706509412565
0.0493877551020408,-1.53268813849525,1073.44,389.17,-74.6044454524836
0.0494104308390023,-1.4763460562648,1073.44,389.17,-74.6382399637106
0.0494331065759637,-1.41995602393258,1073.44,389.17,-74.6720344749376
0.0494557823129252,-1.36351987298503,1073.44,389.17,-74.7058289861647
0.0494784580498866,-1.30703943640649,1073.44,389.17,-74.7396234973917
0.0495011337868481,-1.25051654861962,1073.44,389.17,-74.7734180086187
0.0495238095238095,-1.19395304542588,1073.44,389.17,-74.8072125198458
0.049546485260771,-1.13735076394584,1073.44,389.17,-74.8410070310728
0.0495691609977324,-1.08071154255958,1073.44,389.17,-74.8748015422998
0.0495918367346939,-1.02403722084692,1073.44,389.17,-74.9085960535269
0.0496145124716553,-0.967329639527711,1073.44,389.17,-74.9423905647539
0.0496371882086168,-0.910590640402049,1073.44,389.17,-74.976185075981
0.0496598639455782,-0.853822066290433,1073.44,389.17,-75.009979587208
0.0496825396825397,-0.79702576097393,1073.44,389.17,-75.043774098435
0.0497052154195011,-0.740203569134285,1073.44,389.17,-75.0775686096621
0.0497278911564626,-0.683357336294009,1073.44,389.17,-75.1113631208891
0.049750566893424,-0.626488908756439,1073.44,389.17,-75.1451576321161
0.0497732426303855,-0.569600133545772,1073.44,389.17,-75.1789521433432
0.0497959183673469,-0.512692858347074,1073.44,389.17,-75.2127466545702
0.0498185941043084,-0.455768931446269,1073.44,389.17,-75.2465411657972
0.0498412698412698,-0.398830201670114,1073.44,389.17,-75.2803356770243
0.0498639455782313,-0.341878518326144,1073.44,389.17,-75.3141301882513
0.0498866213151927,-0.284915731142611,1073.44,389.17,-75.3479246994783
0.0499092970521542,-0.227943690208412,1073.44,389.17,-75.3817192107054
0.0499319727891156,-0.17096424591299,1073.44,389.17,-75.4155137219324
0.0499546485260771,-0.113979248886246,1073.44,389.17,-75.4493082331594
0.0499773242630385,-0.0569905499384237,1073.44,389.17,-75.4831027443865
0.05,-3.69489843372445e-15,1073.44,389.17,-75.5168972556135
0.0500226757369615,0.0569905499384163,1073.44,389.17,-75.5506917668406
0.0500453514739229,0.113979248886238,1073.44,389.17,-75.5844862780676
0.0500680272108844,0.170964245912983,1073.44,389.17,-75.6182807892946
0.0500907029478458,0.227943690208404,1073.44,389.17,-75.6520753005217
0.0501133786848073,0.284915731142603,1073.44,389.17,-75.6858698117487
0.0501360544217687,0.341878518326135,1073.44,389.17,-75.7196643229757
0.0501587301587302,0.398830201670105,1073.44,389.17,-75.7534588342028
0.0501814058956916,0.45576893144626,1073.44,389.17,-75.7872533454298
0.0502040816326531,0.512692858347064,1073.44,389.17,-75.8210478566568
0.0502267573696145,0.569600133545762,1073.44,389.17,-75.8548423678839
0.050249433106576,0.626488908756429,1073.44,389.17,-75.8886368791109
0.0502721088435374,0.683357336293999,1073.44,389.17,-75.9224313903379
0.0502947845804989,0.740203569134275,1073.44,389.17,-75.956225901565
0.0503174603174603,0.79702576097392,1073.44,389.17,-75.990020412792
0.0503401360544218,0.853822066290423,1073.44,389.17,-76.023814924019
0.0503628117913832,0.910590640402038,1073.44,389.17,-76.0576094352461
0.0503854875283447,0.9673296395277,1073.44,389.17,-76.0914039464731
0.0504081632653061,1.02403722084691,1073.44,389.17,-76.1251984577002
0.0504308390022676,1.08071154255957,1073.44,389.17,-76.1589929689272
0.050453514739229,1.13735076394583,1073.44,389.17,-76.1927874801542
0.0504761904761905,1.19395304542587,1073.44,389.17,-76.2265819913813
0.0504988662131519,1.25051654861961,1073.44,389.17,-76.2603765026083
0.0505215419501134,1.30703943640648,1073.44,389.17,-76.2941710138353
0.0505442176870748,1.36351987298502,1073.44,389.17,-76.3279655250624
0.0505668934240363,1.41995602393257,1073.44,389.17,-76.3617600362894
0.0505895691609977,1.47634605626479,1073.44,389.17,-76.3955545475164
0.0506122448979592,1.53268813849524,1073.44,389.17,-76.4293490587435
0.0506349206349206,1.58898044069485,1073.44,389.17,-76.4631435699705
0.0506575963718821,1.64522113455133,1073.44,389.17,-76.4969380811976
0.0506802721088435,1.70140839342859,1073.44,389.17,-76.5307325924246
0.050702947845805,1.75754039242606,1073.44,389.17,-76.5645271036516
0.0507256235827664,1.81361530843792,1073.44,389.17,-76.5983216148787
0.0507482993197279,1.86963132021236,1073.44,389.17,-76.6321161261057
0.0507709750566893,1.92558660841071,1073.44,389.17,-76.6659106373327
0.0507936507936508,1.98147935566655,1073.44,389.17,-76.6997051485598
0.0508163265306122,2.03730774664471,1073.44,389.17,-76.7334996597868
0.0508390022675737,2.09306996810023,1073.44,389.17,-76.7672941710138
0.0508616780045352,2.14876420893728,1073.44,389.17,-76.8010886822409
0.0508843537414966,2.20438866026796,1073.44,389.17,-76.8348831934679
0.0509070294784581,2.25994151547107,1073.44,389.17,-76.8686777046949
0.0509297052154195,2.31542097025074,1073.44,389.17,-76.902472215922
0.050952380952381,2.3708252226951,1073.44,389.17,-76.936266727149
0.0509750566893424,2.42615247333476,1073.44,389.17,-76.970061238376
0.0509977324263039,2.48140092520124,1073.44,389.17,-77.0038557496031
0.0510204081632653,2.5365687838854,1073.44,389.17,-77.0376502608301
0.0510430839002268,2.59165425759565,1073.44,389.17,-77.0714447720572
0.0510657596371882,2.64665555721617,1073.44,389.17,-77.1052392832842
0.0510884353741497,2.70157089636505,1073.44,389.17,-77.1390337945112
0.0511111111111111,2.75639849145225,1073.44,389.17,-77.1728283057383
0.0511337868480726,2.81113656173758,1073.44,389.17,-77.2066228169653
0.051156462585034,2.8657833293885,1073.44,389.17,-77.2404173281923
0.0511791383219955,2.92033701953792,1073.44,389.17,-77.2742118394194
0.0512018140589569,2.97479586034175,1073.44,389.17,-77.3080063506464
0.0512244897959184,3.02915808303654,1073.44,389.17,-77.3418008618734
0.0512471655328798,3.08342192199688,1073.44,389.17,-77.3755953731005
0.0512698412698413,3.13758561479276,1073.44,389.17,-77.4093898843275
0.0512925170068027,3.19164740224681,1073.44,389.17,-77.4431843955546
0.0513151927437642,3.2456055284914,1073.44,389.17,-77.4769789067816
0.0513378684807256,3.29945824102576,1073.44,389.17,-77.5107734180086
0.0513605442176871,3.35320379077279,1073.44,389.17,-77.5445679292357
0.0513832199546485,3.40684043213596,1073.44,389.17,-77.5783624404627
0.05140589569161,3.46036642305594,1073.44,389.17,-77.6121569516897
0.0514285714285714,3.5137800250672,1073.44,389.17,-77.6459514629168
0.0514512471655329,3.5670795033545,1073.44,389.17,-77.6797459741438
0.0514739229024943,3.62026312680921,1073.44,389.17,-77.7135404853708
0.0514965986394558,3.67332916808553,1073.44,389.17,-77.7473349965979
0.0515192743764172,3.72627590365659,1073.44,389.17,-77.7811295078249
0.0515419501133787,3.77910161387045,1073.44,389.17,-77.8149240190519
0.0515646258503401,3.83180458300596,1073.44,389.17,-77.848718530279
0.0515873015873016,3.88438309932844,1073.44,389.17,-77.882513041506
0.051609977324263,3.93683545514529,1073.44,389.17,-77.916307552733
0.0516326530612245,3.98915994686151,1073.44,389.17,-77.9501020639601
0.0516553287981859,4.04135487503495,1073.44,389.17,-77.9838965751871
0.0516780045351474,4.09341854443154,1073.44,389.17,-78.0176910864141
0.0517006802721088,4.14534926408037,1073.44,389.17,-78.0514855976412
0.0517233560090703,4.19714534732858,1073.44,389.17,-78.0852801088682
0.0517460317460317,4.24880511189617,1073.44,389.17,-78.1190746200953
0.0517687074829932,4.30032687993059,1073.44,389.17,-78.1528691313223
0.0517913832199546,4.3517089780613,1073.44,389.17,-78.1866636425493
0.0518140589569161,4.40294973745406,1073.44,389.17,-78.2204581537764
0.0518367346938775,4.45404749386517,1073.44,389.17,-78.2542526650034
0.051859410430839,4.5050005876955,1073.44,389.17,-78.2880471762304
0.0518820861678005,4.55580736404443,1073.44,389.17,-78.3218416874575
0.0519047619047619,4.60646617276353,1073.44,389.17,-78.3556361986845
0.0519274376417234,4.65697536851022,1073.44,389.17,-78.3894307099116
0.0519501133786848,4.70733331080119,1073.44,389.17,-78.4232252211386
0.0519727891156463,4.75753836406566,1073.44,389.17,-78.4570197323656
0.0519954648526077,4.80758889769854,1073.44,389.17,-78.4908142435927
0.0520181405895692,4.85748328611334,1073.44,389.17,-78.5246087548197
0.0520408163265306,4.90721990879502,1073.44,389.17,-78.5584032660467
0.0520634920634921,4.95679715035259,1073.44,389.17,-78.5921977772738
0.0520861678004535,5.00621340057158,1073.44,389.17,-78.6259922885008
0.052108843537415,5.05546705446633,1073.44,389.17,-78.6597867997278
0.0521315192743764,5.10455651233218,1073.44,389.17,-78.6935813109549
0.0521541950113379,5.15348017979731,1073.44,389.17,-78.7273758221819
0.0521768707482993,5.20223646787464,1073.44,389.17,-78.7611703334089
0.0521995464852608,5.25082379301337,1073.44,389.17,-78.794964844636
0.0522222222222222,5.29924057715043,1073.44,389.17,-78.828759355863
0.0522448979591837,5.34748524776174,1073.44,389.17,-78.86255386709
0.0522675736961451,5.39555623791327,1073.44,389.17,-78.8963483783171
0.0522902494331066,5.44345198631196,1073.44,389.17,-78.9301428895441
0.052312925170068,5.49117093735639,1073.44,389.17,-78.9639374007711
0.0523356009070295,5.53871154118734,1073.44,389.17,-78.9977319119982
0.0523582766439909,5.5860722537381,1073.44,389.17,-79.0315264232252
0.0523809523809524,5.63325153678463,1073.44,389.17,-79.0653209344523
0.0524036281179138,5.68024785799553,1073.44,389.17,-79.0991154456793
0.0524263038548753,5.7270596909818,1073.44,389.17,-79.1329099569063
0.0524489795918367,5.7736855153464,1073.44,389.17,-79.1667044681334
0.0524716553287982,5.82012381673368,1073.44,389.17,-79.2004989793604
0.0524943310657596,5.8663730868785,1073.44,389.17,-79.2342934905874
0.0525170068027211,5.91243182365525,1073.44,389.17,-79.2680880018145
0.0525396825396825,5.95829853112665,1073.44,389.17,-79.3018825130415
0.052562358276644,6.00397171959231,1073.44,389.17,-79.3356770242685
0.0525850340136054,6.04944990563713,1073.44,389.17,-79.3694715354956
0.0526077097505669,6.09473161217947,1073.44,389.17,-79.4032660467226
0.0526303854875283,6.13981536851914,1073.44,389.17,-79.4370605579496
0.0526530612244898,6.18469971038514,1073.44,389.17,-79.4708550691767
0.0526757369614512,6.22938317998324,1073.44,389.17,-79.5046495804037
0.0526984126984127,6.27386432604332,1073.44,389.17,-79.5384440916308
0.0527210884353742,6.31814170386652,1073.44,389.17,-79.5722386028578
0.0527437641723356,6.36221387537214,1073.44,389.17,-79.6060331140848
0.0527664399092971,6.40607940914435,1073.44,389.17,-79.6398276253119
0.0527891156462585,6.44973688047868,1073.44,389.17,-79.6736221365389
0.05281179138322,6.49318487142832,1073.44,389.17,-79.7074166477659
0.0528344671201814,6.53642197085015,1073.44,389.17,-79.741211158993
0.0528571428571429,6.57944677445057,1073.44,389.17,-79.77500567022
0.0528798185941043,6.62225788483111,1073.44,389.17,-79.808800181447
0.0529024943310658,6.66485391153383,1073.44,389.17,-79.8425946926741
0.0529251700680272,6.70723347108647,1073.44,389.17,-79.8763892039011
0.0529478458049887,6.74939518704738,1073.44,389.17,-79.9101837151281
0.0529705215419501,6.79133769005025,1073.44,389.17,-79.9439782263552
0.0529931972789116,6.83305961784854,1073.44,389.17,-79.9777727375822
0.053015873015873,6.87455961535978,1073.44,389.17,-80.0115672488093
0.0530385487528345,6.91583633470951,1073.44,389.17,-80.0453617600363
0.0530612244897959,6.95688843527515,1073.44,389.17,-80.0791562712633
0.0530839002267574,6.99771458372946,1073.44,389.17,-80.1129507824904
0.0531065759637188,7.03831345408389,1073.44,389.17,-80.1467452937174
0.0531292517006803,7.07868372773163,1073.44,389.17,-80.1805398049444
0.0531519274376417,7.11882409349043,1073.44,389.17,-80.2143343161715
0.0531746031746032,7.15873324764521,1073.44,389.17,-80.2481288273985
0.0531972789115646,7.19840989399038,1073.44,389.17,-80.2819233386255
0.0532199546485261,7.23785274387197,1073.44,389.17,-80.3157178498526
0.0532426303854875,7.27706051622943,1073.44,389.17,-80.3495123610796
0.053265306122449,7.3160319376373,1073.44,389.17,-80.3833068723066
0.0532879818594104,7.35476574234652,1073.44,389.17,-80.4171013835337
0.0533106575963719,7.39326067232556,1073.44,389.17,-80.4508958947607
0.0533333333333333,7.4315154773013,1073.44,389.17,-80.4846904059877
0.0533560090702948,7.4695289147996,1073.44,389.17,-80.5184849172148
0.0533786848072562,7.50729975018567,1073.44,389.17,-80.5522794284418
0.0534013605442177,7.54482675670418,1073.44,389.17,-80.5860739396689
0.0534240362811791,7.58210871551909,1073.44,389.17,-80.6198684508959
0.0534467120181406,7.61914441575323,1073.44,389.17,-80.6536629621229
0.053469387755102,7.65593265452766,1073.44,389.17,-80.68745747335
0.0534920634920635,7.6924722370007,1073.44,389.17,-80.721251984577
0.0535147392290249,7.72876197640676,1073.44,389.17,-80.755046495804
0.0535374149659864,7.76480069409489,1073.44,389.17,-80.7888410070311
0.0535600907029478,7.80058721956703,1073.44,389.17,-80.8226355182581
0.0535827664399093,7.83612039051605,1073.44,389.17,-80.8564300294851
0.0536054421768708,7.87139905286352,1073.44,389.17,-80.8902245407122
0.0536281179138322,7.90642206079714,1073.44,389.17,-80.9240190519392
0.0536507936507937,7.941188276808,1073.44,389.17,-80.9578135631663
0.0536734693877551,7.97569657172752,1073.44,389.17,-80.9916080743933
0.0536961451247166,8.0099458247641,1073.44,389.17,-81.0254025856203
0.053718820861678,8.04393492353952,1073.44,389.17,-81.0591970968474
0.0537414965986395,8.07766276412514,1073.44,389.17,-81.0929916080744
0.0537641723356009,8.11112825107764,1073.44,389.17,-81.1267861193014
0.0537868480725624,8.14433029747468,1073.44,389.17,-81.1605806305285
0.0538095238095238,8.17726782495021,1073.44,389.17,-81.1943751417555
0.0538321995464853,8.20993976372942,1073.44,389.17,-81.2281696529825
0.0538548752834467,8.24234505266355,1073.44,389.17,-81.2619641642096
0.0538775510204082,8.27448263926433,1073.44,389.17,-81.2957586754366
0.0539002267573696,8.30635147973818,1073.44,389.17,-81.3295531866636
0.0539229024943311,8.33795053902009,1073.44,389.17,-81.3633476978907
0.0539455782312925,8.36927879080724,1073.44,389.17,-81.3971422091177
0.053968253968254,8.40033521759235,1073.44,389.17,-81.4309367203447
0.0539909297052154,8.43111881069673,1073.44,389.17,-81.4647312315718
0.0540136054421769,8.461628570303,1073.44,389.17,-81.4985257427988
0.0540362811791383,8.49186350548762,1073.44,389.17,-81.5323202540259
0.0540589569160998,8.52182263425302,1073.44,389.17,-81.5661147652529
0.0540816326530612,8.55150498355955,1073.44,389.17,-81.5999092764799
0.0541043083900227,8.58090958935703,1073.44,389.17,-81.633703787707
0.0541269841269841,8.6100354966161,1073.44,389.17,-81.667498298934
0.0541496598639456,8.63888175935921,1073.44,389.17,-81.701292810161
0.054172335600907,8.66744744069135,1073.44,389.17,-81.7350873213881
0.0541950113378685,8.69573161283052,1073.44,389.17,-81.7688818326151
0.0542176870748299,8.72373335713781,1073.44,389.17,-81.8026763438421
0.0542403628117914,8.75145176414723,1073.44,389.17,-81.8364708550692
0.0542630385487528,8.77888593359533,1073.44,389.17,-81.8702653662962
0.0542857142857143,8.80603497445033,1073.44,389.17,-81.9040598775233
0.0543083900226757,8.83289800494117,1073.44,389.17,-81.9378543887503
0.0543310657596372,8.85947415258603,1073.44,389.17,-81.9716488999773
0.0543537414965986,8.88576255422079,1073.44,389.17,-82.0054434112044
0.0543764172335601,8.91176235602696,1073.44,389.17,-82.0392379224314
0.0543990929705215,8.93747271355948,1073.44,389.17,-82.0730324336584
0.054421768707483,8.96289279177413,1073.44,389.17,-82.1068269448855
0.0544444444444444,8.9880217650546,1073.44,389.17,-82.1406214561125
0.0544671201814059,9.01285881723942,1073.44,389.17,-82.1744159673395
0.0544897959183673,9.03740314164832,1073.44,389.17,-82.2082104785666
0.0545124716553288,9.06165394110857,1073.44,389.17,-82.2420049897936
0.0545351473922902,9.08561042798078,1073.44,389.17,-82.2757995010206
0.0545578231292517,9.1092718241845,1073.44,389.17,-82.3095940122477
0.0545804988662132,9.13263736122352,1073.44,389.17,-82.3433885234747
0.0546031746031746,9.15570628021083,1073.44,389.17,-82.3771830347017
0.0546258503401361,9.17847783189318,1073.44,389.17,-82.4109775459288
0.0546485260770975,9.20095127667558,1073.44,389.17,-82.4447720571558
0.054671201814059,9.22312588464514,1073.44,389.17,-82.4785665683829
0.0546938775510204,9.24500093559492,1073.44,389.17,-82.5123610796099
0.0547165532879819,9.26657571904722,1073.44,389.17,-82.5461555908369
0.0547392290249433,9.28784953427673,1073.44,389.17,-82.579950102064
0.0547619047619048,9.30882169033325,1073.44,389.17,-82.613744613291
0.0547845804988662,9.32949150606415,1073.44,389.17,-82.647539124518
0.0548072562358277,9.34985831013644,1073.44,389.17,-82.6813336357451
0.0548299319727891,9.36992144105868,1073.44,389.17,-82.7151281469721
0.0548526077097506,9.38968024720233,1073.44,389.17,-82.7489226581991
0.054875283446712,9.40913408682306,1073.44,389.17,-82.7827171694262
0.0548979591836735,9.42828232808146,1073.44,389.17,-82.8165116806532
0.0549206349206349,9.44712434906365,1073.44,389.17,-82.8503061918803
0.0549433106575964,9.46565953780143,1073.44,389.17,-82.8841007031073
0.0549659863945578,9.48388729229221,1073.44,389.17,-82.9178952143343
0.0549886621315193,9.50180702051846,1073.44,389.17,-82.9516897255614
0.0550113378684807,9.51941814046709,1073.44,389.17,-82.9854842367884
0.0550340136054422,9.53672008014821,1073.44,389.17,-83.0192787480154
0.0550566893424036,9.55371227761377,1073.44,389.17,-83.0530732592425
0.0550793650793651,9.57039418097584,1073.44,389.17,-83.0868677704695
0.0551020408163265,9.58676524842448,1073.44,389.17,-83.1206622816965
0.055124716553288,9.60282494824535,1073.44,389.17,-83.1544567929236
0.0551473922902494,9.61857275883702,1073.44,389.17,-83.1882513041506
0.0551700680272109,9.63400816872784,1073.44,389.17,-83.2220458153776
0.0551927437641723,9.64913067659264,1073.44,389.17,-83.2558403266047
0.0552154195011338,9.66393979126891,1073.44,389.17,-83.2896348378317
0.0552380952380952,9.67843503177287,1073.44,389.17,-83.3234293490587
0.0552607709750567,9.69261592731497,1073.44,389.17,-83.3572238602858
0.0552834467120181,9.70648201731527,1073.44,389.17,-83.3910183715128
0.0553061224489796,9.72003285141838,1073.44,389.17,-83.4248128827399
0.055328798185941,9.73326798950804,1073.44,389.17,-83.4586073939669
0.0553514739229025,9.74618700172149,1073.44,389.17,-83.4924019051939
0.0553741496598639,9.75878946846336,1073.44,389.17,-83.526196416421
0.0553968253968254,9.77107498041935,1073.44,389.17,-83.559990927648
0.0554195011337868,9.78304313856949,1073.44,389.17,-83.593785438875
0.0554421768707483,9.79469355420113,1073.44,389.17,-83.6275799501021
0.0554648526077098,9.80602584892153,1073.44,389.17,-83.6613744613291
0.0554875283446712,9.81703965467019,1073.44,389.17,-83.6951689725561
0.0555102040816327,9.82773461373075,1073.44,389.17,-83.7289634837832
0.0555328798185941,9.83811037874269,1073.44,389.17,-83.7627579950102
0.0555555555555556,9.84816661271252,1073.44,389.17,-83.7965525062372
0.055578231292517,9.85790298902478,1073.44,389.17,-83.8303470174643
0.0556009070294785,9.86731919145264,1073.44,389.17,-83.8641415286913
0.0556235827664399,9.87641491416817,1073.44,389.17,-83.8979360399183
0.0556462585034014,9.88518986175226,1073.44,389.17,-83.9317305511454
0.0556689342403628,9.89364374920424,1073.44,389.17,-83.9655250623724
0.0556916099773243,9.9017763019511,1073.44,389.17,-83.9993195735995
0.0557142857142857,9.90958725585644,1073.44,389.17,-84.0331140848265
0.0557369614512472,9.91707635722906,1073.44,389.17,-84.0669085960535
0.0557596371882086,9.92424336283112,1073.44,389.17,-84.1007031072806
0.0557823129251701,9.93108803988617,1073.44,389.17,-84.1344976185076
0.0558049886621315,9.93761016608658,1073.44,389.17,-84.1682921297346
0.055827664399093,9.94380952960084,1073.44,389.17,-84.2020866409617
0.0558503401360544,9.94968592908042,1073.44,389.17,-84.2358811521887
0.0558730158730159,9.95523917366631,1073.44,389.17,-84.2696756634157
0.0558956916099773,9.96046908299521,1073.44,389.17,-84.3034701746428
0.0559183673469388,9.96537548720539,1073.44,389.17,-84.3372646858698
0.0559410430839002,9.96995822694223,1073.44,389.17,-84.3710591970968
0.0559637188208617,9.97421715336337,1073.44,389.17,-84.4048537083239
0.0559863945578231,9.97815212814353,1073.44,389.17,-84.4386482195509
0.0560090702947846,9.98176302347905,1073.44,389.17,-84.472442730778
0.056031746031746,9.98504972209201,1073.44,389.17,-84.506237242005
0.0560544217687075,9.98801211723405,1073.44,389.17,-84.540031753232
0.0560770975056689,9.9906501126898,1073.44,389.17,-84.5738262644591
0.0560997732426304,9.99296362278008,1073.44,389.17,-84.6076207756861
0.0561224489795918,9.99495257236461,1073.44,389.17,-84.6414152869131
0.0561451247165533,9.99661689684449,1073.44,389.17,-84.6752097981402
0.0561678004535147,9.99795654216428,1073.44,389.17,-84.7090043093672
0.0561904761904762,9.99897146481377,1073.44,389.17,-84.7427988205942
0.0562131519274376,9.99966163182938,1073.44,389.17,-84.7765933318213
0.0562358276643991,10.0000270207953,1073.44,389.17,-84.8103878430483
0.0562585034013605,10.000067619844,1073.44,389.17,-84.8441823542753
0.056281179138322,9.99978342765687,1073.44,389.17,-84.8779768655024
0.0563038548752834,9.99917445346423,1073.44,389.17,-84.9117713767294
0.0563265306122449,9.99824071704488,1073.44,389.17,-84.9455658879564
0.0563492063492064,9.99698224872554,1073.44,389.17,-84.9793603991835
0.0563718820861678,9.99539908937988,1073.44,389.17,-85.0131549104105
0.0563945578231293,9.99349129042719,1073.44,389.17,-85.0469494216376
0.0564172335600907,9.99125891383069,1073.44,389.17,-85.0807439328646
0.0564399092970522,9.98870203209551,1073.44,389.17,-85.1145384440916
0.0564625850340136,9.98582072826637,1073.44,389.17,-85.1483329553187
0.0564852607709751,9.98261509592487,1073.44,389.17,-85.1821274665457
0.0565079365079365,9.97908523918643,1073.44,389.17,-85.2159219777727
0.056530612244898,9.97523127269692,1073.44,389.17,-85.2497164889998
0.0565532879818594,9.97105332162896,1073.44,389.17,-85.2835110002268
0.0565759637188209,9.96655152167783,1073.44,389.17,-85.3173055114538
0.0565986394557823,9.96172601905703,1073.44,389.17,-85.3511000226809
0.0566213151927438,9.95657697049361,1073.44,389.17,-85.3848945339079
0.0566439909297052,9.95110454322304,1073.44,389.17,-85.418689045135
0.0566666666666667,9.94530891498373,1073.44,389.17,-85.452483556362
0.0566893424036281,9.93919027401135,1073.44,389.17,-85.486278067589
0.0567120181405896,9.93274881903265,1073.44,389.17,-85.5200725788161
0.056734693877551,9.92598475925903,1073.44,389.17,-85.5538670900431
0.0567573696145125,9.91889831437974,1073.44,389.17,-85.5876616012701
0.0567800453514739,9.91148971455473,1073.44,389.17,-85.6214561124972
0.0568027210884354,9.90375920040722,1073.44,389.17,-85.6552506237242
0.0568253968253968,9.89570702301581,1073.44,389.17,-85.6890451349512
0.0568480725623583,9.88733344390643,1073.44,389.17,-85.7228396461783
0.0568707482993197,9.87863873504373,1073.44,389.17,-85.7566341574053
0.0568934240362812,9.86962317882232,1073.44,389.17,-85.7904286686323
0.0569160997732426,9.8602870680576,1073.44,389.17,-85.8242231798594
0.0569387755102041,9.85063070597621,1073.44,389.17,-85.8580176910864
0.0569614512471655,9.84065440620621,1073.44,389.17,-85.8918122023134
0.056984126984127,9.83035849276687,1073.44,389.17,-85.9256067135405
0.0570068027210884,9.81974330005818,1073.44,389.17,-85.9594012247675
0.0570294784580499,9.80880917284997,1073.44,389.17,-85.9931957359946
0.0570521541950113,9.79755646627069,1073.44,389.17,-86.0269902472216
0.0570748299319728,9.78598554579594,1073.44,389.17,-86.0607847584486
0.0570975056689342,9.77409678723652,1073.44,389.17,-86.0945792696757
0.0571201814058957,9.76189057672629,1073.44,389.17,-86.1283737809027
0.0571428571428571,9.74936731070956,1073.44,389.17,-86.1621682921297
0.0571655328798186,9.73652739592832,1073.44,389.17,-86.1959628033568
0.05718820861678,9.72337124940891,1073.44,389.17,-86.2297573145838
0.0572108843537415,9.70989929844855,1073.44,389.17,-86.2635518258108
0.0572335600907029,9.69611198060145,1073.44,389.17,-86.2973463370379
0.0572562358276644,9.68200974366457,1073.44,389.17,-86.3311408482649
0.0572789115646258,9.66759304566311,1073.44,389.17,-86.364935359492
0.0573015873015873,9.65286235483563,1073.44,389.17,-86.398729870719
0.0573242630385488,9.63781814961882,1073.44,389.17,-86.432524381946
0.0573469387755102,9.62246091863197,1073.44,389.17,-86.4663188931731
0.0573696145124717,9.60679116066111,1073.44,389.17,-86.5001134044001
0.0573922902494331,9.59080938464282,1073.44,389.17,-86.5339079156271
0.0574149659863946,9.57451610964764,1073.44,389.17,-86.5677024268542
0.057437641723356,9.55791186486332,1073.44,389.17,-86.6014969380812
0.0574603174603175,9.5409971895775,1073.44,389.17,-86.6352914493082
0.0574829931972789,9.5237726331603,1073.44,389.17,-86.6690859605353
0.0575056689342404,9.50623875504645,1073.44,389.17,-86.7028804717623
0.0575283446712018,9.48839612471708,1073.44,389.17,-86.7366749829893
0.0575510204081633,9.47024532168126,1073.44,389.17,-86.7704694942164
0.0575736961451247,9.4517869354572,1073.44,389.17,-86.8042640054434
0.0575963718820862,9.43302156555304,1073.44,389.17,-86.8380585166704
0.0576190476190476,9.41394982144743,1073.44,389.17,-86.8718530278975
0.0576417233560091,9.3945723225697,1073.44,389.17,-86.9056475391245
0.0576643990929705,9.3748896982798,1073.44,389.17,-86.9394420503516
0.057687074829932,9.35490258784779,1073.44,389.17,-86.9732365615786
0.0577097505668934,9.33461164043308,1073.44,389.17,-87.0070310728056
0.0577324263038549,9.31401751506344,1073.44,389.17,-87.0408255840327
0.0577551020408163,9.29312088061347,1073.44,389.17,-87.0746200952597
0.0577777777777778,9.27192241578296,1073.44,389.17,-87.1084146064867
0.0578004535147392,9.25042280907481,1073.44,389.17,-87.1422091177138
0.0578231292517007,9.22862275877268,1073.44,389.17,-87.1760036289408
0.0578458049886621,9.20652297291832,1073.44,389.17,-87.2097981401678
0.0578684807256236,9.18412416928854,1073.44,389.17,-87.2435926513949
0.057891156462585,9.16142707537193,1073.44,389.17,-87.2773871626219
0.0579138321995465,9.13843242834523,1073.44,389.17,-87.3111816738489
0.0579365079365079,9.11514097504939,1073.44,389.17,-87.344976185076
0.0579591836734694,9.09155347196525,1073.44,389.17,-87.378770696303
0.0579818594104308,9.06767068518908,1073.44,389.17,-87.4125652075301
0.0580045351473923,9.04349339040761,1073.44,389.17,-87.4463597187571
0.0580272108843537,9.01902237287288,1073.44,389.17,-87.4801542299841
0.0580498866213152,8.99425842737672,1073.44,389.17,-87.5139487412112
0.0580725623582766,8.96920235822492,1073.44,389.17,-87.5477432524382
0.0580952380952381,8.94385497921117,1073.44,389.17,-87.5815377636652
0.0581179138321995,8.91821711359054,1073.44,389.17,-87.6153322748923
0.058140589569161,8.89228959405281,1073.44,389.17,-87.6491267861193
0.0581632653061224,8.86607326269539,1073.44,389.17,-87.6829212973463
0.0581859410430839,8.839568970996,1073.44,389.17,-87.7167158085734
0.0582086167800454,8.81277757978497,1073.44,389.17,-87.7505103198004
0.0582312925170068,8.78569995921735,1073.44,389.17,-87.7843048310274
0.0582539682539683,8.75833698874455,1073.44,389.17,-87.8180993422545
0.0582766439909297,8.73068955708588,1073.44,389.17,-87.8518938534815
0.0582993197278912,8.7027585621996,1073.44,389.17,-87.8856883647086
0.0583219954648526,8.67454491125381,1073.44,389.17,-87.9194828759356
0.0583446712018141,8.64604952059698,1073.44,389.17,-87.9532773871626
0.0583673469387755,8.61727331572817,1073.44,389.17,-87.9870718983897
0.058390022675737,8.58821723126696,1073.44,389.17,-88.0208664096167
0.0584126984126984,8.55888221092314,1073.44,389.17,-88.0546609208437
0.0584353741496599,8.52926920746601,1073.44,389.17,-88.0884554320708
0.0584580498866213,8.49937918269347,1073.44,389.17,-88.1222499432978
0.0584807256235828,8.46921310740076,1073.44,389.17,-88.1560444545248
0.0585034013605442,8.43877196134894,1073.44,389.17,-88.1898389657519
0.0585260770975057,8.40805673323308,1073.44,389.17,-88.2236334769789
0.0585487528344671,8.3770684206501,1073.44,389.17,-88.2574279882059
0.0585714285714286,8.34580803006646,1073.44,389.17,-88.291222499433
0.05859410430839,8.31427657678536,1073.44,389.17,-88.32501701066
0.0586167800453515,8.28247508491386,1073.44,389.17,-88.358811521887
0.0586394557823129,8.25040458732954,1073.44,389.17,-88.3926060331141
0.0586621315192744,8.21806612564702,1073.44,389.17,-88.4264005443411
0.0586848072562358,8.18546075018411,1073.44,389.17,-88.4601950555681
0.0587074829931973,8.15258951992764,1073.44,389.17,-88.4939895667952
0.0587301587301587,8.11945350249914,1073.44,389.17,-88.5277840780222
0.0587528344671202,8.08605377412017,1073.44,389.17,-88.5615785892493
0.0587755102040816,8.05239141957727,1073.44,389.17,-88.5953731004763
0.0587981859410431,8.01846753218683,1073.44,389.17,-88.6291676117033
0.0588208616780045,7.98428321375953,1073.44,389.17,-88.6629621229304
0.058843537414966,7.94983957456456,1073.44,389.17,-88.6967566341574
0.0588662131519274,7.91513773329358,1073.44,389.17,-88.7305511453844
0.0588888888888889,7.88017881702436,1073.44,389.17,-88.7643456566115
0.0589115646258503,7.84496396118417,1073.44,389.17,-88.7981401678385
0.0589342403628118,7.80949430951294,1073.44,389.17,-88.8319346790656
0.0589569160997732,7.77377101402608,1073.44,389.17,-88.8657291902926
0.0589795918367347,7.73779523497706,1073.44,389.17,-88.8995237015196
0.0590022675736961,7.70156814081978,1073.44,389.17,-88.9333182127467
0.0590249433106576,7.66509090817053,1073.44,389.17,-88.9671127239737
0.0590476190476191,7.62836472176985,1073.44,389.17,-89.0009072352007
0.0590702947845805,7.59139077444402,1073.44,389.17,-89.0347017464278
0.059092970521542,7.55417026706634,1073.44,389.17,-89.0684962576548
0.0591156462585034,7.51670440851807,1073.44,389.17,-89.1022907688818
0.0591383219954649,7.47899441564924,1073.44,389.17,-89.1360852801089
0.0591609977324263,7.4410415132391,1073.44,389.17,-89.1698797913359
0.0591836734693878,7.40284693395631,1073.44,389.17,-89.2036743025629
0.0592063492063492,7.36441191831894,1073.44,389.17,-89.23746881379
0.0592290249433107,7.32573771465417,1073.44,389.17,-89.271263325017
0.0592517006802721,7.28682557905776,1073.44,389.17,-89.305057836244
0.0592743764172336,7.24767677535321,1073.44,389.17,-89.3388523474711
0.059297052154195,7.20829257505077,1073.44,389.17,-89.3726468586981
0.0593197278911565,7.16867425730608,1073.44,389.17,-89.4064413699251
0.0593424036281179,7.1288231088787,1073.44,389.17,-89.4402358811522
0.0593650793650794,7.08874042409023,1073.44,389.17,-89.4740303923792
0.0593877551020408,7.04842750478236,1073.44,389.17,-89.5078249036063
0.0594104308390023,7.00788566027451,1073.44,389.17,-89.5416194148333
0.0594331065759637,6.96711620732136,1073.44,389.17,-89.5754139260603
0.0594557823129252,6.92612047007005,1073.44,389.17,-89.6092084372874
0.0594784580498866,6.8848997800172,1073.44,389.17,-89.6430029485144
0.0595011337868481,6.84345547596564,1073.44,389.17,-89.6767974597414
0.0595238095238095,6.80178890398094,1073.44,389.17,-89.7105919709685
0.059546485260771,6.7599014173477,1073.44,389.17,-89.7443864821955
0.0595691609977324,6.71779437652556,1073.44,389.17,-89.7781809934225
0.0595918367346939,6.67546914910507,1073.44,389.17,-89.8119755046496
0.0596145124716553,6.63292710976321,1073.44,389.17,-89.8457700158766
0.0596371882086168,6.5901696402188,1073.44,389.17,-89.8795645271037
0.0596598639455782,6.54719812918759,1073.44,389.17,-89.9133590383307
0.0596825396825397,6.50401397233715,1073.44,389.17,-89.9471535495577
0.0597052154195011,6.46061857224157,1073.44,389.17,-89.9809480607848
0.0597278911564626,6.41701333833588,1073.44,389.17,-90.0147425720118
0.059750566893424,6.37319968687028,1073.44,389.17,-90.0485370832388
0.0597732426303855,6.32917904086415,1073.44,389.17,-90.0823315944659
0.0597959183673469,6.28495283005983,1073.44,389.17,-90.1161261056929
0.0598185941043084,6.24052249087617,1073.44,389.17,-90.1499206169199
0.0598412698412698,6.19588946636188,1073.44,389.17,-90.183715128147
0.0598639455782313,6.15105520614869,1073.44,389.17,-90.217509639374
0.0598866213151927,6.10602116640423,1073.44,389.17,-90.251304150601
0.0599092970521542,6.06078880978473,1073.44,389.17,-90.2850986618281
0.0599319727891156,6.01535960538759,1073.44,389.17,-90.3188931730551
0.0599546485260771,5.96973502870355,1073.44,389.17,-90.3526876842821
0.0599773242630385,5.92391656156887,1073.44,389.17,-90.3864821955092
0.06,5.87790569211713,1073.44,389.17,-90.4202767067362
0.0600226757369615,5.83170391473096,1073.44,389.17,-90.4540712179633
0.0600453514739229,5.78531272999343,1073.44,389.17,-90.4878657291903
0.0600680272108844,5.73873364463938,1073.44,389.17,-90.5216602404173
0.0600907029478458,5.69196817150646,1073.44,389.17,-90.5554547516444
0.0601133786848073,5.64501782948596,1073.44,389.17,-90.5892492628714
0.0601360544217687,5.59788414347354,1073.44,389.17,-90.6230437740984
0.0601587301587302,5.55056864431967,1073.44,389.17,-90.6568382853255
0.0601814058956916,5.50307286877989,1073.44,389.17,-90.6906327965525
0.0602040816326531,5.45539835946494,1073.44,389.17,-90.7244273077795
0.0602267573696145,5.40754666479063,1073.44,389.17,-90.7582218190066
0.060249433106576,5.35951933892754,1073.44,389.17,-90.7920163302336
0.0602721088435374,5.31131794175059,1073.44,389.17,-90.8258108414607
0.0602947845804989,5.26294403878832,1073.44,389.17,-90.8596053526877
0.0603174603174603,5.21439920117209,1073.44,389.17,-90.8933998639147
0.0603401360544218,5.16568500558501,1073.44,389.17,-90.9271943751418
0.0603628117913832,5.11680303421076,1073.44,389.17,-90.9609888863688
0.0603854875283447,5.0677548746822,1073.44,389.17,-90.9947833975958
0.0604081632653061,5.01854212002978,1073.44,389.17,-91.0285779088229
0.0604308390022676,4.96916636862985,1073.44,389.17,-91.0623724200499
0.060453514739229,4.91962922415268,1073.44,389.17,-91.0961669312769
0.0604761904761905,4.86993229551043,1073.44,389.17,-91.129961442504
0.0604988662131519,4.82007719680489,1073.44,389.17,-91.163755953731
0.0605215419501134,4.770065547275,1073.44,389.17,-91.197550464958
0.0605442176870748,4.71989897124433,1073.44,389.17,-91.2313449761851
0.0605668934240363,4.66957909806829,1073.44,389.17,-91.2651394874121
0.0605895691609977,4.61910756208121,1073.44,389.17,-91.2989339986391
0.0606122448979592,4.56848600254325,1073.44,389.17,-91.3327285098662
0.0606349206349206,4.51771606358718,1073.44,389.17,-91.3665230210932
0.0606575963718821,4.46679939416498,1073.44,389.17,-91.4003175323203
0.0606802721088435,4.41573764799426,1073.44,389.17,-91.4341120435473
0.060702947845805,4.36453248350457,1073.44,389.17,-91.4679065547743
0.0607256235827664,4.31318556378353,1073.44,389.17,-91.5017010660014
0.0607482993197279,4.26169855652282,1073.44,389.17,-91.5354955772284
0.0607709750566893,4.210073133964,1073.44,389.17,-91.5692900884554
0.0607936507936508,4.15831097284421,1073.44,389.17,-91.6030845996825
0.0608163265306122,4.1064137543417,1073.44,389.17,-91.6368791109095
0.0608390022675737,4.05438316402126,1073.44,389.17,-91.6706736221365
0.0608616780045351,4.00222089177944,1073.44,389.17,-91.7044681333636
0.0608843537414966,3.94992863178965,1073.44,389.17,-91.7382626445906
0.0609070294784581,3.8975080824472,1073.44,389.17,-91.7720571558176
0.0609297052154195,3.84496094631406,1073.44,389.17,-91.8058516670447
0.060952380952381,3.79228893006363,1073.44,389.17,-91.8396461782717
0.0609750566893424,3.73949374442526,1073.44,389.17,-91.8734406894988
0.0609977324263039,3.68657710412872,1073.44,389.17,-91.9072352007258
0.0610204081632653,3.63354072784849,1073.44,389.17,-91.9410297119528
0.0610430839002268,3.58038633814793,1073.44,389.17,-91.9748242231799
0.0610657596371882,3.52711566142337,1073.44,389.17,-92.0086187344069
0.0610884353741497,3.47373042784799,1073.44,389.17,-92.0424132456339
0.0611111111111111,3.42023237131568,1073.44,389.17,-92.076207756861
0.0611337868480726,3.36662322938466,1073.44,389.17,-92.110002268088
0.061156462585034,3.31290474322112,1073.44,389.17,-92.143796779315
0.0611791383219955,3.25907865754261,1073.44,389.17,-92.1775912905421
0.0612018140589569,3.20514672056139,1073.44,389.17,-92.2113858017691
0.0612244897959184,3.15111068392766,1073.44,389.17,-92.2451803129961
0.0612471655328798,3.09697230267268,1073.44,389.17,-92.2789748242232
0.0612698412698413,3.04273333515172,1073.44,389.17,-92.3127693354502
0.0612925170068027,2.98839554298699,1073.44,389.17,-92.3465638466773
0.0613151927437642,2.93396069101044,1073.44,389.17,-92.3803583579043
0.0613378684807256,2.8794305472064,1073.44,389.17,-92.4141528691313
0.0613605442176871,2.82480688265416,1073.44,389.17,-92.4479473803584
0.0613832199546485,2.77009147147048,1073.44,389.17,-92.4817418915854
0.06140589569161,2.71528609075195,1073.44,389.17,-92.5155364028124
0.0614285714285714,2.66039252051727,1073.44,389.17,-92.5493309140395
0.0614512471655329,2.60541254364942,1073.44,389.17,-92.5831254252665
0.0614739229024943,2.55034794583779,1073.44,389.17,-92.6169199364935
0.0614965986394558,2.49520051552018,1073.44,389.17,-92.6507144477206
0.0615192743764172,2.43997204382467,1073.44,389.17,-92.6845089589476
0.0615419501133787,2.38466432451149,1073.44,389.17,-92.7183034701746
0.0615646258503401,2.32927915391474,1073.44,389.17,-92.7520979814017
0.0615873015873016,2.27381833088407,1073.44,389.17,-92.7858924926287
0.061609977324263,2.21828365672621,1073.44,389.17,-92.8196870038557
0.0616326530612245,2.16267693514652,1073.44,389.17,-92.8534815150828
0.0616553287981859,2.10699997219035,1073.44,389.17,-92.8872760263098
0.0616780045351474,2.05125457618446,1073.44,389.17,-92.9210705375369
0.0617006802721088,1.99544255767819,1073.44,389.17,-92.9548650487639
0.0617233560090703,1.93956572938474,1073.44,389.17,-92.9886595599909
0.0617460317460317,1.88362590612225,1073.44,389.17,-93.022454071218
0.0617687074829932,1.82762490475486,1073.44,389.17,-93.056248582445
0.0617913832199547,1.77156454413372,1073.44,389.17,-93.090043093672
0.0618140589569161,1.7154466450379,1073.44,389.17,-93.1238376048991
0.0618367346938776,1.65927303011525,1073.44,389.17,-93.1576321161261
0.061859410430839,1.60304552382322,1073.44,389.17,-93.1914266273531
0.0618820861678005,1.54676595236958,1073.44,389.17,-93.2252211385802
0.0619047619047619,1.49043614365313,1073.44,389.17,-93.2590156498072
0.0619274376417234,1.43405792720432,1073.44,389.17,-93.2928101610343
0.0619501133786848,1.37763313412581,1073.44,389.17,-93.3266046722613
0.0619727891156463,1.32116359703306,1073.44,389.17,-93.3603991834883
0.0619954648526077,1.26465114999473,1073.44,389.17,-93.3941936947154
0.0620181405895692,1.20809762847316,1073.44,389.17,-93.4279882059424
0.0620408163265306,1.15150486926474,1073.44,389.17,-93.4617827171694
0.0620634920634921,1.09487471044027,1073.44,389.17,-93.4955772283965
0.0620861678004535,1.03820899128523,1073.44,389.17,-93.5293717396235
0.062108843537415,0.981509552240082,1073.44,389.17,-93.5631662508505
0.0621315192743764,0.924778234840449,1073.44,389.17,-93.5969607620776
0.0621541950113379,0.868016881657346,1073.44,389.17,-93.6307552733046
0.0621768707482993,0.81122733623731,1073.44,389.17,-93.6645497845316
0.0621995464852608,0.754411443042534,1073.44,389.17,-93.6983442957587
0.0622222222222222,0.697571047390954,1073.44,389.17,-93.7321388069857
0.0622448979591837,0.640707995396324,1073.44,389.17,-93.7659333182127
0.0622675736961451,0.583824133908246,1073.44,389.17,-93.7997278294398
0.0622902494331066,0.526921310452195,1073.44,389.17,-93.8335223406668
0.062312925170068,0.47000137316951,1073.44,389.17,-93.8673168518938
0.0623356009070295,0.413066170757365,1073.44,389.17,-93.9011113631209
0.0623582766439909,0.356117552408733,1073.44,389.17,-93.9349058743479
0.0623809523809524,0.299157367752318,1073.44,389.17,-93.968700385575
0.0624036281179138,0.242187466792488,1073.44,389.17,-94.002494896802
0.0624263038548753,0.185209699849185,1073.44,389.17,-94.036289408029
0.0624489795918367,0.128225917497828,1073.44,389.17,-94.0700839192561
0.0624716553287982,0.0712379705092121,1073.44,389.17,-94.1038784304831
0.0624943310657596,0.0142477097893937,1073.44,389.17,-94.1376729417101
0.0625170068027211,-0.0427430136804225,1073.44,389.17,-94.1714674529372
0.0625396825396825,-0.0997323489040027,1073.44,389.17,-94.2052619641642
0.062562358276644,-0.156718444930201,1073.44,389.17,-94.2390564753913
0.0625850340136054,-0.213699450913079,1073.44,389.17,-94.2728509866183
0.0626077097505669,-0.270673516172014,1073.44,389.17,-94.3066454978453
0.0626303854875283,-0.327638790251814,1073.44,389.17,-94.3404400090724
0.0626530612244898,-0.384593422982813,1073.44,389.17,-94.3742345202994
0.0626757369614512,-0.441535564540964,1073.44,389.17,-94.4080290315264
0.0626984126984127,-0.498463365507921,1073.44,389.17,-94.4418235427535
0.0627210884353741,-0.555374976931104,1073.44,389.17,-94.4756180539805
0.0627437641723356,-0.61226855038375,1073.44,389.17,-94.5094125652075
0.062766439909297,-0.669142238024953,1073.44,389.17,-94.5432070764346
0.0627891156462585,-0.725994192659673,1073.44,389.17,-94.5770015876616
0.06281179138322,-0.782822567798737,1073.44,389.17,-94.6107960988886
0.0628344671201814,-0.839625517718805,1073.44,389.17,-94.6445906101157
0.0628571428571429,-0.896401197522324,1073.44,389.17,-94.6783851213427
0.0628798185941043,-0.953147763197441,1073.44,389.17,-94.7121796325697
0.0629024943310658,-1.0098633716779,1073.44,389.17,-94.7459741437968
0.0629251700680272,-1.0665461809029,1073.44,389.17,-94.7797686550238
0.0629478458049887,-1.12319434987693,1073.44,389.17,-94.8135631662508
0.0629705215419501,-1.17980603872954,1073.44,389.17,-94.8473576774779
0.0629931972789116,-1.23637940877513,1073.44,389.17,-94.8811521887049
0.063015873015873,-1.29291262257265,1073.44,389.17,-94.914946699932
0.0630385487528345,-1.34940384398528,1073.44,389.17,-94.948741211159
0.0630612244897959,-1.40585123824006,1073.44,389.17,-94.982535722386
0.0630839002267574,-1.46225297198749,1073.44,389.17,-95.0163302336131
0.0631065759637188,-1.51860721336109,1073.44,389.17,-95.0501247448401
0.0631292517006803,-1.57491213203685,1073.44,389.17,-95.0839192560671
0.0631519274376417,-1.63116589929274,1073.44,389.17,-95.1177137672942
0.0631746031746032,-1.68736668806805,1073.44,389.17,-95.1515082785212
0.0631972789115646,-1.74351267302275,1073.44,389.17,-95.1853027897482
0.0632199546485261,-1.7996020305968,1073.44,389.17,-95.2190973009753
0.0632426303854875,-1.85563293906934,1073.44,389.17,-95.2528918122023
0.063265306122449,-1.91160357861787,1073.44,389.17,-95.2866863234294
0.0632879818594104,-1.96751213137737,1073.44,389.17,-95.3204808346564
0.0633106575963719,-2.02335678149931,1073.44,389.17,-95.3542753458834
0.0633333333333333,-2.07913571521068,1073.44,389.17,-95.3880698571105
0.0633560090702948,-2.13484712087284,1073.44,389.17,-95.4218643683375
0.0633786848072562,-2.1904891890404,1073.44,389.17,-95.4556588795645
0.0634013605442177,-2.24606011251997,1073.44,389.17,-95.4894533907916
0.0634240362811791,-2.30155808642887,1073.44,389.17,-95.5232479020186
0.0634467120181406,-2.35698130825372,1073.44,389.17,-95.5570424132456
0.063469387755102,-2.41232797790904,1073.44,389.17,-95.5908369244727
0.0634920634920635,-2.46759629779564,1073.44,389.17,-95.6246314356997
0.0635147392290249,-2.52278447285909,1073.44,389.17,-95.6584259469267
0.0635374149659864,-2.57789071064794,1073.44,389.17,-95.6922204581538
0.0635600907029479,-2.63291322137198,1073.44,389.17,-95.7260149693808
0.0635827664399093,-2.68785021796038,1073.44,389.17,-95.7598094806078
0.0636054421768708,-2.74269991611971,1073.44,389.17,-95.7936039918349
0.0636281179138322,-2.79746053439187,1073.44,389.17,-95.8273985030619
0.0636507936507937,-2.85213029421201,1073.44,389.17,-95.861193014289
0.0636734693877551,-2.90670741996626,1073.44,389.17,-95.894987525516
0.0636961451247166,-2.96119013904938,1073.44,389.17,-95.928782036743
0.063718820861678,-3.01557668192237,1073.44,389.17,-95.9625765479701
0.0637414965986395,-3.06986528216994,1073.44,389.17,-95.9963710591971
0.0637641723356009,-3.12405417655785,1073.44,389.17,-96.0301655704241
0.0637868480725624,-3.1781416050902,1073.44,389.17,-96.0639600816512
0.0638095238095238,-3.2321258110666,1073.44,389.17,-96.0977545928782
0.0638321995464853,-3.2860050411392,1073.44,389.17,-96.1315491041052
0.0638548752834467,-3.33977754536967,1073.44,389.17,-96.1653436153323
0.0638775510204082,-3.39344157728601,1073.44,389.17,-96.1991381265593
0.0639002267573696,-3.44699539393927,1073.44,389.17,-96.2329326377863
0.0639229024943311,-3.5004372559602,1073.44,389.17,-96.2667271490134
0.0639455782312925,-3.55376542761568,1073.44,389.17,-96.3005216602404
0.063968253968254,-3.60697817686515,1073.44,389.17,-96.3343161714674
0.0639909297052154,-3.66007377541684,1073.44,389.17,-96.3681106826945
0.0640136054421769,-3.7130504987839,1073.44,389.17,-96.4019051939215
0.0640362811791383,-3.76590662634043,1073.44,389.17,-96.4356997051486
0.0640589569160998,-3.81864044137732,1073.44,389.17,-96.4694942163756
0.0640816326530612,-3.87125023115808,1073.44,389.17,-96.5032887276026
0.0641043083900227,-3.92373428697438,1073.44,389.17,-96.5370832388297
0.0641269841269841,-3.97609090420163,1073.44,389.17,-96.5708777500567
0.0641496598639456,-4.02831838235427,1073.44,389.17,-96.6046722612837
0.064172335600907,-4.08041502514107,1073.44,389.17,-96.6384667725108
0.0641950113378685,-4.13237914052015,1073.44,389.17,-96.6722612837378
0.0642176870748299,-4.18420904075402,1073.44,389.17,-96.7060557949648
0.0642403628117914,-4.23590304246432,1073.44,389.17,-96.7398503061919
0.0642630385487528,-4.28745946668653,1073.44,389.17,-96.7736448174189
0.0642857142857143,-4.3388766389245,1073.44,389.17,-96.807439328646
0.0643083900226757,-4.39015288920484,1073.44,389.17,-96.841233839873
0.0643310657596372,-4.44128655213113,1073.44,389.17,-96.8750283511
0.0643537414965986,-4.49227596693805,1073.44,389.17,-96.9088228623271
0.0643764172335601,-4.54311947754529,1073.44,389.17,-96.9426173735541
0.0643990929705215,-4.59381543261135,1073.44,389.17,-96.9764118847811
0.064421768707483,-4.64436218558718,1073.44,389.17,-97.0102063960082
0.0644444444444444,-4.69475809476965,1073.44,389.17,-97.0440009072352
0.0644671201814059,-4.74500152335486,1073.44,389.17,-97.0777954184622
0.0644897959183673,-4.7950908394913,1073.44,389.17,-97.1115899296893
0.0645124716553288,-4.84502441633291,1073.44,389.17,-97.1453844409163
0.0645351473922902,-4.89480063209184,1073.44,389.17,-97.1791789521433
0.0645578231292517,-4.94441787009114,1073.44,389.17,-97.2129734633704
0.0645804988662132,-4.99387451881732,1073.44,389.17,-97.2467679745974
0.0646031746031746,-5.04316897197263,1073.44,389.17,-97.2805624858244
0.0646258503401361,-5.09229962852726,1073.44,389.17,-97.3143569970515
0.0646485260770975,-5.14126489277133,1073.44,389.17,-97.3481515082785
0.064671201814059,-5.19006317436674,1073.44,389.17,-97.3819460195056
0.0646938775510204,-5.23869288839877,1073.44,389.17,-97.4157405307326
0.0647165532879819,-5.28715245542762,1073.44,389.17,-97.4495350419596
0.0647392290249433,-5.33544030153966,1073.44,389.17,-97.4833295531867
0.0647619047619048,-5.38355485839859,1073.44,389.17,-97.5171240644137
0.0647845804988662,-5.43149456329632,1073.44,389.17,-97.5509185756407
0.0648072562358277,-5.47925785920378,1073.44,389.17,-97.5847130868678
0.0648299319727891,-5.52684319482148,1073.44,389.17,-97.6185075980948
0.0648526077097506,-5.57424902462987,1073.44,389.17,-97.6523021093218
0.064875283446712,-5.62147380893956,1073.44,389.17,-97.6860966205489
0.0648979591836735,-5.66851601394131,1073.44,389.17,-97.7198911317759
0.0649206349206349,-5.71537411175587,1073.44,389.17,-97.753685643003
0.0649433106575964,-5.76204658048357,1073.44,389.17,-97.78748015423
0.0649659863945578,-5.80853190425379,1073.44,389.17,-97.821274665457
0.0649886621315193,-5.85482857327415,1073.44,389.17,-97.8550691766841
0.0650113378684807,-5.9009350838796,1073.44,389.17,-97.8888636879111
0.0650340136054422,-5.94684993858121,1073.44,389.17,-97.9226581991381
0.0650566893424036,-5.99257164611481,1073.44,389.17,-97.9564527103652
0.0650793650793651,-6.03809872148947,1073.44,389.17,-97.9902472215922
0.0651020408163265,-6.08342968603567,1073.44,389.17,-98.0240417328192
0.065124716553288,-6.12856306745336,1073.44,389.17,-98.0578362440463
0.0651473922902494,-6.1734973998598,1073.44,389.17,-98.0916307552733
0.0651700680272109,-6.2182312238371,1073.44,389.17,-98.1254252665003
0.0651927437641723,-6.2627630864797,1073.44,389.17,-98.1592197777274
0.0652154195011338,-6.30709154144151,1073.44,389.17,-98.1930142889544
0.0652380952380952,-6.3512151489829,1073.44,389.17,-98.2268088001814
0.0652607709750567,-6.39513247601746,1073.44,389.17,-98.2606033114085
0.0652834467120181,-6.43884209615853,1073.44,389.17,-98.2943978226355
0.0653061224489796,-6.48234258976557,1073.44,389.17,-98.3281923338626
0.065328798185941,-6.52563254399022,1073.44,389.17,-98.3619868450896
0.0653514739229025,-6.56871055282222,1073.44,389.17,-98.3957813563166
0.0653741496598639,-6.61157521713505,1073.44,389.17,-98.4295758675437
0.0653968253968254,-6.65422514473139,1073.44,389.17,-98.4633703787707
0.0654195011337868,-6.69665895038835,1073.44,389.17,-98.4971648899977
0.0654421768707483,-6.73887525590244,1073.44,389.17,-98.5309594012248
0.0654648526077097,-6.7808726901343,1073.44,389.17,-98.5647539124518
0.0654875283446712,-6.82264988905332,1073.44,389.17,-98.5985484236788
0.0655102040816326,-6.86420549578186,1073.44,389.17,-98.6323429349059
0.0655328798185941,-6.90553816063936,1073.44,389.17,-98.6661374461329
0.0655555555555556,-6.94664654118617,1073.44,389.17,-98.69993195736
0.065578231292517,-6.98752930226714,1073.44,389.17,-98.733726468587
0.0656009070294785,-7.02818511605502,1073.44,389.17,-98.767520979814
0.0656235827664399,-7.06861266209351,1073.44,389.17,-98.8013154910411
0.0656462585034014,-7.10881062734024,1073.44,389.17,-98.8351100022681
0.0656689342403628,-7.14877770620936,1073.44,389.17,-98.8689045134951
0.0656916099773243,-7.18851260061395,1073.44,389.17,-98.9026990247222
0.0657142857142857,-7.22801402000819,1073.44,389.17,-98.9364935359492
0.0657369614512472,-7.26728068142928,1073.44,389.17,-98.9702880471762
0.0657596371882086,-7.30631130953908,1073.44,389.17,-99.0040825584033
0.0657823129251701,-7.34510463666558,1073.44,389.17,-99.0378770696303
0.0658049886621315,-7.38365940284404,1073.44,389.17,-99.0716715808573
0.065827664399093,-7.42197435585789,1073.44,389.17,-99.1054660920844
0.0658503401360544,-7.46004825127948,1073.44,389.17,-99.1392606033114
0.0658730158730159,-7.49787985251039,1073.44,389.17,-99.1730551145384
0.0658956916099773,-7.5354679308217,1073.44,389.17,-99.2068496257655
0.0659183673469388,-7.5728112653938,1073.44,389.17,-99.2406441369925
0.0659410430839002,-7.60990864335614,1073.44,389.17,-99.2744386482196
0.0659637188208617,-7.64675885982652,1073.44,389.17,-99.3082331594466
0.0659863945578231,-7.68336071795032,1073.44,389.17,-99.3420276706736
0.0660090702947846,-7.71971302893929,1073.44,389.17,-99.3758221819007
0.066031746031746,-7.75581461211022,1073.44,389.17,-99.4096166931277
0.0660544217687075,-7.79166429492325,1073.44,389.17,-99.4434112043547
0.0660770975056689,-7.82726091301998,1073.44,389.17,-99.4772057155818
0.0660997732426304,-7.86260331026127,1073.44,389.17,-99.5110002268088
0.0661224489795918,-7.8976903387648,1073.44,389.17,-99.5447947380358
0.0661451247165533,-7.93252085894233,1073.44,389.17,-99.5785892492629
0.0661678004535147,-7.96709373953675,1073.44,389.17,-99.6123837604899
0.0661904761904762,-8.00140785765878,1073.44,389.17,-99.6461782717169
0.0662131519274376,-8.03546209882349,1073.44,389.17,-99.679972782944
0.0662358276643991,-8.06925535698644,1073.44,389.17,-99.713767294171
0.0662585034013605,-8.10278653457963,1073.44,389.17,-99.747561805398
0.066281179138322,-8.1360545425472,1073.44,389.17,-99.7813563166251
0.0663038548752835,-8.16905830038069,1073.44,389.17,-99.8151508278521
0.0663265306122449,-8.20179673615421,1073.44,389.17,-99.8489453390792
0.0663492063492064,-8.23426878655927,1073.44,389.17,-99.8827398503062
0.0663718820861678,-8.26647339693926,1073.44,389.17,-99.9165343615332
0.0663945578231293,-8.29840952132372,1073.44,389.17,-99.9503288727603
0.0664172335600907,-8.33007612246234,1073.44,389.17,-99.9841233839873
0.0664399092970522,-8.36147217185863,1073.44,389.17,-100.017917895214
0.0664625850340136,-8.39259664980331,1073.44,389.17,-100.051712406441
0.0664852607709751,-8.42344854540746,1073.44,389.17,-100.085506917668
0.0665079365079365,-8.4540268566353,1073.44,389.17,-100.119301428895
0.066530612244898,-8.48433059033682,1073.44,389.17,-100.153095940122
0.0665532879818594,-8.51435876227997,1073.44,389.17,-100.18689045135
0.0665759637188209,-8.54411039718261,1073.44,389.17,-100.220684962577
0.0665986394557823,-8.57358452874426,1073.44,389.17,-100.254479473804
0.0666213151927438,-8.60278019967744,1073.44,389.17,-100.288273985031
0.0666439909297052,-8.63169646173875,1073.44,389.17,-100.322068496258
0.0666666666666667,-8.6603323757597,1073.44,389.17,-100.355863007485
0.0666893424036281,-8.68868701167717,1073.44,389.17,-100.389657518712
0.0667120181405896,-8.71675944856369,1073.44,389.17,-100.423452029939
0.066734693877551,-8.74454877465725,1073.44,389.17,-100.457246541166
0.0667573696145125,-8.77205408739102,1073.44,389.17,-100.491041052393
0.0667800453514739,-8.79927449342257,1073.44,389.17,-100.52483556362
0.0668027210884354,-8.82620910866297,1073.44,389.17,-100.558630074847
0.0668253968253968,-8.85285705830542,1073.44,389.17,-100.592424586074
0.0668480725623583,-8.87921747685372,1073.44,389.17,-100.626219097301
0.0668707482993197,-8.90528950815038,1073.44,389.17,-100.660013608528
0.0668934240362812,-8.9310723054044,1073.44,389.17,-100.693808119755
0.0669160997732426,-8.95656503121878,1073.44,389.17,-100.727602630982
0.0669387755102041,-8.98176685761772,1073.44,389.17,-100.761397142209
0.0669614512471655,-9.00667696607354,1073.44,389.17,-100.795191653436
0.066984126984127,-9.0312945475332,1073.44,389.17,-100.828986164663
0.0670068027210884,-9.05561880244464,1073.44,389.17,-100.86278067589
0.0670294784580499,-9.07964894078273,1073.44,389.17,-100.896575187117
0.0670521541950113,-9.1033841820749,1073.44,389.17,-100.930369698344
0.0670748299319728,-9.12682375542655,1073.44,389.17,-100.964164209571
0.0670975056689342,-9.149966899546,1073.44,389.17,-100.997958720798
0.0671201814058957,-9.17281286276932,1073.44,389.17,-101.031753232025
0.0671428571428571,-9.19536090308465,1073.44,389.17,-101.065547743252
0.0671655328798186,-9.21761028815637,1073.44,389.17,-101.099342254479
0.06718820861678,-9.23956029534881,1073.44,389.17,-101.133136765707
0.0672108843537415,-9.26121021174983,1073.44,389.17,-101.166931276934
0.0672335600907029,-9.28255933419385,1073.44,389.17,-101.200725788161
0.0672562358276644,-9.30360696928477,1073.44,389.17,-101.234520299388
0.0672789115646259,-9.3243524334185,1073.44,389.17,-101.268314810615
0.0673015873015873,-9.34479505280507,1073.44,389.17,-101.302109321842
0.0673242630385488,-9.36493416349063,1073.44,389.17,-101.335903833069
0.0673469387755102,-9.38476911137892,1073.44,389.17,-101.369698344296
0.0673696145124717,-9.40429925225259,1073.44,389.17,-101.403492855523
0.0673922902494331,-9.42352395179406,1073.44,389.17,-101.43728736675
0.0674149659863946,-9.44244258560617,1073.44,389.17,-101.471081877977
0.067437641723356,-9.46105453923242,1073.44,389.17,-101.504876389204
0.0674603174603175,-9.47935920817696,1073.44,389.17,-101.538670900431
0.0674829931972789,-9.4973559979242,1073.44,389.17,-101.572465411658
0.0675056689342404,-9.51504432395813,1073.44,389.17,-101.606259922885
0.0675283446712018,-9.53242361178132,1073.44,389.17,-101.640054434112
0.0675510204081633,-9.54949329693356,1073.44,389.17,-101.673848945339
0.0675736961451247,-9.56625282501016,1073.44,389.17,-101.707643456566
0.0675963718820862,-9.58270165168003,1073.44,389.17,-101.741437967793
0.0676190476190476,-9.5988392427033,1073.44,389.17,-101.77523247902
0.0676417233560091,-9.61466507394872,1073.44,389.17,-101.809026990247
0.0676643990929705,-9.63017863141062,1073.44,389.17,-101.842821501474
0.067687074829932,-9.64537941122566,1073.44,389.17,-101.876616012701
0.0677097505668934,-9.66026691968917,1073.44,389.17,-101.910410523928
0.0677324263038549,-9.6748406732712,1073.44,389.17,-101.944205035155
0.0677551020408163,-9.6891001986322,1073.44,389.17,-101.977999546382
0.0677777777777778,-9.70304503263843,1073.44,389.17,-102.011794057609
0.0678004535147392,-9.71667472237694,1073.44,389.17,-102.045588568836
0.0678231292517007,-9.72998882517037,1073.44,389.17,-102.079383080064
0.0678458049886621,-9.74298690859124,1073.44,389.17,-102.113177591291
0.0678684807256236,-9.75566855047606,1073.44,389.17,-102.146972102518
0.067891156462585,-9.76803333893899,1073.44,389.17,-102.180766613745
0.0679138321995465,-9.78008087238525,1073.44,389.17,-102.214561124972
0.0679365079365079,-9.79181075952417,1073.44,389.17,-102.248355636199
0.0679591836734694,-9.80322261938186,1073.44,389.17,-102.282150147426
0.0679818594104308,-9.81431608131363,1073.44,389.17,-102.315944658653
0.0680045351473923,-9.82509078501599,1073.44,389.17,-102.34973916988
0.0680272108843537,-9.83554638053837,1073.44,389.17,-102.383533681107
0.0680498866213152,-9.8456825282945,1073.44,389.17,-102.417328192334
0.0680725623582766,-9.8554988990734,1073.44,389.17,-102.451122703561
0.0680952380952381,-9.86499517405012,1073.44,389.17,-102.484917214788
0.0681179138321995,-9.87417104479603,1073.44,389.17,-102.518711726015
0.068140589569161,-9.88302621328893,1073.44,389.17,-102.552506237242
0.0681632653061224,-9.89156039192263,1073.44,389.17,-102.586300748469
0.0681859410430839,-9.89977330351639,1073.44,389.17,-102.620095259696
0.0682086167800453,-9.90766468132383,1073.44,389.17,-102.653889770923
0.0682312925170068,-9.91523426904164,1073.44,389.17,-102.68768428215
0.0682539682539682,-9.92248182081792,1073.44,389.17,-102.721478793377
0.0682766439909297,-9.92940710126012,1073.44,389.17,-102.755273304604
0.0682993197278912,-9.93600988544273,1073.44,389.17,-102.789067815831
0.0683219954648526,-9.94228995891456,1073.44,389.17,-102.822862327058
0.0683446712018141,-9.9482471177057,1073.44,389.17,-102.856656838285
0.0683673469387755,-9.95388116833416,1073.44,389.17,-102.890451349512
0.068390022675737,-9.95919192781216,1073.44,389.17,-102.924245860739
0.0684126984126984,-9.96417922365204,1073.44,389.17,-102.958040371966
0.0684353741496599,-9.96884289387192,1073.44,389.17,-102.991834883193
0.0684580498866213,-9.97318278700087,1073.44,389.17,-103.025629394421
0.0684807256235828,-9.97719876208394,1073.44,389.17,-103.059423905648
0.0685034013605442,-9.98089068868666,1073.44,389.17,-103.093218416875
0.0685260770975057,-9.9842584468993,1073.44,389.17,-103.127012928102
0.0685487528344671,-9.98730192734075,1073.44,389.17,-103.160807439329
0.0685714285714286,-9.99002103116212,1073.44,389.17,-103.194601950556
0.06859410430839,-9.99241567004989,1073.44,389.17,-103.228396461783
0.0686167800453515,-9.99448576622881,1073.44,389.17,-103.26219097301
0.0686394557823129,-9.99623125246444,1073.44,389.17,-103.295985484237
0.0686621315192744,-9.99765207206528,1073.44,389.17,-103.329779995464
0.0686848072562358,-9.99874817888468,1073.44,389.17,-103.363574506691
0.0687074829931973,-9.99951953732229,1073.44,389.17,-103.397369017918
0.0687301587301587,-9.99996612232523,1073.44,389.17,-103.431163529145
0.0687528344671202,-10.0000879193889,1073.44,389.17,-103.464958040372
0.0687755102040816,-9.99988492455748,1073.44,389.17,-103.498752551599
0.0687981859410431,-9.99935714442402,1073.44,389.17,-103.532547062826
0.0688208616780045,-9.99850459613024,1073.44,389.17,-103.566341574053
0.068843537414966,-9.99732730736596,1073.44,389.17,-103.60013608528
0.0688662131519274,-9.99582531636823,1073.44,389.17,-103.633930596507
0.0688888888888889,-9.99399867192009,1073.44,389.17,-103.667725107734
0.0689115646258503,-9.99184743334893,1073.44,389.17,-103.701519618961
0.0689342403628118,-9.98937167052464,1073.44,389.17,-103.735314130188
0.0689569160997732,-9.98657146385726,1073.44,389.17,-103.769108641415
0.0689795918367347,-9.98344690429446,1073.44,389.17,-103.802903152642
0.0690022675736961,-9.97999809331848,1073.44,389.17,-103.836697663869
0.0690249433106576,-9.97622514294294,1073.44,389.17,-103.870492175096
0.0690476190476191,-9.97212817570914,1073.44,389.17,-103.904286686323
0.0690702947845805,-9.96770732468207,1073.44,389.17,-103.93808119755
0.069092970521542,-9.96296273344612,1073.44,389.17,-103.971875708778
0.0691156462585034,-9.95789455610044,1073.44,389.17,-104.005670220005
0.0691383219954649,-9.95250295725385,1073.44,389.17,-104.039464731232
0.0691609977324263,-9.94678811201957,1073.44,389.17,-104.073259242459
0.0691836734693878,-9.94075020600953,1073.44,389.17,-104.107053753686
0.0692063492063492,-9.93438943532829,1073.44,389.17,-104.140848264913
0.0692290249433107,-9.92770600656671,1073.44,389.17,-104.17464277614
0.0692517006802721,-9.92070013679522,1073.44,389.17,-104.208437287367
0.0692743764172336,-9.91337205355681,1073.44,389.17,-104.242231798594
0.069297052154195,-9.90572199485958,1073.44,389.17,-104.276026309821
0.0693197278911565,-9.89775020916905,1073.44,389.17,-104.309820821048
0.0693424036281179,-9.88945695540009,1073.44,389.17,-104.343615332275
0.0693650793650794,-9.88084250290848,1073.44,389.17,-104.377409843502
0.0693877551020408,-9.87190713148222,1073.44,389.17,-104.411204354729
0.0694104308390023,-9.86265113133235,1073.44,389.17,-104.444998865956
0.0694331065759637,-9.85307480308362,1073.44,389.17,-104.478793377183
0.0694557823129252,-9.8431784577647,1073.44,389.17,-104.51258788841
0.0694784580498866,-9.83296241679801,1073.44,389.17,-104.546382399637
0.0695011337868481,-9.82242701198937,1073.44,389.17,-104.580176910864
0.0695238095238095,-9.81157258551718,1073.44,389.17,-104.613971422091
0.069546485260771,-9.80039948992132,1073.44,389.17,-104.647765933318
0.0695691609977324,-9.78890808809169,1073.44,389.17,-104.681560444545
0.0695918367346939,-9.77709875325642,1073.44,389.17,-104.715354955772
0.0696145124716553,-9.76497186896976,1073.44,389.17,-104.749149466999
0.0696371882086168,-9.75252782909964,1073.44,389.17,-104.782943978226
0.0696598639455782,-9.73976703781481,1073.44,389.17,-104.816738489453
0.0696825396825397,-9.7266899095718,1073.44,389.17,-104.85053300068
0.0697052154195011,-9.7132968691014,1073.44,389.17,-104.884327511907
0.0697278911564626,-9.69958835139487,1073.44,389.17,-104.918122023135
0.069750566893424,-9.68556480168986,1073.44,389.17,-104.951916534362
0.0697732426303855,-9.67122667545589,1073.44,389.17,-104.985711045589
0.0697959183673469,-9.65657443837958,1073.44,389.17,-105.019505556816
0.0698185941043084,-9.64160856634953,1073.44,389.17,-105.053300068043
0.0698412698412698,-9.62632954544086,1073.44,389.17,-105.08709457927
0.0698639455782313,-9.61073787189943,1073.44,389.17,-105.120889090497
0.0698866213151927,-9.5948340521257,1073.44,389.17,-105.154683601724
0.0699092970521542,-9.57861860265831,1073.44,389.17,-105.188478112951
0.0699319727891156,-9.56209205015728,1073.44,389.17,-105.222272624178
0.0699546485260771,-9.54525493138693,1073.44,389.17,-105.256067135405
0.0699773242630385,-9.52810779319841,1073.44,389.17,-105.289861646632
0.07,-9.510651192512,1073.44,389.17,-105.323656157859
0.0700226757369615,-9.49288569629892,1073.44,389.17,-105.357450669086
0.0700453514739229,-9.47481188156305,1073.44,389.17,-105.391245180313
0.0700680272108844,-9.45643033532206,1073.44,389.17,-105.42503969154
0.0700907029478458,-9.43774165458844,1073.44,389.17,-105.458834202767
0.0701133786848073,-9.41874644635004,1073.44,389.17,-105.492628713994
0.0701360544217687,-9.39944532755042,1073.44,389.17,-105.526423225221
0.0701587301587302,-9.37983892506876,1073.44,389.17,-105.560217736448
0.0701814058956916,-9.35992787569951,1073.44,389.17,-105.594012247675
0.0702040816326531,-9.33971282613175,1073.44,389.17,-105.627806758902
0.0702267573696145,-9.31919443292812,1073.44,389.17,-105.661601270129
0.070249433106576,-9.29837336250355,1073.44,389.17,-105.695395781356
0.0702721088435374,-9.27725029110359,1073.44,389.17,-105.729190292583
0.0702947845804989,-9.25582590478242,1073.44,389.17,-105.76298480381
0.0703174603174603,-9.23410089938066,1073.44,389.17,-105.796779315037
0.0703401360544218,-9.21207598050266,1073.44,389.17,-105.830573826264
0.0703628117913832,-9.18975186349365,1073.44,389.17,-105.864368337491
0.0703854875283447,-9.16712927341646,1073.44,389.17,-105.898162848719
0.0704081632653061,-9.14420894502805,1073.44,389.17,-105.931957359946
0.0704308390022676,-9.12099162275555,1073.44,389.17,-105.965751871173
0.070453514739229,-9.09747806067214,1073.44,389.17,-105.9995463824
0.0704761904761905,-9.07366902247255,1073.44,389.17,-106.033340893627
0.0704988662131519,-9.04956528144824,1073.44,389.17,-106.067135404854
0.0705215419501134,-9.0251676204623,1073.44,389.17,-106.100929916081
0.0705442176870748,-9.00047683192402,1073.44,389.17,-106.134724427308
0.0705668934240363,-8.97549371776315,1073.44,389.17,-106.168518938535
0.0705895691609977,-8.95021908940385,1073.44,389.17,-106.202313449762
0.0706122448979592,-8.92465376773835,1073.44,389.17,-106.236107960989
0.0706349206349206,-8.89879858310028,1073.44,389.17,-106.269902472216
0.0706575963718821,-8.8726543752377,1073.44,389.17,-106.303696983443
0.0706802721088435,-8.84622199328582,1073.44,389.17,-106.33749149467
0.070702947845805,-8.81950229573944,1073.44,389.17,-106.371286005897
0.0707256235827664,-8.79249615042505,1073.44,389.17,-106.405080517124
0.0707482993197279,-8.76520443447265,1073.44,389.17,-106.438875028351
0.0707709750566893,-8.73762803428725,1073.44,389.17,-106.472669539578
0.0707936507936508,-8.70976784552012,1073.44,389.17,-106.506464050805
0.0708163265306122,-8.68162477303964,1073.44,389.17,-106.540258562032
0.0708390022675737,-8.65319973090198,1073.44,389.17,-106.574053073259
0.0708616780045351,-8.62449364232133,1073.44,389.17,-106.607847584486
0.0708843537414966,-8.59550743963999,1073.44,389.17,-106.641642095713
0.070907029478458,-8.56624206429806,1073.44,389.17,-106.67543660694
0.0709297052154195,-8.53669846680285,1073.44,389.17,-106.709231118167
0.0709523809523809,-8.50687760669803,1073.44,389.17,-106.743025629394
0.0709750566893424,-8.47678045253245,1073.44,389.17,-106.776820140621
0.0709977324263039,-8.44640798182868,1073.44,389.17,-106.810614651848
0.0710204081632653,-8.41576118105129,1073.44,389.17,-106.844409163076
0.0710430839002268,-8.38484104557478,1073.44,389.17,-106.878203674303
0.0710657596371882,-8.35364857965125,1073.44,389.17,-106.91199818553
0.0710884353741497,-8.32218479637781,1073.44,389.17,-106.945792696757
0.0711111111111111,-8.29045071766366,1073.44,389.17,-106.979587207984
0.0711337868480726,-8.25844737419689,1073.44,389.17,-107.013381719211
0.071156462585034,-8.22617580541103,1073.44,389.17,-107.047176230438
0.0711791383219955,-8.19363705945124,1073.44,389.17,-107.080970741665
0.0712018140589569,-8.16083219314034,1073.44,389.17,-107.114765252892
0.0712244897959184,-8.12776227194443,1073.44,389.17,-107.148559764119
0.0712471655328798,-8.0944283699383,1073.44,389.17,-107.182354275346
0.0712698412698413,-8.06083156977056,1073.44,389.17,-107.216148786573
0.0712925170068027,-8.02697296262845,1073.44,389.17,-107.2499432978
0.0713151927437642,-7.99285364820243,1073.44,389.17,-107.283737809027
0.0713378684807256,-7.95847473465042,1073.44,389.17,-107.317532320254
0.0713605442176871,-7.92383733856186,1073.44,389.17,-107.351326831481
0.0713832199546485,-7.88894258492142,1073.44,389.17,-107.385121342708
0.07140589569161,-7.85379160707243,1073.44,389.17,-107.418915853935
0.0714285714285714,-7.81838554668014,1073.44,389.17,-107.452710365162
0.0714512471655329,-7.78272555369458,1073.44,389.17,-107.486504876389
0.0714739229024943,-7.74681278631323,1073.44,389.17,-107.520299387616
0.0714965986394558,-7.71064841094343,1073.44,389.17,-107.554093898843
0.0715192743764172,-7.67423360216444,1073.44,389.17,-107.58788841007
0.0715419501133787,-7.63756954268935,1073.44,389.17,-107.621682921297
0.0715646258503401,-7.60065742332661,1073.44,389.17,-107.655477432524
0.0715873015873016,-7.56349844294141,1073.44,389.17,-107.689271943751
0.071609977324263,-7.52609380841671,1073.44,389.17,-107.723066454978
0.0716326530612245,-7.48844473461403,1073.44,389.17,-107.756860966205
0.0716553287981859,-7.45055244433402,1073.44,389.17,-107.790655477433
0.0716780045351474,-7.41241816827675,1073.44,389.17,-107.82444998866
0.0717006802721088,-7.37404314500171,1073.44,389.17,-107.858244499887
0.0717233560090703,-7.33542862088758,1073.44,389.17,-107.892039011114
0.0717460317460318,-7.29657585009179,1073.44,389.17,-107.925833522341
0.0717687074829932,-7.25748609450975,1073.44,389.17,-107.959628033568
0.0717913832199547,-7.21816062373388,1073.44,389.17,-107.993422544795
0.0718140589569161,-7.17860071501236,1073.44,389.17,-108.027217056022
0.0718367346938776,-7.13880765320768,1073.44,389.17,-108.061011567249
0.071859410430839,-7.09878273075486,1073.44,389.17,-108.094806078476
0.0718820861678005,-7.05852724761951,1073.44,389.17,-108.128600589703
0.0719047619047619,-7.01804251125561,1073.44,389.17,-108.16239510093
0.0719274376417234,-6.97732983656303,1073.44,389.17,-108.196189612157
0.0719501133786848,-6.9363905458448,1073.44,389.17,-108.229984123384
0.0719727891156463,-6.89522596876423,1073.44,389.17,-108.263778634611
0.0719954648526077,-6.85383744230166,1073.44,389.17,-108.297573145838
0.0720181405895692,-6.81222631071106,1073.44,389.17,-108.331367657065
0.0720408163265306,-6.77039392547638,1073.44,389.17,-108.365162168292
0.0720634920634921,-6.72834164526765,1073.44,389.17,-108.398956679519
0.0720861678004535,-6.68607083589683,1073.44,389.17,-108.432751190746
0.072108843537415,-6.64358287027348,1073.44,389.17,-108.466545701973
0.0721315192743764,-6.60087912836016,1073.44,389.17,-108.5003402132
0.0721541950113379,-6.55796099712759,1073.44,389.17,-108.534134724427
0.0721768707482993,-6.51482987050965,1073.44,389.17,-108.567929235654
0.0721995464852608,-6.47148714935804,1073.44,389.17,-108.601723746881
0.0722222222222222,-6.42793424139686,1073.44,389.17,-108.635518258108
0.0722448979591837,-6.3841725611768,1073.44,389.17,-108.669312769335
0.0722675736961451,-6.34020353002929,1073.44,389.17,-108.703107280562
0.0722902494331066,-6.29602857602025,1073.44,389.17,-108.73690179179
0.072312925170068,-6.25164913390379,1073.44,389.17,-108.770696303017
0.0723356009070295,-6.20706664507553,1073.44,389.17,-108.804490814244
0.0723582766439909,-6.16228255752585,1073.44,389.17,-108.838285325471
0.0723809523809524,-6.11729832579283,1073.44,389.17,-108.872079836698
0.0724036281179138,-6.07211541091501,1073.44,389.17,-108.905874347925
0.0724263038548753,-6.02673528038395,1073.44,389.17,-108.939668859152
0.0724489795918367,-5.98115940809653,1073.44,389.17,-108.973463370379
0.0724716553287982,-5.93538927430715,1073.44,389.17,-109.007257881606
0.0724943310657596,-5.88942636557959,1073.44,389.17,-109.041052392833
0.0725170068027211,-5.84327217473873,1073.44,389.17,-109.07484690406
0.0725396825396825,-5.79692820082211,1073.44,389.17,-109.108641415287
0.072562358276644,-5.75039594903122,1073.44,389.17,-109.142435926514
0.0725850340136054,-5.70367693068258,1073.44,389.17,-109.176230437741
0.0726077097505669,-5.65677266315871,1073.44,389.17,-109.210024948968
0.0726303854875283,-5.60968466985881,1073.44,389.17,-109.243819460195
0.0726530612244898,-5.56241448014928,1073.44,389.17,-109.277613971422
0.0726757369614512,-5.51496362931408,1073.44,389.17,-109.311408482649
0.0726984126984127,-5.46733365850485,1073.44,389.17,-109.345202993876
0.0727210884353742,-5.41952611469081,1073.44,389.17,-109.378997505103
0.0727437641723356,-5.37154255060861,1073.44,389.17,-109.41279201633
0.0727664399092971,-5.3233845247118,1073.44,389.17,-109.446586527557
0.0727891156462585,-5.27505360112029,1073.44,389.17,-109.480381038784
0.07281179138322,-5.2265513495695,1073.44,389.17,-109.514175550011
0.0728344671201814,-5.1778793453594,1073.44,389.17,-109.547970061238
0.0728571428571429,-5.12903916930334,1073.44,389.17,-109.581764572465
0.0728798185941043,-5.08003240767671,1073.44,389.17,-109.615559083692
0.0729024943310658,-5.03086065216541,1073.44,389.17,-109.649353594919
0.0729251700680272,-4.98152549981418,1073.44,389.17,-109.683148106147
0.0729478458049887,-4.93202855297467,1073.44,389.17,-109.716942617374
0.0729705215419501,-4.88237141925348,1073.44,389.17,-109.750737128601
0.0729931972789116,-4.83255571145988,1073.44,389.17,-109.784531639828
0.073015873015873,-4.78258304755346,1073.44,389.17,-109.818326151055
0.0730385487528345,-4.73245505059157,1073.44,389.17,-109.852120662282
0.0730612244897959,-4.68217334867661,1073.44,389.17,-109.885915173509
0.0730839002267574,-4.63173957490315,1073.44,389.17,-109.919709684736
0.0731065759637188,-4.58115536730489,1073.44,389.17,-109.953504195963
0.0731292517006803,-4.53042236880144,1073.44,389.17,-109.98729870719
0.0731519274376417,-4.47954222714498,1073.44,389.17,-110.021093218417
0.0731746031746032,-4.42851659486677,1073.44,389.17,-110.054887729644
0.0731972789115646,-4.37734712922339,1073.44,389.17,-110.088682240871
0.0732199546485261,-4.32603549214302,1073.44,389.17,-110.122476752098
0.0732426303854875,-4.27458335017138,1073.44,389.17,-110.156271263325
0.073265306122449,-4.22299237441766,1073.44,389.17,-110.190065774552
0.0732879818594104,-4.17126424050019,1073.44,389.17,-110.223860285779
0.0733106575963719,-4.11940062849208,1073.44,389.17,-110.257654797006
0.0733333333333333,-4.0674032228666,1073.44,389.17,-110.291449308233
0.0733560090702948,-4.01527371244249,1073.44,389.17,-110.32524381946
0.0733786848072562,-3.96301379032911,1073.44,389.17,-110.359038330687
0.0734013605442177,-3.91062515387145,1073.44,389.17,-110.392832841914
0.0734240362811791,-3.85810950459501,1073.44,389.17,-110.426627353141
0.0734467120181406,-3.80546854815052,1073.44,389.17,-110.460421864368
0.073469387755102,-3.75270399425853,1073.44,389.17,-110.494216375595
0.0734920634920635,-3.69981755665394,1073.44,389.17,-110.528010886822
0.0735147392290249,-3.64681095303027,1073.44,389.17,-110.561805398049
0.0735374149659864,-3.59368590498391,1073.44,389.17,-110.595599909276
0.0735600907029478,-3.54044413795818,1073.44,389.17,-110.629394420504
0.0735827664399093,-3.48708738118733,1073.44,389.17,-110.663188931731
0.0736054421768707,-3.43361736764035,1073.44,389.17,-110.696983442958
0.0736281179138322,-3.38003583396465,1073.44,389.17,-110.730777954185
0.0736507936507936,-3.32634452042973,1073.44,389.17,-110.764572465412
0.0736734693877551,-3.2725451708706,1073.44,389.17,-110.798366976639
0.0736961451247165,-3.21863953263117,1073.44,389.17,-110.832161487866
0.073718820861678,-3.16462935650749,1073.44,389.17,-110.865955999093
0.0737414965986395,-3.11051639669088,1073.44,389.17,-110.89975051032
0.0737641723356009,-3.05630241071097,1073.44,389.17,-110.933545021547
0.0737868480725624,-3.00198915937859,1073.44,389.17,-110.967339532774
0.0738095238095238,-2.94757840672863,1073.44,389.17,-111.001134044001
0.0738321995464853,-2.89307191996269,1073.44,389.17,-111.034928555228
0.0738548752834467,-2.83847146939172,1073.44,389.17,-111.068723066455
0.0738775510204082,-2.78377882837851,1073.44,389.17,-111.102517577682
0.0739002267573696,-2.7289957732801,1073.44,389.17,-111.136312088909
0.0739229024943311,-2.67412408339007,1073.44,389.17,-111.170106600136
0.0739455782312925,-2.61916554088077,1073.44,389.17,-111.203901111363
0.073968253968254,-2.56412193074541,1073.44,389.17,-111.23769562259
0.0739909297052154,-2.50899504074013,1073.44,389.17,-111.271490133817
0.0740136054421769,-2.4537866613259,1073.44,389.17,-111.305284645044
0.0740362811791383,-2.39849858561036,1073.44,389.17,-111.339079156271
0.0740589569160998,-2.34313260928962,1073.44,389.17,-111.372873667498
0.0740816326530612,-2.2876905305899,1073.44,389.17,-111.406668178725
0.0741043083900227,-2.23217415020916,1073.44,389.17,-111.440462689952
0.0741269841269841,-2.17658527125857,1073.44,389.17,-111.474257201179
0.0741496598639456,-2.12092569920401,1073.44,389.17,-111.508051712406
0.074172335600907,-2.06519724180736,1073.44,389.17,-111.541846223633
0.0741950113378685,-2.00940170906784,1073.44,389.17,-111.575640734861
0.0742176870748299,-1.95354091316321,1073.44,389.17,-111.609435246088
0.0742403628117914,-1.89761666839088,1073.44,389.17,-111.643229757315
0.0742630385487528,-1.84163079110903,1073.44,389.17,-111.677024268542
0.0742857142857143,-1.78558509967759,1073.44,389.17,-111.710818779769
0.0743083900226757,-1.72948141439919,1073.44,389.17,-111.744613290996
0.0743310657596372,-1.67332155746003,1073.44,389.17,-111.778407802223
0.0743537414965986,-1.61710735287073,1073.44,389.17,-111.81220231345
0.0743764172335601,-1.56084062640702,1073.44,389.17,-111.845996824677
0.0743990929705215,-1.50452320555051,1073.44,389.17,-111.879791335904
0.074421768707483,-1.44815691942931,1073.44,389.17,-111.913585847131
0.0744444444444444,-1.39174359875861,1073.44,389.17,-111.947380358358
0.0744671201814059,-1.33528507578123,1073.44,389.17,-111.981174869585
0.0744897959183674,-1.27878318420813,1073.44,389.17,-112.014969380812
0.0745124716553288,-1.22223975915879,1073.44,389.17,-112.048763892039
0.0745351473922903,-1.16565663710171,1073.44,389.17,-112.082558403266
0.0745578231292517,-1.10903565579467,1073.44,389.17,-112.116352914493
0.0745804988662132,-1.05237865422508,1073.44,389.17,-112.15014742572
0.0746031746031746,-0.995687472550245,1073.44,389.17,-112.183941936947
0.0746258503401361,-0.938963952037623,1073.44,389.17,-112.217736448174
0.0746485260770975,-0.882209935004983,1073.44,389.17,-112.251530959401
0.074671201814059,-0.825427264760594,1073.44,389.17,-112.285325470628
0.0746938775510204,-0.76861778554335,1073.44,389.17,-112.319119981855
0.0747165532879819,-0.711783342462868,1073.44,389.17,-112.352914493082
0.0747392290249433,-0.654925781439569,1073.44,389.17,-112.386709004309
0.0747619047619048,-0.598046949144716,1073.44,389.17,-112.420503515536
0.0747845804988662,-0.541148692940439,1073.44,389.17,-112.454298026763
0.0748072562358277,-0.484232860819739,1073.44,389.17,-112.48809253799
0.0748299319727891,-0.427301301346458,1073.44,389.17,-112.521887049218
0.0748526077097506,-0.370355863595251,1073.44,389.17,-112.555681560445
0.074875283446712,-0.313398397091519,1073.44,389.17,-112.589476071672
0.0748979591836735,-0.256430751751349,1073.44,389.17,-112.623270582899
0.0749206349206349,-0.19945477782142,1073.44,389.17,-112.657065094126
0.0749433106575964,-0.142472325818919,1073.44,389.17,-112.690859605353
0.0749659863945578,-0.0854852464714316,1073.44,389.17,-112.72465411658
0.0749886621315193,-0.028495390656834,1073.44,389.17,-112.758448627807
0.0750113378684807,0.0284953906568199,1073.44,389.17,-112.792243139034
0.0750340136054422,0.0854852464714174,1073.44,389.17,-112.826037650261
0.0750566893424036,0.142472325818905,1073.44,389.17,-112.859832161488
0.0750793650793651,0.199454777821405,1073.44,389.17,-112.893626672715
0.0751020408163265,0.256430751751334,1073.44,389.17,-112.927421183942
0.075124716553288,0.313398397091504,1073.44,389.17,-112.961215695169
0.0751473922902494,0.370355863595234,1073.44,389.17,-112.995010206396
0.0751700680272109,0.427301301346442,1073.44,389.17,-113.028804717623
0.0751927437641723,0.484232860819722,1073.44,389.17,-113.06259922885
0.0752154195011338,0.541148692940422,1073.44,389.17,-113.096393740077
0.0752380952380952,0.598046949144698,1073.44,389.17,-113.130188251304
0.0752607709750567,0.654925781439552,1073.44,389.17,-113.163982762531
0.0752834467120181,0.711783342462851,1073.44,389.17,-113.197777273758
0.0753061224489796,0.768617785543331,1073.44,389.17,-113.231571784985
0.075328798185941,0.825427264760576,1073.44,389.17,-113.265366296212
0.0753514739229025,0.882209935004966,1073.44,389.17,-113.299160807439
0.0753741496598639,0.938963952037606,1073.44,389.17,-113.332955318666
0.0753968253968254,0.995687472550229,1073.44,389.17,-113.366749829893
0.0754195011337868,1.05237865422506,1073.44,389.17,-113.40054434112
0.0754421768707483,1.10903565579465,1073.44,389.17,-113.434338852347
0.0754648526077098,1.1656566371017,1073.44,389.17,-113.468133363575
0.0754875283446712,1.22223975915878,1073.44,389.17,-113.501927874802
0.0755102040816327,1.27878318420811,1073.44,389.17,-113.535722386029
0.0755328798185941,1.33528507578122,1073.44,389.17,-113.569516897256
0.0755555555555556,1.3917435987586,1073.44,389.17,-113.603311408483
0.075578231292517,1.4481569194293,1073.44,389.17,-113.63710591971
0.0756009070294785,1.5045232055505,1073.44,389.17,-113.670900430937
0.0756235827664399,1.560840626407,1073.44,389.17,-113.704694942164
0.0756462585034014,1.61710735287071,1073.44,389.17,-113.738489453391
0.0756689342403628,1.67332155746002,1073.44,389.17,-113.772283964618
0.0756916099773243,1.72948141439917,1073.44,389.17,-113.806078475845
0.0757142857142857,1.78558509967757,1073.44,389.17,-113.839872987072
0.0757369614512472,1.84163079110901,1073.44,389.17,-113.873667498299
0.0757596371882086,1.89761666839086,1073.44,389.17,-113.907462009526
0.0757823129251701,1.95354091316319,1073.44,389.17,-113.941256520753
0.0758049886621315,2.00940170906783,1073.44,389.17,-113.97505103198
0.075827664399093,2.06519724180734,1073.44,389.17,-114.008845543207
0.0758503401360544,2.12092569920399,1073.44,389.17,-114.042640054434
0.0758730158730159,2.17658527125855,1073.44,389.17,-114.076434565661
0.0758956916099773,2.23217415020914,1073.44,389.17,-114.110229076888
0.0759183673469388,2.28769053058988,1073.44,389.17,-114.144023588115
0.0759410430839002,2.3431326092896,1073.44,389.17,-114.177818099342
0.0759637188208617,2.39849858561034,1073.44,389.17,-114.211612610569
0.0759863945578231,2.45378666132588,1073.44,389.17,-114.245407121796
0.0760090702947846,2.50899504074012,1073.44,389.17,-114.279201633023
0.076031746031746,2.5641219307454,1073.44,389.17,-114.31299614425
0.0760544217687075,2.61916554088075,1073.44,389.17,-114.346790655477
0.0760770975056689,2.67412408339006,1073.44,389.17,-114.380585166704
0.0760997732426304,2.72899577328009,1073.44,389.17,-114.414379677932
0.0761224489795918,2.7837788283785,1073.44,389.17,-114.448174189159
0.0761451247165533,2.83847146939171,1073.44,389.17,-114.481968700386
0.0761678004535147,2.89307191996268,1073.44,389.17,-114.515763211613
0.0761904761904762,2.94757840672862,1073.44,389.17,-114.54955772284
0.0762131519274376,3.00198915937858,1073.44,389.17,-114.583352234067
0.0762358276643991,3.05630241071096,1073.44,389.17,-114.617146745294
0.0762585034013605,3.11051639669087,1073.44,389.17,-114.650941256521
0.076281179138322,3.16462935650748,1073.44,389.17,-114.684735767748
0.0763038548752834,3.21863953263116,1073.44,389.17,-114.718530278975
0.0763265306122449,3.27254517087059,1073.44,389.17,-114.752324790202
0.0763492063492063,3.32634452042972,1073.44,389.17,-114.786119301429
0.0763718820861678,3.38003583396464,1073.44,389.17,-114.819913812656
0.0763945578231292,3.43361736764034,1073.44,389.17,-114.853708323883
0.0764172335600907,3.48708738118732,1073.44,389.17,-114.88750283511
0.0764399092970522,3.54044413795817,1073.44,389.17,-114.921297346337
0.0764625850340136,3.59368590498389,1073.44,389.17,-114.955091857564
0.0764852607709751,3.64681095303026,1073.44,389.17,-114.988886368791
0.0765079365079365,3.69981755665393,1073.44,389.17,-115.022680880018
0.076530612244898,3.75270399425852,1073.44,389.17,-115.056475391245
0.0765532879818594,3.8054685481505,1073.44,389.17,-115.090269902472
0.0765759637188209,3.858109504595,1073.44,389.17,-115.124064413699
0.0765986394557823,3.91062515387144,1073.44,389.17,-115.157858924926
0.0766213151927438,3.9630137903291,1073.44,389.17,-115.191653436153
0.0766439909297052,4.01527371244248,1073.44,389.17,-115.22544794738
0.0766666666666667,4.06740322286659,1073.44,389.17,-115.259242458607
0.0766893424036281,4.11940062849207,1073.44,389.17,-115.293036969834
0.0767120181405896,4.17126424050018,1073.44,389.17,-115.326831481061
0.076734693877551,4.22299237441765,1073.44,389.17,-115.360625992289
0.0767573696145125,4.27458335017137,1073.44,389.17,-115.394420503516
0.0767800453514739,4.32603549214301,1073.44,389.17,-115.428215014743
0.0768027210884354,4.37734712922338,1073.44,389.17,-115.46200952597
0.0768253968253968,4.42851659486675,1073.44,389.17,-115.495804037197
0.0768480725623583,4.47954222714497,1073.44,389.17,-115.529598548424
0.0768707482993197,4.53042236880143,1073.44,389.17,-115.563393059651
0.0768934240362812,4.58115536730488,1073.44,389.17,-115.597187570878
0.0769160997732426,4.63173957490314,1073.44,389.17,-115.630982082105
0.0769387755102041,4.6821733486766,1073.44,389.17,-115.664776593332
0.0769614512471655,4.73245505059156,1073.44,389.17,-115.698571104559
0.076984126984127,4.78258304755345,1073.44,389.17,-115.732365615786
0.0770068027210884,4.83255571145987,1073.44,389.17,-115.766160127013
0.0770294784580499,4.88237141925347,1073.44,389.17,-115.79995463824
0.0770521541950113,4.93202855297466,1073.44,389.17,-115.833749149467
0.0770748299319728,4.98152549981417,1073.44,389.17,-115.867543660694
0.0770975056689342,5.03086065216541,1073.44,389.17,-115.901338171921
0.0771201814058957,5.0800324076767,1073.44,389.17,-115.935132683148
0.0771428571428571,5.12903916930333,1073.44,389.17,-115.968927194375
0.0771655328798186,5.17787934535939,1073.44,389.17,-116.002721705602
0.0771882086167801,5.22655134956949,1073.44,389.17,-116.036516216829
0.0772108843537415,5.27505360112028,1073.44,389.17,-116.070310728056
0.077233560090703,5.32338452471179,1073.44,389.17,-116.104105239283
0.0772562358276644,5.3715425506086,1073.44,389.17,-116.13789975051
0.0772789115646259,5.4195261146908,1073.44,389.17,-116.171694261737
0.0773015873015873,5.46733365850484,1073.44,389.17,-116.205488772964
0.0773242630385488,5.51496362931407,1073.44,389.17,-116.239283284191
0.0773469387755102,5.56241448014927,1073.44,389.17,-116.273077795418
0.0773696145124717,5.60968466985879,1073.44,389.17,-116.306872306646
0.0773922902494331,5.6567726631587,1073.44,389.17,-116.340666817873
0.0774149659863946,5.70367693068257,1073.44,389.17,-116.3744613291
0.077437641723356,5.75039594903121,1073.44,389.17,-116.408255840327
0.0774603174603175,5.7969282008221,1073.44,389.17,-116.442050351554
0.0774829931972789,5.84327217473871,1073.44,389.17,-116.475844862781
0.0775056689342404,5.88942636557957,1073.44,389.17,-116.509639374008
0.0775283446712018,5.93538927430714,1073.44,389.17,-116.543433885235
0.0775510204081633,5.98115940809652,1073.44,389.17,-116.577228396462
0.0775736961451247,6.02673528038393,1073.44,389.17,-116.611022907689
0.0775963718820862,6.072115410915,1073.44,389.17,-116.644817418916
0.0776190476190476,6.11729832579282,1073.44,389.17,-116.678611930143
0.0776417233560091,6.16228255752584,1073.44,389.17,-116.71240644137
0.0776643990929705,6.20706664507552,1073.44,389.17,-116.746200952597
0.077687074829932,6.25164913390378,1073.44,389.17,-116.779995463824
0.0777097505668934,6.29602857602024,1073.44,389.17,-116.813789975051
0.0777324263038549,6.34020353002928,1073.44,389.17,-116.847584486278
0.0777551020408163,6.38417256117679,1073.44,389.17,-116.881378997505
0.0777777777777778,6.42793424139684,1073.44,389.17,-116.915173508732
0.0778004535147392,6.47148714935803,1073.44,389.17,-116.948968019959
0.0778231292517007,6.51482987050964,1073.44,389.17,-116.982762531186
0.0778458049886621,6.55796099712758,1073.44,389.17,-117.016557042413
0.0778684807256236,6.60087912836014,1073.44,389.17,-117.05035155364
0.077891156462585,6.64358287027347,1073.44,389.17,-117.084146064867
0.0779138321995465,6.68607083589681,1073.44,389.17,-117.117940576094
0.0779365079365079,6.72834164526764,1073.44,389.17,-117.151735087321
0.0779591836734694,6.77039392547637,1073.44,389.17,-117.185529598548
0.0779818594104308,6.81222631071105,1073.44,389.17,-117.219324109775
0.0780045351473923,6.85383744230165,1073.44,389.17,-117.253118621002
0.0780272108843537,6.89522596876422,1073.44,389.17,-117.28691313223
0.0780498866213152,6.93639054584479,1073.44,389.17,-117.320707643457
0.0780725623582766,6.97732983656301,1073.44,389.17,-117.354502154684
0.0780952380952381,7.0180425112556,1073.44,389.17,-117.388296665911
0.0781179138321995,7.0585272476195,1073.44,389.17,-117.422091177138
0.078140589569161,7.09878273075484,1073.44,389.17,-117.455885688365
0.0781632653061224,7.13880765320766,1073.44,389.17,-117.489680199592
0.0781859410430839,7.17860071501235,1073.44,389.17,-117.523474710819
0.0782086167800454,7.21816062373386,1073.44,389.17,-117.557269222046
0.0782312925170068,7.25748609450974,1073.44,389.17,-117.591063733273
0.0782539682539683,7.29657585009178,1073.44,389.17,-117.6248582445
0.0782766439909297,7.33542862088757,1073.44,389.17,-117.658652755727
0.0782993197278912,7.37404314500169,1073.44,389.17,-117.692447266954
0.0783219954648526,7.41241816827674,1073.44,389.17,-117.726241778181
0.0783446712018141,7.45055244433401,1073.44,389.17,-117.760036289408
0.0783673469387755,7.48844473461402,1073.44,389.17,-117.793830800635
0.078390022675737,7.5260938084167,1073.44,389.17,-117.827625311862
0.0784126984126984,7.5634984429414,1073.44,389.17,-117.861419823089
0.0784353741496599,7.60065742332661,1073.44,389.17,-117.895214334316
0.0784580498866213,7.63756954268934,1073.44,389.17,-117.929008845543
0.0784807256235828,7.67423360216444,1073.44,389.17,-117.96280335677
0.0785034013605442,7.71064841094342,1073.44,389.17,-117.996597867997
0.0785260770975057,7.74681278631323,1073.44,389.17,-118.030392379224
0.0785487528344671,7.78272555369457,1073.44,389.17,-118.064186890451
0.0785714285714286,7.81838554668013,1073.44,389.17,-118.097981401678
0.07859410430839,7.85379160707242,1073.44,389.17,-118.131775912905
0.0786167800453515,7.88894258492141,1073.44,389.17,-118.165570424132
0.0786394557823129,7.92383733856185,1073.44,389.17,-118.199364935359
0.0786621315192744,7.95847473465042,1073.44,389.17,-118.233159446587
0.0786848072562358,7.99285364820242,1073.44,389.17,-118.266953957814
0.0787074829931973,8.02697296262845,1073.44,389.17,-118.300748469041
0.0787301587301587,8.06083156977056,1073.44,389.17,-118.334542980268
0.0787528344671202,8.09442836993829,1073.44,389.17,-118.368337491495
0.0787755102040816,8.12776227194442,1073.44,389.17,-118.402132002722
0.0787981859410431,8.16083219314033,1073.44,389.17,-118.435926513949
0.0788208616780045,8.19363705945123,1073.44,389.17,-118.469721025176
0.078843537414966,8.22617580541101,1073.44,389.17,-118.503515536403
0.0788662131519274,8.25844737419688,1073.44,389.17,-118.53731004763
0.0788888888888889,8.29045071766366,1073.44,389.17,-118.571104558857
0.0789115646258503,8.3221847963778,1073.44,389.17,-118.604899070084
0.0789342403628118,8.35364857965124,1073.44,389.17,-118.638693581311
0.0789569160997732,8.38484104557477,1073.44,389.17,-118.672488092538
0.0789795918367347,8.41576118105128,1073.44,389.17,-118.706282603765
0.0790022675736961,8.44640798182868,1073.44,389.17,-118.740077114992
0.0790249433106576,8.47678045253244,1073.44,389.17,-118.773871626219
0.079047619047619,8.50687760669802,1073.44,389.17,-118.807666137446
0.0790702947845805,8.53669846680284,1073.44,389.17,-118.841460648673
0.0790929705215419,8.56624206429805,1073.44,389.17,-118.8752551599
0.0791156462585034,8.59550743963998,1073.44,389.17,-118.909049671127
0.0791383219954648,8.62449364232132,1073.44,389.17,-118.942844182354
0.0791609977324263,8.65319973090196,1073.44,389.17,-118.976638693581
0.0791836734693878,8.68162477303964,1073.44,389.17,-119.010433204808
0.0792063492063492,8.7097678455201,1073.44,389.17,-119.044227716035
0.0792290249433107,8.73762803428724,1073.44,389.17,-119.078022227262
0.0792517006802721,8.76520443447264,1073.44,389.17,-119.111816738489
0.0792743764172336,8.79249615042503,1073.44,389.17,-119.145611249716
0.079297052154195,8.81950229573943,1073.44,389.17,-119.179405760944
0.0793197278911565,8.84622199328581,1073.44,389.17,-119.213200272171
0.0793424036281179,8.87265437523769,1073.44,389.17,-119.246994783398
0.0793650793650794,8.89879858310028,1073.44,389.17,-119.280789294625
0.0793877551020408,8.92465376773834,1073.44,389.17,-119.314583805852
0.0794104308390023,8.95021908940384,1073.44,389.17,-119.348378317079
0.0794331065759637,8.97549371776314,1073.44,389.17,-119.382172828306
0.0794557823129252,9.00047683192401,1073.44,389.17,-119.415967339533
0.0794784580498866,9.02516762046229,1073.44,389.17,-119.44976185076
0.0795011337868481,9.04956528144823,1073.44,389.17,-119.483556361987
0.0795238095238095,9.07366902247254,1073.44,389.17,-119.517350873214
0.079546485260771,9.09747806067214,1073.44,389.17,-119.551145384441
0.0795691609977324,9.12099162275554,1073.44,389.17,-119.584939895668
0.0795918367346939,9.14420894502804,1073.44,389.17,-119.618734406895
0.0796145124716553,9.16712927341646,1073.44,389.17,-119.652528918122
0.0796371882086168,9.18975186349364,1073.44,389.17,-119.686323429349
0.0796598639455782,9.21207598050266,1073.44,389.17,-119.720117940576
0.0796825396825397,9.23410089938066,1073.44,389.17,-119.753912451803
0.0797052154195011,9.25582590478242,1073.44,389.17,-119.78770696303
0.0797278911564626,9.27725029110359,1073.44,389.17,-119.821501474257
0.079750566893424,9.29837336250355,1073.44,389.17,-119.855295985484
0.0797732426303855,9.31919443292812,1073.44,389.17,-119.889090496711
0.0797959183673469,9.33971282613174,1073.44,389.17,-119.922885007938
0.0798185941043084,9.35992787569951,1073.44,389.17,-119.956679519165
0.0798412698412698,9.37983892506876,1073.44,389.17,-119.990474030392
0.0798639455782313,9.39944532755042,1073.44,389.17,-120.024268541619
0.0798866213151927,9.41874644635003,1073.44,389.17,-120.058063052846
0.0799092970521542,9.43774165458844,1073.44,389.17,-120.091857564073
0.0799319727891157,9.45643033532206,1073.44,389.17,-120.125652075301
0.0799546485260771,9.47481188156305,1073.44,389.17,-120.159446586528
0.0799773242630386,9.49288569629892,1073.44,389.17,-120.193241097755
0.08,9.51065119251199,1073.44,389.17,-120.227035608982
0.0800226757369615,9.52810779319842,1073.44,389.17,-120.260830120209
0.0800453514739229,9.54525493138693,1073.44,389.17,-120.294624631436
0.0800680272108844,9.56209205015728,1073.44,389.17,-120.328419142663
0.0800907029478458,9.57861860265831,1073.44,389.17,-120.36221365389
0.0801133786848073,9.5948340521257,1073.44,389.17,-120.396008165117
0.0801360544217687,9.61073787189942,1073.44,389.17,-120.429802676344
0.0801587301587302,9.62632954544086,1073.44,389.17,-120.463597187571
0.0801814058956916,9.64160856634952,1073.44,389.17,-120.497391698798
0.0802040816326531,9.65657443837957,1073.44,389.17,-120.531186210025
0.0802267573696145,9.67122667545588,1073.44,389.17,-120.564980721252
0.080249433106576,9.68556480168985,1073.44,389.17,-120.598775232479
0.0802721088435374,9.69958835139487,1073.44,389.17,-120.632569743706
0.0802947845804989,9.71329686910139,1073.44,389.17,-120.666364254933
0.0803174603174603,9.7266899095718,1073.44,389.17,-120.70015876616
0.0803401360544218,9.73976703781481,1073.44,389.17,-120.733953277387
0.0803628117913832,9.75252782909963,1073.44,389.17,-120.767747788614
0.0803854875283447,9.76497186896977,1073.44,389.17,-120.801542299841
0.0804081632653061,9.77709875325642,1073.44,389.17,-120.835336811068
0.0804308390022676,9.78890808809169,1073.44,389.17,-120.869131322295
0.080453514739229,9.80039948992132,1073.44,389.17,-120.902925833522
0.0804761904761905,9.81157258551718,1073.44,389.17,-120.936720344749
0.0804988662131519,9.82242701198936,1073.44,389.17,-120.970514855976
0.0805215419501134,9.832962416798,1073.44,389.17,-121.004309367203
0.0805442176870748,9.8431784577647,1073.44,389.17,-121.03810387843
0.0805668934240363,9.85307480308363,1073.44,389.17,-121.071898389658
0.0805895691609977,9.86265113133235,1073.44,389.17,-121.105692900885
0.0806122448979592,9.87190713148221,1073.44,389.17,-121.139487412112
0.0806349206349206,9.88084250290848,1073.44,389.17,-121.173281923339
0.0806575963718821,9.88945695540008,1073.44,389.17,-121.207076434566
0.0806802721088435,9.89775020916905,1073.44,389.17,-121.240870945793
0.080702947845805,9.90572199485957,1073.44,389.17,-121.27466545702
0.0807256235827664,9.9133720535568,1073.44,389.17,-121.308459968247
0.0807482993197279,9.92070013679522,1073.44,389.17,-121.342254479474
0.0807709750566893,9.9277060065667,1073.44,389.17,-121.376048990701
0.0807936507936508,9.9343894353283,1073.44,389.17,-121.409843501928
0.0808163265306122,9.94075020600953,1073.44,389.17,-121.443638013155
0.0808390022675737,9.94678811201957,1073.44,389.17,-121.477432524382
0.0808616780045351,9.95250295725385,1073.44,389.17,-121.511227035609
0.0808843537414966,9.95789455610043,1073.44,389.17,-121.545021546836
0.0809070294784581,9.96296273344612,1073.44,389.17,-121.578816058063
0.0809297052154195,9.96770732468207,1073.44,389.17,-121.61261056929
0.080952380952381,9.97212817570914,1073.44,389.17,-121.646405080517
0.0809750566893424,9.97622514294295,1073.44,389.17,-121.680199591744
0.0809977324263039,9.97999809331848,1073.44,389.17,-121.713994102971
0.0810204081632653,9.98344690429445,1073.44,389.17,-121.747788614198
0.0810430839002268,9.98657146385726,1073.44,389.17,-121.781583125425
0.0810657596371882,9.98937167052464,1073.44,389.17,-121.815377636652
0.0810884353741497,9.99184743334893,1073.44,389.17,-121.849172147879
0.0811111111111111,9.99399867192009,1073.44,389.17,-121.882966659106
0.0811337868480726,9.99582531636823,1073.44,389.17,-121.916761170333
0.081156462585034,9.99732730736595,1073.44,389.17,-121.95055568156
0.0811791383219955,9.99850459613024,1073.44,389.17,-121.984350192787
0.0812018140589569,9.99935714442402,1073.44,389.17,-122.018144704015
0.0812244897959184,9.99988492455748,1073.44,389.17,-122.051939215242
0.0812471655328798,10.0000879193889,1073.44,389.17,-122.085733726469
0.0812698412698413,9.99996612232522,1073.44,389.17,-122.119528237696
0.0812925170068027,9.99951953732229,1073.44,389.17,-122.153322748923
0.0813151927437642,9.99874817888468,1073.44,389.17,-122.18711726015
0.0813378684807256,9.99765207206528,1073.44,389.17,-122.220911771377
0.0813605442176871,9.99623125246444,1073.44,389.17,-122.254706282604
0.0813832199546485,9.99448576622882,1073.44,389.17,-122.288500793831
0.08140589569161,9.99241567004989,1073.44,389.17,-122.322295305058
0.0814285714285714,9.99002103116213,1073.44,389.17,-122.356089816285
0.0814512471655329,9.98730192734076,1073.44,389.17,-122.389884327512
0.0814739229024943,9.98425844689929,1073.44,389.17,-122.423678838739
0.0814965986394558,9.98089068868667,1073.44,389.17,-122.457473349966
0.0815192743764172,9.97719876208394,1073.44,389.17,-122.491267861193
0.0815419501133787,9.97318278700087,1073.44,389.17,-122.52506237242
0.0815646258503401,9.96884289387192,1073.44,389.17,-122.558856883647
0.0815873015873016,9.96417922365205,1073.44,389.17,-122.592651394874
0.081609977324263,9.95919192781215,1073.44,389.17,-122.626445906101
0.0816326530612245,9.95388116833417,1073.44,389.17,-122.660240417328
0.0816553287981859,9.9482471177057,1073.44,389.17,-122.694034928555
0.0816780045351474,9.94228995891456,1073.44,389.17,-122.727829439782
0.0817006802721088,9.93600988544273,1073.44,389.17,-122.761623951009
0.0817233560090703,9.92940710126013,1073.44,389.17,-122.795418462236
0.0817460317460317,9.92248182081792,1073.44,389.17,-122.829212973463
0.0817687074829932,9.91523426904164,1073.44,389.17,-122.86300748469
0.0817913832199546,9.90766468132383,1073.44,389.17,-122.896801995917
0.0818140589569161,9.89977330351639,1073.44,389.17,-122.930596507144
0.0818367346938775,9.89156039192264,1073.44,389.17,-122.964391018372
0.081859410430839,9.88302621328893,1073.44,389.17,-122.998185529599
0.0818820861678004,9.87417104479603,1073.44,389.17,-123.031980040826
0.0819047619047619,9.86499517405012,1073.44,389.17,-123.065774552053
0.0819274376417234,9.8554988990734,1073.44,389.17,-123.09956906328
0.0819501133786848,9.8456825282945,1073.44,389.17,-123.133363574507
0.0819727891156463,9.83554638053838,1073.44,389.17,-123.167158085734
0.0819954648526077,9.82509078501599,1073.44,389.17,-123.200952596961
0.0820181405895692,9.81431608131363,1073.44,389.17,-123.234747108188
0.0820408163265306,9.80322261938186,1073.44,389.17,-123.268541619415
0.0820634920634921,9.79181075952417,1073.44,389.17,-123.302336130642
0.0820861678004535,9.78008087238525,1073.44,389.17,-123.336130641869
0.082108843537415,9.76803333893899,1073.44,389.17,-123.369925153096
0.0821315192743764,9.75566855047606,1073.44,389.17,-123.403719664323
0.0821541950113379,9.74298690859125,1073.44,389.17,-123.43751417555
0.0821768707482993,9.72998882517037,1073.44,389.17,-123.471308686777
0.0821995464852608,9.71667472237695,1073.44,389.17,-123.505103198004
0.0822222222222222,9.70304503263843,1073.44,389.17,-123.538897709231
0.0822448979591837,9.68910019863221,1073.44,389.17,-123.572692220458
0.0822675736961451,9.6748406732712,1073.44,389.17,-123.606486731685
0.0822902494331066,9.66026691968917,1073.44,389.17,-123.640281242912
0.082312925170068,9.64537941122566,1073.44,389.17,-123.674075754139
0.0823356009070295,9.63017863141062,1073.44,389.17,-123.707870265366
0.0823582766439909,9.61466507394872,1073.44,389.17,-123.741664776593
0.0823809523809524,9.59883924270331,1073.44,389.17,-123.77545928782
0.0824036281179138,9.58270165168003,1073.44,389.17,-123.809253799047
0.0824263038548753,9.56625282501016,1073.44,389.17,-123.843048310274
0.0824489795918367,9.54949329693356,1073.44,389.17,-123.876842821501
0.0824716553287982,9.53242361178133,1073.44,389.17,-123.910637332729
0.0824943310657596,9.51504432395813,1073.44,389.17,-123.944431843956
0.0825170068027211,9.4973559979242,1073.44,389.17,-123.978226355183
0.0825396825396825,9.47935920817696,1073.44,389.17,-124.01202086641
0.082562358276644,9.46105453923242,1073.44,389.17,-124.045815377637
0.0825850340136054,9.44244258560618,1073.44,389.17,-124.079609888864
0.0826077097505669,9.42352395179407,1073.44,389.17,-124.113404400091
0.0826303854875283,9.4042992522526,1073.44,389.17,-124.147198911318
0.0826530612244898,9.38476911137892,1073.44,389.17,-124.180993422545
0.0826757369614513,9.36493416349063,1073.44,389.17,-124.214787933772
0.0826984126984127,9.34479505280508,1073.44,389.17,-124.248582444999
0.0827210884353742,9.3243524334185,1073.44,389.17,-124.282376956226
0.0827437641723356,9.30360696928478,1073.44,389.17,-124.316171467453
0.0827664399092971,9.28255933419386,1073.44,389.17,-124.34996597868
0.0827891156462585,9.26121021174983,1073.44,389.17,-124.383760489907
0.08281179138322,9.23956029534882,1073.44,389.17,-124.417555001134
0.0828344671201814,9.21761028815637,1073.44,389.17,-124.451349512361
0.0828571428571429,9.19536090308466,1073.44,389.17,-124.485144023588
0.0828798185941043,9.17281286276932,1073.44,389.17,-124.518938534815
0.0829024943310658,9.14996689954601,1073.44,389.17,-124.552733046042
0.0829251700680272,9.12682375542655,1073.44,389.17,-124.586527557269
0.0829478458049887,9.10338418207491,1073.44,389.17,-124.620322068496
0.0829705215419501,9.07964894078273,1073.44,389.17,-124.654116579723
0.0829931972789116,9.05561880244464,1073.44,389.17,-124.68791109095
0.083015873015873,9.0312945475332,1073.44,389.17,-124.721705602177
0.0830385487528345,9.00667696607354,1073.44,389.17,-124.755500113404
0.0830612244897959,8.98176685761773,1073.44,389.17,-124.789294624631
0.0830839002267574,8.95656503121878,1073.44,389.17,-124.823089135858
0.0831065759637188,8.93107230540441,1073.44,389.17,-124.856883647086
0.0831292517006803,8.90528950815039,1073.44,389.17,-124.890678158313
0.0831519274376417,8.87921747685373,1073.44,389.17,-124.92447266954
0.0831746031746032,8.85285705830542,1073.44,389.17,-124.958267180767
0.0831972789115646,8.82620910866298,1073.44,389.17,-124.992061691994
0.0832199546485261,8.79927449342257,1073.44,389.17,-125.025856203221
0.0832426303854875,8.77205408739102,1073.44,389.17,-125.059650714448
0.083265306122449,8.74454877465726,1073.44,389.17,-125.093445225675
0.0832879818594104,8.71675944856369,1073.44,389.17,-125.127239736902
0.0833106575963719,8.68868701167718,1073.44,389.17,-125.161034248129
0.0833333333333333,8.66033237575971,1073.44,389.17,-125.194828759356
0.0833560090702948,8.63169646173876,1073.44,389.17,-125.228623270583
0.0833786848072562,8.60278019967745,1073.44,389.17,-125.26241778181
0.0834013605442177,8.57358452874427,1073.44,389.17,-125.296212293037
0.0834240362811791,8.54411039718261,1073.44,389.17,-125.330006804264
0.0834467120181406,8.51435876227997,1073.44,389.17,-125.363801315491
0.083469387755102,8.48433059033684,1073.44,389.17,-125.397595826718
0.0834920634920635,8.45402685663531,1073.44,389.17,-125.431390337945
0.0835147392290249,8.42344854540747,1073.44,389.17,-125.465184849172
0.0835374149659864,8.39259664980332,1073.44,389.17,-125.498979360399
0.0835600907029478,8.36147217185864,1073.44,389.17,-125.532773871626
0.0835827664399093,8.33007612246235,1073.44,389.17,-125.566568382853
0.0836054421768707,8.29840952132373,1073.44,389.17,-125.60036289408
0.0836281179138322,8.26647339693927,1073.44,389.17,-125.634157405307
0.0836507936507937,8.23426878655929,1073.44,389.17,-125.667951916534
0.0836734693877551,8.20179673615423,1073.44,389.17,-125.701746427761
0.0836961451247166,8.1690583003807,1073.44,389.17,-125.735540938988
0.083718820861678,8.13605454254721,1073.44,389.17,-125.769335450215
0.0837414965986395,8.10278653457964,1073.44,389.17,-125.803129961443
0.0837641723356009,8.06925535698644,1073.44,389.17,-125.83692447267
0.0837868480725624,8.03546209882349,1073.44,389.17,-125.870718983897
0.0838095238095238,8.00140785765879,1073.44,389.17,-125.904513495124
0.0838321995464853,7.96709373953675,1073.44,389.17,-125.938308006351
0.0838548752834467,7.93252085894234,1073.44,389.17,-125.972102517578
0.0838775510204082,7.89769033876481,1073.44,389.17,-126.005897028805
0.0839002267573696,7.86260331026128,1073.44,389.17,-126.039691540032
0.0839229024943311,7.82726091301999,1073.44,389.17,-126.073486051259
0.0839455782312925,7.79166429492326,1073.44,389.17,-126.107280562486
0.083968253968254,7.75581461211022,1073.44,389.17,-126.141075073713
0.0839909297052154,7.7197130289393,1073.44,389.17,-126.17486958494
0.0840136054421769,7.68336071795033,1073.44,389.17,-126.208664096167
0.0840362811791383,7.64675885982654,1073.44,389.17,-126.242458607394
0.0840589569160998,7.60990864335615,1073.44,389.17,-126.276253118621
0.0840816326530612,7.57281126539381,1073.44,389.17,-126.310047629848
0.0841043083900227,7.53546793082171,1073.44,389.17,-126.343842141075
0.0841269841269841,7.4978798525104,1073.44,389.17,-126.377636652302
0.0841496598639456,7.46004825127949,1073.44,389.17,-126.411431163529
0.084172335600907,7.42197435585791,1073.44,389.17,-126.445225674756
0.0841950113378685,7.38365940284405,1073.44,389.17,-126.479020185983
0.0842176870748299,7.3451046366656,1073.44,389.17,-126.51281469721
0.0842403628117914,7.30631130953909,1073.44,389.17,-126.546609208437
0.0842630385487528,7.26728068142929,1073.44,389.17,-126.580403719664
0.0842857142857143,7.2280140200082,1073.44,389.17,-126.614198230891
0.0843083900226757,7.18851260061396,1073.44,389.17,-126.647992742118
0.0843310657596372,7.14877770620937,1073.44,389.17,-126.681787253345
0.0843537414965986,7.10881062734025,1073.44,389.17,-126.715581764572
0.0843764172335601,7.06861266209352,1073.44,389.17,-126.7493762758
0.0843990929705215,7.02818511605502,1073.44,389.17,-126.783170787027
0.084421768707483,6.98752930226716,1073.44,389.17,-126.816965298254
0.0844444444444444,6.94664654118618,1073.44,389.17,-126.850759809481
0.0844671201814059,6.90553816063937,1073.44,389.17,-126.884554320708
0.0844897959183673,6.86420549578187,1073.44,389.17,-126.918348831935
0.0845124716553288,6.82264988905333,1073.44,389.17,-126.952143343162
0.0845351473922902,6.78087269013431,1073.44,389.17,-126.985937854389
0.0845578231292517,6.73887525590245,1073.44,389.17,-127.019732365616
0.0845804988662131,6.69665895038836,1073.44,389.17,-127.053526876843
0.0846031746031746,6.6542251447314,1073.44,389.17,-127.08732138807
0.0846258503401361,6.61157521713506,1073.44,389.17,-127.121115899297
0.0846485260770975,6.56871055282223,1073.44,389.17,-127.154910410524
0.084671201814059,6.52563254399023,1073.44,389.17,-127.188704921751
0.0846938775510204,6.48234258976558,1073.44,389.17,-127.222499432978
0.0847165532879819,6.43884209615855,1073.44,389.17,-127.256293944205
0.0847392290249433,6.39513247601747,1073.44,389.17,-127.290088455432
0.0847619047619048,6.35121514898292,1073.44,389.17,-127.323882966659
0.0847845804988662,6.30709154144153,1073.44,389.17,-127.357677477886
0.0848072562358277,6.26276308647971,1073.44,389.17,-127.391471989113
0.0848299319727891,6.21823122383711,1073.44,389.17,-127.42526650034
0.0848526077097506,6.17349739985981,1073.44,389.17,-127.459061011567
0.084875283446712,6.12856306745338,1073.44,389.17,-127.492855522794
0.0848979591836735,6.08342968603568,1073.44,389.17,-127.526650034021
0.0849206349206349,6.03809872148949,1073.44,389.17,-127.560444545248
0.0849433106575964,5.99257164611483,1073.44,389.17,-127.594239056475
0.0849659863945578,5.94684993858122,1073.44,389.17,-127.628033567702
0.0849886621315193,5.90093508387962,1073.44,389.17,-127.661828078929
0.0850113378684807,5.85482857327416,1073.44,389.17,-127.695622590157
0.0850340136054422,5.8085319042538,1073.44,389.17,-127.729417101384
0.0850566893424036,5.76204658048358,1073.44,389.17,-127.763211612611
0.0850793650793651,5.71537411175588,1073.44,389.17,-127.797006123838
0.0851020408163265,5.66851601394132,1073.44,389.17,-127.830800635065
0.085124716553288,5.62147380893957,1073.44,389.17,-127.864595146292
0.0851473922902494,5.57424902462989,1073.44,389.17,-127.898389657519
0.0851700680272109,5.52684319482149,1073.44,389.17,-127.932184168746
0.0851927437641723,5.47925785920379,1073.44,389.17,-127.965978679973
0.0852154195011338,5.43149456329633,1073.44,389.17,-127.9997731912
0.0852380952380952,5.3835548583986,1073.44,389.17,-128.033567702427
0.0852607709750567,5.33544030153968,1073.44,389.17,-128.067362213654
0.0852834467120181,5.28715245542763,1073.44,389.17,-128.101156724881
0.0853061224489796,5.23869288839878,1073.44,389.17,-128.134951236108
0.085328798185941,5.19006317436675,1073.44,389.17,-128.168745747335
0.0853514739229025,5.14126489277134,1073.44,389.17,-128.202540258562
0.085374149659864,5.09229962852727,1073.44,389.17,-128.236334769789
0.0853968253968254,5.04316897197264,1073.44,389.17,-128.270129281016
0.0854195011337869,4.99387451881733,1073.44,389.17,-128.303923792243
0.0854421768707483,4.94441787009116,1073.44,389.17,-128.33771830347
0.0854648526077098,4.89480063209185,1073.44,389.17,-128.371512814697
0.0854875283446712,4.84502441633293,1073.44,389.17,-128.405307325924
0.0855102040816327,4.79509083949132,1073.44,389.17,-128.439101837151
0.0855328798185941,4.74500152335487,1073.44,389.17,-128.472896348378
0.0855555555555556,4.69475809476967,1073.44,389.17,-128.506690859605
0.085578231292517,4.6443621855872,1073.44,389.17,-128.540485370832
0.0856009070294785,4.59381543261137,1073.44,389.17,-128.574279882059
0.0856235827664399,4.5431194775453,1073.44,389.17,-128.608074393286
0.0856462585034014,4.49227596693806,1073.44,389.17,-128.641868904514
0.0856689342403628,4.44128655213114,1073.44,389.17,-128.675663415741
0.0856916099773243,4.39015288920485,1073.44,389.17,-128.709457926968
0.0857142857142857,4.33887663892452,1073.44,389.17,-128.743252438195
0.0857369614512472,4.28745946668654,1073.44,389.17,-128.777046949422
0.0857596371882086,4.23590304246434,1073.44,389.17,-128.810841460649
0.0857823129251701,4.18420904075403,1073.44,389.17,-128.844635971876
0.0858049886621315,4.13237914052017,1073.44,389.17,-128.878430483103
0.085827664399093,4.08041502514108,1073.44,389.17,-128.91222499433
0.0858503401360544,4.02831838235428,1073.44,389.17,-128.946019505557
0.0858730158730159,3.97609090420164,1073.44,389.17,-128.979814016784
0.0858956916099773,3.92373428697439,1073.44,389.17,-129.013608528011
0.0859183673469388,3.87125023115809,1073.44,389.17,-129.047403039238
0.0859410430839002,3.81864044137734,1073.44,389.17,-129.081197550465
0.0859637188208617,3.76590662634044,1073.44,389.17,-129.114992061692
0.0859863945578231,3.71305049878392,1073.44,389.17,-129.148786572919
0.0860090702947846,3.66007377541685,1073.44,389.17,-129.182581084146
0.086031746031746,3.60697817686516,1073.44,389.17,-129.216375595373
0.0860544217687075,3.55376542761569,1073.44,389.17,-129.2501701066
0.0860770975056689,3.50043725596021,1073.44,389.17,-129.283964617827
0.0860997732426304,3.44699539393929,1073.44,389.17,-129.317759129054
0.0861224489795918,3.39344157728602,1073.44,389.17,-129.351553640281
0.0861451247165533,3.33977754536969,1073.44,389.17,-129.385348151508
0.0861678004535147,3.28600504113922,1073.44,389.17,-129.419142662735
0.0861904761904762,3.23212581106661,1073.44,389.17,-129.452937173962
0.0862131519274376,3.17814160509022,1073.44,389.17,-129.486731685189
0.0862358276643991,3.12405417655786,1073.44,389.17,-129.520526196416
0.0862585034013605,3.06986528216996,1073.44,389.17,-129.554320707643
0.086281179138322,3.01557668192239,1073.44,389.17,-129.58811521887
0.0863038548752834,2.96119013904939,1073.44,389.17,-129.621909730098
0.0863265306122449,2.90670741996627,1073.44,389.17,-129.655704241325
0.0863492063492064,2.85213029421203,1073.44,389.17,-129.689498752552
0.0863718820861678,2.79746053439188,1073.44,389.17,-129.723293263779
0.0863945578231293,2.74269991611972,1073.44,389.17,-129.757087775006
0.0864172335600907,2.6878502179604,1073.44,389.17,-129.790882286233
0.0864399092970522,2.63291322137199,1073.44,389.17,-129.82467679746
0.0864625850340136,2.57789071064795,1073.44,389.17,-129.858471308687
0.0864852607709751,2.5227844728591,1073.44,389.17,-129.892265819914
0.0865079365079365,2.46759629779565,1073.44,389.17,-129.926060331141
0.086530612244898,2.41232797790905,1073.44,389.17,-129.959854842368
0.0865532879818594,2.35698130825373,1073.44,389.17,-129.993649353595
0.0865759637188209,2.30155808642888,1073.44,389.17,-130.027443864822
0.0865986394557823,2.24606011251998,1073.44,389.17,-130.061238376049
0.0866213151927438,2.19048918904041,1073.44,389.17,-130.095032887276
0.0866439909297052,2.13484712087286,1073.44,389.17,-130.128827398503
0.0866666666666667,2.07913571521069,1073.44,389.17,-130.16262190973
0.0866893424036281,2.02335678149932,1073.44,389.17,-130.196416420957
0.0867120181405896,1.96751213137738,1073.44,389.17,-130.230210932184
0.086734693877551,1.91160357861788,1073.44,389.17,-130.264005443411
0.0867573696145125,1.85563293906935,1073.44,389.17,-130.297799954638
0.0867800453514739,1.79960203059682,1073.44,389.17,-130.331594465865
0.0868027210884354,1.74351267302277,1073.44,389.17,-130.365388977092
0.0868253968253968,1.68736668806806,1073.44,389.17,-130.399183488319
0.0868480725623583,1.63116589929275,1073.44,389.17,-130.432977999546
0.0868707482993197,1.57491213203687,1073.44,389.17,-130.466772510773
0.0868934240362812,1.5186072133611,1073.44,389.17,-130.500567022
0.0869160997732426,1.46225297198751,1073.44,389.17,-130.534361533227
0.0869387755102041,1.40585123824007,1073.44,389.17,-130.568156044455
0.0869614512471655,1.34940384398529,1073.44,389.17,-130.601950555682
0.086984126984127,1.29291262257267,1073.44,389.17,-130.635745066909
0.0870068027210884,1.23637940877515,1073.44,389.17,-130.669539578136
0.0870294784580499,1.17980603872956,1073.44,389.17,-130.703334089363
0.0870521541950113,1.12319434987694,1073.44,389.17,-130.73712860059
0.0870748299319728,1.06654618090292,1073.44,389.17,-130.770923111817
0.0870975056689342,1.00986337167792,1073.44,389.17,-130.804717623044
0.0871201814058957,0.953147763197456,1073.44,389.17,-130.838512134271
0.0871428571428571,0.896401197522338,1073.44,389.17,-130.872306645498
0.0871655328798186,0.839625517718819,1073.44,389.17,-130.906101156725
0.08718820861678,0.78282256779875,1073.44,389.17,-130.939895667952
0.0872108843537415,0.725994192659685,1073.44,389.17,-130.973690179179
0.0872335600907029,0.669142238024965,1073.44,389.17,-131.007484690406
0.0872562358276644,0.612268550383762,1073.44,389.17,-131.041279201633
0.0872789115646258,0.555374976931116,1073.44,389.17,-131.07507371286
0.0873015873015873,0.498463365507933,1073.44,389.17,-131.108868224087
0.0873242630385487,0.441535564540977,1073.44,389.17,-131.142662735314
0.0873469387755102,0.384593422982826,1073.44,389.17,-131.176457246541
0.0873696145124717,0.327638790251827,1073.44,389.17,-131.210251757768
0.0873922902494331,0.270673516172027,1073.44,389.17,-131.244046268995
0.0874149659863946,0.213699450913092,1073.44,389.17,-131.277840780222
0.087437641723356,0.156718444930215,1073.44,389.17,-131.311635291449
0.0874603174603175,0.099732348904017,1073.44,389.17,-131.345429802676
0.0874829931972789,0.0427430136804373,1073.44,389.17,-131.379224313903
0.0875056689342404,-0.0142477097893786,1073.44,389.17,-131.41301882513
0.0875283446712018,-0.0712379705091966,1073.44,389.17,-131.446813336357
0.0875510204081633,-0.128225917497813,1073.44,389.17,-131.480607847584
0.0875736961451247,-0.185209699849169,1073.44,389.17,-131.514402358812
0.0875963718820862,-0.242187466792473,1073.44,389.17,-131.548196870039
0.0876190476190476,-0.299157367752303,1073.44,389.17,-131.581991381266
0.0876417233560091,-0.356117552408717,1073.44,389.17,-131.615785892493
0.0876643990929705,-0.41306617075735,1073.44,389.17,-131.64958040372
0.087687074829932,-0.470001373169495,1073.44,389.17,-131.683374914947
0.0877097505668934,-0.526921310452181,1073.44,389.17,-131.717169426174
0.0877324263038549,-0.583824133908232,1073.44,389.17,-131.750963937401
0.0877551020408163,-0.64070799539631,1073.44,389.17,-131.784758448628
0.0877777777777778,-0.697571047390941,1073.44,389.17,-131.818552959855
0.0878004535147392,-0.75441144304252,1073.44,389.17,-131.852347471082
0.0878231292517007,-0.811227336237297,1073.44,389.17,-131.886141982309
0.0878458049886621,-0.868016881657333,1073.44,389.17,-131.919936493536
0.0878684807256236,-0.924778234840437,1073.44,389.17,-131.953731004763
0.087891156462585,-0.981509552240068,1073.44,389.17,-131.98752551599
0.0879138321995465,-1.03820899128522,1073.44,389.17,-132.021320027217
0.0879365079365079,-1.09487471044026,1073.44,389.17,-132.055114538444
0.0879591836734694,-1.15150486926473,1073.44,389.17,-132.088909049671
0.0879818594104308,-1.20809762847315,1073.44,389.17,-132.122703560898
0.0880045351473923,-1.26465114999472,1073.44,389.17,-132.156498072125
0.0880272108843537,-1.32116359703305,1073.44,389.17,-132.190292583352
0.0880498866213152,-1.3776331341258,1073.44,389.17,-132.224087094579
0.0880725623582766,-1.4340579272043,1073.44,389.17,-132.257881605806
0.0880952380952381,-1.49043614365312,1073.44,389.17,-132.291676117033
0.0881179138321996,-1.54676595236957,1073.44,389.17,-132.32547062826
0.088140589569161,-1.60304552382321,1073.44,389.17,-132.359265139487
0.0881632653061225,-1.65927303011524,1073.44,389.17,-132.393059650714
0.0881859410430839,-1.71544664503789,1073.44,389.17,-132.426854161941
0.0882086167800454,-1.77156454413371,1073.44,389.17,-132.460648673169
0.0882312925170068,-1.82762490475485,1073.44,389.17,-132.494443184396
0.0882539682539683,-1.88362590612223,1073.44,389.17,-132.528237695623
0.0882766439909297,-1.93956572938473,1073.44,389.17,-132.56203220685
0.0882993197278912,-1.99544255767818,1073.44,389.17,-132.595826718077
0.0883219954648526,-2.05125457618444,1073.44,389.17,-132.629621229304
0.0883446712018141,-2.10699997219034,1073.44,389.17,-132.663415740531
0.0883673469387755,-2.1626769351465,1073.44,389.17,-132.697210251758
0.088390022675737,-2.21828365672619,1073.44,389.17,-132.731004762985
0.0884126984126984,-2.27381833088405,1073.44,389.17,-132.764799274212
0.0884353741496599,-2.32927915391473,1073.44,389.17,-132.798593785439
0.0884580498866213,-2.38466432451147,1073.44,389.17,-132.832388296666
0.0884807256235828,-2.43997204382465,1073.44,389.17,-132.866182807893
0.0885034013605442,-2.49520051552016,1073.44,389.17,-132.89997731912
0.0885260770975057,-2.55034794583778,1073.44,389.17,-132.933771830347
0.0885487528344671,-2.6054125436494,1073.44,389.17,-132.967566341574
0.0885714285714286,-2.66039252051725,1073.44,389.17,-133.001360852801
0.08859410430839,-2.71528609075194,1073.44,389.17,-133.035155364028
0.0886167800453515,-2.77009147147047,1073.44,389.17,-133.068949875255
0.0886394557823129,-2.82480688265415,1073.44,389.17,-133.102744386482
0.0886621315192744,-2.87943054720639,1073.44,389.17,-133.136538897709
0.0886848072562358,-2.93396069101043,1073.44,389.17,-133.170333408936
0.0887074829931973,-2.98839554298698,1073.44,389.17,-133.204127920163
0.0887301587301587,-3.0427333351517,1073.44,389.17,-133.23792243139
0.0887528344671202,-3.09697230267266,1073.44,389.17,-133.271716942617
0.0887755102040816,-3.15111068392765,1073.44,389.17,-133.305511453844
0.0887981859410431,-3.20514672056137,1073.44,389.17,-133.339305965071
0.0888208616780045,-3.25907865754259,1073.44,389.17,-133.373100476298
0.088843537414966,-3.31290474322111,1073.44,389.17,-133.406894987526
0.0888662131519274,-3.36662322938465,1073.44,389.17,-133.440689498753
0.0888888888888889,-3.42023237131566,1073.44,389.17,-133.47448400998
0.0889115646258503,-3.47373042784798,1073.44,389.17,-133.508278521207
0.0889342403628118,-3.52711566142335,1073.44,389.17,-133.542073032434
0.0889569160997732,-3.58038633814792,1073.44,389.17,-133.575867543661
0.0889795918367347,-3.63354072784847,1073.44,389.17,-133.609662054888
0.0890022675736961,-3.68657710412871,1073.44,389.17,-133.643456566115
0.0890249433106576,-3.73949374442525,1073.44,389.17,-133.677251077342
0.089047619047619,-3.79228893006362,1073.44,389.17,-133.711045588569
0.0890702947845805,-3.84496094631405,1073.44,389.17,-133.744840099796
0.089092970521542,-3.89750808244718,1073.44,389.17,-133.778634611023
0.0891156462585034,-3.94992863178964,1073.44,389.17,-133.81242912225
0.0891383219954649,-4.00222089177942,1073.44,389.17,-133.846223633477
0.0891609977324263,-4.05438316402125,1073.44,389.17,-133.880018144704
0.0891836734693878,-4.10641375434169,1073.44,389.17,-133.913812655931
0.0892063492063492,-4.15831097284419,1073.44,389.17,-133.947607167158
0.0892290249433107,-4.21007313396398,1073.44,389.17,-133.981401678385
0.0892517006802721,-4.26169855652281,1073.44,389.17,-134.015196189612
0.0892743764172336,-4.31318556378352,1073.44,389.17,-134.048990700839
0.089297052154195,-4.36453248350455,1073.44,389.17,-134.082785212066
0.0893197278911565,-4.41573764799424,1073.44,389.17,-134.116579723293
0.0893424036281179,-4.46679939416496,1073.44,389.17,-134.15037423452
0.0893650793650794,-4.51771606358716,1073.44,389.17,-134.184168745747
0.0893877551020408,-4.56848600254323,1073.44,389.17,-134.217963256974
0.0894104308390023,-4.61910756208119,1073.44,389.17,-134.251757768201
0.0894331065759637,-4.66957909806828,1073.44,389.17,-134.285552279428
0.0894557823129252,-4.71989897124432,1073.44,389.17,-134.319346790655
0.0894784580498866,-4.77006554727499,1073.44,389.17,-134.353141301883
0.0895011337868481,-4.82007719680488,1073.44,389.17,-134.38693581311
0.0895238095238095,-4.86993229551042,1073.44,389.17,-134.420730324337
0.089546485260771,-4.91962922415266,1073.44,389.17,-134.454524835564
0.0895691609977324,-4.96916636862984,1073.44,389.17,-134.488319346791
0.0895918367346939,-5.01854212002977,1073.44,389.17,-134.522113858018
0.0896145124716553,-5.06775487468219,1073.44,389.17,-134.555908369245
0.0896371882086168,-5.11680303421075,1073.44,389.17,-134.589702880472
0.0896598639455782,-5.165685005585,1073.44,389.17,-134.623497391699
0.0896825396825397,-5.21439920117208,1073.44,389.17,-134.657291902926
0.0897052154195011,-5.26294403878831,1073.44,389.17,-134.691086414153
0.0897278911564626,-5.31131794175058,1073.44,389.17,-134.72488092538
0.089750566893424,-5.35951933892753,1073.44,389.17,-134.758675436607
0.0897732426303855,-5.40754666479061,1073.44,389.17,-134.792469947834
0.0897959183673469,-5.45539835946493,1073.44,389.17,-134.826264459061
0.0898185941043084,-5.50307286877988,1073.44,389.17,-134.860058970288
0.0898412698412698,-5.55056864431966,1073.44,389.17,-134.893853481515
0.0898639455782313,-5.59788414347353,1073.44,389.17,-134.927647992742
0.0898866213151927,-5.64501782948595,1073.44,389.17,-134.961442503969
0.0899092970521542,-5.69196817150644,1073.44,389.17,-134.995237015196
0.0899319727891156,-5.73873364463937,1073.44,389.17,-135.029031526423
0.0899546485260771,-5.78531272999342,1073.44,389.17,-135.06282603765
0.0899773242630385,-5.83170391473095,1073.44,389.17,-135.096620548877
0.09,-5.87790569211713,1073.44,389.17,-135.130415060104
0.0900226757369614,-5.92391656156886,1073.44,389.17,-135.164209571331
0.0900453514739229,-5.96973502870354,1073.44,389.17,-135.198004082558
0.0900680272108844,-6.01535960538758,1073.44,389.17,-135.231798593785
0.0900907029478458,-6.06078880978472,1073.44,389.17,-135.265593105012
0.0901133786848073,-6.10602116640422,1073.44,389.17,-135.299387616239
0.0901360544217687,-6.15105520614868,1073.44,389.17,-135.333182127467
0.0901587301587302,-6.19588946636187,1073.44,389.17,-135.366976638694
0.0901814058956916,-6.24052249087616,1073.44,389.17,-135.400771149921
0.0902040816326531,-6.28495283005982,1073.44,389.17,-135.434565661148
0.0902267573696145,-6.32917904086414,1073.44,389.17,-135.468360172375
0.090249433106576,-6.37319968687027,1073.44,389.17,-135.502154683602
0.0902721088435374,-6.41701333833586,1073.44,389.17,-135.535949194829
0.0902947845804989,-6.46061857224156,1073.44,389.17,-135.569743706056
0.0903174603174603,-6.50401397233714,1073.44,389.17,-135.603538217283
0.0903401360544218,-6.54719812918758,1073.44,389.17,-135.63733272851
0.0903628117913832,-6.59016964021879,1073.44,389.17,-135.671127239737
0.0903854875283447,-6.6329271097632,1073.44,389.17,-135.704921750964
0.0904081632653061,-6.67546914910506,1073.44,389.17,-135.738716262191
0.0904308390022676,-6.71779437652555,1073.44,389.17,-135.772510773418
0.090453514739229,-6.75990141734769,1073.44,389.17,-135.806305284645
0.0904761904761905,-6.80178890398093,1073.44,389.17,-135.840099795872
0.0904988662131519,-6.84345547596563,1073.44,389.17,-135.873894307099
0.0905215419501134,-6.88489978001719,1073.44,389.17,-135.907688818326
0.0905442176870748,-6.92612047007004,1073.44,389.17,-135.941483329553
0.0905668934240363,-6.96711620732135,1073.44,389.17,-135.97527784078
0.0905895691609977,-7.0078856602745,1073.44,389.17,-136.009072352007
0.0906122448979592,-7.04842750478235,1073.44,389.17,-136.042866863234
0.0906349206349206,-7.08874042409022,1073.44,389.17,-136.076661374461
0.0906575963718821,-7.12882310887869,1073.44,389.17,-136.110455885688
0.0906802721088435,-7.16867425730607,1073.44,389.17,-136.144250396915
0.090702947845805,-7.20829257505076,1073.44,389.17,-136.178044908142
0.0907256235827664,-7.2476767753532,1073.44,389.17,-136.211839419369
0.0907482993197279,-7.28682557905775,1073.44,389.17,-136.245633930597
0.0907709750566893,-7.32573771465416,1073.44,389.17,-136.279428441824
0.0907936507936508,-7.36441191831892,1073.44,389.17,-136.313222953051
0.0908163265306123,-7.4028469339563,1073.44,389.17,-136.347017464278
0.0908390022675737,-7.44104151323909,1073.44,389.17,-136.380811975505
0.0908616780045352,-7.47899441564924,1073.44,389.17,-136.414606486732
0.0908843537414966,-7.51670440851806,1073.44,389.17,-136.448400997959
0.0909070294784581,-7.55417026706633,1073.44,389.17,-136.482195509186
0.0909297052154195,-7.59139077444401,1073.44,389.17,-136.515990020413
0.090952380952381,-7.62836472176984,1073.44,389.17,-136.54978453164
0.0909750566893424,-7.66509090817052,1073.44,389.17,-136.583579042867
0.0909977324263039,-7.70156814081977,1073.44,389.17,-136.617373554094
0.0910204081632653,-7.73779523497705,1073.44,389.17,-136.651168065321
0.0910430839002268,-7.77377101402606,1073.44,389.17,-136.684962576548
0.0910657596371882,-7.80949430951293,1073.44,389.17,-136.718757087775
0.0910884353741497,-7.84496396118416,1073.44,389.17,-136.752551599002
0.0911111111111111,-7.88017881702435,1073.44,389.17,-136.786346110229
0.0911337868480726,-7.91513773329357,1073.44,389.17,-136.820140621456
0.091156462585034,-7.94983957456456,1073.44,389.17,-136.853935132683
0.0911791383219955,-7.98428321375952,1073.44,389.17,-136.88772964391
0.0912018140589569,-8.01846753218682,1073.44,389.17,-136.921524155137
0.0912244897959184,-8.05239141957726,1073.44,389.17,-136.955318666364
0.0912471655328798,-8.08605377412016,1073.44,389.17,-136.989113177591
0.0912698412698413,-8.11945350249914,1073.44,389.17,-137.022907688818
0.0912925170068027,-8.15258951992763,1073.44,389.17,-137.056702200045
0.0913151927437642,-8.1854607501841,1073.44,389.17,-137.090496711272
0.0913378684807256,-8.21806612564702,1073.44,389.17,-137.124291222499
0.0913605442176871,-8.25040458732953,1073.44,389.17,-137.158085733726
0.0913832199546485,-8.28247508491385,1073.44,389.17,-137.191880244953
0.09140589569161,-8.31427657678536,1073.44,389.17,-137.225674756181
0.0914285714285714,-8.34580803006645,1073.44,389.17,-137.259469267408
0.0914512471655329,-8.37706842065009,1073.44,389.17,-137.293263778635
0.0914739229024943,-8.40805673323307,1073.44,389.17,-137.327058289862
0.0914965986394558,-8.43877196134893,1073.44,389.17,-137.360852801089
0.0915192743764172,-8.46921310740075,1073.44,389.17,-137.394647312316
0.0915419501133787,-8.49937918269346,1073.44,389.17,-137.428441823543
0.0915646258503401,-8.529269207466,1073.44,389.17,-137.46223633477
0.0915873015873016,-8.55888221092313,1073.44,389.17,-137.496030845997
0.091609977324263,-8.58821723126695,1073.44,389.17,-137.529825357224
0.0916326530612245,-8.61727331572816,1073.44,389.17,-137.563619868451
0.0916553287981859,-8.64604952059698,1073.44,389.17,-137.597414379678
0.0916780045351474,-8.6745449112538,1073.44,389.17,-137.631208890905
0.0917006802721088,-8.70275856219959,1073.44,389.17,-137.665003402132
0.0917233560090703,-8.73068955708587,1073.44,389.17,-137.698797913359
0.0917460317460317,-8.75833698874454,1073.44,389.17,-137.732592424586
0.0917687074829932,-8.78569995921735,1073.44,389.17,-137.766386935813
0.0917913832199546,-8.81277757978497,1073.44,389.17,-137.80018144704
0.0918140589569161,-8.83956897099599,1073.44,389.17,-137.833975958267
0.0918367346938776,-8.86607326269538,1073.44,389.17,-137.867770469494
0.091859410430839,-8.8922895940528,1073.44,389.17,-137.901564980721
0.0918820861678005,-8.91821711359053,1073.44,389.17,-137.935359491948
0.0919047619047619,-8.94385497921116,1073.44,389.17,-137.969154003175
0.0919274376417234,-8.96920235822491,1073.44,389.17,-138.002948514402
0.0919501133786848,-8.99425842737671,1073.44,389.17,-138.036743025629
0.0919727891156463,-9.01902237287287,1073.44,389.17,-138.070537536856
0.0919954648526077,-9.04349339040761,1073.44,389.17,-138.104332048083
0.0920181405895692,-9.06767068518907,1073.44,389.17,-138.138126559311
0.0920408163265306,-9.09155347196525,1073.44,389.17,-138.171921070538
0.0920634920634921,-9.11514097504938,1073.44,389.17,-138.205715581765
0.0920861678004535,-9.13843242834523,1073.44,389.17,-138.239510092992
0.092108843537415,-9.16142707537192,1073.44,389.17,-138.273304604219
0.0921315192743764,-9.18412416928853,1073.44,389.17,-138.307099115446
0.0921541950113379,-9.20652297291831,1073.44,389.17,-138.340893626673
0.0921768707482993,-9.22862275877268,1073.44,389.17,-138.3746881379
0.0921995464852608,-9.25042280907481,1073.44,389.17,-138.408482649127
0.0922222222222222,-9.27192241578295,1073.44,389.17,-138.442277160354
0.0922448979591837,-9.29312088061346,1073.44,389.17,-138.476071671581
0.0922675736961451,-9.31401751506343,1073.44,389.17,-138.509866182808
0.0922902494331066,-9.33461164043308,1073.44,389.17,-138.543660694035
0.092312925170068,-9.35490258784777,1073.44,389.17,-138.577455205262
0.0923356009070295,-9.3748896982798,1073.44,389.17,-138.611249716489
0.0923582766439909,-9.3945723225697,1073.44,389.17,-138.645044227716
0.0923809523809524,-9.41394982144742,1073.44,389.17,-138.678838738943
0.0924036281179138,-9.43302156555304,1073.44,389.17,-138.71263325017
0.0924263038548753,-9.4517869354572,1073.44,389.17,-138.746427761397
0.0924489795918367,-9.47024532168127,1073.44,389.17,-138.780222272624
0.0924716553287982,-9.48839612471708,1073.44,389.17,-138.814016783851
0.0924943310657596,-9.50623875504644,1073.44,389.17,-138.847811295078
0.0925170068027211,-9.5237726331603,1073.44,389.17,-138.881605806305
0.0925396825396825,-9.5409971895775,1073.44,389.17,-138.915400317532
0.092562358276644,-9.55791186486331,1073.44,389.17,-138.949194828759
0.0925850340136054,-9.57451610964765,1073.44,389.17,-138.982989339986
0.0926077097505669,-9.59080938464281,1073.44,389.17,-139.016783851213
0.0926303854875283,-9.60679116066111,1073.44,389.17,-139.05057836244
0.0926530612244898,-9.62246091863197,1073.44,389.17,-139.084372873667
0.0926757369614512,-9.63781814961882,1073.44,389.17,-139.118167384895
0.0926984126984127,-9.65286235483563,1073.44,389.17,-139.151961896122
0.0927210884353741,-9.66759304566311,1073.44,389.17,-139.185756407349
0.0927437641723356,-9.68200974366457,1073.44,389.17,-139.219550918576
0.092766439909297,-9.69611198060145,1073.44,389.17,-139.253345429803
0.0927891156462585,-9.70989929844855,1073.44,389.17,-139.28713994103
0.09281179138322,-9.72337124940891,1073.44,389.17,-139.320934452257
0.0928344671201814,-9.73652739592832,1073.44,389.17,-139.354728963484
0.0928571428571429,-9.74936731070956,1073.44,389.17,-139.388523474711
0.0928798185941043,-9.76189057672628,1073.44,389.17,-139.422317985938
0.0929024943310658,-9.77409678723652,1073.44,389.17,-139.456112497165
0.0929251700680272,-9.78598554579594,1073.44,389.17,-139.489907008392
0.0929478458049887,-9.79755646627069,1073.44,389.17,-139.523701519619
0.0929705215419501,-9.80880917284996,1073.44,389.17,-139.557496030846
0.0929931972789116,-9.81974330005817,1073.44,389.17,-139.591290542073
0.093015873015873,-9.83035849276687,1073.44,389.17,-139.6250850533
0.0930385487528345,-9.84065440620621,1073.44,389.17,-139.658879564527
0.0930612244897959,-9.85063070597622,1073.44,389.17,-139.692674075754
0.0930839002267574,-9.86028706805761,1073.44,389.17,-139.726468586981
0.0931065759637188,-9.86962317882232,1073.44,389.17,-139.760263098208
0.0931292517006803,-9.87863873504373,1073.44,389.17,-139.794057609435
0.0931519274376417,-9.88733344390643,1073.44,389.17,-139.827852120662
0.0931746031746032,-9.89570702301582,1073.44,389.17,-139.861646631889
0.0931972789115646,-9.90375920040722,1073.44,389.17,-139.895441143116
0.0932199546485261,-9.91148971455473,1073.44,389.17,-139.929235654343
0.0932426303854875,-9.91889831437974,1073.44,389.17,-139.96303016557
0.093265306122449,-9.92598475925903,1073.44,389.17,-139.996824676797
0.0932879818594104,-9.93274881903265,1073.44,389.17,-140.030619188025
0.0933106575963719,-9.93919027401135,1073.44,389.17,-140.064413699252
0.0933333333333333,-9.94530891498373,1073.44,389.17,-140.098208210479
0.0933560090702948,-9.95110454322303,1073.44,389.17,-140.132002721706
0.0933786848072562,-9.95657697049361,1073.44,389.17,-140.165797232933
0.0934013605442177,-9.96172601905703,1073.44,389.17,-140.19959174416
0.0934240362811791,-9.96655152167782,1073.44,389.17,-140.233386255387
0.0934467120181406,-9.97105332162896,1073.44,389.17,-140.267180766614
0.093469387755102,-9.97523127269692,1073.44,389.17,-140.300975277841
0.0934920634920635,-9.97908523918643,1073.44,389.17,-140.334769789068
0.0935147392290249,-9.98261509592487,1073.44,389.17,-140.368564300295
0.0935374149659864,-9.98582072826637,1073.44,389.17,-140.402358811522
0.0935600907029479,-9.9887020320955,1073.44,389.17,-140.436153322749
0.0935827664399093,-9.99125891383068,1073.44,389.17,-140.469947833976
0.0936054421768708,-9.99349129042719,1073.44,389.17,-140.503742345203
0.0936281179138322,-9.99539908937988,1073.44,389.17,-140.53753685643
0.0936507936507937,-9.99698224872554,1073.44,389.17,-140.571331367657
0.0936734693877551,-9.99824071704488,1073.44,389.17,-140.605125878884
0.0936961451247166,-9.99917445346423,1073.44,389.17,-140.638920390111
0.093718820861678,-9.99978342765686,1073.44,389.17,-140.672714901338
0.0937414965986395,-10.000067619844,1073.44,389.17,-140.706509412565
0.0937641723356009,-10.0000270207953,1073.44,389.17,-140.740303923792
0.0937868480725624,-9.99966163182938,1073.44,389.17,-140.774098435019
0.0938095238095238,-9.99897146481377,1073.44,389.17,-140.807892946246
0.0938321995464853,-9.99795654216428,1073.44,389.17,-140.841687457473
0.0938548752834467,-9.99661689684449,1073.44,389.17,-140.8754819687
0.0938775510204082,-9.99495257236461,1073.44,389.17,-140.909276479927
0.0939002267573696,-9.99296362278008,1073.44,389.17,-140.943070991154
0.0939229024943311,-9.9906501126898,1073.44,389.17,-140.976865502381
0.0939455782312925,-9.98801211723405,1073.44,389.17,-141.010660013609
0.093968253968254,-9.98504972209202,1073.44,389.17,-141.044454524836
0.0939909297052154,-9.98176302347905,1073.44,389.17,-141.078249036063
0.0940136054421769,-9.97815212814353,1073.44,389.17,-141.11204354729
0.0940362811791383,-9.97421715336336,1073.44,389.17,-141.145838058517
0.0940589569160998,-9.96995822694224,1073.44,389.17,-141.179632569744
0.0940816326530612,-9.96537548720539,1073.44,389.17,-141.213427080971
0.0941043083900227,-9.96046908299521,1073.44,389.17,-141.247221592198
0.0941269841269841,-9.95523917366631,1073.44,389.17,-141.281016103425
0.0941496598639456,-9.94968592908042,1073.44,389.17,-141.314810614652
0.094172335600907,-9.94380952960084,1073.44,389.17,-141.348605125879
0.0941950113378685,-9.93761016608658,1073.44,389.17,-141.382399637106
0.0942176870748299,-9.93108803988617,1073.44,389.17,-141.416194148333
0.0942403628117914,-9.92424336283113,1073.44,389.17,-141.44998865956
0.0942630385487528,-9.91707635722906,1073.44,389.17,-141.483783170787
0.0942857142857143,-9.90958725585645,1073.44,389.17,-141.517577682014
0.0943083900226757,-9.9017763019511,1073.44,389.17,-141.551372193241
0.0943310657596372,-9.89364374920424,1073.44,389.17,-141.585166704468
0.0943537414965986,-9.88518986175227,1073.44,389.17,-141.618961215695
0.0943764172335601,-9.87641491416817,1073.44,389.17,-141.652755726922
0.0943990929705215,-9.86731919145264,1073.44,389.17,-141.686550238149
0.094421768707483,-9.85790298902478,1073.44,389.17,-141.720344749376
0.0944444444444444,-9.84816661271253,1073.44,389.17,-141.754139260603
0.0944671201814059,-9.83811037874269,1073.44,389.17,-141.78793377183
0.0944897959183673,-9.82773461373076,1073.44,389.17,-141.821728283057
0.0945124716553288,-9.81703965467019,1073.44,389.17,-141.855522794284
0.0945351473922903,-9.80602584892154,1073.44,389.17,-141.889317305511
0.0945578231292517,-9.79469355420112,1073.44,389.17,-141.923111816738
0.0945804988662132,-9.7830431385695,1073.44,389.17,-141.956906327966
0.0946031746031746,-9.77107498041935,1073.44,389.17,-141.990700839193
0.0946258503401361,-9.75878946846337,1073.44,389.17,-142.02449535042
0.0946485260770975,-9.74618700172149,1073.44,389.17,-142.058289861647
0.094671201814059,-9.73326798950805,1073.44,389.17,-142.092084372874
0.0946938775510204,-9.72003285141838,1073.44,389.17,-142.125878884101
0.0947165532879819,-9.70648201731528,1073.44,389.17,-142.159673395328
0.0947392290249433,-9.69261592731496,1073.44,389.17,-142.193467906555
0.0947619047619048,-9.67843503177287,1073.44,389.17,-142.227262417782
0.0947845804988662,-9.66393979126891,1073.44,389.17,-142.261056929009
0.0948072562358277,-9.64913067659264,1073.44,389.17,-142.294851440236
0.0948299319727891,-9.63400816872785,1073.44,389.17,-142.328645951463
0.0948526077097506,-9.61857275883702,1073.44,389.17,-142.36244046269
0.094875283446712,-9.60282494824535,1073.44,389.17,-142.396234973917
0.0948979591836735,-9.58676524842448,1073.44,389.17,-142.430029485144
0.0949206349206349,-9.57039418097585,1073.44,389.17,-142.463823996371
0.0949433106575964,-9.55371227761378,1073.44,389.17,-142.497618507598
0.0949659863945578,-9.53672008014821,1073.44,389.17,-142.531413018825
0.0949886621315193,-9.5194181404671,1073.44,389.17,-142.565207530052
0.0950113378684807,-9.50180702051847,1073.44,389.17,-142.599002041279
0.0950340136054422,-9.48388729229221,1073.44,389.17,-142.632796552506
0.0950566893424036,-9.46565953780145,1073.44,389.17,-142.666591063733
0.0950793650793651,-9.44712434906366,1073.44,389.17,-142.70038557496
0.0951020408163265,-9.42828232808147,1073.44,389.17,-142.734180086187
0.095124716553288,-9.40913408682307,1073.44,389.17,-142.767974597414
0.0951473922902494,-9.38968024720234,1073.44,389.17,-142.801769108641
0.0951700680272109,-9.36992144105868,1073.44,389.17,-142.835563619868
0.0951927437641723,-9.34985831013645,1073.44,389.17,-142.869358131095
0.0952154195011338,-9.32949150606415,1073.44,389.17,-142.903152642323
0.0952380952380952,-9.30882169033326,1073.44,389.17,-142.93694715355
0.0952607709750567,-9.28784953427673,1073.44,389.17,-142.970741664777
0.0952834467120181,-9.26657571904722,1073.44,389.17,-143.004536176004
0.0953061224489796,-9.24500093559492,1073.44,389.17,-143.038330687231
0.095328798185941,-9.22312588464515,1073.44,389.17,-143.072125198458
0.0953514739229025,-9.20095127667559,1073.44,389.17,-143.105919709685
0.0953741496598639,-9.17847783189319,1073.44,389.17,-143.139714220912
0.0953968253968254,-9.15570628021083,1073.44,389.17,-143.173508732139
0.0954195011337868,-9.13263736122354,1073.44,389.17,-143.207303243366
0.0954421768707483,-9.1092718241845,1073.44,389.17,-143.241097754593
0.0954648526077097,-9.08561042798078,1073.44,389.17,-143.27489226582
0.0954875283446712,-9.06165394110858,1073.44,389.17,-143.308686777047
0.0955102040816326,-9.03740314164832,1073.44,389.17,-143.342481288274
0.0955328798185941,-9.01285881723942,1073.44,389.17,-143.376275799501
0.0955555555555556,-8.98802176505461,1073.44,389.17,-143.410070310728
0.095578231292517,-8.96289279177413,1073.44,389.17,-143.443864821955
0.0956009070294785,-8.93747271355949,1073.44,389.17,-143.477659333182
0.0956235827664399,-8.91176235602697,1073.44,389.17,-143.511453844409
0.0956462585034014,-8.8857625542208,1073.44,389.17,-143.545248355636
0.0956689342403628,-8.85947415258604,1073.44,389.17,-143.579042866863
0.0956916099773243,-8.83289800494117,1073.44,389.17,-143.61283737809
0.0957142857142857,-8.80603497445034,1073.44,389.17,-143.646631889317
0.0957369614512472,-8.77888593359533,1073.44,389.17,-143.680426400544
0.0957596371882086,-8.75145176414724,1073.44,389.17,-143.714220911771
0.0957823129251701,-8.72373335713782,1073.44,389.17,-143.748015422998
0.0958049886621315,-8.69573161283054,1073.44,389.17,-143.781809934225
0.095827664399093,-8.66744744069136,1073.44,389.17,-143.815604445452
0.0958503401360544,-8.63888175935921,1073.44,389.17,-143.84939895668
0.0958730158730159,-8.61003549661611,1073.44,389.17,-143.883193467907
0.0958956916099773,-8.58090958935705,1073.44,389.17,-143.916987979134
0.0959183673469388,-8.55150498355956,1073.44,389.17,-143.950782490361
0.0959410430839002,-8.52182263425303,1073.44,389.17,-143.984577001588
0.0959637188208617,-8.49186350548762,1073.44,389.17,-144.018371512815
0.0959863945578231,-8.46162857030301,1073.44,389.17,-144.052166024042
0.0960090702947846,-8.43111881069673,1073.44,389.17,-144.085960535269
0.096031746031746,-8.40033521759235,1073.44,389.17,-144.119755046496
0.0960544217687075,-8.36927879080724,1073.44,389.17,-144.153549557723
0.0960770975056689,-8.33795053902009,1073.44,389.17,-144.18734406895
0.0960997732426304,-8.30635147973819,1073.44,389.17,-144.221138580177
0.0961224489795918,-8.27448263926433,1073.44,389.17,-144.254933091404
0.0961451247165533,-8.24234505266356,1073.44,389.17,-144.288727602631
0.0961678004535147,-8.20993976372943,1073.44,389.17,-144.322522113858
0.0961904761904762,-8.17726782495022,1073.44,389.17,-144.356316625085
0.0962131519274376,-8.1443302974747,1073.44,389.17,-144.390111136312
0.0962358276643991,-8.11112825107764,1073.44,389.17,-144.423905647539
0.0962585034013605,-8.07766276412514,1073.44,389.17,-144.457700158766
0.096281179138322,-8.04393492353953,1073.44,389.17,-144.491494669993
0.0963038548752835,-8.0099458247641,1073.44,389.17,-144.52528918122
0.0963265306122449,-7.97569657172752,1073.44,389.17,-144.559083692447
0.0963492063492064,-7.94118827680801,1073.44,389.17,-144.592878203674
0.0963718820861678,-7.90642206079715,1073.44,389.17,-144.626672714901
0.0963945578231293,-7.87139905286353,1073.44,389.17,-144.660467226128
0.0964172335600907,-7.83612039051606,1073.44,389.17,-144.694261737355
0.0964399092970522,-7.80058721956703,1073.44,389.17,-144.728056248582
0.0964625850340136,-7.7648006940949,1073.44,389.17,-144.761850759809
0.0964852607709751,-7.72876197640677,1073.44,389.17,-144.795645271037
0.0965079365079365,-7.69247223700071,1073.44,389.17,-144.829439782264
0.096530612244898,-7.65593265452767,1073.44,389.17,-144.863234293491
0.0965532879818594,-7.61914441575324,1073.44,389.17,-144.897028804718
0.0965759637188209,-7.5821087155191,1073.44,389.17,-144.930823315945
0.0965986394557823,-7.54482675670419,1073.44,389.17,-144.964617827172
0.0966213151927438,-7.50729975018568,1073.44,389.17,-144.998412338399
0.0966439909297052,-7.46952891479961,1073.44,389.17,-145.032206849626
0.0966666666666667,-7.43151547730131,1073.44,389.17,-145.066001360853
0.0966893424036281,-7.39326067232557,1073.44,389.17,-145.09979587208
0.0967120181405896,-7.35476574234653,1073.44,389.17,-145.133590383307
0.096734693877551,-7.31603193763731,1073.44,389.17,-145.167384894534
0.0967573696145125,-7.27706051622944,1073.44,389.17,-145.201179405761
0.0967800453514739,-7.23785274387198,1073.44,389.17,-145.234973916988
0.0968027210884354,-7.19840989399039,1073.44,389.17,-145.268768428215
0.0968253968253968,-7.15873324764522,1073.44,389.17,-145.302562939442
0.0968480725623583,-7.11882409349044,1073.44,389.17,-145.336357450669
0.0968707482993197,-7.07868372773164,1073.44,389.17,-145.370151961896
0.0968934240362812,-7.0383134540839,1073.44,389.17,-145.403946473123
0.0969160997732426,-6.99771458372947,1073.44,389.17,-145.43774098435
0.0969387755102041,-6.95688843527516,1073.44,389.17,-145.471535495577
0.0969614512471655,-6.91583633470952,1073.44,389.17,-145.505330006804
0.096984126984127,-6.87455961535978,1073.44,389.17,-145.539124518031
0.0970068027210884,-6.83305961784855,1073.44,389.17,-145.572919029258
0.0970294784580499,-6.79133769005026,1073.44,389.17,-145.606713540485
0.0970521541950113,-6.7493951870474,1073.44,389.17,-145.640508051712
0.0970748299319728,-6.70723347108648,1073.44,389.17,-145.674302562939
0.0970975056689342,-6.66485391153384,1073.44,389.17,-145.708097074166
0.0971201814058957,-6.62225788483112,1073.44,389.17,-145.741891585394
0.0971428571428571,-6.57944677445058,1073.44,389.17,-145.775686096621
0.0971655328798186,-6.53642197085017,1073.44,389.17,-145.809480607848
0.09718820861678,-6.49318487142833,1073.44,389.17,-145.843275119075
0.0972108843537415,-6.44973688047869,1073.44,389.17,-145.877069630302
0.0972335600907029,-6.40607940914436,1073.44,389.17,-145.910864141529
0.0972562358276644,-6.36221387537215,1073.44,389.17,-145.944658652756
0.0972789115646259,-6.31814170386654,1073.44,389.17,-145.978453163983
0.0973015873015873,-6.27386432604333,1073.44,389.17,-146.01224767521
0.0973242630385488,-6.22938317998325,1073.44,389.17,-146.046042186437
0.0973469387755102,-6.18469971038515,1073.44,389.17,-146.079836697664
0.0973696145124717,-6.13981536851915,1073.44,389.17,-146.113631208891
0.0973922902494331,-6.09473161217949,1073.44,389.17,-146.147425720118
0.0974149659863946,-6.04944990563714,1073.44,389.17,-146.181220231345
0.097437641723356,-6.00397171959232,1073.44,389.17,-146.215014742572
0.0974603174603175,-5.95829853112666,1073.44,389.17,-146.248809253799
0.0974829931972789,-5.91243182365526,1073.44,389.17,-146.282603765026
0.0975056689342404,-5.86637308687851,1073.44,389.17,-146.316398276253
0.0975283446712018,-5.82012381673369,1073.44,389.17,-146.35019278748
0.0975510204081633,-5.77368551534642,1073.44,389.17,-146.383987298707
0.0975736961451247,-5.72705969098181,1073.44,389.17,-146.417781809934
0.0975963718820862,-5.68024785799554,1073.44,389.17,-146.451576321161
0.0976190476190476,-5.63325153678464,1073.44,389.17,-146.485370832388
0.0976417233560091,-5.58607225373811,1073.44,389.17,-146.519165343615
0.0976643990929705,-5.53871154118735,1073.44,389.17,-146.552959854842
0.097687074829932,-5.49117093735641,1073.44,389.17,-146.586754366069
0.0977097505668934,-5.44345198631198,1073.44,389.17,-146.620548877296
0.0977324263038549,-5.39555623791328,1073.44,389.17,-146.654343388523
0.0977551020408163,-5.34748524776175,1073.44,389.17,-146.688137899751
0.0977777777777778,-5.29924057715044,1073.44,389.17,-146.721932410978
0.0978004535147392,-5.25082379301338,1073.44,389.17,-146.755726922205
0.0978231292517007,-5.20223646787465,1073.44,389.17,-146.789521433432
0.0978458049886621,-5.15348017979732,1073.44,389.17,-146.823315944659
0.0978684807256236,-5.10455651233219,1073.44,389.17,-146.857110455886
0.097891156462585,-5.05546705446634,1073.44,389.17,-146.890904967113
0.0979138321995465,-5.00621340057159,1073.44,389.17,-146.92469947834
0.0979365079365079,-4.9567971503526,1073.44,389.17,-146.958493989567
0.0979591836734694,-4.90721990879503,1073.44,389.17,-146.992288500794
0.0979818594104308,-4.85748328611335,1073.44,389.17,-147.026083012021
0.0980045351473923,-4.80758889769855,1073.44,389.17,-147.059877523248
0.0980272108843537,-4.75753836406568,1073.44,389.17,-147.093672034475
0.0980498866213152,-4.7073333108012,1073.44,389.17,-147.127466545702
0.0980725623582766,-4.65697536851023,1073.44,389.17,-147.161261056929
0.0980952380952381,-4.60646617276354,1073.44,389.17,-147.195055568156
0.0981179138321995,-4.55580736404444,1073.44,389.17,-147.228850079383
0.098140589569161,-4.50500058769552,1073.44,389.17,-147.26264459061
0.0981632653061224,-4.45404749386518,1073.44,389.17,-147.296439101837
0.0981859410430839,-4.40294973745407,1073.44,389.17,-147.330233613064
0.0982086167800453,-4.35170897806131,1073.44,389.17,-147.364028124291
0.0982312925170068,-4.3003268799306,1073.44,389.17,-147.397822635518
0.0982539682539683,-4.24880511189618,1073.44,389.17,-147.431617146745
0.0982766439909297,-4.1971453473286,1073.44,389.17,-147.465411657972
0.0982993197278912,-4.14534926408038,1073.44,389.17,-147.499206169199
0.0983219954648526,-4.09341854443155,1073.44,389.17,-147.533000680426
0.0983446712018141,-4.04135487503496,1073.44,389.17,-147.566795191653
0.0983673469387755,-3.98915994686153,1073.44,389.17,-147.60058970288
0.098390022675737,-3.93683545514531,1073.44,389.17,-147.634384214108
0.0984126984126984,-3.88438309932845,1073.44,389.17,-147.668178725335
0.0984353741496599,-3.83180458300598,1073.44,389.17,-147.701973236562
0.0984580498866213,-3.77910161387047,1073.44,389.17,-147.735767747789
0.0984807256235828,-3.7262759036566,1073.44,389.17,-147.769562259016
0.0985034013605442,-3.67332916808554,1073.44,389.17,-147.803356770243
0.0985260770975057,-3.62026312680923,1073.44,389.17,-147.83715128147
0.0985487528344671,-3.56707950335452,1073.44,389.17,-147.870945792697
0.0985714285714286,-3.51378002506722,1073.44,389.17,-147.904740303924
0.09859410430839,-3.46036642305595,1073.44,389.17,-147.938534815151
0.0986167800453515,-3.40684043213598,1073.44,389.17,-147.972329326378
0.0986394557823129,-3.35320379077281,1073.44,389.17,-148.006123837605
0.0986621315192744,-3.29945824102577,1073.44,389.17,-148.039918348832
0.0986848072562358,-3.24560552849142,1073.44,389.17,-148.073712860059
0.0987074829931973,-3.19164740224682,1073.44,389.17,-148.107507371286
0.0987301587301587,-3.13758561479278,1073.44,389.17,-148.141301882513
0.0987528344671202,-3.0834219219969,1073.44,389.17,-148.17509639374
0.0987755102040816,-3.02915808303656,1073.44,389.17,-148.208890904967
0.0987981859410431,-2.97479586034176,1073.44,389.17,-148.242685416194
0.0988208616780045,-2.92033701953793,1073.44,389.17,-148.276479927421
0.098843537414966,-2.86578332938852,1073.44,389.17,-148.310274438648
0.0988662131519274,-2.81113656173759,1073.44,389.17,-148.344068949875
0.0988888888888889,-2.75639849145226,1073.44,389.17,-148.377863461102
0.0989115646258503,-2.70157089636506,1073.44,389.17,-148.411657972329
0.0989342403628118,-2.64665555721619,1073.44,389.17,-148.445452483556
0.0989569160997732,-2.59165425759567,1073.44,389.17,-148.479246994783
0.0989795918367347,-2.53656878388542,1073.44,389.17,-148.51304150601
0.0990022675736962,-2.48140092520126,1073.44,389.17,-148.546836017237
0.0990249433106576,-2.42615247333477,1073.44,389.17,-148.580630528464
0.0990476190476191,-2.37082522269512,1073.44,389.17,-148.614425039692
0.0990702947845805,-2.31542097025076,1073.44,389.17,-148.648219550919
0.099092970521542,-2.25994151547108,1073.44,389.17,-148.682014062146
0.0991156462585034,-2.20438866026798,1073.44,389.17,-148.715808573373
0.0991383219954649,-2.1487642089373,1073.44,389.17,-148.7496030846
0.0991609977324263,-2.09306996810025,1073.44,389.17,-148.783397595827
0.0991836734693878,-2.03730774664473,1073.44,389.17,-148.817192107054
0.0992063492063492,-1.98147935566657,1073.44,389.17,-148.850986618281
0.0992290249433107,-1.92558660841073,1073.44,389.17,-148.884781129508
0.0992517006802721,-1.86963132021237,1073.44,389.17,-148.918575640735
0.0992743764172336,-1.81361530843793,1073.44,389.17,-148.952370151962
0.099297052154195,-1.75754039242608,1073.44,389.17,-148.986164663189
0.0993197278911565,-1.70140839342861,1073.44,389.17,-149.019959174416
0.0993424036281179,-1.64522113455135,1073.44,389.17,-149.053753685643
0.0993650793650794,-1.58898044069486,1073.44,389.17,-149.08754819687
0.0993877551020408,-1.53268813849526,1073.44,389.17,-149.121342708097
0.0994104308390023,-1.47635816163625,1073.44,389.17,-149.155137219324
0.0994331065759637,-1.41999746846446,1073.44,389.17,-149.188931730551
0.0994557823129252,-1.36360968852266,1073.44,389.17,-149.222726241778
0.0994784580498866,-1.3071918853476,1073.44,389.17,-149.256520753005
0.0995011337868481,-1.25073108630254,1073.44,389.17,-149.290315264232
0.0995238095238095,-1.19420121495233,1073.44,389.17,-149.324109775459
0.099546485260771,-1.13756121246053,1073.44,389.17,-149.357904286686
0.0995691609977324,-1.08075518917274,1073.44,389.17,-149.391698797913
0.0995918367346939,-1.02371537471184,1073.44,389.17,-149.42549330914
0.0996145124716553,-0.966368419180799,1073.44,389.17,-149.459287820367
0.0996371882086168,-0.908645245097975,1073.44,389.17,-149.493082331594
0.0996598639455782,-0.850494188415408,1073.44,389.17,-149.526876842822
0.0996825396825397,-0.791896648232442,1073.44,389.17,-149.560671354049
0.0997052154195011,-0.732883956179087,1073.44,389.17,-149.594465865276
0.0997278911564626,-0.673553753658791,1073.44,389.17,-149.628260376503
0.099750566893424,-0.61408390134744,1073.44,389.17,-149.66205488773
0.0997732426303855,-0.554741899549465,1073.44,389.17,-149.695849398957
0.0997959183673469,-0.49588800464775,1073.44,389.17,-149.729643910184
0.0998185941043084,-0.437970688234089,1073.44,389.17,-149.763438421411
0.0998412698412698,-0.381513768396956,1073.44,389.17,-149.797232932638
0.0998639455782313,-0.327095380253559,1073.44,389.17,-149.831027443865
0.0998866213151927,-0.275319851665257,1073.44,389.17,-149.864821955092
0.0999092970521542,-0.226784401440391,1073.44,389.17,-149.898616466319
0.0999319727891156,-0.182043271556253,1073.44,389.17,-149.932410977546
0.0999546485260771,-0.141572346674921,1073.44,389.17,-149.966205488773
0.0999773242630386,-0.105737436304284,1073.44,389.17,-150
